raw_ingredient,canonical_name,frequency
glycerin,glycerin,4269
phenoxyethanol,phenoxyethanol,4266
tocopherol,tocopherol,2979
linalool,linalool,2885
caprylyl glycol,caprylyl glycol,2835
limonene,limonene,2813
ethylhexylglycerin,ethylhexylglycerin,2513
dimethicone,dimethicone,2415
citric acid,citric acid,2407
silica,silica,2390
butylene glycol,butylene glycol,2321
mica,mica (ci 77019),2164
potassium sorbate,potassium sorbate,1966
caprylic/capric triglyceride,caprylic/capric triglyceride,1848
titanium dioxide (ci 77891),titanium dioxide (ci 77891),1844
water,water,1833
sodium benzoate,sodium benzoate,1814
citronellol,citronellol,1812
geraniol,geraniol,1739
tocopheryl acetate,tocopheryl acetate,1708
propanediol,propanediol,1618
sodium hyaluronate,sodium hyaluronate,1589
citral,citral,1530
benzyl alcohol,benzyl alcohol,1438
xanthan gum,xanthan gum,1373
disodium edta,disodium edta,1358
sodium hydroxide,sodium hydroxide,1345
cetearyl alcohol,cetearyl alcohol,1176
ci 77492,iron oxides (ci 77492),1147
panthenol,panthenol,1115
benzyl salicylate,benzyl salicylate,1112
bht,bht,1107
iron oxides (ci 77491,iron oxides (ci 77491),1099
aqua/water/eau,water,1089
ci 77499),iron oxides (ci 77499),1075
squalane,squalane,1059
alcohol denat,alcohol denat,1046
tin oxide,tin oxide (ci 77861),1045
water/aqua/eau,water,1043
pentylene glycol,pentylene glycol,1037
talc,talc,1035
fragrance,parfum (fragrance),985
synthetic fluorphlogopite,synthetic fluorphlogopite,976
benzyl benzoate,benzyl benzoate,972
coumarin,coumarin,946
hexyl cinnamal,hexyl cinnamal,931
alcohol,alcohol,921
2-hexanediol,2-hexanediol,919
hydroxycitronellal,hydroxycitronellal,918
zinc stearate,zinc stearate,909
sodium chloride,sodium chloride,891
parfum (fragrance),parfum (fragrance),878
glyceryl stearate,glyceryl stearate,867
helianthus annuus (sunflower) seed oil,helianthus annuus seed oil,862
alpha-isomethyl ionone,alpha-isomethyl ionone,814
fragrance (parfum),parfum (fragrance),805
pentaerythrityl tetra-di-t-butyl hydroxyhydrocinnamate,pentaerythrityl tetra-di-t-butyl hydroxyhydrocinnamate,804
parfum/fragrance,parfum (fragrance),794
carbomer,carbomer,750
butyrospermum parkii (shea) butter,shea butter,724
cetyl alcohol,cetyl alcohol,720
aqua (water),water,702
chlorphenesin,chlorphenesin,697
triethoxycaprylylsilane,triethoxycaprylylsilane,686
stearic acid,stearic acid,685
ethylhexyl palmitate,ethylhexyl palmitate,676
sodium dehydroacetate,sodium dehydroacetate,674
butyl methoxydibenzoylmethane,butyl methoxydibenzoylmethane,664
iron oxides (ci 77491),iron oxides (ci 77491),659
octyldodecanol,octyldodecanol,647
hexylene glycol,hexylene glycol,633
lecithin,lecithin,619
propylene glycol,propylene glycol,619
simmondsia chinensis (jojoba) seed oil,jojoba oil,609
isododecane,isododecane,607
eugenol,eugenol,605
sodium citrate,sodium citrate,599
polysorbate 20,polysorbate 20,594
polyethylene,polyethylene,590
boron nitride,boron nitride,578
ethylhexyl methoxycinnamate,octinoxate,563
lactic acid,lactic acid,551
camellia sinensis leaf extract,camellia sinensis leaf extract,544
yellow 5 lake (ci 19140),ci 19140 (yellow 5),544
octyldodecyl stearoyl stearate,octyldodecyl stearoyl stearate,539
niacinamide,niacinamide,529
aloe barbadensis leaf juice,aloe barbadensis,526
cyclopentasiloxane,cyclopentasiloxane,515
disteardimonium hectorite,disteardimonium hectorite,505
sorbic acid,sorbic acid,502
kaolin,kaolin,500
hydrogenated polyisobutene,hydrogenated polyisobutene,499
ci 77891 (titanium dioxide),titanium dioxide (ci 77891),495
lauroyl lysine,lauroyl lysine,490
diisostearyl malate,diisostearyl malate,486
iron oxides (ci 77499),iron oxides (ci 77499),483
farnesol,farnesol,482
ethylhexyl salicylate,ethylhexyl salicylate,480
caffeine,caffeine,475
carmine (ci 75470),carmine (ci 75470),468
maltodextrin,maltodextrin,467
hydroxyethylcellulose,hydroxyethylcellulose,460
trimethylsiloxysilicate,trimethylsiloxysilicate,458
rosmarinus officinalis (rosemary) leaf extract,rosmarinus officinalis extract,454
glyceryl caprylate,glyceryl caprylate,446
ultramarines (ci 77007),ultramarines (ci 77007),440
synthetic wax,synthetic wax,440
sodium pca,sodium pca,437
cocos nucifera (coconut) oil,cocos nucifera oil,435
dipropylene glycol,dipropylene glycol,433
polybutene,polybutene,428
polysorbate 60,polysorbate 60,426
acrylates/c10-30 alkyl acrylate crosspolymer,acrylates/c10-30 alkyl acrylate crosspolymer,420
sorbitan isostearate,sorbitan isostearate,420
blue 1 lake (ci 42090),ci 42090 (blue 1),419
polymethylsilsesquioxane,polymethylsilsesquioxane,418
nylon-12,nylon-12,416
butylphenyl methylpropional,butylphenyl methylpropional,408
hydroxyacetophenone,hydroxyacetophenone,405
iron oxides (ci 77492),iron oxides (ci 77492),403
leuconostoc/radish root ferment filtrate,leuconostoc/radish root ferment filtrate,400
sodium phytate,sodium phytate,393
propylene carbonate,propylene carbonate,393
hydrogenated lecithin,hydrogenated lecithin,388
ascorbyl palmitate,ascorbic acid,386
aluminum hydroxide,aluminum hydroxide,379
isoeugenol,isoeugenol,378
calcium sodium borosilicate,calcium sodium borosilicate,377
isopropyl alcohol,isopropyl alcohol,374
phenyl trimethicone,phenyl trimethicone,371
red 7 lake (ci 15850),ci 15850 (red 7),368
manganese violet (ci 77742),manganese violet (ci 77742),365
fragrance/parfum,parfum (fragrance),365
cetrimonium chloride,cetrimonium chloride,363
dimethicone/vinyl dimethicone crosspolymer,dimethicone,359
benzoic acid,benzoic acid,358
persea gratissima (avocado) oil,persea gratissima oil,350
behentrimonium chloride,behentrimonium chloride,343
bis-diglyceryl polyacyladipate-2,bis-diglyceryl polyacyladipate-2,343
trehalose,trehalose,340
arginine,arginine,340
salicylic acid,salicylic acid,340
acrylates copolymer,acrylates copolymer,339
tetrasodium edta,disodium edta,334
water (aqua),water,333
calcium aluminum borosilicate,calcium aluminum borosilicate,333
ci 77499 (iron oxides),iron oxides (ci 77499),332
allantoin,allantoin,329
coco-caprylate/caprate,coco-caprylate/caprate,328
alumina,alumina,328
palmitic acid,palmitic acid,327
peg-40 hydrogenated castor oil,peg-40 hydrogenated castor oil,325
jojoba esters,jojoba oil,322
betaine,betaine,318
peg-100 stearate,peg-100 stearate,311
trisodium ethylenediamine disuccinate,trisodium ethylenediamine disuccinate,309
dimethiconol,dimethiconol,309
cocamidopropyl betaine,cocamidopropyl betaine,306
ascorbic acid,ascorbic acid,298
ricinus communis (castor) seed oil,ricinus communis (castor) seed oil,293
hydroxyethyl acrylate/sodium acryloyldimethyl taurate copolymer,hydroxyethyl acrylate/sodium acryloyldimethyl taurate copolymer,289
polysilicone-11,polysilicone-11,288
dehydroacetic acid,dehydroacetic acid,283
isononyl isononanoate,isononyl isononanoate,281
guar hydroxypropyltrimonium chloride,guar hydroxypropyltrimonium chloride,280
bismuth oxychloride (ci 77163),bismuth oxychloride (ci 77163),279
ci 77491,iron oxides (ci 77491),277
stearyl alcohol,stearyl alcohol,276
glycolic acid,glycolic acid,270
aminomethyl propanol,aminomethyl propanol,269
c12-15 alkyl benzoate,c12-15 alkyl benzoate,268
isohexadecane,isohexadecane,266
adenosine,adenosine,264
eau),water,260
prunus amygdalus dulcis (sweet almond) oil,prunus amygdalus dulcis (sweet almond) oil,259
cinnamyl alcohol,cinnamyl alcohol,258
gluconolactone,gluconolactone,258
bisabolol,bisabolol,256
behenyl alcohol,behenyl alcohol,252
decyl glucoside,decyl glucoside,251
ceramide np,ceramide np,251
amodimethicone,amodimethicone,248
potassium hydroxide,potassium hydroxide,246
pentaerythrityl tetraisostearate,pentaerythrityl tetraisostearate,245
zea mays (corn) starch,zea mays (corn) starch,243
sodium lactate,sodium lactate,241
sorbitol,sorbitol,238
hdi/trimethylol hexyllactone crosspolymer,hdi/trimethylol hexyllactone crosspolymer,237
water\\aqua\\eau,water,233
methicone,methicone,231
biotin,biotin,230
vinyl dimethicone/methicone silsesquioxane crosspolymer,dimethicone,229
tromethamine,tromethamine,228
silica dimethyl silylate,silica,228
glycine soja (soybean) oil,glycine soja (soybean) oil,226
vitis vinifera (grape) seed oil,vitis vinifera (grape) seed oil,222
carthamus tinctorius (safflower) seed oil,carthamus tinctorius (safflower) seed oil,222
polyquaternium-7,polyquaternium-7,221
sucrose,sucrose,217
polyhydroxystearic acid,polyhydroxystearic acid,217
sodium metabisulfite,sodium metabisulfite,217
chamomilla recutita (matricaria) flower extract,chamomilla recutita (matricaria) flower extract,216
cucumis sativus (cucumber) fruit extract,cucumis sativus (cucumber) fruit extract,215
tetrahexyldecyl ascorbate,tetrahexyldecyl ascorbate,214
phospholipids,phospholipids,213
polysorbate 80,polysorbate 80,213
polyquaternium-10,polyquaternium-10,211
sorbitan olivate,sorbitan olivate,211
aqua (water,water,210
oryza sativa (rice) bran extract,oryza sativa (rice) bran extract,208
paraffin,paraffin,206
ci 77491 (iron oxides),iron oxides (ci 77491),204
argania spinosa kernel oil,argania spinosa kernel oil,202
ammonium acryloyldimethyltaurate/vp copolymer,ammonium acryloyldimethyltaurate/vp copolymer,202
disodium phosphate,disodium phosphate,202
glucose,glucose,202
pyrus malus (apple) fruit extract,pyrus malus (apple) fruit extract,200
ci 19140 (yellow 5),ci 19140 (yellow 5),195
glycyrrhiza glabra (licorice) root extract,glycyrrhiza glabra (licorice) root extract,195
sodium cocoyl isethionate,sodium cocoyl isethionate,195
cetearyl glucoside,cetearyl glucoside,194
synthetic beeswax,synthetic beeswax,193
pvp,pvp,193
hyaluronic acid,sodium hyaluronate,192
hydrolyzed vegetable protein pg-propyl silanetriol,hydrolyzed vegetable protein pg-propyl silanetriol,192
tetrasodium glutamate diacetate,tetrasodium glutamate diacetate,191
magnesium myristate,magnesium myristate,190
glycine,glycine,189
olea europaea (olive) fruit oil,olea europaea (olive) fruit oil,188
linoleic acid,linoleic acid,188
sorbitan oleate,sorbitan oleate,188
parfum / fragrance,parfum (fragrance),188
cinnamal,cinnamal,186
polyglyceryl-2 triisostearate,polyglyceryl-2 triisostearate,184
polymethyl methacrylate,polymethyl methacrylate,184
palmitoyl tripeptide-1,palmitoyl tripeptide-1,183
cetearyl olivate,cetearyl olivate,183
acacia senegal gum,acacia senegal gum,183
serine,serine,182
melia azadirachta leaf extract,melia azadirachta leaf extract,181
yellow 5 (ci 19140),ci 19140 (yellow 5),180
caprylhydroxamic acid,caprylhydroxamic acid,179
red 6 (ci 15850),ci 15850 (red 7),179
phenethyl alcohol,phenethyl alcohol,178
citrus limon (lemon) fruit extract,citrus limon (lemon) fruit extract,178
cholesterol,cholesterol,177
saccharide isomerate,saccharide isomerate,177
xylitol,xylitol,177
ptfe,ptfe,176
aqua/water,water,176
cellulose,cellulose,176
glycol distearate,glycol distearate,175
dicaprylyl carbonate,dicaprylyl carbonate,174
magnesium stearate,magnesium stearate,172
triethanolamine,triethanolamine,172
curcuma longa (turmeric) root extract,curcuma longa (turmeric) root extract,172
calcium gluconate,calcium gluconate,171
red 28 lake (ci 45410),ci 45410 (red 28),171
cetyl esters,cetyl esters,169
triethyl citrate,triethyl citrate,167
trideceth-12,trideceth-12,167
moringa oleifera seed oil,moringa oleifera seed oil,166
tribehenin,tribehenin,165
peg-10 dimethicone,dimethicone,165
dimethicone crosspolymer,dimethicone,164
lactobacillus ferment,lactobacillus ferment,164
cetyl peg/ppg-10/1 dimethicone,dimethicone,164
polyacrylate crosspolymer-6,polyacrylate crosspolymer-6,163
behentrimonium methosulfate,behentrimonium methosulfate,163
coco-glucoside,coco-glucoside,163
limnanthes alba (meadowfoam) seed oil,limnanthes alba (meadowfoam) seed oil,162
cetearyl ethylhexanoate,cetearyl ethylhexanoate,162
methylparaben,methylparaben,162
triethylhexanoin,triethylhexanoin,161
hydrogenated vegetable oil,hydrogenated vegetable oil,158
methyl methacrylate crosspolymer,methyl methacrylate crosspolymer,157
ci 42090 (blue 1 lake),ci 42090 (blue 1),157
magnesium sulfate,magnesium sulfate,156
lavandula angustifolia (lavender) oil,lavandula angustifolia (lavender) oil,156
isopentyldiol,isopentyldiol,153
sodium phosphate,sodium phosphate,151
urea,urea,151
hydrolyzed hyaluronic acid,sodium hyaluronate,150
dicalcium phosphate,dicalcium phosphate,150
palmitoyl tetrapeptide-7,palmitoyl tetrapeptide-7,150
proline,proline,149
hydrogenated polydecene,hydrogenated polydecene,149
glyceryl stearate se,glyceryl stearate se,148
titanium dioxide,titanium dioxide (ci 77891),148
ci 14700 (red 4),ci 14700 (red 4),147
algae extract,algae extract,146
hydrated silica,silica,146
potassium cetyl phosphate,potassium cetyl phosphate,145
oryza sativa (rice) extract,oryza sativa (rice) extract,145
yellow 6 lake (ci 15985),ci 15985 (yellow 6),144
sodium stearoyl glutamate,sodium stearoyl glutamate,143
hydrolyzed rice protein,hydrolyzed rice protein,143
aloe barbadensis leaf extract,aloe barbadensis,143
polyquaternium-37,polyquaternium-37,141
amyl cinnamal,amyl cinnamal,141
isopropyl myristate,isopropyl myristate,140
vp/eicosene copolymer,vp/eicosene copolymer,140
phytic acid,phytic acid,139
caprylyl methicone,caprylyl methicone,139
sodium methyl cocoyl taurate,sodium methyl cocoyl taurate,139
ci 77492 (iron oxides),iron oxides (ci 77492),139
sorbitan sesquioleate,sorbitan sesquioleate,139
ethylene/acrylic acid copolymer,ethylene/acrylic acid copolymer,139
vanillin,vanillin,138
citrullus lanatus (watermelon) fruit extract,citrullus lanatus (watermelon) fruit extract,138
polyisobutene,polyisobutene,138
vp/va copolymer,vp/va copolymer,137
sodium polyacrylate,sodium polyacrylate,137
ferric ferrocyanide (ci 77510),ferric ferrocyanide (ci 77510),136
benzophenone-4,benzophenone-4,136
ethylene/propylene/styrene copolymer,ethylene/propylene/styrene copolymer,136
water (aqua/eau),water,135
butylene/ethylene/styrene copolymer,butylene/ethylene/styrene copolymer,135
dipotassium glycyrrhizate,dipotassium glycyrrhizate,134
ci 60730 (ext. violet 2),ci 60730 (ext violet 2),134
+/- mica,mica (ci 77019),133
alanine,alanine,132
threonine,threonine,132
melia azadirachta flower extract,melia azadirachta flower extract,131
glycereth-26,glycereth-26,131
argania spinosa (argan) kernel oil,argania spinosa kernel oil,131
sodium gluconate,sodium gluconate,128
rosa canina fruit oil,rosa canina fruit oil,127
hydrogenated castor oil,hydrogenated castor oil,127
trideceth-6,trideceth-6,127
sclerotium gum,sclerotium gum,126
+/- titanium dioxide (ci 77891),titanium dioxide (ci 77891),126
sodium lauroyl sarcosinate,sodium lauroyl sarcosinate,126
phenylalanine,phenylalanine,126
acetyl hexapeptide-8,acetyl hexapeptide-8,126
methyl trimethicone,methyl trimethicone,126
laureth-4,laureth-4,125
retinyl palmitate,retinyl palmitate,124
magnesium aluminum silicate,magnesium aluminum silicate,124
aqua / water / eau,water,124
corallina officinalis extract,corallina officinalis extract,123
ceteareth-20,ceteareth-20,123
aluminum starch octenylsuccinate,aluminum starch octenylsuccinate,123
ci 77007 (ultramarines),ultramarines (ci 77007),123
theobroma cacao (cocoa) seed butter,theobroma cacao (cocoa) seed butter,122
hydrogenated olive oil unsaponifiables,hydrogenated olive oil unsaponifiables,122
citrus aurantium dulcis (orange) fruit extract,citrus aurantium dulcis (orange) fruit extract,122
ozokerite,ozokerite,121
mentha piperita (peppermint) oil,mentha piperita (peppermint) oil,121
helianthus annuus (sunflower) extract,helianthus annuus seed oil,120
chromium oxide greens (ci 77288),ci 77288 (chromium oxide green),120
trihydroxystearin,trihydroxystearin,120
zingiber officinale (ginger) root extract,zingiber officinale (ginger) root extract,120
sclerocarya birrea seed oil,sclerocarya birrea seed oil,120
phytosphingosine,phytosphingosine,119
cellulose gum,cellulose gum,119
aspartic acid,aspartic acid,119
isostearic acid,isostearic acid,119
prunus armeniaca (apricot) kernel oil,prunus armeniaca (apricot) kernel oil,119
sd alcohol 40-b (alcohol denat.),alcohol denat,119
c11-15 pareth-7,c11-15 pareth-7,118
decylene glycol,decylene glycol,118
coconut alkanes,coconut alkanes,118
benzyl cinnamate,benzyl cinnamate,118
ci 19140 (yellow 5 lake),ci 19140 (yellow 5),117
hydrogenated ethylhexyl olivate,hydrogenated ethylhexyl olivate,116
copernicia cerifera (carnauba) wax,copernicia cerifera (carnauba) wax,116
coconut acid,coconut acid,116
methylpropanediol,methylpropanediol,116
sorbitan stearate,sorbitan stearate,114
hydrolyzed soy protein,hydrolyzed soy protein,114
ci 77492),iron oxides (ci 77492),114
water/eau/aqua,water,114
caramel,caramel,114
cetyl ethylhexanoate,cetyl ethylhexanoate,113
helianthus annuus (sunflower) seed wax,helianthus annuus seed oil,113
cocamidopropyl hydroxysultaine,cocamidopropyl hydroxysultaine,113
algin,algin,113
valine,valine,113
ascorbyl glucoside,ascorbic acid,113
dextrin,dextrin,112
pca,pca,112
pullulan,pullulan,111
isopropyl palmitate,isopropyl palmitate,111
stearamidopropyl dimethylamine,stearamidopropyl dimethylamine,111
laureth-7,laureth-7,111
citrus aurantium dulcis (orange) peel oil,citrus aurantium dulcis (orange) peel oil,110
lauryl glucoside,lauryl glucoside,110
sodium c14-16 olefin sulfonate,sodium c14-16 olefin sulfonate,110
isoleucine,isoleucine,110
propylene glycol dicaprylate/dicaprate,propylene glycol,110
sodium hyaluronate crosspolymer,sodium hyaluronate,110
histidine,histidine,109
hydrogen dimethicone,dimethicone,108
cyclohexasiloxane,cyclohexasiloxane,108
mangifera indica (mango) seed butter,mangifera indica (mango) seed butter,107
hydrolyzed jojoba esters,jojoba oil,107
sodium laureth sulfate,sodium laureth sulfate,107
c10-18 triglycerides,c10-18 triglycerides,107
ci 77163 (bismuth oxychloride),bismuth oxychloride (ci 77163),107
steareth-20,steareth-20,106
myristic acid,myristic acid,106
ppg-26-buteth-26,ppg-26-buteth-26,106
sodium lauroyl methyl isethionate,sodium lauroyl methyl isethionate,106
menthol,menthol,105
ocimum sanctum leaf extract,ocimum sanctum leaf extract,105
tridecyl trimellitate,tridecyl trimellitate,105
panax ginseng root extract,panax ginseng root extract,104
acetic acid,acetic acid,104
vanilla planifolia fruit extract,vanilla planifolia fruit extract,104
retinol,retinol,104
chromium hydroxide green (ci 77289),ci 77289 (chromium hydroxide green),104
chondrus crispus extract,chondrus crispus extract,103
vp/hexadecene copolymer,vp/hexadecene copolymer,103
peg-8,peg-8,103
butyloctyl salicylate,butyloctyl salicylate,103
citrus limon (lemon) peel oil,citrus limon (lemon) peel oil,102
butyrospermum parkii (shea butter),shea butter,102
polyglycerin-3,polyglycerin-3,102
acetyl glucosamine,acetyl glucosamine,102
myristyl myristate,myristyl myristate,101
euphorbia cerifera (candelilla) wax,euphorbia cerifera (candelilla) wax,101
petrolatum,petrolatum,101
astrocaryum murumuru seed butter,astrocaryum murumuru seed butter,100
pelargonium graveolens flower oil,pelargonium graveolens flower oil,100
dimethyl isosorbide,dimethyl isosorbide,100
hydrolyzed quinoa,hydrolyzed quinoa,100
peg-12 dimethicone,dimethicone,99
centella asiatica extract,centella asiatica extract,99
dicaprylyl ether,dicaprylyl ether,98
trisodium edta,disodium edta,98
hydrolyzed sodium hyaluronate,sodium hyaluronate,96
disodium stearoyl glutamate,disodium stearoyl glutamate,96
citrus aurantium bergamia (bergamot) fruit oil,citrus aurantium bergamia (bergamot) fruit oil,96
stearalkonium hectorite,stearalkonium hectorite,95
blue 1 (ci 42090),ci 42090 (blue 1),95
glyceryl stearate citrate,glyceryl stearate citrate,95
anhydroxylitol,anhydroxylitol,94
ci 42090 (blue 1),ci 42090 (blue 1),94
propylparaben,propylparaben,94
xylitylglucoside,xylitylglucoside,93
ci 77742 (manganese violet),manganese violet (ci 77742),93
avena sativa (oat) kernel extract,avena sativa (oat) kernel extract,93
polyglyceryl-3 diisostearate,polyglyceryl-3 diisostearate,92
rosmarinus officinalis (rosemary) leaf oil,rosmarinus officinalis extract,91
aloe barbadensis (aloe vera) leaf juice,aloe barbadensis,91
red 30 lake (ci 73360),red 30 lake (ci 73360),91
laminaria saccharina extract,laminaria saccharina extract,91
coco-betaine,coco-betaine,90
cera alba (beeswax),cera alba (beeswax),90
hydrolyzed wheat protein,hydrolyzed wheat protein,90
sodium isethionate,sodium isethionate,90
capryloyl glycerin/sebacic acid copolymer,capryloyl glycerin/sebacic acid copolymer,90
ppg-5-ceteth-20,ppg-5-ceteth-20,89
camellia sinensis (green tea) leaf extract,camellia sinensis leaf extract,89
aluminum powder (ci 77000),aluminum powder (ci 77000),89
helianthus annuus (sunflower) seed extract,helianthus annuus seed oil,89
diheptyl succinate,diheptyl succinate,89
hydroxyisohexyl 3-cyclohexene carboxaldehyde,hydroxyisohexyl 3-cyclohexene carboxaldehyde,89
coccinia indica fruit extract,coccinia indica fruit extract,89
c13-15 alkane,c13-15 alkane,89
cetyl palmitate,cetyl palmitate,88
ci 17200 (red 33),ci 17200 (red 33),88
salix alba (willow) bark extract,salix alba (willow) bark extract,88
linolenic acid,linolenic acid,87
ppg-1 trideceth-6,ppg-1 trideceth-6,87
glyceryl oleate,glyceryl oleate,87
peg-60 hydrogenated castor oil,peg-60 hydrogenated castor oil,87
sesamum indicum (sesame) seed oil,sesamum indicum (sesame) seed oil,87
sodium lauroyl lactylate,sodium lauroyl lactylate,87
lauryl peg-9 polydimethylsiloxyethyl dimethicone,dimethicone,87
dimethicone/peg-10/15 crosspolymer,dimethicone,86
polyvinyl alcohol,polyvinyl alcohol,86
silica silylate,silica,86
methyl anthranilate,methyl anthranilate,86
2-oleamido-1,2-oleamido-1,86
ci 15850 (red 7 lake),ci 15850 (red 7),86
tartaric acid,tartaric acid,85
steareth-21,steareth-21,85
3-octadecanediol,3-octadecanediol,85
inositol,inositol,85
cocamide mipa,cocamide mipa,85
sodium acetate,sodium acetate,85
disodium laureth sulfosuccinate,disodium laureth sulfosuccinate,85
c13-14 isoparaffin,c13-14 isoparaffin,85
ceramide ap,ceramide ap,84
bentonite,bentonite,84
aqua / water,water,84
isoamyl laurate,isoamyl laurate,84
microcrystalline cellulose,microcrystalline cellulose,83
zinc gluconate,zinc gluconate,83
chlorella vulgaris extract,chlorella vulgaris extract,83
ceresin,ceresin,83
neopentyl glycol diheptanoate,neopentyl glycol diheptanoate,82
calendula officinalis flower extract,calendula officinalis flower extract,82
polysilicone-15,polysilicone-15,82
polyacrylamide,polyacrylamide,82
poloxamer 338,poloxamer 338,82
zinc pca,zinc pca,82
methyl gluceth-20,methyl gluceth-20,81
hydrolyzed vegetable protein,hydrolyzed vegetable protein,81
diglycerin,diglycerin,81
caprylyl/capryl glucoside,caprylyl/capryl glucoside,81
red 4 (ci 14700),ci 14700 (red 4),80
yellow 5 lake),ci 19140 (yellow 5),80
methylisothiazolinone,methylisothiazolinone,79
adansonia digitata seed oil,adansonia digitata seed oil,79
glyceryl undecylenate,glyceryl undecylenate,79
microcrystalline wax,microcrystalline wax,78
ferric ammonium ferrocyanide (ci 77510),ferric ferrocyanide (ci 77510),78
steareth-2,steareth-2,78
titanium dioxide ci 77891,titanium dioxide (ci 77891),78
passiflora edulis seed oil,passiflora edulis seed oil,78
vitis vinifera (grape) seed extract,vitis vinifera (grape) seed extract,78
sodium acetylated hyaluronate,sodium hyaluronate,78
scutellaria baicalensis root extract,scutellaria baicalensis root extract,77
aminomethyl propanediol,propanediol,76
laminaria digitata extract,laminaria digitata extract,76
styrene/acrylates copolymer,styrene/acrylates copolymer,76
acer saccharum (sugar maple) extract,acer saccharum (sugar maple) extract,75
isodecyl neopentanoate,isodecyl neopentanoate,75
c9-12 alkane,c9-12 alkane,75
leontopodium alpinum extract,leontopodium alpinum extract,74
polyglyceryl-3 polyricinoleate,polyglyceryl-3 polyricinoleate,74
sodium acrylate/sodium acryloyldimethyl taurate copolymer,sodium acrylate/sodium acryloyldimethyl taurate copolymer,74
zinc myristate,zinc myristate,74
microcrystalline wax/cera microcristallina/cire microcristalline,microcrystalline wax/cera microcristallina/cire microcristalline,74
helianthus annuus (sunflower) seedcake,helianthus annuus seed oil,74
anise alcohol,anise alcohol,74
moringa oleifera seed extract,moringa oleifera seed extract,74
hydrogenated styrene/isoprene copolymer,hydrogenated styrene/isoprene copolymer,73
iron oxides,iron oxides,73
ci 77891/titanium dioxide,titanium dioxide (ci 77891),73
trimethylolpropane triisostearate,trimethylolpropane triisostearate,73
dextran,dextran,73
calcium titanium borosilicate,calcium titanium borosilicate,73
peg-7 glyceryl cocoate,peg-7 glyceryl cocoate,73
t-butyl alcohol,t-butyl alcohol,73
hydroxypropyl starch phosphate,hydroxypropyl starch phosphate,73
hydrofluorocarbon 152a,hydrofluorocarbon 152a,72
tris (tetramethylhydroxypiperidinol) citrate,tris (tetramethylhydroxypiperidinol) citrate,72
trisiloxane,trisiloxane,72
sodium cocoyl glutamate,sodium cocoyl glutamate,72
isobutane,isobutane,72
magnesium ascorbyl phosphate,ascorbic acid,72
biosaccharide gum-1,biosaccharide gum-1,72
ceramide eop,ceramide eop,72
peg/ppg-18/18 dimethicone,dimethicone,72
eclipta prostrata extract,eclipta prostrata extract,71
red 33 (ci 17200),ci 17200 (red 33),71
ci 19140 (yellow 5,ci 19140 (yellow 5),71
polyglyceryl-3 methylglucose distearate,polyglyceryl-3 methylglucose distearate,71
hydrogenated coco-glycerides,hydrogenated coco-glycerides,71
tris(tetramethylhydroxypiperidinol) citrate,tris(tetramethylhydroxypiperidinol) citrate,71
eucalyptus globulus leaf oil,eucalyptus globulus leaf oil,71
solanum melongena (eggplant) fruit extract,solanum melongena (eggplant) fruit extract,71
bakuchiol,bakuchiol,71
stearalkonium bentonite,stearalkonium bentonite,71
ethylene/propylene copolymer,ethylene/propylene copolymer,70
sodium acrylates copolymer,sodium acrylates copolymer,70
diethylamino hydroxybenzoyl hexyl benzoate,diethylamino hydroxybenzoyl hexyl benzoate,70
sigesbeckia orientalis (st. paul wort) extract,sigesbeckia orientalis (st. paul wort) extract,70
rosa damascena flower oil,rosa damascena flower oil,70
citrullus lanatus (watermelon) seed oil,citrullus lanatus (watermelon) seed oil,70
aloe barbadensis leaf juice powder,aloe barbadensis,70
ethylene brassylate,ethylene brassylate,69
sodium lauryl sulfoacetate,sodium lauryl sulfoacetate,69
ppg-3 benzyl ether myristate,ppg-3 benzyl ether myristate,69
hamamelis virginiana (witch hazel) water,water,69
red 40 lake (ci 16035),ci 16035 (red 40),69
glyceryl polymethacrylate,glyceryl polymethacrylate,69
chlorhexidine digluconate,chlorhexidine digluconate,68
malic acid,malic acid,68
magnesium chloride,magnesium chloride,68
water / aqua / eau,water,68
oryza sativa (rice) bran wax,oryza sativa (rice) bran wax,67
oleic acid,oleic acid,67
arachidyl alcohol,arachidyl alcohol,67
bis-behenyl/isostearyl/phytosteryl dimer dilinoleyl dimer dilinoleate,bis-behenyl/isostearyl/phytosteryl dimer dilinoleyl dimer dilinoleate,67
vaccinium angustifolium (blueberry) fruit extract,vaccinium angustifolium (blueberry) fruit extract,67
sodium levulinate,sodium levulinate,67
laureth-23,laureth-23,66
linum usitatissimum (linseed) seed oil,linum usitatissimum (linseed) seed oil,66
lauric acid,lauric acid,66
mannitol,mannitol,66
quaternium-95,quaternium-95,66
hydroxypropyl methylcellulose,hydroxypropyl methylcellulose,66
papain,papain,65
polyglyceryl-4 isostearate,polyglyceryl-4 isostearate,65
oryza sativa (rice) bran oil,oryza sativa (rice) bran oil,65
polyquaternium-11,polyquaternium-11,65
laureth-9,laureth-9,65
ethoxydiglycol,ethoxydiglycol,65
propyl gallate,propyl gallate,64
sodium dilauramidoglutamide lysine,sodium dilauramidoglutamide lysine,64
isopropyl titanium triisostearate,isopropyl titanium triisostearate,64
ci 75470 (carmine),carmine (ci 75470),64
ci 19140/yellow 5,ci 19140 (yellow 5),64
carrageenan,carrageenan,64
galactoarabinan,galactoarabinan,64
rosa damascena flower water,rosa damascena flower water,64
salvia officinalis (sage) leaf extract,salvia officinalis (sage) leaf extract,64
ocimum basilicum (basil) flower/leaf extract,ocimum basilicum (basil) flower/leaf extract,64
myristyl alcohol,myristyl alcohol,64
ci 77891 / titanium dioxide,titanium dioxide (ci 77891),63
peg-40 stearate,peg-40 stearate,63
cocos nucifera (coconut) fruit extract,cocos nucifera oil,63
sorbitan sesquiisostearate,sorbitan sesquiisostearate,63
glyceryl behenate,glyceryl behenate,63
isopropyl isostearate,isopropyl isostearate,62
isostearyl neopentanoate,isostearyl neopentanoate,62
ethyl vanillin,ethyl vanillin,62
polyquaternium-51,polyquaternium-51,62
simethicone,simethicone,61
diethylhexyl syringylidenemalonate,diethylhexyl syringylidenemalonate,61
saccharum officinarum (sugar cane) extract,saccharum officinarum (sugar cane) extract,61
dihydroxyacetone,dihydroxyacetone,61
aluminum dimyristate,aluminum dimyristate,61
menthoxypropanediol,menthoxypropanediol,61
aluminum calcium sodium silicate,aluminum calcium sodium silicate,61
bronze powder (ci 77400),bronze powder (ci 77400),61
macrocystis pyrifera (kelp) extract,macrocystis pyrifera (kelp) extract,61
carica papaya (papaya) fruit extract,carica papaya (papaya) fruit extract,61
plankton extract,plankton extract,61
copper gluconate,copper gluconate,60
jasminum officinale (jasmine) flower extract,jasminum officinale (jasmine) flower extract,60
hydrogenated poly(c6-14 olefin),hydrogenated poly(c6-14 olefin),60
mica (ci 77019),mica (ci 77019),60
hexyl laurate,hexyl laurate,60
alpha-glucan oligosaccharide,alpha-glucan oligosaccharide,60
hydrogenated starch hydrolysate,hydrogenated starch hydrolysate,60
ext. violet 2 (ci 60730),ci 60730 (ext violet 2),60
water/aqua,water,59
macadamia ternifolia seed oil,macadamia ternifolia seed oil,59
phytosterols,phytosterols,59
red 7 (ci 15850),ci 15850 (red 7),59
glutamic acid,glutamic acid,59
sodium glycolate,sodium glycolate,59
peg-150 distearate,peg-150 distearate,59
hibiscus sabdariffa flower extract,hibiscus sabdariffa flower extract,59
isostearyl isostearate,isostearyl isostearate,59
triheptanoin,triheptanoin,59
3-o-ethyl ascorbic acid,ascorbic acid,59
ascorbyl tetraisopalmitate,ascorbic acid,58
ethyl acetate,ethyl acetate,58
acrylamide/sodium acryloyldimethyltaurate copolymer,acrylamide/sodium acryloyldimethyltaurate copolymer,58
aloe barbadensis flower extract,aloe barbadensis,58
barium sulfate,barium sulfate,58
ci 14700/red 4,ci 14700 (red 4),58
phenylpropanol,phenylpropanol,58
hydrolyzed keratin,hydrolyzed keratin,57
taurine,taurine,57
arachidyl glucoside,arachidyl glucoside,57
humulus lupulus (hops) extract,humulus lupulus (hops) extract,57
inulin,inulin,56
sodium lauroyl glutamate,sodium lauroyl glutamate,56
ci 60730/ext. violet 2,ci 60730 (ext violet 2),56
madecassoside,madecassoside,56
tapioca starch,tapioca starch,56
hydrolyzed silk,hydrolyzed silk,56
phytosteryl/octyldodecyl lauroyl glutamate,phytosteryl/octyldodecyl lauroyl glutamate,56
copper powder (ci 77400),copper powder (ci 77400),56
theobroma grandiflorum seed butter,theobroma grandiflorum seed butter,56
diphenylsiloxy phenyl trimethicone,diphenylsiloxy phenyl trimethicone,55
fragrance / parfum,parfum (fragrance),55
pantethine,pantethine,55
tremella fuciformis sporocarp extract,tremella fuciformis sporocarp extract,55
melaleuca alternifolia (tea tree) leaf oil,melaleuca alternifolia (tea tree) leaf oil,55
beta-carotene,beta-carotene,55
camelina sativa seed oil,camelina sativa seed oil,55
yeast extract\\faex\\extrait de levure,yeast extract/faex/extrait de levure,55
ci 77499 / iron oxides,iron oxides (ci 77499),55
charcoal powder,charcoal powder,55
squalene,squalene,55
bis-peg-18 methyl ether dimethyl silane,bis-peg-18 methyl ether dimethyl silane,55
propane,propane,55
pentaerythrityl tetraethylhexanoate,pentaerythrityl tetraethylhexanoate,55
disodium cocoamphodiacetate,disodium cocoamphodiacetate,55
sodium lauryl sulfate,sodium lauryl sulfate,55
butane,butane,54
iron oxides (ci 77492,iron oxides (ci 77492),54
erythritol,erythritol,54
anthemis nobilis flower oil,anthemis nobilis flower oil,54
lactobacillus,lactobacillus,54
polyglyceryl-10 laurate,polyglyceryl-10 laurate,54
lycium barbarum fruit extract,lycium barbarum fruit extract,54
hydrogenated polycyclopentadiene,hydrogenated polycyclopentadiene,54
hydroxypropyl guar hydroxypropyltrimonium chloride,hydroxypropyl guar hydroxypropyltrimonium chloride,54
acrylates/octylacrylamide copolymer,acrylates/octylacrylamide copolymer,53
theobroma cacao (cocoa) extract,theobroma cacao (cocoa) extract,53
butyl acetate,butyl acetate,53
propylene glycol dicaprate,propylene glycol,53
benzophenone-3,oxybenzone,53
methylchloroisothiazolinone,methylchloroisothiazolinone,53
behenic acid,behenic acid,53
c12-13 pareth-3,c12-13 pareth-3,53
peg-120 methyl glucose dioleate,peg-120 methyl glucose dioleate,53
cinnamidopropyltrimonium chloride,cinnamidopropyltrimonium chloride,52
ci 15985 (yellow 6),ci 15985 (yellow 6),52
hydroxyethyl urea,hydroxyethyl urea,52
ci 17200/red 33,ci 17200 (red 33),52
yellow 6 (ci 15985),ci 15985 (yellow 6),52
colloidal oatmeal,colloidal oatmeal,52
vaccinium myrtillus fruit extract,vaccinium myrtillus fruit extract,52
sorbitan laurate,sorbitan laurate,52
lens esculenta (lentil) fruit extract,lens esculenta (lentil) fruit extract,52
ceramide ng,ceramide ng,52
palmitoyl hexapeptide-12,palmitoyl hexapeptide-12,52
ubiquinone,ubiquinone,52
sodium saccharin,sodium saccharin,51
macadamia integrifolia seed oil,macadamia integrifolia seed oil,51
cystine bis-pg-propyl silanetriol,cystine bis-pg-propyl silanetriol,51
butylene glycol dicaprylate/dicaprate,butylene glycol,51
laureth-21,laureth-21,51
acetyl tributyl citrate,acetyl tributyl citrate,50
olea europaea (olive) leaf extract,olea europaea (olive) leaf extract,50
triticum vulgare (wheat) germ extract,triticum vulgare (wheat) germ extract,50
glycine soja (soybean) seed extract,glycine soja (soybean) seed extract,50
citrus grandis (grapefruit) peel oil,citrus grandis (grapefruit) peel oil,50
ethylhexyl stearate,ethylhexyl stearate,50
cetearyl isononanoate,cetearyl isononanoate,50
copernicia cerifera (carnauba) wax/cera carnauba/cire de carnauba,copernicia cerifera (carnauba) wax/cera carnauba/cire de carnauba,50
octyldodecyl neopentanoate,octyldodecyl neopentanoate,50
magnesium carbonate,magnesium carbonate,50
sodium polyaspartate,sodium polyaspartate,50
saccharomyces/magnesium ferment,saccharomyces/magnesium ferment,50
zinc oxide,zinc oxide (ci 77947),50
superoxide dismutase,superoxide dismutase,50
rubus idaeus (raspberry) fruit extract,rubus idaeus (raspberry) fruit extract,50
beta-glucan,beta-glucan,50
rubus idaeus (raspberry) seed oil,rubus idaeus (raspberry) seed oil,50
trifolium pratense (clover) flower extract,trifolium pratense (clover) flower extract,50
red 22 lake (ci 45380),red 22 lake (ci 45380),49
potassium phosphate,potassium phosphate,49
aloe barbadensis leaf juice*,aloe barbadensis,49
paeonia lactiflora root extract,paeonia lactiflora root extract,49
resveratrol,resveratrol,49
aqua,water,49
polyethylene terephthalate,polyethylene terephthalate,49
divinyldimethicone/dimethicone copolymer,divinyldimethicone/dimethicone copolymer,49
gardenia taitensis flower extract,gardenia taitensis flower extract,49
daucus carota sativa (carrot) root extract,daucus carota sativa (carrot) root extract,49
c12-13 pareth-23,c12-13 pareth-23,49
saccharomyces/copper ferment,saccharomyces/copper ferment,49
coco-caprylate,coco-caprylate,49
dextrin palmitate,dextrin palmitate,49
beeswax,beeswax,49
terminalia ferdinandiana fruit extract,terminalia ferdinandiana fruit extract,48
ci 77288 (chromium oxide greens),ci 77288 (chromium oxide green),48
red 33 lake (ci 17200),ci 17200 (red 33),48
saccharomyces lysate extract,saccharomyces lysate extract,48
nitrocellulose,nitrocellulose,48
polyglyceryl-10 stearate,polyglyceryl-10 stearate,48
fructose,fructose,48
oryza sativa (rice) starch,oryza sativa (rice) starch,48
camellia oleifera seed oil,camellia oleifera seed oil,48
ferulic acid,ferulic acid,48
polyglyceryl-6 polyricinoleate,polyglyceryl-6 polyricinoleate,48
water (aqua,water,48
polygonum cuspidatum root extract,polygonum cuspidatum root extract,47
magnesium gluconate,magnesium gluconate,47
lactobacillus ferment lysate,lactobacillus ferment lysate,47
isostearyl alcohol,isostearyl alcohol,47
glycerin*,glycerin,47
dimer dilinoleyl dimer dilinoleate,dimer dilinoleyl dimer dilinoleate,47
camellia japonica seed oil,camellia japonica seed oil,47
saccharomyces/silicon ferment,saccharomyces/silicon ferment,47
ergothioneine,ergothioneine,47
methyl 2-octynoate,methyl 2-octynoate,47
evernia prunastri (oakmoss) extract,evernia prunastri (oakmoss) extract,47
d-limonene,limonene,47
polyglyceryl-6 distearate,polyglyceryl-6 distearate,46
peg/ppg-14/7 dimethyl ether,peg/ppg-14/7 dimethyl ether,46
p-anisic acid,p-anisic acid,46
polyglyceryl-3 beeswax,polyglyceryl-3 beeswax,46
polyglyceryl-4 diisostearate/polyhydroxystearate/sebacate,polyglyceryl-4 diisostearate/polyhydroxystearate/sebacate,46
pisum sativum (pea) extract,pisum sativum (pea) extract,46
nelumbo nucifera flower extract,nelumbo nucifera flower extract,46
caprylic/capric/myristic/stearic triglyceride,caprylic/capric/myristic/stearic triglyceride,46
niacin,niacin,46
ci 60730 / ext. violet 2,ci 60730 (ext violet 2),46
bromelain,bromelain,46
saccharomyces/zinc ferment,saccharomyces/zinc ferment,46
citrus limon (lemon) peel extract,citrus limon (lemon) peel extract,46
iron oxides ci 77491,iron oxides (ci 77491),46
oenothera biennis (evening primrose) oil,oenothera biennis (evening primrose) oil,46
aqua (water/eau),water,46
sodium sulfate,sodium sulfate,46
glyceryl acrylate/acrylic acid copolymer,glyceryl acrylate/acrylic acid copolymer,45
helianthus annuus seed extract / sunflower seed extract,helianthus annuus seed oil,45
litchi chinensis pericarp extract,litchi chinensis pericarp extract,45
salvia hispanica seed oil,salvia hispanica seed oil,45
calcium chloride,calcium chloride,45
ci 45410 (red 28 lake),ci 45410 (red 28),45
lactococcus ferment lysate,lactococcus ferment lysate,45
tocopheryl acetate (vitamin e),tocopherol,45
citrus nobilis (mandarin orange) peel oil,citrus nobilis (mandarin orange) peel oil,45
phytantriol,phytantriol,44
yeast amino acids,yeast amino acids,44
litchi chinensis fruit extract,litchi chinensis fruit extract,44
arnica montana flower extract,arnica montana flower extract,44
cera microcristallina/microcrystalline wax/cire microcristalline,cera microcristallina/microcrystalline wax/cire microcristalline,44
lavandula hybrida oil,lavandula hybrida oil,44
polyglutamic acid,polyglutamic acid,44
hydrolyzed algin,hydrolyzed algin,44
crambe abyssinica seed oil,crambe abyssinica seed oil,44
keratin,keratin,44
saccharomyces/iron ferment,saccharomyces/iron ferment,44
biosaccharide gum-4,biosaccharide gum-4,44
quartz,quartz,44
palmitoyl tripeptide-5,palmitoyl tripeptide-5,44
c15-19 alkane,c15-19 alkane,43
safflower glucoside,safflower glucoside,43
chrysanthemum parthenium (feverfew) extract,chrysanthemum parthenium (feverfew) extract,43
bifida ferment lysate,bifida ferment lysate,43
octisalate 5%,octisalate,43
asiaticoside,asiaticoside,43
hypnea musciformis (algae) extract,hypnea musciformis (algae) extract,43
coffea arabica (coffee) seed extract,coffea arabica (coffee) seed extract,43
ci 77289 (chromium hydroxide green),ci 77289 (chromium hydroxide green),43
shea butter ethyl esters,shea butter,43
hydrogenated castor oil/sebacic acid copolymer,hydrogenated castor oil/sebacic acid copolymer,43
glucomannan,glucomannan,43
wheat amino acids,wheat amino acids,43
ci 77499/iron oxides,iron oxides (ci 77499),43
peg-9 polydimethylsiloxyethyl dimethicone,dimethicone,43
crithmum maritimum extract,crithmum maritimum extract,43
rubus idaeus (raspberry) leaf extract,rubus idaeus (raspberry) leaf extract,43
menthyl lactate,menthyl lactate,43
pantolactone,pantolactone,43
borago officinalis seed oil,borago officinalis seed oil,43
vitis vinifera (grape) fruit extract,vitis vinifera (grape) fruit extract,42
amaranthus caudatus seed extract,amaranthus caudatus seed extract,42
ammonium acryloyldimethyltaurate/beheneth-25 methacrylate crosspolymer,ammonium acryloyldimethyltaurate/beheneth-25 methacrylate crosspolymer,42
lavandula angustifolia (lavender) flower/leaf/stem extract,lavandula angustifolia (lavender) flower/leaf/stem extract,42
sodium bicarbonate,sodium bicarbonate,42
creatine,creatine,42
oryza sativa (rice) seed protein,oryza sativa (rice) seed protein,42
styrene/acrylates/ammonium methacrylate copolymer,styrene/acrylates/ammonium methacrylate copolymer,42
candelilla cera/euphorbia cerifera (candelilla) wax/cire de candelilla,candelilla cera/euphorbia cerifera (candelilla) wax/cire de candelilla,42
hippophae rhamnoides oil,hippophae rhamnoides oil,42
ananas sativus (pineapple) fruit extract,ananas sativus (pineapple) fruit extract,42
lysine,lysine,42
zeolite,zeolite,42
red 6 lake (ci 15850),ci 15850 (red 7),42
iodopropynyl butylcarbamate,iodopropynyl butylcarbamate,42
mandelic acid,mandelic acid,42
alaria esculenta extract,alaria esculenta extract,42
oleth-10,oleth-10,41
ziziphus jujuba fruit extract,ziziphus jujuba fruit extract,41
phytosteryl macadamiate,phytosteryl macadamiate,41
leontopodium alpinum flower/leaf extract,leontopodium alpinum flower/leaf extract,41
cocoglycerides,cocoglycerides,41
polyglyceryl-4 caprate,polyglyceryl-4 caprate,41
chondrus crispus (carrageenan) extract,chondrus crispus (carrageenan) extract,41
citrus aurantium dulcis (orange) peel extract,citrus aurantium dulcis (orange) peel extract,41
palmitoyl oligopeptide,palmitoyl oligopeptide,41
undaria pinnatifida extract,undaria pinnatifida extract,41
acetyl tetrapeptide-3,acetyl tetrapeptide-3,41
red 7 lake),ci 15850 (red 7),40
tocopheryl succinate,tocopheryl succinate,40
prunus amygdalus dulcis (sweet almond) seed meal,prunus amygdalus dulcis (sweet almond) seed meal,40
medicago sativa (alfalfa) seed powder,medicago sativa (alfalfa) seed powder,40
palmitoyl tripeptide-38,palmitoyl tripeptide-38,40
sambucus nigra fruit extract,sambucus nigra fruit extract,40
linum usitatissimum (linseed) seed extract,linum usitatissimum (linseed) seed extract,40
malva sylvestris (mallow) extract,malva sylvestris (mallow) extract,40
hydrogenated polydicyclopentadiene,hydrogenated polydicyclopentadiene,40
hydrogenated palm glycerides,hydrogenated palm glycerides,40
zinc chloride,zinc chloride,40
sodium formate,sodium formate,40
lauryl laurate,lauryl laurate,40
citrus paradisi (grapefruit) peel oil,citrus paradisi (grapefruit) peel oil,40
ferric ammonium ferrocyanide),ferric ammonium ferrocyanide),39
eucalyptus globulus (eucalyptus) leaf oil,eucalyptus globulus (eucalyptus) leaf oil,39
hordeum vulgare (barley) extract\\extrait d’orge,hordeum vulgare (barley) extract/extrait d’orge,39
sucrose stearate,sucrose stearate,39
butyrospermum parkii (shea) butter unsaponifiables,shea butter,39
ci 15850 (red 6),ci 15850 (red 7),39
sorbitan palmitate,sorbitan palmitate,39
montmorillonite,montmorillonite,39
punica granatum flower extract,punica granatum flower extract,39
linalyl acetate,linalyl acetate,39
beeswax/cera alba/cire d’abeille,beeswax/cera alba/cire d’abeille,39
hydroxypropyl cyclodextrin,hydroxypropyl cyclodextrin,39
brassica campestris (rapeseed) seed oil,brassica campestris (rapeseed) seed oil,39
yeast extract/faex/extrait de levure,yeast extract/faex/extrait de levure,38
cera microcristallina (microcrystalline wax),cera microcristallina (microcrystalline wax),38
ci 77510 (ferric ferrocyanide,ferric ferrocyanide (ci 77510),38
vaccinium macrocarpon (cranberry) fruit extract,vaccinium macrocarpon (cranberry) fruit extract,38
palmaria palmata extract,palmaria palmata extract,38
glutathione,glutathione,38
lactobacillus/portulaca oleracea ferment extract,lactobacillus/portulaca oleracea ferment extract,38
alcohol denat. (sd alcohol 39-c),alcohol denat,38
cetyl dimethicone,dimethicone,38
rosa hybrid flower extract,rosa hybrid flower extract,38
hydrolyzed linseed extract,hydrolyzed linseed extract,38
hydroxypropyltrimonium hydrolyzed wheat protein,hydroxypropyltrimonium hydrolyzed wheat protein,38
glycolipids,glycolipids,38
sesamum indicum (sesame) seed powder,sesamum indicum (sesame) seed powder,38
glyceryl polyacrylate,glyceryl polyacrylate,38
polyglyceryl-2 diisostearate,polyglyceryl-2 diisostearate,38
quaternium-91,quaternium-91,38
salvia hispanica seed extract,salvia hispanica seed extract,38
trideceth-10,trideceth-10,38
peg-55 propylene glycol oleate,propylene glycol,38
black 2 (ci 77266),ci 77266 (carbon black),38
phyllanthus emblica fruit extract,phyllanthus emblica fruit extract,38
stearyl stearate,stearyl stearate,38
parfum,parfum (fragrance),38
menthone glycerin acetal,glycerin,38
punica granatum extract,punica granatum extract,38
sodium metaphosphate,sodium metaphosphate,38
c14-22 alcohols,c14-22 alcohols,38
dipentaerythrityl hexahydroxystearate/hexastearate/hexarosinate,dipentaerythrityl hexahydroxystearate/hexastearate/hexarosinate,37
cyclodextrin,cyclodextrin,37
aminopropyl ascorbyl phosphate,ascorbic acid,37
citrus paradisi (grapefruit) fruit extract,citrus paradisi (grapefruit) fruit extract,37
heptyl undecylenate,heptyl undecylenate,37
polyquaternium-4,polyquaternium-4,37
citrus grandis (grapefruit) fruit extract,citrus grandis (grapefruit) fruit extract,37
chitosan,chitosan,37
ascophyllum nodosum extract,ascophyllum nodosum extract,37
ci 14700 / red 4,ci 14700 (red 4),37
sodium nitrate,sodium nitrate,37
trideceth-3,trideceth-3,37
glycol stearate,glycol stearate,37
diisopropyl adipate,diisopropyl adipate,37
sodium benzotriazolyl butylphenol sulfonate,sodium benzotriazolyl butylphenol sulfonate,37
agave tequilana leaf extract,agave tequilana leaf extract,37
citrus aurantium dulcis (orange) oil,citrus aurantium dulcis (orange) oil,37
peg-8 dimethicone,dimethicone,37
hydrogenated soybean oil,hydrogenated soybean oil,37
sericin,sericin,36
polymnia sonchifolia root juice,polymnia sonchifolia root juice,36
sorbitan tristearate,sorbitan tristearate,36
glyceryl laurate,glyceryl laurate,36
dodecane,dodecane,36
avobenzone 3%,butyl methoxydibenzoylmethane,36
hordeum vulgare (barley) extract/extrait d’orge,hordeum vulgare (barley) extract/extrait d’orge,36
adipic acid/neopentyl glycol/trimellitic anhydride copolymer,adipic acid/neopentyl glycol/trimellitic anhydride copolymer,36
ginkgo biloba leaf extract,ginkgo biloba leaf extract,36
calcium carbonate,calcium carbonate,36
citrus aurantifolia (lime) peel extract,citrus aurantifolia (lime) peel extract,36
red 7,ci 15850 (red 7),36
polyacrylate-13,polyacrylate-13,36
edta,disodium edta,36
biotinoyl tripeptide-1,biotinoyl tripeptide-1,36
tridecane,tridecane,36
chrysin,chrysin,36
saccharum officinarum (sugarcane) extract,saccharum officinarum (sugarcane) extract,36
caviar extract,caviar extract,36
sodium stearoyl lactylate,sodium stearoyl lactylate,36
hydroxypropyl guar,hydroxypropyl guar,36
peg-6 caprylic/capric glycerides,peg-6 caprylic/capric glycerides,36
polyquaternium-59,polyquaternium-59,36
undecane,undecane,36
ethyl linoleate,ethyl linoleate,35
citrulline,citrulline,35
cocos nucifera (coconut) fruit juice,cocos nucifera oil,35
lavandula angustifolia (lavender) flower extract,lavandula angustifolia (lavender) flower extract,35
cladosiphon okamuranus extract,cladosiphon okamuranus extract,35
magnolia officinalis bark extract,magnolia officinalis bark extract,35
c30-45 alkyl dimethicone,dimethicone,35
cocos nucifera (coconut) oil*,cocos nucifera oil,35
sucrose acetate isobutyrate,sucrose acetate isobutyrate,35
stearyl dimethicone,dimethicone,35
salicornia herbacea extract,salicornia herbacea extract,35
ci 19140 / yellow 5,ci 19140 (yellow 5),35
ribes nigrum (black currant) seed oil,ribes nigrum (black currant) seed oil,35
red 40 (ci 16035),ci 16035 (red 40),35
brassicamidopropyl dimethylamine,brassicamidopropyl dimethylamine,35
cannabis sativa seed oil,cannabis sativa seed oil,35
amylopectin,amylopectin,35
hydrolyzed collagen,hydrolyzed collagen,35
anthemis nobilis flower extract,anthemis nobilis flower extract,34
punica granatum (pomegranate) extract,punica granatum (pomegranate) extract,34
diisopropyl sebacate,diisopropyl sebacate,34
diacetone alcohol,diacetone alcohol,34
ceteth-20,ceteth-20,34
aloe barbadensis (aloe vera) leaf extract,aloe barbadensis,34
leuconostoc ferment filtrate,leuconostoc ferment filtrate,34
acrylates/ethylhexyl acrylate copolymer,acrylates/ethylhexyl acrylate copolymer,34
isoceteth-20,isoceteth-20,34
red 27 (ci 45410),ci 45410 (red 28),34
iron oxides ci 77499,iron oxides (ci 77499),34
bis-stearyl dimethicone,dimethicone,34
iron oxide (ci 77491),iron oxides (ci 77491),34
quaternium-87,quaternium-87,34
caesalpinia spinosa fruit extract,caesalpinia spinosa fruit extract,34
diamond powder,diamond powder,34
cynara scolymus (artichoke) leaf extract,cynara scolymus (artichoke) leaf extract,34
carnosine,carnosine,34
yeast extract,yeast extract,33
saccharomyces/rice ferment filtrate,saccharomyces/rice ferment filtrate,33
furcellaria lumbricalis extract,furcellaria lumbricalis extract,33
sucrose cocoate,sucrose cocoate,33
orbignya oleifera seed oil,orbignya oleifera seed oil,33
lonicera japonica (honeysuckle) flower extract,lonicera japonica (honeysuckle) flower extract,33
honey extract,honey extract,33
calendula officinalis (calendula) flower extract*,calendula officinalis (calendula) flower extract,33
medicago sativa (alfalfa) extract*,medicago sativa (alfalfa) extract,33
phosphoric acid,phosphoric acid,33
ci 15850 (red 6,ci 15850 (red 7),33
octocrylene,octocrylene,33
citrus aurantifolia (lime) oil,citrus aurantifolia (lime) oil,33
helianthus annuus seed oil / sunflower seed oil,helianthus annuus seed oil,33
sucrose tetrastearate triacetate,sucrose tetrastearate triacetate,33
trideceth-15,trideceth-15,33
ethyl macadamiate,ethyl macadamiate,33
dimethyl ether,dimethyl ether,33
kappaphycus alvarezii extract,kappaphycus alvarezii extract,33
sodium stearate,sodium stearate,33
methyldihydrojasmonate,methyldihydrojasmonate,33
hydrogenated jojoba oil,jojoba oil,33
triolein,triolein,32
sodium sulfite,sodium sulfite,32
hedychium coronarium root extract,hedychium coronarium root extract,32
distearyldimonium chloride,distearyldimonium chloride,32
hydrogenated olive oil stearyl esters,hydrogenated olive oil stearyl esters,32
sd alcohol 40-b/alcohol denat,alcohol denat,32
cera carnauba/copernicia cerifera (carnauba) wax/cire de carnauba,cera carnauba/copernicia cerifera (carnauba) wax/cire de carnauba,32
brassica oleracea acephala (kale) leaf extract,brassica oleracea acephala (kale) leaf extract,32
tropaeolum majus flower/leaf/stem extract,tropaeolum majus flower/leaf/stem extract,32
lilium candidum bulb extract,lilium candidum bulb extract,32
sodium myristoyl glutamate,sodium myristoyl glutamate,32
hydrogenated microcrystalline wax,hydrogenated microcrystalline wax,32
brassica alcohol,brassica alcohol,32
lauramidopropyl betaine,lauramidopropyl betaine,32
pistacia lentiscus (mastic) gum,pistacia lentiscus (mastic) gum,32
cananga odorata flower oil,cananga odorata flower oil,32
glucosamine hcl,glucosamine hcl,32
iris florentina root extract,iris florentina root extract,32
hydrolyzed corn starch,hydrolyzed corn starch,32
cetyl hydroxyethylcellulose,cetyl hydroxyethylcellulose,32
musa sapientum (banana) fruit extract,musa sapientum (banana) fruit extract,32
gardenia florida fruit extract,gardenia florida fruit extract,32
peg/ppg-17/18 dimethicone,dimethicone,32
hydrogenated palm glycerides citrate,hydrogenated palm glycerides citrate,32
microcrystalline wax (cera microcristallina),microcrystalline wax (cera microcristallina),32
sodium lauroamphoacetate,sodium lauroamphoacetate,32
theobroma cacao (cocoa) seed extract,theobroma cacao (cocoa) seed extract,31
urtica dioica (nettle) leaf extract,urtica dioica (nettle) leaf extract,31
methyl glucose sesquistearate,methyl glucose sesquistearate,31
acrylates/beheneth-25 methacrylate copolymer,acrylates/beheneth-25 methacrylate copolymer,31
cocamide mea,cocamide mea,31
rosa canina fruit extract,rosa canina fruit oil,31
saccharomyces cerevisiae extract,saccharomyces cerevisiae extract,31
lauraldehyde,lauraldehyde,31
fucus vesiculosus extract,fucus vesiculosus extract,31
soy isoflavones,soy isoflavones,31
houttuynia cordata extract,houttuynia cordata extract,31
ci 77491/77492/77499 (iron oxides),iron oxides (ci 77491),31
glyceryl linoleate,glyceryl linoleate,31
hexanal,hexanal,31
c12-20 alkyl glucoside,c12-20 alkyl glucoside,31
ci 77499,iron oxides (ci 77499),31
vaccinium macrocarpon (cranberry) seed oil,vaccinium macrocarpon (cranberry) seed oil,31
levulinic acid,levulinic acid,31
hydroxyproline,hydroxyproline,31
sorbitan oleate decylglucoside crosspolymer,sorbitan oleate decylglucoside crosspolymer,31
n-hydroxysuccinimide,n-hydroxysuccinimide,31
glyceryl behenate/eicosadioate,glyceryl behenate/eicosadioate,31
albizia julibrissin bark extract,albizia julibrissin bark extract,31
gold,gold,31
sodium ascorbyl phosphate,ascorbic acid,31
flavor (aroma),flavor (aroma),31
lactobacillus/punica granatum fruit ferment extract,lactobacillus/punica granatum fruit ferment extract,31
disodium cocoyl glutamate,disodium cocoyl glutamate,31
hippophae rhamnoides (sea buckthorn/argousier) fruit/seed oil,hippophae rhamnoides (sea buckthorn/argousier) fruit/seed oil,31
disiloxane,disiloxane,31
iron oxide (ci 77499),iron oxides (ci 77499),31
beheneth-30,beheneth-30,31
olea europaea (olive) oil,olea europaea (olive) oil,31
citric acid*,citric acid,30
rosa damascena flower extract,rosa damascena flower extract,30
ci 45410 (red 27,ci 45410 (red 28),30
red 28 lake),ci 45410 (red 28),30
ci 73360 (red 30,ci 73360 (red 30,30
red 30 lake),red 30 lake),30
glycine soja (soybean) sterols,glycine soja (soybean) sterols,30
copper pca,copper pca,30
tropolone,tropolone,30
erythrulose,erythrulose,30
ethylparaben,ethylparaben,30
fd&c red no. 4 (ci 14700),ci 14700 (red 4),30
hydrolyzed rice extract,hydrolyzed rice extract,30
+/- ci 77891 (titanium dioxide),titanium dioxide (ci 77891),30
peg-150 pentaerythrityl tetrastearate,peg-150 pentaerythrityl tetrastearate,30
haematococcus pluvialis extract,haematococcus pluvialis extract,30
water/eau,water,30
myristyl nicotinate,myristyl nicotinate,30
algae (seaweed) extract,algae (seaweed) extract,30
althaea officinalis root extract,althaea officinalis root extract,30
phytosteryl/isostearyl/cetyl/stearyl/behenyl dimer dilinoleate,phytosteryl/isostearyl/cetyl/stearyl/behenyl dimer dilinoleate,30
c12-16 pareth-9,c12-16 pareth-9,30
adansonia digitata (baobab) oil,adansonia digitata (baobab) oil,30
santalum album (sandalwood) extract,santalum album (sandalwood) extract,30
quaternium-80,quaternium-80,30
collagen,hydrolyzed collagen,30
ammonium polyacryloyldimethyl taurate,ammonium polyacryloyldimethyl taurate,30
acetyl octapeptide-3,acetyl octapeptide-3,30
potassium benzoate,potassium benzoate,30
mentha viridis (spearmint) leaf oil,mentha viridis (spearmint) leaf oil,30
saccharomyces ferment filtrate,saccharomyces ferment filtrate,30
laminaria ochroleuca extract,laminaria ochroleuca extract,30
beta-sitosterol,beta-sitosterol,30
isocetyl stearate,isocetyl stearate,30
glycine soja (soybean) protein,glycine soja (soybean) protein,30
potassium chloride,potassium chloride,30
dipalmitoyl hydroxyproline,dipalmitoyl hydroxyproline,30
c18-36 acid triglyceride,c18-36 acid triglyceride,30
flavor,flavor,29
euterpe oleracea fruit extract,euterpe oleracea fruit extract,29
magnesium nitrate,magnesium nitrate,29
cera alba/beeswax/cire d’abeille,cera alba/beeswax/cire d’abeille,29
centaurea cyanus flower water,centaurea cyanus flower water,29
melanin,melanin,29
xylose,xylose,29
ethylhexyl isononanoate,ethylhexyl isononanoate,29
salix nigra (willow) bark extract,salix nigra (willow) bark extract,29
borago officinalis (borage) leaf extract*,borago officinalis (borage) leaf extract,29
adansonia digitata seed oil (baobab oil),adansonia digitata seed oil (baobab oil),29
styrax benzoin resin extract,styrax benzoin resin extract,29
actinidia chinensis (kiwi) fruit extract,actinidia chinensis (kiwi) fruit extract,29
beta vulgaris (beet) root extract,beta vulgaris (beet) root extract,29
ethyl hexyl glycerin,ethyl hexyl glycerin,29
zingiber officinale (ginger) root oil,zingiber officinale (ginger) root oil,29
iron oxides ci 77492,iron oxides (ci 77492),29
polyglyceryl-10 myristate,polyglyceryl-10 myristate,29
peg-30 dipolyhydroxystearate,peg-30 dipolyhydroxystearate,29
oleanolic acid,oleanolic acid,29
trimethylsiloxyamodimethicone,trimethylsiloxyamodimethicone,29
iron oxides (ci 77499,iron oxides (ci 77499),29
sodium cocoyl glycinate,sodium cocoyl glycinate,29
manganese violet ci 77742,manganese violet (ci 77742),29
calcium stearate,calcium stearate,29
ci 15985 (yellow 6,ci 15985 (yellow 6),29
yellow 6 lake),ci 15985 (yellow 6),29
red 27 lake,red 27 lake,29
caesalpinia spinosa gum,caesalpinia spinosa gum,29
ext. d&c violet no. 2 (ci 60730),ci 60730 (ext violet 2),28
honey/mel/miel,honey/mel/miel,28
octyldodecyl citrate crosspolymer,octyldodecyl citrate crosspolymer,28
ceteareth-25,ceteareth-25,28
fd&c yellow no. 5 (ci 19140),ci 19140 (yellow 5),28
salvia officinalis (sage) oil,salvia officinalis (sage) oil,28
ethylhexyl,ethylhexyl,28
acacia decurrens flower wax,acacia decurrens flower wax,28
ci 77000 (aluminum powder),ci 77000 (aluminum powder),28
rehmannia glutinosa root extract,rehmannia glutinosa root extract,28
arachidic acid,arachidic acid,28
castor oil/ipdi copolymer,castor oil/ipdi copolymer,28
tourmaline,tourmaline,28
sodium methyl oleoyl taurate,sodium methyl oleoyl taurate,28
sodium potassium aluminum silicate,sodium potassium aluminum silicate,28
dipeptide diaminobutyroyl benzylamide diacetate,dipeptide diaminobutyroyl benzylamide diacetate,28
pearl powder,pearl powder,28
euphorbia cerifera (candelilla) wax/candelilla cera/cire de candelilla,euphorbia cerifera (candelilla) wax/candelilla cera/cire de candelilla,28
ci 77491),iron oxides (ci 77491),28
ethylhexyl olivate,ethylhexyl olivate,28
magnesium silicate,magnesium silicate,28
yellow 5 lake ci 19140,ci 19140 (yellow 5),28
c12-16 alcohols,c12-16 alcohols,28
paeonia albiflora root extract,paeonia albiflora root extract,28
achillea millefolium extract,achillea millefolium extract,28
olea europaea (olive) oil*,olea europaea (olive) oil,27
prunus persica (peach) fruit extract,prunus persica (peach) fruit extract,27
malpighia punicifolia (acerola) fruit extract,malpighia punicifolia (acerola) fruit extract,27
lycium chinense fruit extract,lycium chinense fruit extract,27
fragrance/parfum*,parfum (fragrance),27
arnica montana (arnica) extract*,arnica montana (arnica) extract,27
boswellia serrata extract,boswellia serrata extract,27
butyrospermum parkii butter / shea butter,shea butter,27
benzoguanamine,benzoguanamine,27
zinc acetylmethionate,zinc acetylmethionate,27
organic sugar cane alcohol denat,alcohol denat,27
saccharomyces/camellia sinensis leaf/cladosiphon okamuranus/rice ferment filtrate*,camellia sinensis leaf extract,27
ribes nigrum (black currant) fruit extract,ribes nigrum (black currant) fruit extract,27
serenoa serrulata fruit extract,serenoa serrulata fruit extract,27
tin oxide (ci 77861),tin oxide (ci 77861),27
n-butyl alcohol,n-butyl alcohol,27
hydroxypropyltrimonium hydrolyzed corn starch,hydroxypropyltrimonium hydrolyzed corn starch,27
helianthus annuus (sunflower) seed oil*,helianthus annuus seed oil,27
sodium laureth-12 sulfate,sodium laureth-12 sulfate,27
polysilicone-2,polysilicone-2,27
hydrogenated palm oil,hydrogenated palm oil,27
ci 77491 / iron oxides,iron oxides (ci 77491),27
neopentyl glycol dicaprylate/dicaprate,neopentyl glycol dicaprylate/dicaprate,27
urtica dioica (nettle) extract,urtica dioica (nettle) extract,27
glycine soja (soybean) extract,glycine soja (soybean) extract,27
camellia oleifera leaf extract,camellia oleifera leaf extract,27
rosa centifolia flower extract,rosa centifolia flower extract,27
purified water,water,26
aloe barbadensis leaf water,aloe barbadensis,26
theobroma grandiflorum (cupuacu) seed butter,theobroma grandiflorum (cupuacu) seed butter,26
chenopodium quinoa seed extract,chenopodium quinoa seed extract,26
peg-8 beeswax,peg-8 beeswax,26
polyglyceryl-10 dioleate,polyglyceryl-10 dioleate,26
caprylic acid,caprylic acid,26
sd-alcohol 40-b (alcohol denat.),alcohol denat,26
titanium dioxide/ci 77891,titanium dioxide (ci 77891),26
punica granatum fruit extract,punica granatum fruit extract,26
hedera helix (ivy) extract,hedera helix (ivy) extract,26
capryloyl salicylic acid,salicylic acid,26
caprylyl caprylate/caprate,caprylyl caprylate/caprate,26
sanguisorba officinalis root extract,sanguisorba officinalis root extract,26
water(aqua/eau),water,26
angelica keiskei leaf/stem extract,angelica keiskei leaf/stem extract,26
citrus aurantium dulcis (orange) peel oil*,citrus aurantium dulcis (orange) peel oil,26
mangifera indica (mango) fruit extract,mangifera indica (mango) fruit extract,26
undeceth-5,undeceth-5,26
peg-20 methyl glucose sesquistearate,peg-20 methyl glucose sesquistearate,26
caprylic/capric glycerides,caprylic/capric glycerides,26
polyglyceryl-2 stearate,polyglyceryl-2 stearate,26
polyglyceryl-3 caprate,polyglyceryl-3 caprate,26
tranexamic acid,tranexamic acid,26
lactic acid/glycolic acid copolymer,lactic acid/glycolic acid copolymer,26
acetyl dipeptide-1 cetyl ester,acetyl dipeptide-1 cetyl ester,26
undeceth-11,undeceth-11,26
ammonium acrylates copolymer,ammonium acrylates copolymer,26
maltooligosyl glucoside,maltooligosyl glucoside,26
hydroxypropylgluconamide,hydroxypropylgluconamide,26
calcium silicate,calcium silicate,26
larix europaea wood extract,larix europaea wood extract,26
magnesium oxide,magnesium oxide,26
ci 77510 (ferric ferrocyanide),ferric ferrocyanide (ci 77510),26
acrylates/dimethicone copolymer,dimethicone,26
hydroxypropylammonium gluconate,hydroxypropylammonium gluconate,26
peg-6,peg-6,25
triisostearin,triisostearin,25
hydrolyzed adansonia digitata seed extract,hydrolyzed adansonia digitata seed extract,25
portulaca pilosa extract,portulaca pilosa extract,25
aroma (flavor),aroma (flavor),25
gellan gum,gellan gum,25
saccharomyces ferment,saccharomyces ferment,25
nylon-6,nylon-6,25
oryzanol,oryzanol,25
calcium pantothenate,calcium pantothenate,25
cocos nucifera oil/coconut oil,cocos nucifera oil,25
sugarcane alcohol denat,alcohol denat,25
red 30 (ci 73360),red 30 (ci 73360),25
sucrose palmitate,sucrose palmitate,25
moringa oleifera leaf extract,moringa oleifera leaf extract,25
peg-200 hydrogenated glyceryl palmate,peg-200 hydrogenated glyceryl palmate,25
hydroxystearic acid,hydroxystearic acid,25
equisetum arvense (horsetail) extract,equisetum arvense (horsetail) extract,25
laureth-12,laureth-12,25
panthenyl ethyl ether,panthenyl ethyl ether,25
camellia sinensis seed oil,camellia sinensis leaf extract,25
rosa damascena extract,rosa damascena extract,25
pentaerythrityl tetra-di-t-butyl,pentaerythrityl tetra-di-t-butyl,25
ethylhexyl polyhydroxystearate,ethylhexyl polyhydroxystearate,25
sodium polystyrene sulfonate,sodium polystyrene sulfonate,25
centella asiatica leaf extract,centella asiatica leaf extract,25
hydrogenated coconut oil,cocos nucifera oil,25
ci 77891,titanium dioxide (ci 77891),24
pogostemon cablin oil,pogostemon cablin oil,24
rose extract,rose extract,24
ci 42090/blue 1,ci 42090 (blue 1),24
peg-32,peg-32,24
carthamus tinctorius (safflower) oleosomes,carthamus tinctorius (safflower) oleosomes,24
rosa canina seed oil,rosa canina fruit oil,24
olea europaea fruit oil / olive fruit oil,olea europaea fruit oil/olive fruit oil,24
fragaria vesca (strawberry) fruit extract,fragaria vesca (strawberry) fruit extract,24
ophiopogon japonicus root extract,ophiopogon japonicus root extract,24
aroma/flavor,aroma/flavor,24
ci 77491/ci 77492/ci 77499 (iron oxides),iron oxides (ci 77491),24
caryodendron orinocense seed oil,caryodendron orinocense seed oil,24
rice oil glycereth-8 esters,rice oil glycereth-8 esters,24
salvia sclarea (clary) extract,salvia sclarea (clary) extract,24
butyrospermum parkii (shea) butter*,shea butter,24
glyoxal,glyoxal,24
ppg-15 stearyl ether,ppg-15 stearyl ether,24
sodium polyacryloyldimethyl taurate,sodium polyacryloyldimethyl taurate,24
tricaprylin,tricaprylin,24
eucalyptus globulus leaf extract,eucalyptus globulus leaf extract,24
polydextrose,polydextrose,24
poloxamer 407,poloxamer 407,24
alcohol denat. (sd alcohol 40-b),alcohol denat,24
cocamidopropyl dimethylamine,cocamidopropyl dimethylamine,24
polyglyceryl-6 caprylate,polyglyceryl-6 caprylate,24
copernicia cerifera (carnauba) wax/copernicia cerifera cera/cire de carnauba,copernicia cerifera (carnauba) wax/copernicia cerifera cera/cire de carnauba,24
malachite extract,malachite extract,24
hydroxyethylpiperazine ethane sulfonic acid,hydroxyethylpiperazine ethane sulfonic acid,24
polypropylene,polypropylene,24
yellow 5/yellow 5 lake (ci 19140),ci 19140 (yellow 5),24
ci 15985 (yellow 6 lake),ci 15985 (yellow 6),24
soluble collagen,hydrolyzed collagen,24
rhododendron ferrugineum extract,rhododendron ferrugineum extract,23
capryloyl glycine,capryloyl glycine,23
neopentyl glycol diethylhexanoate,neopentyl glycol diethylhexanoate,23
ci 15985/yellow 6,ci 15985 (yellow 6),23
avena sativa (oat) kernel flour,avena sativa (oat) kernel flour,23
octyldodecyl myristate,octyldodecyl myristate,23
hexyldecanol,hexyldecanol,23
polyglyceryl-3 laurate,polyglyceryl-3 laurate,23
ethylhexyl hydroxystearate,ethylhexyl hydroxystearate,23
ethylcellulose,ethylcellulose,23
ppg-3 dipivalate,ppg-3 dipivalate,23
ocimum basilicum (basil) leaf extract,ocimum basilicum (basil) leaf extract,23
peg-75 stearate,peg-75 stearate,23
ceramide ns,ceramide ns,23
citrus junos seed extract,citrus junos seed extract,23
spiraea ulmaria (meadowsweet) extract*,spiraea ulmaria (meadowsweet) extract,23
aroma**,aroma,23
triethylene glycol,triethylene glycol,23
spinacia oleracea (spinach) leaf extract,spinacia oleracea (spinach) leaf extract,23
peg/ppg-17/4 dimethyl ether,peg/ppg-17/4 dimethyl ether,23
alpha keratin,alpha keratin,23
sodium surfactin,sodium surfactin,23
trifolium pratense (clover) extract,trifolium pratense (clover) extract,23
blue 1 lake),ci 42090 (blue 1),23
potassium cocoyl glycinate,potassium cocoyl glycinate,23
lonicera caprifolium (honeysuckle) flower extract,lonicera caprifolium (honeysuckle) flower extract,23
tetramethyl acetyloctahydronaphthalenes,tetramethyl acetyloctahydronaphthalenes,23
althaea officinalis (marshmallow) root extract,althaea officinalis (marshmallow) root extract,23
benzyl acetate,benzyl acetate,23
helianthus annuus seed oil,helianthus annuus seed oil,23
butyrospermum parkii butter (butyrospermum parkii (shea butter)),shea butter,23
alteromonas ferment extract,alteromonas ferment extract,23
stearalkonium chloride,stearalkonium chloride,23
butyloctanol,butyloctanol,23
hydrolyzed corn protein,hydrolyzed corn protein,23
shea butter,shea butter,23
hydrolyzed pea protein,hydrolyzed pea protein,23
hydroxyhydrocinnamate,hydroxyhydrocinnamate,23
hydrolyzed glycosaminoglycans,hydrolyzed glycosaminoglycans,23
helianthus annuus (sunflower) seed oil unsaponifiables,helianthus annuus seed oil,23
hydrogenated vegetable glycerides,hydrogenated vegetable glycerides,23
o-cymen-5-ol,o-cymen-5-ol,23
commiphora mukul resin extract,commiphora mukul resin extract,23
hydrogenated styrene/methylstyrene/indene copolymer,hydrogenated styrene/methylstyrene/indene copolymer,23
benzotriazolyl dodecyl p-cresol,benzotriazolyl dodecyl p-cresol,23
ci 17200 / red 33,ci 17200 (red 33),23
alcaligenes polysaccharides,alcaligenes polysaccharides,22
persea gratissima (avocado) oil*,persea gratissima oil,22
cannabis sativa (hemp) seed oil,cannabis sativa (hemp) seed oil,22
mentha piperita (peppermint) oil*,mentha piperita (peppermint) oil,22
brassicyl isoleucinate esylate,brassicyl isoleucinate esylate,22
silybum marianum (lady thistle) extract,silybum marianum (lady thistle) extract,22
oleyl alcohol,oleyl alcohol,22
gelidiella acerosa extract,gelidiella acerosa extract,22
geranyl acetate,geranyl acetate,22
camellia sinensis (white tea) leaf extract,camellia sinensis leaf extract,22
sodium carboxymethyl beta-glucan,sodium carboxymethyl beta-glucan,22
escin,escin,22
sugar cane alcohol denat,alcohol denat,22
polysilicone-29,polysilicone-29,22
arctium lappa root extract,arctium lappa root extract,22
bacillus ferment,bacillus ferment,22
punica granatum sterols,punica granatum sterols,22
glass,glass,22
agastache mexicana flower/leaf/stem extract,agastache mexicana flower/leaf/stem extract,22
phosphatidylcholine,phosphatidylcholine,22
chlorhexidine dihydrochloride,chlorhexidine dihydrochloride,22
glass beads,glass beads,22
glycyrrhiza uralensis (licorice) root extract,glycyrrhiza uralensis (licorice) root extract,22
red 21 (ci 45380),red 21 (ci 45380),22
microcrystalline wax\\cera microcristallina\\cire microcristalline,microcrystalline wax/cera microcristallina/cire microcristalline,22
pyridoxine hcl,pyridoxine hcl,22
ppg-2 myristyl ether propionate,ppg-2 myristyl ether propionate,22
red 27 lake (ci 45410),ci 45410 (red 28),22
bambusa vulgaris (bamboo) extract,bambusa vulgaris (bamboo) extract,22
parachlorella beijerinckii exopolysaccharides,parachlorella beijerinckii exopolysaccharides,22
ectoin,ectoin,22
pseudoalteromonas ferment extract,pseudoalteromonas ferment extract,22
collagen amino acids,hydrolyzed collagen,22
medicago sativa (alfalfa) extract,medicago sativa (alfalfa) extract,22
thymus vulgaris (thyme) leaf extract,thymus vulgaris (thyme) leaf extract,22
oleth-20,oleth-20,22
silicone quaternium-16,silicone quaternium-16,22
epilobium angustifolium flower/leaf/stem extract,epilobium angustifolium flower/leaf/stem extract,22
amp-acrylates/allyl methacrylate copolymer,amp-acrylates/allyl methacrylate copolymer,22
coffea arabica (coffee) seed oil,coffea arabica (coffee) seed oil,22
triisodecyl trimellitate,triisodecyl trimellitate,22
magnesium aspartate,magnesium aspartate,22
myristoyl pentapeptide-17,myristoyl pentapeptide-17,22
diphenyl dimethicone/vinyl diphenyl dimethicone/silsesquioxane crosspolymer,dimethicone,22
amber extract,amber extract,22
spilanthes acmella flower extract,spilanthes acmella flower extract,22
ethyl oleate,ethyl oleate,22
oligopeptide-177,oligopeptide-177,22
hydrogenated styrene/methyl styrene/indene copolymer,hydrogenated styrene/methyl styrene/indene copolymer,22
helianthus annuus seed oil/sunflower seed oil,helianthus annuus seed oil,22
salvia sclarea (clary) oil,salvia sclarea (clary) oil,22
dimethicone silylate,dimethicone,21
coconut oil,cocos nucifera oil,21
bixa orellana seed extract,bixa orellana seed extract,21
micrococcus lysate,micrococcus lysate,21
simmondsia chinensis (jojoba) seed oil*,jojoba oil,21
amyris balsamifera bark oil,amyris balsamifera bark oil,21
acetamide mea,acetamide mea,21
sodium anisate,sodium anisate,21
brassica campestris/aleurites fordi oil copolymer,brassica campestris/aleurites fordi oil copolymer,21
carapa guaianensis (andiroba) seed oil,carapa guaianensis (andiroba) seed oil,21
red 21 lake,red 21 lake,21
aloe barbadensis extract,aloe barbadensis,21
saccharomyces/xylinum/black tea ferment,saccharomyces/xylinum/black tea ferment,21
red 36 lake),red 36 lake),21
ci 45380 (red 21,ci 45380 (red 21,21
red 22 lake),red 22 lake),21
zinc sulfate,zinc sulfate,21
jasminum officinale (jasmine) flower/leaf extract,jasminum officinale (jasmine) flower/leaf extract,21
prunus insititia seed oil,prunus insititia seed oil,21
quercus petraea fruit extract,quercus petraea fruit extract,21
olea europaea (olive) oil unsaponifiables,olea europaea (olive) oil unsaponifiables,21
cichorium intybus (chicory) root extract,cichorium intybus (chicory) root extract,21
diphenyl dimethicone,dimethicone,21
orbignya oleifera (babassu) seed oil,orbignya oleifera (babassu) seed oil,21
dibutyl lauroyl glutamide,dibutyl lauroyl glutamide,21
sodium carbonate,sodium carbonate,21
cucurbita pepo (pumpkin) seed oil,cucurbita pepo (pumpkin) seed oil,21
passiflora incarnata extract,passiflora incarnata extract,21
hydroxyphenyl propamidobenzoic acid,hydroxyphenyl propamidobenzoic acid,21
polyglyceryl-3 stearate,polyglyceryl-3 stearate,21
trideceth-6 phosphate,trideceth-6 phosphate,21
sodium polyacrylate starch,sodium polyacrylate starch,21
ammonium glycyrrhizate,ammonium glycyrrhizate,21
lysolecithin,lysolecithin,21
azelaic acid,azelaic acid,21
portulaca oleracea extract,portulaca oleracea extract,21
copolymer,copolymer,21
isoceteth-10,isoceteth-10,21
ci 77491/iron oxides,iron oxides (ci 77491),21
alanyl glutamine,alanyl glutamine,21
sphingolipids,sphingolipids,21
candelilla cera (euphorbia cerifera (candelilla) wax),candelilla cera (euphorbia cerifera (candelilla) wax),21
sodium tocopheryl phosphate,sodium tocopheryl phosphate,21
chondrus crispus (carrageenan),chondrus crispus (carrageenan),21
disodium lauryl sulfosuccinate,disodium lauryl sulfosuccinate,20
sodium cocoamphoacetate,sodium cocoamphoacetate,20
daucus carota sativa (carrot) extract,daucus carota sativa (carrot) extract,20
red 28 (ci 45410),ci 45410 (red 28),20
microcrystalline wax/cera microcristallina/cire microcrystalline,microcrystalline wax/cera microcristallina/cire microcrystalline,20
citrus aurantifolia (lime) fruit extract,citrus aurantifolia (lime) fruit extract,20
piper nigrum (black pepper) seed extract,piper nigrum (black pepper) seed extract,20
polyglyceryl-2 isostearate/dimer dilinoleate copolymer,polyglyceryl-2 isostearate/dimer dilinoleate copolymer,20
tetrahydroxypropyl ethylenediamine,tetrahydroxypropyl ethylenediamine,20
sea whip extract,sea whip extract,20
ficus carica (fig) fruit extract,ficus carica (fig) fruit extract,20
cyclomethicone,cyclomethicone,20
lithothamnion calcareum extract,lithothamnion calcareum extract,20
red 28,ci 45410 (red 28),20
red 22,red 22,20
iron oxides/ci 77499,iron oxides (ci 77499),20
ci 77510 (ferric ammonium ferrocyanide),ferric ferrocyanide (ci 77510),20
vaccinium myrtillus fruit/leaf extract,vaccinium myrtillus fruit/leaf extract,20
canola oil,canola oil,20
ceratonia siliqua (carob) gum,ceratonia siliqua (carob) gum,20
kaempferia galanga root extract,kaempferia galanga root extract,20
trideceth-5,trideceth-5,20
citrus unshiu peel extract,citrus unshiu peel extract,20
iron oxides/ci 77491,iron oxides (ci 77491),20
iron oxides/ci 77492,iron oxides (ci 77492),20
palmitoyl grapevine shoot extract,palmitoyl grapevine shoot extract,20
glyceryl linolenate,glyceryl linolenate,20
cocos nucifera oil / coconut oil,cocos nucifera oil,20
trimethylolpropane triethylhexanoate,trimethylolpropane triethylhexanoate,20
sorbeth-230 tetraoleate,sorbeth-230 tetraoleate,20
polygonatum odoratum rhizome extract,polygonatum odoratum rhizome extract,20
cucumis melo (melon) fruit extract,cucumis melo (melon) fruit extract,20
withania somnifera root extract,withania somnifera root extract,20
lauryl lactate,lauryl lactate,20
panthenol (vitamin b5),panthenol,20
green 5 (ci 61570),green 5 (ci 61570),20
c20-24 olefin,c20-24 olefin,20
plukenetia volubilis seed oil,plukenetia volubilis seed oil,20
sodium,sodium,20
silicone quaternium-3,silicone quaternium-3,20
avena sativa (oat) bran extract,avena sativa (oat) bran extract,20
hydrolyzed lupine protein,hydrolyzed lupine protein,20
cera alba/beeswax,cera alba/beeswax,20
elaeis guineensis (palm) oil,elaeis guineensis (palm) oil,20
vaccinium myrtillus seed oil,vaccinium myrtillus seed oil,20
emblica officinalis fruit extract,emblica officinalis fruit extract,20
dilauryl thiodipropionate,dilauryl thiodipropionate,20
citrus aurantium bergamia (bergamot) peel oil,citrus aurantium bergamia (bergamot) peel oil,20
alcohol denat. (sd alcohol 39c),alcohol denat,20
melissa officinalis leaf extract,melissa officinalis leaf extract,20
extract,extract,20
trimethylsiloxyphenyl dimethicone,dimethicone,20
olea europaea (olive) fruit extract,olea europaea (olive) fruit extract,20
bambusa arundinacea stem extract,bambusa arundinacea stem extract,20
hydrolyzed yeast protein,hydrolyzed yeast protein,20
dimethylimidazolidinone rice starch,dimethylimidazolidinone rice starch,20
hydrolyzed wheat starch,hydrolyzed wheat starch,20
sd alcohol 40-b,alcohol denat,20
rosa canina fruit oil*,rosa canina fruit oil,20
phenylpropyldimethylsiloxysilicate,phenylpropyldimethylsiloxysilicate,20
quaternium-90 bentonite,quaternium-90 bentonite,20
rhus succedanea fruit wax,rhus succedanea fruit wax,20
peg/ppg/polybutylene glycol-8/5/3 glycerin,glycerin,20
lauryl dimethicone,dimethicone,20
diazolidinyl urea,diazolidinyl urea,20
glyceryl triacetyl ricinoleate,glyceryl triacetyl ricinoleate,20
propylene glycol dibenzoate,propylene glycol,19
paeonia suffruticosa root extract,paeonia suffruticosa root extract,19
ci 73360 (red 30 lake),ci 73360 (red 30 lake),19
ci 15850 (red 7),ci 15850 (red 7),19
tamarindus indica seed polysaccharide,tamarindus indica seed polysaccharide,19
chamomilla recutita (matricaria) flower extract (chamomile),chamomilla recutita (matricaria) flower extract (chamomile),19
fucus vesiculosus (bladderwrack) (seaweed) extract,fucus vesiculosus (bladderwrack) (seaweed) extract,19
rosa canina fruit (rose hip) extract,rosa canina fruit oil,19
sambucus nigra (elder) flower extract,sambucus nigra (elder) flower extract,19
selaginella lepidophylla (resurrection flower) extract,selaginella lepidophylla (resurrection flower) extract,19
narcissus tazetta bulb extract,narcissus tazetta bulb extract,19
alpha-isomethyl-ionone,alpha-isomethyl-ionone,19
thymus serpyllum extract,thymus serpyllum extract,19
royal jelly extract,royal jelly extract,19
polypropylsilsesquioxane,polypropylsilsesquioxane,19
8-octahydro-2,8-octahydro-2,19
glycine soja oil / soybean oil,glycine soja oil / soybean oil,19
c13-16 isoparaffin,c13-16 isoparaffin,19
calendula officinalis flower,calendula officinalis flower,19
naphtho2,naphtho2,19
1-bfuran,1-bfuran,19
perilla ocymoides leaf extract,perilla ocymoides leaf extract,19
dodecahydro-3a,dodecahydro-3a,19
oryza sativa (rice) extract/oryza sativa extract,oryza sativa (rice) extract/oryza sativa extract,19
glycerin**,glycerin,19
polyquaternium-55,polyquaternium-55,19
plumeria rubra flower extract,plumeria rubra flower extract,19
vitis vinifera (grape) juice extract,vitis vinifera (grape) juice extract,19
vitis vinifera (grape) juice,vitis vinifera (grape) juice,19
dunaliella salina extract,dunaliella salina extract,19
calendula officinalis (calendula) flower extract,calendula officinalis (calendula) flower extract,19
hectorite,hectorite,19
dilinoleic acid/propanediol copolymer,propanediol,19
polyglyceryl-3 disiloxane dimethicone,dimethicone,19
ci 77492 / iron oxides,iron oxides (ci 77492),19
ci 42090 / blue 1,ci 42090 (blue 1),19
sodium chondroitin sulfate,sodium chondroitin sulfate,19
sisymbrium irio seed oil,sisymbrium irio seed oil,19
maltodextrin/vp copolymer,maltodextrin/vp copolymer,19
peg-20 glyceryl triisostearate,peg-20 glyceryl triisostearate,19
whey protein/lactis protein/proteine du petit-lait,whey protein/lactis protein/proteine du petit-lait,19
ferric ferrocyanide/ferric ammonium ferrocyanide (ci 77510),ferric ferrocyanide (ci 77510),19
cetrimonium methosulfate,cetrimonium methosulfate,19
santalum album (sandalwood) oil,santalum album (sandalwood) oil,19
argania spinosa (argan) kernel oil*,argania spinosa kernel oil,19
oleic/linoleic/linolenic polyglycerides,oleic/linoleic/linolenic polyglycerides,19
thermus thermophillus ferment,thermus thermophillus ferment,19
ethyl ferulate,ethyl ferulate,19
methyl dihydroabietate,methyl dihydroabietate,19
ci 42090 (blue 1,ci 42090 (blue 1),19
tasmannia lanceolata fruit/leaf extract,tasmannia lanceolata fruit/leaf extract,18
boerhavia diffusa root extract,boerhavia diffusa root extract,18
persea gratissima (avocado) fruit extract,persea gratissima oil,18
rosa multiflora fruit extract,rosa multiflora fruit extract,18
isostearyl hydroxystearate,isostearyl hydroxystearate,18
behenyl behenate,behenyl behenate,18
sodium hydroxypropylsulfonate laurylglucoside crosspolymer,sodium hydroxypropylsulfonate laurylglucoside crosspolymer,18
evodia rutaecarpa fruit extract,evodia rutaecarpa fruit extract,18
hydrogenated coconut acid,hydrogenated coconut acid,18
cucurbita pepo (pumpkin) seed extract,cucurbita pepo (pumpkin) seed extract,18
stearyl glycyrrhetinate,stearyl glycyrrhetinate,18
dilinoleic acid/butanediol copolymer,dilinoleic acid/butanediol copolymer,18
polyurethane-11,polyurethane-11,18
maltose,maltose,18
2-o-ethyl ascorbic acid,ascorbic acid,18
oligopeptide-2,oligopeptide-2,18
citrus grandis (grapefruit) peel oil*,citrus grandis (grapefruit) peel oil,18
ci 15850 (red 6 lake),ci 15850 (red 7),18
lactose,lactose,18
dimethicone peg-7 phosphate,dimethicone,18
passiflora edulis,passiflora edulis,18
linoleamidopropyl dimethylamine dimer dilinoleate,linoleamidopropyl dimethylamine dimer dilinoleate,18
vegetable amino acids,vegetable amino acids,18
chondrus crispus,chondrus crispus,18
tetrahexyldecyl ascorbate (vitamin c),ascorbic acid,18
octocrylene 10%,octocrylene,18
pumice,pumice,18
oxacyclohexadec-12-en-2-one,oxacyclohexadec-12-en-2-one,18
sargassum pacificum thallus extract,sargassum pacificum thallus extract,18
polyester-8,polyester-8,18
hibiscus rosa-sinensis flower extract,hibiscus rosa-sinensis flower extract,18
pentaerythrityl distearate,pentaerythrityl distearate,18
prunus domestica seed oil,prunus domestica seed oil,18
camellia sinensis (white tea) extract,camellia sinensis leaf extract,18
gaultheria procumbens (wintergreen) oil,gaultheria procumbens (wintergreen) oil,18
silk amino acids,silk amino acids,18
glyceryl glucoside,glyceryl glucoside,18
sodium salicylate,sodium salicylate,18
polyglycerin-6,polyglycerin-6,18
isomalt,isomalt,18
hamamelis virginiana (witch hazel) leaf extract,hamamelis virginiana (witch hazel) leaf extract,18
tripeptide-1,tripeptide-1,18
microcrystalline wax/cera microcristallina,microcrystalline wax/cera microcristallina,18
red 21 lake (ci 45380),red 21 lake (ci 45380),18
ultramarines ci 77007,ultramarines (ci 77007),18
avena sativa (oat) kernel oil,avena sativa (oat) kernel oil,18
beheneth-20,beheneth-20,18
polyimide-1,polyimide-1,18
polyglyceryl-10 oleate,polyglyceryl-10 oleate,18
brassica campestris (rapeseed) sterols,brassica campestris (rapeseed) sterols,18
inulin lauryl carbamate,inulin lauryl carbamate,18
amp-isostearoyl hydrolyzed wheat protein,amp-isostearoyl hydrolyzed wheat protein,18
pectin,pectin,18
cetyl phosphate,cetyl phosphate,18
dimethicone crosspolymer-3,dimethicone,18
cyperus esculentus root oil,cyperus esculentus root oil,18
orange 5 (ci 45370),orange 5 (ci 45370),18
sodium polyglutamate,sodium polyglutamate,18
amber powder,amber powder,18
c12-20 acid peg-8 ester,c12-20 acid peg-8 ester,18
titanium dioxide (ci77891),titanium dioxide (ci 77891),18
butyrospermum parkii (shea) butter extract,shea butter,17
vp/methacrylamide/vinyl imidazole copolymer,vp/methacrylamide/vinyl imidazole copolymer,17
ethylhexyl methoxycrylene,ethylhexyl methoxycrylene,17
peg-75,peg-75,17
sodium rna,sodium rna,17
c20-40 alcohols,c20-40 alcohols,17
stearyl heptanoate,stearyl heptanoate,17
mel (honey),mel (honey),17
sea water,water,17
citrus aurantium amara (bitter orange) flower oil,citrus aurantium amara (bitter orange) flower oil,17
ginkgo biloba extract,ginkgo biloba extract,17
iso e super,iso e super,17
distilled water,water,17
sea salt\\maris sal\\sel marin,sea salt/maris sal/sel marin,17
acrylates crosspolymer-4,acrylates crosspolymer-4,17
ximenia americana seed oil,ximenia americana seed oil,17
psidium guajava (guava) fruit extract,psidium guajava (guava) fruit extract,17
olivine extract,olivine extract,17
flavor/aroma,flavor/aroma,17
hordeum vulgare leaf juice*,hordeum vulgare leaf juice,17
illite,illite,17
6-nonadien-3-ol,6-nonadien-3-ol,17
methoxycinnamate,methoxycinnamate,17
butyrospermum parkii butter/shea butter,shea butter,17
methoxyphenyl t-butylphenyl propanediol,propanediol,17
isopropanolamine,isopropanolamine,17
fragrance oil,parfum (fragrance),17
hydrogenated palm kernel glycerides,hydrogenated palm kernel glycerides,17
salicylic acid 2%,salicylic acid,17
cucumis sativus (cucumber) seed oil,cucumis sativus (cucumber) seed oil,17
genistein,genistein,17
asiatic acid,asiatic acid,17
eugenia caryophyllus (clove) flower extract,eugenia caryophyllus (clove) flower extract,17
hexylresorcinol,hexylresorcinol,17
rhodiola rosea root extract,rhodiola rosea root extract,17
zea mays (corn) oil,zea mays (corn) oil,17
opuntia ficus-indica stem extract,opuntia ficus-indica stem extract,17
polyglyceryl-6 oleate,polyglyceryl-6 oleate,17
c15-23 alkane,c15-23 alkane,17
decyl oleate,decyl oleate,17
adansonia digitata fruit extract,adansonia digitata fruit extract,17
silicone quaternium-8,silicone quaternium-8,17
octylacrylamide/acrylates/butylaminoethyl methacrylate copolymer,octylacrylamide/acrylates/butylaminoethyl methacrylate copolymer,17
palmitamidopropyltrimonium chloride,palmitamidopropyltrimonium chloride,17
hydroxypinacolone retinoate,hydroxypinacolone retinoate,17
helianthus annuus (sunflower) sprout extract,helianthus annuus seed oil,17
chamomilla recutita (matricaria) extract,chamomilla recutita (matricaria) extract,17
sodium ascorbate,sodium ascorbate,17
rosmarinus officinalis leaf extract,rosmarinus officinalis extract,17
hesperidin methyl chalcone,hesperidin methyl chalcone,17
dipeptide-2,dipeptide-2,17
ethyl linalool,linalool,17
hydrolyzed wheat protein pg-propyl silanetriol,hydrolyzed wheat protein pg-propyl silanetriol,17
ci 77492/iron oxides,iron oxides (ci 77492),17
silybum marianum fruit extract,silybum marianum fruit extract,17
punica granatum seed oil,punica granatum seed oil,17
polyglyceryl-10 decaisostearate,polyglyceryl-10 decaisostearate,17
quercetin,quercetin,17
dehydroxanthan gum,dehydroxanthan gum,17
citrus limon (lemon) peel oil*,citrus limon (lemon) peel oil,17
butyrospermum parkii (shea) oil,shea butter,17
tyrosine,tyrosine,17
hippophae rhamnoides extract,hippophae rhamnoides extract,17
hydrogenated olive oil,hydrogenated olive oil,17
spirulina maxima extract,spirulina maxima extract,17
lanolin alcohol,lanolin alcohol,17
dihydro pentamethylindanone,dihydro pentamethylindanone,17
octadecene,octadecene,17
tridecyl stearate,tridecyl stearate,17
prunus amygdalus dulcis (sweet almond) seed extract,prunus amygdalus dulcis (sweet almond) seed extract,17
pelargonium graveolens (geranium) flower oil,pelargonium graveolens (geranium) flower oil,17
dimethicone/phenyl vinyl dimethicone crosspolymer,dimethicone,17
malva sylvestris (mallow) flower extract,malva sylvestris (mallow) flower extract,16
calophyllum inophyllum seed oil,calophyllum inophyllum seed oil,16
glycogen,glycogen,16
fumaric acid,fumaric acid,16
lysine hcl,lysine hcl,16
panax (ginseng) root extract,panax (ginseng) root extract,16
cetyl ricinoleate,cetyl ricinoleate,16
fructooligosaccharides,fructooligosaccharides,16
silicone quaternium-18,silicone quaternium-18,16
carthamus tinctorius (safflower) seed extract,carthamus tinctorius (safflower) seed extract,16
euterpe oleracea (acaì) fruit oil,euterpe oleracea (acaì) fruit oil,16
lauryl/myristyl polyricinoleate,lauryl/myristyl polyricinoleate,16
diatomaceous earth,diatomaceous earth,16
potassium sulfate,potassium sulfate,16
yogurt powder,yogurt powder,16
sapindus mukorossi peel extract,sapindus mukorossi peel extract,16
madecassic acid,madecassic acid,16
hydrogenated farnesene*,hydrogenated farnesene,16
mentha viridis (spearmint) leaf oil*,mentha viridis (spearmint) leaf oil,16
theobroma grandiflorum (cupuaçu) seed butter,theobroma grandiflorum (cupuaçu) seed butter,16
nymphaea odorata root extract,nymphaea odorata root extract,16
silicone quaternium-22,silicone quaternium-22,16
c12-13 pareth-9,c12-13 pareth-9,16
avobenzone/butyl methoxydibenzoylmethane,butyl methoxydibenzoylmethane,16
hydroxypropyl tetrahydropyrantriol,hydroxypropyl tetrahydropyrantriol,16
ceramide eos,ceramide eos,16
parfum* (fragrance),parfum (fragrance),16
aspalathus linearis leaf extract,aspalathus linearis leaf extract,16
ci 16035 (red 40),ci 16035 (red 40),16
propolis extract,propolis extract,16
phytosteryl canola glycerides,phytosteryl canola glycerides,16
caprooyl sphingosine,caprooyl sphingosine,16
simmondsia chinensis seed oil,jojoba oil,16
bha,bha,16
ferula galbaniflua (galbanum) resin oil*,ferula galbaniflua (galbanum) resin oil,16
cocamidopropylamine oxide,cocamidopropylamine oxide,16
hydrogenated cottonseed oil,hydrogenated cottonseed oil,16
hydrolyzed jojoba protein,jojoba oil,16
polyquaternium-73,polyquaternium-73,16
butyrospermum parkii butter,shea butter,16
polyquaternium-70,polyquaternium-70,16
soy amino acids,soy amino acids,16
ascorbic acid (vitamin c),ascorbic acid,16
tocotrienols,tocotrienols,16
tetradecyl aminobutyroylvalylaminobutyric urea trifluoroacetate,tetradecyl aminobutyroylvalylaminobutyric urea trifluoroacetate,16
spirulina platensis extract,spirulina platensis extract,16
darutoside,darutoside,16
gossypium herbaceum (cotton) seed oil,gossypium herbaceum (cotton) seed oil,16
sucrose laurate,sucrose laurate,16
leucine,leucine,16
synthetic japan wax,synthetic japan wax,16
lactobacillus/pumpkin ferment extract,lactobacillus/pumpkin ferment extract,16
carmine,carmine (ci 75470),16
symphytum officinale leaf extract,symphytum officinale leaf extract,16
cyanocobalamin,cyanocobalamin,16
nasturtium officinale extract,nasturtium officinale extract,16
brassica oleracea italica (broccoli) extract,brassica oleracea italica (broccoli) extract,16
euterpe oleracea fruit oil,euterpe oleracea fruit oil,16
polyquaternium-22,polyquaternium-22,16
mentha arvensis leaf oil,mentha arvensis leaf oil,16
+/- iron oxides (ci 77491,iron oxides (ci 77491),16
peg-150,peg-150,16
sodium palmate,sodium palmate,16
ppg-12/smdi copolymer,ppg-12/smdi copolymer,16
mentha piperita (peppermint) leaf extract,mentha piperita (peppermint) leaf extract,16
triisostearyl citrate,triisostearyl citrate,16
hippophae rhamnoides fruit extract,hippophae rhamnoides fruit extract,16
biosaccharide gum-2,biosaccharide gum-2,15
dipotassium phosphate,dipotassium phosphate,15
c10-30 cholesterol/lanosterol esters,c10-30 cholesterol/lanosterol esters,15
propanol,propanol,15
peg-120 methyl glucose trioleate,peg-120 methyl glucose trioleate,15
quaternium-33,quaternium-33,15
poria cocos sclerotium extract,poria cocos sclerotium extract,15
ethylbisiminomethylguaiacol manganese chloride,ethylbisiminomethylguaiacol manganese chloride,15
gentiana lutea (gentian) root extract,gentiana lutea (gentian) root extract,15
olus oil/vegetable oil/huile végétale,olus oil/vegetable oil/huile végétale,15
betula alba (birch) bark extract,betula alba (birch) bark extract,15
laureth-2,laureth-2,15
glycyrrhetinic acid,glycyrrhetinic acid,15
maris sal/sea salt/sel marin,maris sal/sea salt/sel marin,15
salicyloyl phytosphingosine,salicyloyl phytosphingosine,15
glyceryl dioleate,glyceryl dioleate,15
lactobacillus/papaya fruit ferment extract,lactobacillus/papaya fruit ferment extract,15
cassia angustifolia seed polysaccharide,cassia angustifolia seed polysaccharide,15
rhus verniciflua peel wax,rhus verniciflua peel wax,15
pinus pentaphylla seed oil,pinus pentaphylla seed oil,15
ci 60730 (violet 2),ci 60730 (ext violet 2),15
disteareth-75 ipdi,disteareth-75 ipdi,15
cetyl stearate,cetyl stearate,15
vegetable soy wax,vegetable soy wax,15
renewable plant oils,renewable plant oils,15
bis-aminopropyl diglycol dimaleate,bis-aminopropyl diglycol dimaleate,15
laureth-5 carboxylic acid,laureth-5 carboxylic acid,15
caprylic/capric triglyceride**,caprylic/capric triglyceride,15
pelargonium graveolens flower oil*,pelargonium graveolens flower oil,15
hydrogenated soy polyglycerides,hydrogenated soy polyglycerides,15
benzyl,benzyl,15
methoxydibenzoylmethane,methoxydibenzoylmethane,15
gentiana lutea root extract,gentiana lutea root extract,15
ci 26100 (red 17),ci 26100 (red 17),15
ci 47000 (yellow 11),ci 47000 (yellow 11),15
prunus armeniaca (apricot) fruit extract,prunus armeniaca (apricot) fruit extract,15
ethyl hexanediol,ethyl hexanediol,15
crosspolymer,crosspolymer,15
linoleamidopropyl pg-dimonium chloride phosphate,linoleamidopropyl pg-dimonium chloride phosphate,15
triticum vulgare (wheat) starch,triticum vulgare (wheat) starch,15
caprooyl phytosphingosine,caprooyl phytosphingosine,15
palmitoyl grape seed extract,palmitoyl grape seed extract,15
2- hexanediol,2- hexanediol,15
butyl,butyl,15
polybutylene terephthalate,polybutylene terephthalate,15
citrus junos fruit extract,citrus junos fruit extract,15
baptisia tinctoria root extract,baptisia tinctoria root extract,15
nepeta cataria extract,nepeta cataria extract,15
chondrus crispus powder,chondrus crispus powder,15
corn starch modified,corn starch modified,15
lepidium meyenii root extract,lepidium meyenii root extract,15
maltitol,maltitol,15
ethylenediamine/stearyl dimer dilinoleate copolymer,ethylenediamine/stearyl dimer dilinoleate copolymer,15
opuntia ficus-indica seed oil,opuntia ficus-indica seed oil,15
ethyl lauroyl arginate hcl,ethyl lauroyl arginate hcl,15
silanetriol,silanetriol,15
benzalkonium chloride,benzalkonium chloride,15
apigenin,apigenin,15
peg-4 dilaurate,peg-4 dilaurate,15
jasminum officinale (jasmine) oil,jasminum officinale (jasmine) oil,15
enantia chlorantha bark extract,enantia chlorantha bark extract,15
lavandula (lavender) spica oil,lavandula (lavender) spica oil,15
cedrol methyl ether,cedrol methyl ether,15
lepidium sativum sprout extract,lepidium sativum sprout extract,15
copper tripeptide-1,copper tripeptide-1,15
c12-15 alkyl ethylhexanoate,c12-15 alkyl ethylhexanoate,15
volcanic ash,volcanic ash,15
ambroxan,ambroxan,15
propylene glycol stearate,propylene glycol,15
ambrettolide,ambrettolide,15
benzyl nicotinate,benzyl nicotinate,15
sodium laurate,sodium laurate,15
acetyl triethyl citrate,acetyl triethyl citrate,15
lactamide mea,lactamide mea,15
gellidiela acerosa (algae) extract,gellidiela acerosa (algae) extract,15
citrus paradisi (grapefruit) oil,citrus paradisi (grapefruit) oil,15
keratin amino acids,keratin amino acids,15
chamomilla recutita (matricaria) flower extract*,chamomilla recutita (matricaria) flower extract,15
amyris balsamifera bark oil*,amyris balsamifera bark oil,15
tocopherol acetate,tocopherol,15
equisetum arvense (horsetail) leaf extract,equisetum arvense (horsetail) leaf extract,15
panthenol (pro vitamin b5),panthenol,15
gardenia tahitensis (tiare) flower extract,gardenia tahitensis (tiare) flower extract,15
elettaria cardamomum seed oil,elettaria cardamomum seed oil,15
litchi chinensis seed extract,litchi chinensis seed extract,15
cyamopsis tetragonoloba (guar) gum,cyamopsis tetragonoloba (guar) gum,14
vanillyl butyl ether,vanillyl butyl ether,14
capsicum frutescens fruit extract,capsicum frutescens fruit extract,14
eugenia caryophyllus (clove) leaf oil,eugenia caryophyllus (clove) leaf oil,14
citrus aurantium bergamia (bergamot) fruit extract,citrus aurantium bergamia (bergamot) fruit extract,14
caprylic/capric triglycerides,caprylic/capric triglycerides,14
cereus grandiflorus (cactus) extract,cereus grandiflorus (cactus) extract,14
triacetin,triacetin,14
citrus aurantium bergamia (bergamot) fruit oil*,citrus aurantium bergamia (bergamot) fruit oil,14
dmdm hydantoin,dmdm hydantoin,14
castanea sativa (chestnut) seed extract,castanea sativa (chestnut) seed extract,14
nordihydroguaiaretic acid,nordihydroguaiaretic acid,14
hamamelis virginiana (witch hazel),hamamelis virginiana (witch hazel),14
marrubium vulgare extract,marrubium vulgare extract,14
sarcosine,sarcosine,14
polyquaternium-47,polyquaternium-47,14
santalum album (sandalwood) wood extract,santalum album (sandalwood) wood extract,14
eucalyptus globulus leaf oil*,eucalyptus globulus leaf oil,14
brassica oleracea capitata (cabbage) leaf extract,brassica oleracea capitata (cabbage) leaf extract,14
glycoproteins,glycoproteins,14
hydrogenated didecene,hydrogenated didecene,14
cocos nucifera (coconut) oil/cocos nucifera oil,cocos nucifera oil,14
acetyl hexapeptide-1,acetyl hexapeptide-1,14
peg-12 allyl ether,peg-12 allyl ether,14
oenothera biennis (evening primrose) oil*,oenothera biennis (evening primrose) oil,14
poly(linseed oil),poly(linseed oil),14
tetrapeptide-14,tetrapeptide-14,14
aspalathus linearis extract,aspalathus linearis extract,14
ci 77007 / ultramarines,ultramarines (ci 77007),14
tocopheryl acetate (vitamin e acetate),tocopherol,14
zinc,zinc,14
royal jelly,royal jelly,14
hydrogenated poly (c6-14 olefin),hydrogenated poly (c6-14 olefin),14
whey protein\\lactis protein\\proteine du petit-lait,whey protein/lactis protein/proteine du petit-lait,14
galactomyces ferment filtrate,galactomyces ferment filtrate,14
polyester-7,polyester-7,14
capryloyl/caproyl methyl glucamide,capryloyl/caproyl methyl glucamide,14
denatonium benzoate,denatonium benzoate,14
agar,agar,14
hydrogenated phosphatidylcholine,hydrogenated phosphatidylcholine,14
atelocollagen,atelocollagen,14
iron oxide (ci 77492),iron oxides (ci 77492),14
lauryl betaine,lauryl betaine,14
cetrimonium chloride*,cetrimonium chloride,14
passiflora incarnata seed oil,passiflora incarnata seed oil,14
amp-acrylates copolymer,amp-acrylates copolymer,14
tremella fuciformis polysaccharide,tremella fuciformis polysaccharide,14
nannochloropsis oculata extract,nannochloropsis oculata extract,14
copper palmitoyl heptapeptide-14,copper palmitoyl heptapeptide-14,14
cocos nucifera (coconut) water,water,14
dimethicone peg-8 meadowfoamate,dimethicone,14
6-dimethoxy-2,6-dimethoxy-2,14
honey,honey,14
paullinia cupana seed extract,paullinia cupana seed extract,14
batyl alcohol,batyl alcohol,14
dicetyldimonium chloride,dicetyldimonium chloride,14
rosa moschata seed oil,rosa moschata seed oil,14
argania spinosa kernel oil*,argania spinosa kernel oil,14
psidium guajava fruit extract,psidium guajava fruit extract,14
hippophae rhamnoides fruit oil,hippophae rhamnoides fruit oil,14
stearyl caprylate,stearyl caprylate,14
glyceryl caprylate/caprate,glyceryl caprylate/caprate,14
camphor,camphor,14
sea salt/maris sal/sel marin,sea salt/maris sal/sel marin,14
brassica oleracea acephala leaf extract,brassica oleracea acephala leaf extract,14
glyceryl dibehenate,glyceryl dibehenate,14
brassica alcohol*,brassica alcohol,14
myristyl laurate,myristyl laurate,14
cymbopogon schoenanthus oil,cymbopogon schoenanthus oil,14
astaxanthin,astaxanthin,14
daucus carota sativa (carrot) seed oil,daucus carota sativa (carrot) seed oil,14
stellaria media (chickweed) extract,stellaria media (chickweed) extract,14
sodium palm kernelate,sodium palm kernelate,14
violet 2 (ci 60725),violet 2 (ci 60725),13
cetyl triethylmonium dimethicone peg-8 succinate,dimethicone,13
gluconic acid,gluconic acid,13
hylocereus undatus fruit extract,hylocereus undatus fruit extract,13
bismuth oxychloride,bismuth oxychloride (ci 77163),13
hydrolyzed verbascum thapsus flower,hydrolyzed verbascum thapsus flower,13
potato starch modified,potato starch modified,13
octisalate 5.0%,octisalate,13
polyglyceryl-10 pentaisostearate,polyglyceryl-10 pentaisostearate,13
vitis vinifera (grape) fruit water,vitis vinifera (grape) fruit water,13
acetyl tetrapeptide-2,acetyl tetrapeptide-2,13
rosa centifolia flower water,rosa centifolia flower water,13
hydrolyzed viola tricolor extract,hydrolyzed viola tricolor extract,13
acetyl tetrapeptide-9,acetyl tetrapeptide-9,13
phenylisopropyl dimethicone,dimethicone,13
salvia hispanica (chia) seed extract,salvia hispanica (chia) seed extract,13
polylactic acid,polylactic acid,13
methyl hydrogenated rosinate,methyl hydrogenated rosinate,13
juniperus virginiana oil,juniperus virginiana oil,13
populus tremuloides bark extract,populus tremuloides bark extract,13
phosphatidylglycerol,phosphatidylglycerol,13
jojoba wax peg-120 esters,jojoba oil,13
tamarindus indica seed gum,tamarindus indica seed gum,13
helianthus annuus seed extract/sunflower seed extract,helianthus annuus seed oil,13
amylcinnamyl alcohol,amylcinnamyl alcohol,13
jojoba oil/macadamia seed oil esters,jojoba oil,13
sea salt,sea salt,13
rhodiola rosea extract,rhodiola rosea extract,13
persea gratissima (avocado) butter,persea gratissima oil,13
oryza sativa (rice) germ oil,oryza sativa (rice) germ oil,13
lauroyl/myristoyl methyl glucamide,lauroyl/myristoyl methyl glucamide,13
passiflora incarnata fruit extract,passiflora incarnata fruit extract,13
sodium starch octenylsuccinate,sodium starch octenylsuccinate,13
peg-240/hdi copolymer bis-decyltetradeceth-20 ether,peg-240/hdi copolymer bis-decyltetradeceth-20 ether,13
cinnamomum cassia bark extract,cinnamomum cassia bark extract,13
potassium azeloyl diglycinate,potassium azeloyl diglycinate,13
lactobacillus/pumpkin fruit ferment filtrate,lactobacillus/pumpkin fruit ferment filtrate,13
ci 47005 (yellow 10),ci 47005 (yellow 10),13
aframomum angustifolium seed extract,aframomum angustifolium seed extract,13
polyurethane-35,polyurethane-35,13
hydrogenated castor oil dimer dilinoleate,hydrogenated castor oil dimer dilinoleate,13
citrus aurantium dulcis (orange) flower oil,citrus aurantium dulcis (orange) flower oil,13
fd&c blue no. 1 (ci 42090),ci 42090 (blue 1),13
apium graveolens (celery) seed extract,apium graveolens (celery) seed extract,13
potassium stearate,potassium stearate,13
heptapeptide-15 palmitate,heptapeptide-15 palmitate,13
zea mays (corn) starch zea mays starch,zea mays (corn) starch zea mays starch,13
butylparaben,butylparaben,13
mineral oil,mineral oil,13
dibutyl ethylhexanoyl glutamide,dibutyl ethylhexanoyl glutamide,13
polyacrylate-21,polyacrylate-21,13
hydroxystearic/linolenic/oleic polyglycerides,hydroxystearic/linolenic/oleic polyglycerides,13
centella asiatica meristem cell culture,centella asiatica meristem cell culture,13
solanum lycopersicum (tomato) fruit extract,solanum lycopersicum (tomato) fruit extract,13
bidens pilosa extract,bidens pilosa extract,13
sodium carbomer,carbomer,13
silybum marianum seed oil,silybum marianum seed oil,13
jojoba alcohol,jojoba oil,13
sodium lauroyl oat amino acids,sodium lauroyl oat amino acids,13
bupleurum falcatum root extract,bupleurum falcatum root extract,13
glycol,glycol,13
chlorella protothecoides oil,chlorella protothecoides oil,13
methyl benzoate,methyl benzoate,13
denatured ethyl alcohol,alcohol denat,13
polyisoprene,polyisoprene,13
leontopodium alpinum callus culture extract,leontopodium alpinum callus culture extract,13
ppg-2 hydroxyethyl cocamide,ppg-2 hydroxyethyl cocamide,13
propanediol*,propanediol,13
distarch phosphate,distarch phosphate,13
rice amino acids,rice amino acids,13
citrus paradisi (grapefruit) peel oil*,citrus paradisi (grapefruit) peel oil,13
glyceryl stearate*,glyceryl stearate,13
elettaria cardamomum seed oil*,elettaria cardamomum seed oil,13
pogostemon cablin oil*,pogostemon cablin oil,13
prunus amygdalus dulcis (sweet almond) oil*,prunus amygdalus dulcis (sweet almond) oil,13
cetearyl alcohol*,cetearyl alcohol,13
cetyl alcohol*,cetyl alcohol,13
sodium acrylates crosspolymer-2,sodium acrylates crosspolymer-2,13
aloe barbadensis (aloe vera) leaf juice*,aloe barbadensis,13
anthemis nobilis (chamomile) flower extract,anthemis nobilis (chamomile) flower extract,13
hydrolyzed hibiscus esculentus extract,hydrolyzed hibiscus esculentus extract,13
microcitrus australasica fruit extract,microcitrus australasica fruit extract,13
ammonium hydroxide,ammonium hydroxide,13
paraffinum liquidum (mineral oil),paraffinum liquidum (mineral oil),13
morinda citrifolia fruit extract,morinda citrifolia fruit extract,13
hamamelis virginiana (witch hazel) extract,hamamelis virginiana (witch hazel) extract,13
rosa damascena flower oil*,rosa damascena flower oil,13
