rank,canonical_name,total_mentions,variant_count,example_variants,risk_level,sub_weight,source,health_concern
1,water,6805,25,aqua | aqua (water | aqua (water) ... (+22 more),,,,
2,dimethicone,4444,31,acrylates/dimethicone copolymer | bis-stearyl dimethicone | c30-45 alkyl dimethicone ... (+28 more),,,,
3,glycerin,4393,5,glycerin | glycerin* | glycerin** ... (+2 more),,,,
4,phenoxyethanol,4266,1,phenoxyethanol,,,,
5,parfum (fragrance),4168,11,fragrance | fragrance (parfum) | fragrance / parfum ... (+8 more),,,,
6,tocopherol,3053,4,tocopherol | tocopherol acetate | tocopheryl acetate (vitamin e acetate) ... (+1 more),,,,
7,titanium dioxide (ci 77891),2925,11,+/- ci 77891 (titanium dioxide) | +/- titanium dioxide (ci 77891) | ci 77891 ... (+8 more),,,,
8,linalool,2902,2,ethyl linalool | linalool,,,,
9,limonene,2860,2,d-limonene | limonene,,,,
10,silica,2850,4,hydrated silica | silica | silica dimethyl silylate ... (+1 more),,,,
11,caprylyl glycol,2835,1,caprylyl glycol,,,,
12,ethylhexylglycerin,2513,1,ethylhexylglycerin,,,,
13,iron oxides (ci 77491),2486,13,+/- iron oxides (ci 77491 | ci 77491 | ci 77491 (iron oxides) ... (+10 more),,,,
14,citric acid,2437,2,citric acid | citric acid*,,,,
15,butylene glycol,2372,2,butylene glycol | butylene glycol dicaprylate/dicaprate,,,,
16,mica (ci 77019),2357,3,+/- mica | mica | mica (ci 77019),,,,
17,sodium hyaluronate,2215,6,hyaluronic acid | hydrolyzed hyaluronic acid | hydrolyzed sodium hyaluronate ... (+3 more),,,,
18,iron oxides (ci 77499),2133,10,ci 77499 | ci 77499 (iron oxides) | ci 77499 / iron oxides ... (+7 more),,,,
19,potassium sorbate,1966,1,potassium sorbate,,,,
20,iron oxides (ci 77492),1956,10,ci 77492 | ci 77492 (iron oxides) | ci 77492 / iron oxides ... (+7 more),,,,
21,caprylic/capric triglyceride,1863,2,caprylic/capric triglyceride | caprylic/capric triglyceride**,,,,
22,disodium edta,1826,4,disodium edta | edta | tetrasodium edta ... (+1 more),,,,
23,sodium benzoate,1814,1,sodium benzoate,,,,
24,citronellol,1812,1,citronellol,,,,
25,propanediol,1743,5,aminomethyl propanediol | dilinoleic acid/propanediol copolymer | methoxyphenyl t-butylphenyl propanediol ... (+2 more),,,,
26,geraniol,1739,1,geraniol,,,,
27,tocopheryl acetate,1708,1,tocopheryl acetate,,,,
28,citral,1530,1,citral,,,,
29,helianthus annuus seed oil,1461,13,helianthus annuus (sunflower) extract | helianthus annuus (sunflower) seed extract | helianthus annuus (sunflower) seed oil ... (+10 more),,,,
30,benzyl alcohol,1438,1,benzyl alcohol,,,,
31,alcohol denat,1412,12,alcohol denat | alcohol denat. (sd alcohol 39-c) | alcohol denat. (sd alcohol 39c) ... (+9 more),,,,
32,xanthan gum,1373,1,xanthan gum,,,,
33,ci 19140 (yellow 5),1366,11,ci 19140 (yellow 5 | ci 19140 (yellow 5 lake) | ci 19140 (yellow 5) ... (+8 more),,,,
34,sodium hydroxide,1345,1,sodium hydroxide,,,,
35,cetearyl alcohol,1189,2,cetearyl alcohol | cetearyl alcohol*,,,,
36,jojoba oil,1163,10,hydrogenated jojoba oil | hydrolyzed jojoba esters | hydrolyzed jojoba protein ... (+7 more),,,,
37,panthenol,1150,3,panthenol | panthenol (pro vitamin b5) | panthenol (vitamin b5),,,,
38,benzyl salicylate,1112,1,benzyl salicylate,,,,
39,bht,1107,1,bht,,,,
40,ascorbic acid,1106,11,2-o-ethyl ascorbic acid | 3-o-ethyl ascorbic acid | aminopropyl ascorbyl phosphate ... (+8 more),,,,
41,tin oxide (ci 77861),1072,2,tin oxide | tin oxide (ci 77861),,,,
42,shea butter,1072,12,butyrospermum parkii (shea butter) | butyrospermum parkii (shea) butter | butyrospermum parkii (shea) butter extract ... (+9 more),,,,
43,squalane,1059,1,squalane,,,,
44,pentylene glycol,1037,1,pentylene glycol,,,,
45,talc,1035,1,talc,,,,
46,aloe barbadensis,1031,10,aloe barbadensis (aloe vera) leaf extract | aloe barbadensis (aloe vera) leaf juice | aloe barbadensis (aloe vera) leaf juice* ... (+7 more),,,,
47,synthetic fluorphlogopite,976,1,synthetic fluorphlogopite,,,,
48,benzyl benzoate,972,1,benzyl benzoate,,,,
49,coumarin,946,1,coumarin,,,,
50,hexyl cinnamal,931,1,hexyl cinnamal,,,,
51,alcohol,921,1,alcohol,,,,
52,2-hexanediol,919,1,2-hexanediol,,,,
53,ci 15850 (red 7),919,11,ci 15850 (red 6 | ci 15850 (red 6 lake) | ci 15850 (red 6) ... (+8 more),,,,
54,hydroxycitronellal,918,1,hydroxycitronellal,,,,
55,zinc stearate,909,1,zinc stearate,,,,
56,sodium chloride,891,1,sodium chloride,,,,
57,glyceryl stearate,880,2,glyceryl stearate | glyceryl stearate*,,,,
58,ci 42090 (blue 1),863,9,blue 1 (ci 42090) | blue 1 lake (ci 42090) | blue 1 lake) ... (+6 more),,,,
59,propylene glycol,854,6,peg-55 propylene glycol oleate | propylene glycol | propylene glycol dibenzoate ... (+3 more),,,,
60,alpha-isomethyl ionone,814,1,alpha-isomethyl ionone,,,,
61,pentaerythrityl tetra-di-t-butyl hydroxyhydrocinnamate,804,1,pentaerythrityl tetra-di-t-butyl hydroxyhydrocinnamate,,,,
62,carbomer,763,2,carbomer | sodium carbomer,,,,
63,cetyl alcohol,733,2,cetyl alcohol | cetyl alcohol*,,,,
64,camellia sinensis leaf extract,725,6,camellia sinensis (green tea) leaf extract | camellia sinensis (white tea) extract | camellia sinensis (white tea) leaf extract ... (+3 more),,,,
65,butyl methoxydibenzoylmethane,716,3,avobenzone 3% | avobenzone/butyl methoxydibenzoylmethane | butyl methoxydibenzoylmethane,,,,
66,chlorphenesin,697,1,chlorphenesin,,,,
67,triethoxycaprylylsilane,686,1,triethoxycaprylylsilane,,,,
68,stearic acid,685,1,stearic acid,,,,
69,ethylhexyl palmitate,676,1,ethylhexyl palmitate,,,,
70,sodium dehydroacetate,674,1,sodium dehydroacetate,,,,
71,cocos nucifera oil,673,9,coconut oil | cocos nucifera (coconut) fruit extract | cocos nucifera (coconut) fruit juice ... (+6 more),,,,
72,octyldodecanol,647,1,octyldodecanol,,,,
73,hexylene glycol,633,1,hexylene glycol,,,,
74,lecithin,619,1,lecithin,,,,
75,isododecane,607,1,isododecane,,,,
76,eugenol,605,1,eugenol,,,,
77,sodium citrate,599,1,sodium citrate,,,,
78,ultramarines (ci 77007),595,4,ci 77007 (ultramarines) | ci 77007 / ultramarines | ultramarines (ci 77007) ... (+1 more),,,,
79,polysorbate 20,594,1,polysorbate 20,,,,
80,polyethylene,590,1,polyethylene,,,,
81,boron nitride,578,1,boron nitride,,,,
82,octinoxate,563,1,ethylhexyl methoxycinnamate,,,,
83,rosmarinus officinalis extract,562,3,rosmarinus officinalis (rosemary) leaf extract | rosmarinus officinalis (rosemary) leaf oil | rosmarinus officinalis leaf extract,,,,
84,lactic acid,551,1,lactic acid,,,,
85,carmine (ci 75470),548,3,carmine | carmine (ci 75470) | ci 75470 (carmine),,,,
86,octyldodecyl stearoyl stearate,539,1,octyldodecyl stearoyl stearate,,,,
87,niacinamide,529,1,niacinamide,,,,
88,cyclopentasiloxane,515,1,cyclopentasiloxane,,,,
89,disteardimonium hectorite,505,1,disteardimonium hectorite,,,,
90,sorbic acid,502,1,sorbic acid,,,,
91,kaolin,500,1,kaolin,,,,
92,hydrogenated polyisobutene,499,1,hydrogenated polyisobutene,,,,
93,lauroyl lysine,490,1,lauroyl lysine,,,,
94,manganese violet (ci 77742),487,3,ci 77742 (manganese violet) | manganese violet (ci 77742) | manganese violet ci 77742,,,,
95,diisostearyl malate,486,1,diisostearyl malate,,,,
96,farnesol,482,1,farnesol,,,,
97,ethylhexyl salicylate,480,1,ethylhexyl salicylate,,,,
98,caffeine,475,1,caffeine,,,,
99,maltodextrin,467,1,maltodextrin,,,,
100,hydroxyethylcellulose,460,1,hydroxyethylcellulose,,,,
101,trimethylsiloxysilicate,458,1,trimethylsiloxysilicate,,,,
102,glyceryl caprylate,446,1,glyceryl caprylate,,,,
103,synthetic wax,440,1,synthetic wax,,,,
104,sodium pca,437,1,sodium pca,,,,
105,dipropylene glycol,433,1,dipropylene glycol,,,,
106,polybutene,428,1,polybutene,,,,
107,polysorbate 60,426,1,polysorbate 60,,,,
108,acrylates/c10-30 alkyl acrylate crosspolymer,420,1,acrylates/c10-30 alkyl acrylate crosspolymer,,,,
109,sorbitan isostearate,420,1,sorbitan isostearate,,,,
110,polymethylsilsesquioxane,418,1,polymethylsilsesquioxane,,,,
111,nylon-12,416,1,nylon-12,,,,
112,butylphenyl methylpropional,408,1,butylphenyl methylpropional,,,,
113,hydroxyacetophenone,405,1,hydroxyacetophenone,,,,
114,persea gratissima oil,403,4,persea gratissima (avocado) butter | persea gratissima (avocado) fruit extract | persea gratissima (avocado) oil ... (+1 more),,,,
115,leuconostoc/radish root ferment filtrate,400,1,leuconostoc/radish root ferment filtrate,,,,
116,bismuth oxychloride (ci 77163),399,3,bismuth oxychloride | bismuth oxychloride (ci 77163) | ci 77163 (bismuth oxychloride),,,,
117,sodium phytate,393,1,sodium phytate,,,,
118,propylene carbonate,393,1,propylene carbonate,,,,
119,hydrogenated lecithin,388,1,hydrogenated lecithin,,,,
120,salicylic acid,383,3,capryloyl salicylic acid | salicylic acid | salicylic acid 2%,,,,
121,aluminum hydroxide,379,1,aluminum hydroxide,,,,
122,isoeugenol,378,1,isoeugenol,,,,
123,calcium sodium borosilicate,377,1,calcium sodium borosilicate,,,,
124,cetrimonium chloride,377,2,cetrimonium chloride | cetrimonium chloride*,,,,
125,isopropyl alcohol,374,1,isopropyl alcohol,,,,
126,ci 45410 (red 28),372,8,ci 45410 (red 27 | ci 45410 (red 28 lake) | red 27 (ci 45410) ... (+5 more),,,,
127,phenyl trimethicone,371,1,phenyl trimethicone,,,,
128,argania spinosa kernel oil,366,4,argania spinosa (argan) kernel oil | argania spinosa (argan) kernel oil* | argania spinosa kernel oil ... (+1 more),,,,
129,benzoic acid,358,1,benzoic acid,,,,
130,ci 15985 (yellow 6),353,7,ci 15985 (yellow 6 | ci 15985 (yellow 6 lake) | ci 15985 (yellow 6) ... (+4 more),,,,
131,ci 14700 (red 4),352,5,ci 14700 (red 4) | ci 14700 / red 4 | ci 14700/red 4 ... (+2 more),,,,
132,behentrimonium chloride,343,1,behentrimonium chloride,,,,
133,bis-diglyceryl polyacyladipate-2,343,1,bis-diglyceryl polyacyladipate-2,,,,
134,arginine,340,1,arginine,,,,
135,trehalose,340,1,trehalose,,,,
136,acrylates copolymer,339,1,acrylates copolymer,,,,
137,ci 60730 (ext violet 2),339,6,ci 60730 (ext. violet 2) | ci 60730 (violet 2) | ci 60730 / ext. violet 2 ... (+3 more),,,,
138,calcium aluminum borosilicate,333,1,calcium aluminum borosilicate,,,,
139,allantoin,329,1,allantoin,,,,
140,coco-caprylate/caprate,328,1,coco-caprylate/caprate,,,,
141,alumina,328,1,alumina,,,,
142,palmitic acid,327,1,palmitic acid,,,,
143,peg-40 hydrogenated castor oil,325,1,peg-40 hydrogenated castor oil,,,,
144,betaine,318,1,betaine,,,,
145,ferric ferrocyanide (ci 77510),317,6,ci 77510 (ferric ammonium ferrocyanide) | ci 77510 (ferric ferrocyanide | ci 77510 (ferric ferrocyanide) ... (+3 more),,,,
146,peg-100 stearate,311,1,peg-100 stearate,,,,
147,dimethiconol,309,1,dimethiconol,,,,
148,trisodium ethylenediamine disuccinate,309,1,trisodium ethylenediamine disuccinate,,,,
149,cocamidopropyl betaine,306,1,cocamidopropyl betaine,,,,
150,ricinus communis (castor) seed oil,293,1,ricinus communis (castor) seed oil,,,,
151,hydroxyethyl acrylate/sodium acryloyldimethyl taurate copolymer,289,1,hydroxyethyl acrylate/sodium acryloyldimethyl taurate copolymer,,,,
152,polysilicone-11,288,1,polysilicone-11,,,,
153,dehydroacetic acid,283,1,dehydroacetic acid,,,,
154,ci 17200 (red 33),282,5,ci 17200 (red 33) | ci 17200 / red 33 | ci 17200/red 33 ... (+2 more),,,,
155,isononyl isononanoate,281,1,isononyl isononanoate,,,,
156,guar hydroxypropyltrimonium chloride,280,1,guar hydroxypropyltrimonium chloride,,,,
157,stearyl alcohol,276,1,stearyl alcohol,,,,
158,prunus amygdalus dulcis (sweet almond) oil,272,2,prunus amygdalus dulcis (sweet almond) oil | prunus amygdalus dulcis (sweet almond) oil*,,,,
159,glycolic acid,270,1,glycolic acid,,,,
160,aminomethyl propanol,269,1,aminomethyl propanol,,,,
161,c12-15 alkyl benzoate,268,1,c12-15 alkyl benzoate,,,,
162,isohexadecane,266,1,isohexadecane,,,,
163,adenosine,264,1,adenosine,,,,
164,cinnamyl alcohol,258,1,cinnamyl alcohol,,,,
165,gluconolactone,258,1,gluconolactone,,,,
166,bisabolol,256,1,bisabolol,,,,
167,behenyl alcohol,252,1,behenyl alcohol,,,,
168,decyl glucoside,251,1,decyl glucoside,,,,
169,ceramide np,251,1,ceramide np,,,,
170,amodimethicone,248,1,amodimethicone,,,,
171,potassium hydroxide,246,1,potassium hydroxide,,,,
172,pentaerythrityl tetraisostearate,245,1,pentaerythrityl tetraisostearate,,,,
173,zea mays (corn) starch,243,1,zea mays (corn) starch,,,,
174,sodium lactate,241,1,sodium lactate,,,,
175,sorbitol,238,1,sorbitol,,,,
176,hdi/trimethylol hexyllactone crosspolymer,237,1,hdi/trimethylol hexyllactone crosspolymer,,,,
177,methicone,231,1,methicone,,,,
178,chamomilla recutita (matricaria) flower extract,231,2,chamomilla recutita (matricaria) flower extract | chamomilla recutita (matricaria) flower extract*,,,,
179,biotin,230,1,biotin,,,,
180,tromethamine,228,1,tromethamine,,,,
181,glycine soja (soybean) oil,226,1,glycine soja (soybean) oil,,,,
182,vitis vinifera (grape) seed oil,222,1,vitis vinifera (grape) seed oil,,,,
183,carthamus tinctorius (safflower) seed oil,222,1,carthamus tinctorius (safflower) seed oil,,,,
184,polyquaternium-7,221,1,polyquaternium-7,,,,
185,rosa canina fruit oil,221,5,rosa canina fruit (rose hip) extract | rosa canina fruit extract | rosa canina fruit oil ... (+2 more),,,,
186,sucrose,217,1,sucrose,,,,
187,polyhydroxystearic acid,217,1,polyhydroxystearic acid,,,,
188,sodium metabisulfite,217,1,sodium metabisulfite,,,,
189,cucumis sativus (cucumber) fruit extract,215,1,cucumis sativus (cucumber) fruit extract,,,,
190,tetrahexyldecyl ascorbate,214,1,tetrahexyldecyl ascorbate,,,,
191,phospholipids,213,1,phospholipids,,,,
192,polysorbate 80,213,1,polysorbate 80,,,,
193,polyquaternium-10,211,1,polyquaternium-10,,,,
194,sorbitan olivate,211,1,sorbitan olivate,,,,
195,oryza sativa (rice) bran extract,208,1,oryza sativa (rice) bran extract,,,,
196,paraffin,206,1,paraffin,,,,
197,ammonium acryloyldimethyltaurate/vp copolymer,202,1,ammonium acryloyldimethyltaurate/vp copolymer,,,,
198,disodium phosphate,202,1,disodium phosphate,,,,
199,glucose,202,1,glucose,,,,
200,pyrus malus (apple) fruit extract,200,1,pyrus malus (apple) fruit extract,,,,
201,sodium cocoyl isethionate,195,1,sodium cocoyl isethionate,,,,
202,glycyrrhiza glabra (licorice) root extract,195,1,glycyrrhiza glabra (licorice) root extract,,,,
203,cetearyl glucoside,194,1,cetearyl glucoside,,,,
204,synthetic beeswax,193,1,synthetic beeswax,,,,
205,pvp,193,1,pvp,,,,
206,hydrolyzed vegetable protein pg-propyl silanetriol,192,1,hydrolyzed vegetable protein pg-propyl silanetriol,,,,
207,tetrasodium glutamate diacetate,191,1,tetrasodium glutamate diacetate,,,,
208,magnesium myristate,190,1,magnesium myristate,,,,
209,glycine,189,1,glycine,,,,
210,olea europaea (olive) fruit oil,188,1,olea europaea (olive) fruit oil,,,,
211,linoleic acid,188,1,linoleic acid,,,,
212,sorbitan oleate,188,1,sorbitan oleate,,,,
213,cinnamal,186,1,cinnamal,,,,
214,polymethyl methacrylate,184,1,polymethyl methacrylate,,,,
215,polyglyceryl-2 triisostearate,184,1,polyglyceryl-2 triisostearate,,,,
216,palmitoyl tripeptide-1,183,1,palmitoyl tripeptide-1,,,,
217,cetearyl olivate,183,1,cetearyl olivate,,,,
218,acacia senegal gum,183,1,acacia senegal gum,,,,
219,serine,182,1,serine,,,,
220,melia azadirachta leaf extract,181,1,melia azadirachta leaf extract,,,,
221,caprylhydroxamic acid,179,1,caprylhydroxamic acid,,,,
222,phenethyl alcohol,178,1,phenethyl alcohol,,,,
223,citrus limon (lemon) fruit extract,178,1,citrus limon (lemon) fruit extract,,,,
224,cholesterol,177,1,cholesterol,,,,
225,saccharide isomerate,177,1,saccharide isomerate,,,,
226,xylitol,177,1,xylitol,,,,
227,cellulose,176,1,cellulose,,,,
228,ptfe,176,1,ptfe,,,,
229,glycol distearate,175,1,glycol distearate,,,,
230,dicaprylyl carbonate,174,1,dicaprylyl carbonate,,,,
231,curcuma longa (turmeric) root extract,172,1,curcuma longa (turmeric) root extract,,,,
232,magnesium stearate,172,1,magnesium stearate,,,,
233,triethanolamine,172,1,triethanolamine,,,,
234,calcium gluconate,171,1,calcium gluconate,,,,
235,cetyl esters,169,1,cetyl esters,,,,
236,ci 77288 (chromium oxide green),168,2,chromium oxide greens (ci 77288) | ci 77288 (chromium oxide greens),,,,
237,triethyl citrate,167,1,triethyl citrate,,,,
238,trideceth-12,167,1,trideceth-12,,,,
239,moringa oleifera seed oil,166,1,moringa oleifera seed oil,,,,
240,tribehenin,165,1,tribehenin,,,,
241,lactobacillus ferment,164,1,lactobacillus ferment,,,,
242,behentrimonium methosulfate,163,1,behentrimonium methosulfate,,,,
243,coco-glucoside,163,1,coco-glucoside,,,,
244,polyacrylate crosspolymer-6,163,1,polyacrylate crosspolymer-6,,,,
245,limnanthes alba (meadowfoam) seed oil,162,1,limnanthes alba (meadowfoam) seed oil,,,,
246,cetearyl ethylhexanoate,162,1,cetearyl ethylhexanoate,,,,
247,methylparaben,162,1,methylparaben,,,,
248,triethylhexanoin,161,1,triethylhexanoin,,,,
249,hydrogenated vegetable oil,158,1,hydrogenated vegetable oil,,,,
250,methyl methacrylate crosspolymer,157,1,methyl methacrylate crosspolymer,,,,
251,magnesium sulfate,156,1,magnesium sulfate,,,,
252,lavandula angustifolia (lavender) oil,156,1,lavandula angustifolia (lavender) oil,,,,
253,isopentyldiol,153,1,isopentyldiol,,,,
254,sodium phosphate,151,1,sodium phosphate,,,,
255,urea,151,1,urea,,,,
256,palmitoyl tetrapeptide-7,150,1,palmitoyl tetrapeptide-7,,,,
257,dicalcium phosphate,150,1,dicalcium phosphate,,,,
258,proline,149,1,proline,,,,
259,hydrogenated polydecene,149,1,hydrogenated polydecene,,,,
260,glyceryl stearate se,148,1,glyceryl stearate se,,,,
261,ci 77289 (chromium hydroxide green),147,2,chromium hydroxide green (ci 77289) | ci 77289 (chromium hydroxide green),,,,
262,algae extract,146,1,algae extract,,,,
263,potassium cetyl phosphate,145,1,potassium cetyl phosphate,,,,
264,oryza sativa (rice) extract,145,1,oryza sativa (rice) extract,,,,
265,sodium stearoyl glutamate,143,1,sodium stearoyl glutamate,,,,
266,hydrolyzed rice protein,143,1,hydrolyzed rice protein,,,,
267,mentha piperita (peppermint) oil,143,2,mentha piperita (peppermint) oil | mentha piperita (peppermint) oil*,,,,
268,amyl cinnamal,141,1,amyl cinnamal,,,,
269,polyquaternium-37,141,1,polyquaternium-37,,,,
270,isopropyl myristate,140,1,isopropyl myristate,,,,
271,vp/eicosene copolymer,140,1,vp/eicosene copolymer,,,,
272,phytic acid,139,1,phytic acid,,,,
273,caprylyl methicone,139,1,caprylyl methicone,,,,
274,sodium methyl cocoyl taurate,139,1,sodium methyl cocoyl taurate,,,,
275,sorbitan sesquioleate,139,1,sorbitan sesquioleate,,,,
276,ethylene/acrylic acid copolymer,139,1,ethylene/acrylic acid copolymer,,,,
277,vanillin,138,1,vanillin,,,,
278,citrullus lanatus (watermelon) fruit extract,138,1,citrullus lanatus (watermelon) fruit extract,,,,
279,polyisobutene,138,1,polyisobutene,,,,
280,vp/va copolymer,137,1,vp/va copolymer,,,,
281,sodium polyacrylate,137,1,sodium polyacrylate,,,,
282,benzophenone-4,136,1,benzophenone-4,,,,
283,ethylene/propylene/styrene copolymer,136,1,ethylene/propylene/styrene copolymer,,,,
284,citrus aurantium dulcis (orange) peel oil,136,2,citrus aurantium dulcis (orange) peel oil | citrus aurantium dulcis (orange) peel oil*,,,,
285,butylene/ethylene/styrene copolymer,135,1,butylene/ethylene/styrene copolymer,,,,
286,dipotassium glycyrrhizate,134,1,dipotassium glycyrrhizate,,,,
287,alanine,132,1,alanine,,,,
288,threonine,132,1,threonine,,,,
289,melia azadirachta flower extract,131,1,melia azadirachta flower extract,,,,
290,glycereth-26,131,1,glycereth-26,,,,
291,sodium gluconate,128,1,sodium gluconate,,,,
292,hydrogenated castor oil,127,1,hydrogenated castor oil,,,,
293,trideceth-6,127,1,trideceth-6,,,,
294,methyl trimethicone,126,1,methyl trimethicone,,,,
295,phenylalanine,126,1,phenylalanine,,,,
296,acetyl hexapeptide-8,126,1,acetyl hexapeptide-8,,,,
297,sclerotium gum,126,1,sclerotium gum,,,,
298,sodium lauroyl sarcosinate,126,1,sodium lauroyl sarcosinate,,,,
299,laureth-4,125,1,laureth-4,,,,
300,retinyl palmitate,124,1,retinyl palmitate,,,,
301,magnesium aluminum silicate,124,1,magnesium aluminum silicate,,,,
302,corallina officinalis extract,123,1,corallina officinalis extract,,,,
303,ceteareth-20,123,1,ceteareth-20,,,,
304,aluminum starch octenylsuccinate,123,1,aluminum starch octenylsuccinate,,,,
305,citrus aurantium dulcis (orange) fruit extract,122,1,citrus aurantium dulcis (orange) fruit extract,,,,
306,theobroma cacao (cocoa) seed butter,122,1,theobroma cacao (cocoa) seed butter,,,,
307,hydrogenated olive oil unsaponifiables,122,1,hydrogenated olive oil unsaponifiables,,,,
308,ozokerite,121,1,ozokerite,,,,
309,trihydroxystearin,120,1,trihydroxystearin,,,,
310,zingiber officinale (ginger) root extract,120,1,zingiber officinale (ginger) root extract,,,,
311,sclerocarya birrea seed oil,120,1,sclerocarya birrea seed oil,,,,
312,ci 16035 (red 40),120,3,ci 16035 (red 40) | red 40 (ci 16035) | red 40 lake (ci 16035),,,,
313,phytosphingosine,119,1,phytosphingosine,,,,
314,cellulose gum,119,1,cellulose gum,,,,
315,aspartic acid,119,1,aspartic acid,,,,
316,isostearic acid,119,1,isostearic acid,,,,
317,prunus armeniaca (apricot) kernel oil,119,1,prunus armeniaca (apricot) kernel oil,,,,
318,citrus limon (lemon) peel oil,119,2,citrus limon (lemon) peel oil | citrus limon (lemon) peel oil*,,,,
319,benzyl cinnamate,118,1,benzyl cinnamate,,,,
320,coconut alkanes,118,1,coconut alkanes,,,,
321,c11-15 pareth-7,118,1,c11-15 pareth-7,,,,
322,decylene glycol,118,1,decylene glycol,,,,
323,hydrogenated ethylhexyl olivate,116,1,hydrogenated ethylhexyl olivate,,,,
324,copernicia cerifera (carnauba) wax,116,1,copernicia cerifera (carnauba) wax,,,,
325,coconut acid,116,1,coconut acid,,,,
326,methylpropanediol,116,1,methylpropanediol,,,,
327,pelargonium graveolens flower oil,115,2,pelargonium graveolens flower oil | pelargonium graveolens flower oil*,,,,
328,sorbitan stearate,114,1,sorbitan stearate,,,,
329,hydrolyzed soy protein,114,1,hydrolyzed soy protein,,,,
330,caramel,114,1,caramel,,,,
331,algin,113,1,algin,,,,
332,valine,113,1,valine,,,,
333,cocamidopropyl hydroxysultaine,113,1,cocamidopropyl hydroxysultaine,,,,
334,cetyl ethylhexanoate,113,1,cetyl ethylhexanoate,,,,
335,dextrin,112,1,dextrin,,,,
336,pca,112,1,pca,,,,
337,pullulan,111,1,pullulan,,,,
338,isopropyl palmitate,111,1,isopropyl palmitate,,,,
339,stearamidopropyl dimethylamine,111,1,stearamidopropyl dimethylamine,,,,
340,laureth-7,111,1,laureth-7,,,,
341,hydrolyzed collagen,111,4,collagen | collagen amino acids | hydrolyzed collagen ... (+1 more),,,,
342,lauryl glucoside,110,1,lauryl glucoside,,,,
343,sodium c14-16 olefin sulfonate,110,1,sodium c14-16 olefin sulfonate,,,,
344,isoleucine,110,1,isoleucine,,,,
345,citrus aurantium bergamia (bergamot) fruit oil,110,2,citrus aurantium bergamia (bergamot) fruit oil | citrus aurantium bergamia (bergamot) fruit oil*,,,,
346,histidine,109,1,histidine,,,,
347,cyclohexasiloxane,108,1,cyclohexasiloxane,,,,
348,mangifera indica (mango) seed butter,107,1,mangifera indica (mango) seed butter,,,,
349,sodium laureth sulfate,107,1,sodium laureth sulfate,,,,
350,c10-18 triglycerides,107,1,c10-18 triglycerides,,,,
351,steareth-20,106,1,steareth-20,,,,
352,myristic acid,106,1,myristic acid,,,,
353,ppg-26-buteth-26,106,1,ppg-26-buteth-26,,,,
354,sodium lauroyl methyl isethionate,106,1,sodium lauroyl methyl isethionate,,,,
355,menthol,105,1,menthol,,,,
356,ocimum sanctum leaf extract,105,1,ocimum sanctum leaf extract,,,,
357,tridecyl trimellitate,105,1,tridecyl trimellitate,,,,
358,retinol,104,1,retinol,,,,
359,vanilla planifolia fruit extract,104,1,vanilla planifolia fruit extract,,,,
360,acetic acid,104,1,acetic acid,,,,
361,panax ginseng root extract,104,1,panax ginseng root extract,,,,
362,chondrus crispus extract,103,1,chondrus crispus extract,,,,
363,vp/hexadecene copolymer,103,1,vp/hexadecene copolymer,,,,
364,peg-8,103,1,peg-8,,,,
365,butyloctyl salicylate,103,1,butyloctyl salicylate,,,,
366,polyglycerin-3,102,1,polyglycerin-3,,,,
367,acetyl glucosamine,102,1,acetyl glucosamine,,,,
368,myristyl myristate,101,1,myristyl myristate,,,,
369,euphorbia cerifera (candelilla) wax,101,1,euphorbia cerifera (candelilla) wax,,,,
370,petrolatum,101,1,petrolatum,,,,
371,hydrolyzed quinoa,100,1,hydrolyzed quinoa,,,,
372,dimethyl isosorbide,100,1,dimethyl isosorbide,,,,
373,astrocaryum murumuru seed butter,100,1,astrocaryum murumuru seed butter,,,,
374,centella asiatica extract,99,1,centella asiatica extract,,,,
375,dicaprylyl ether,98,1,dicaprylyl ether,,,,
376,disodium stearoyl glutamate,96,1,disodium stearoyl glutamate,,,,
377,microcrystalline wax/cera microcristallina/cire microcristalline,96,2,microcrystalline wax/cera microcristallina/cire microcristalline | microcrystalline wax\\cera microcristallina\\cire microcristalline,,,,
378,stearalkonium hectorite,95,1,stearalkonium hectorite,,,,
379,glyceryl stearate citrate,95,1,glyceryl stearate citrate,,,,
380,propylparaben,94,1,propylparaben,,,,
381,anhydroxylitol,94,1,anhydroxylitol,,,,
382,avena sativa (oat) kernel extract,93,1,avena sativa (oat) kernel extract,,,,
383,xylitylglucoside,93,1,xylitylglucoside,,,,
384,yeast extract/faex/extrait de levure,93,2,yeast extract/faex/extrait de levure | yeast extract\\faex\\extrait de levure,,,,
385,polyglyceryl-3 diisostearate,92,1,polyglyceryl-3 diisostearate,,,,
386,red 30 lake (ci 73360),91,1,red 30 lake (ci 73360),,,,
387,laminaria saccharina extract,91,1,laminaria saccharina extract,,,,
388,hydrolyzed wheat protein,90,1,hydrolyzed wheat protein,,,,
389,capryloyl glycerin/sebacic acid copolymer,90,1,capryloyl glycerin/sebacic acid copolymer,,,,
390,sodium isethionate,90,1,sodium isethionate,,,,
391,coco-betaine,90,1,coco-betaine,,,,
392,cera alba (beeswax),90,1,cera alba (beeswax),,,,
393,diheptyl succinate,89,1,diheptyl succinate,,,,
394,c13-15 alkane,89,1,c13-15 alkane,,,,
395,coccinia indica fruit extract,89,1,coccinia indica fruit extract,,,,
396,hydroxyisohexyl 3-cyclohexene carboxaldehyde,89,1,hydroxyisohexyl 3-cyclohexene carboxaldehyde,,,,
397,ppg-5-ceteth-20,89,1,ppg-5-ceteth-20,,,,
398,aluminum powder (ci 77000),89,1,aluminum powder (ci 77000),,,,
399,cetyl palmitate,88,1,cetyl palmitate,,,,
400,salix alba (willow) bark extract,88,1,salix alba (willow) bark extract,,,,
401,sodium lauroyl lactylate,87,1,sodium lauroyl lactylate,,,,
402,sesamum indicum (sesame) seed oil,87,1,sesamum indicum (sesame) seed oil,,,,
403,ppg-1 trideceth-6,87,1,ppg-1 trideceth-6,,,,
404,glyceryl oleate,87,1,glyceryl oleate,,,,
405,peg-60 hydrogenated castor oil,87,1,peg-60 hydrogenated castor oil,,,,
406,linolenic acid,87,1,linolenic acid,,,,
407,polyvinyl alcohol,86,1,polyvinyl alcohol,,,,
408,methyl anthranilate,86,1,methyl anthranilate,,,,
409,2-oleamido-1,86,1,2-oleamido-1,,,,
410,disodium laureth sulfosuccinate,85,1,disodium laureth sulfosuccinate,,,,
411,sodium acetate,85,1,sodium acetate,,,,
412,c13-14 isoparaffin,85,1,c13-14 isoparaffin,,,,
413,cocamide mipa,85,1,cocamide mipa,,,,
414,tartaric acid,85,1,tartaric acid,,,,
415,3-octadecanediol,85,1,3-octadecanediol,,,,
416,steareth-21,85,1,steareth-21,,,,
417,inositol,85,1,inositol,,,,
418,eucalyptus globulus leaf oil,85,2,eucalyptus globulus leaf oil | eucalyptus globulus leaf oil*,,,,
419,ceramide ap,84,1,ceramide ap,,,,
420,bentonite,84,1,bentonite,,,,
421,isoamyl laurate,84,1,isoamyl laurate,,,,
422,ceresin,83,1,ceresin,,,,
423,chlorella vulgaris extract,83,1,chlorella vulgaris extract,,,,
424,microcrystalline cellulose,83,1,microcrystalline cellulose,,,,
425,zinc gluconate,83,1,zinc gluconate,,,,
426,rosa damascena flower oil,83,2,rosa damascena flower oil | rosa damascena flower oil*,,,,
427,neopentyl glycol diheptanoate,82,1,neopentyl glycol diheptanoate,,,,
428,calendula officinalis flower extract,82,1,calendula officinalis flower extract,,,,
429,polysilicone-15,82,1,polysilicone-15,,,,
430,polyacrylamide,82,1,polyacrylamide,,,,
431,poloxamer 338,82,1,poloxamer 338,,,,
432,zinc pca,82,1,zinc pca,,,,
433,caprylyl/capryl glucoside,81,1,caprylyl/capryl glucoside,,,,
434,diglycerin,81,1,diglycerin,,,,
435,methyl gluceth-20,81,1,methyl gluceth-20,,,,
436,hydrolyzed vegetable protein,81,1,hydrolyzed vegetable protein,,,,
437,methylisothiazolinone,79,1,methylisothiazolinone,,,,
438,adansonia digitata seed oil,79,1,adansonia digitata seed oil,,,,
439,glyceryl undecylenate,79,1,glyceryl undecylenate,,,,
440,microcrystalline wax,78,1,microcrystalline wax,,,,
441,steareth-2,78,1,steareth-2,,,,
442,passiflora edulis seed oil,78,1,passiflora edulis seed oil,,,,
443,vitis vinifera (grape) seed extract,78,1,vitis vinifera (grape) seed extract,,,,
444,scutellaria baicalensis root extract,77,1,scutellaria baicalensis root extract,,,,
445,styrene/acrylates copolymer,76,1,styrene/acrylates copolymer,,,,
446,laminaria digitata extract,76,1,laminaria digitata extract,,,,
447,acer saccharum (sugar maple) extract,75,1,acer saccharum (sugar maple) extract,,,,
448,isodecyl neopentanoate,75,1,isodecyl neopentanoate,,,,
449,c9-12 alkane,75,1,c9-12 alkane,,,,
450,hordeum vulgare (barley) extract/extrait d’orge,75,2,hordeum vulgare (barley) extract/extrait d’orge | hordeum vulgare (barley) extract\\extrait d’orge,,,,
451,leontopodium alpinum extract,74,1,leontopodium alpinum extract,,,,
452,polyglyceryl-3 polyricinoleate,74,1,polyglyceryl-3 polyricinoleate,,,,
453,sodium acrylate/sodium acryloyldimethyl taurate copolymer,74,1,sodium acrylate/sodium acryloyldimethyl taurate copolymer,,,,
454,zinc myristate,74,1,zinc myristate,,,,
455,anise alcohol,74,1,anise alcohol,,,,
456,moringa oleifera seed extract,74,1,moringa oleifera seed extract,,,,
457,t-butyl alcohol,73,1,t-butyl alcohol,,,,
458,dextran,73,1,dextran,,,,
459,peg-7 glyceryl cocoate,73,1,peg-7 glyceryl cocoate,,,,
460,hydroxypropyl starch phosphate,73,1,hydroxypropyl starch phosphate,,,,
461,calcium titanium borosilicate,73,1,calcium titanium borosilicate,,,,
462,hydrogenated styrene/isoprene copolymer,73,1,hydrogenated styrene/isoprene copolymer,,,,
463,trimethylolpropane triisostearate,73,1,trimethylolpropane triisostearate,,,,
464,iron oxides,73,1,iron oxides,,,,
465,ceramide eop,72,1,ceramide eop,,,,
466,biosaccharide gum-1,72,1,biosaccharide gum-1,,,,
467,hydrofluorocarbon 152a,72,1,hydrofluorocarbon 152a,,,,
468,isobutane,72,1,isobutane,,,,
469,sodium cocoyl glutamate,72,1,sodium cocoyl glutamate,,,,
470,trisiloxane,72,1,trisiloxane,,,,
471,tris (tetramethylhydroxypiperidinol) citrate,72,1,tris (tetramethylhydroxypiperidinol) citrate,,,,
472,tris(tetramethylhydroxypiperidinol) citrate,71,1,tris(tetramethylhydroxypiperidinol) citrate,,,,
473,stearalkonium bentonite,71,1,stearalkonium bentonite,,,,
474,bakuchiol,71,1,bakuchiol,,,,
475,solanum melongena (eggplant) fruit extract,71,1,solanum melongena (eggplant) fruit extract,,,,
476,eclipta prostrata extract,71,1,eclipta prostrata extract,,,,
477,hydrogenated coco-glycerides,71,1,hydrogenated coco-glycerides,,,,
478,polyglyceryl-3 methylglucose distearate,71,1,polyglyceryl-3 methylglucose distearate,,,,
479,citrullus lanatus (watermelon) seed oil,70,1,citrullus lanatus (watermelon) seed oil,,,,
480,ethylene/propylene copolymer,70,1,ethylene/propylene copolymer,,,,
481,diethylamino hydroxybenzoyl hexyl benzoate,70,1,diethylamino hydroxybenzoyl hexyl benzoate,,,,
482,sodium acrylates copolymer,70,1,sodium acrylates copolymer,,,,
483,sigesbeckia orientalis (st. paul wort) extract,70,1,sigesbeckia orientalis (st. paul wort) extract,,,,
484,ethylene brassylate,69,1,ethylene brassylate,,,,
485,sodium lauryl sulfoacetate,69,1,sodium lauryl sulfoacetate,,,,
486,ppg-3 benzyl ether myristate,69,1,ppg-3 benzyl ether myristate,,,,
487,glyceryl polymethacrylate,69,1,glyceryl polymethacrylate,,,,
488,chlorhexidine digluconate,68,1,chlorhexidine digluconate,,,,
489,malic acid,68,1,malic acid,,,,
490,magnesium chloride,68,1,magnesium chloride,,,,
491,citrus grandis (grapefruit) peel oil,68,2,citrus grandis (grapefruit) peel oil | citrus grandis (grapefruit) peel oil*,,,,
492,vaccinium angustifolium (blueberry) fruit extract,67,1,vaccinium angustifolium (blueberry) fruit extract,,,,
493,sodium levulinate,67,1,sodium levulinate,,,,
494,bis-behenyl/isostearyl/phytosteryl dimer dilinoleyl dimer dilinoleate,67,1,bis-behenyl/isostearyl/phytosteryl dimer dilinoleyl dimer dilinoleate,,,,
495,oryza sativa (rice) bran wax,67,1,oryza sativa (rice) bran wax,,,,
496,oleic acid,67,1,oleic acid,,,,
497,arachidyl alcohol,67,1,arachidyl alcohol,,,,
498,laureth-23,66,1,laureth-23,,,,
499,linum usitatissimum (linseed) seed oil,66,1,linum usitatissimum (linseed) seed oil,,,,
500,lauric acid,66,1,lauric acid,,,,
501,mannitol,66,1,mannitol,,,,
502,quaternium-95,66,1,quaternium-95,,,,
503,hydroxypropyl methylcellulose,66,1,hydroxypropyl methylcellulose,,,,
504,ethoxydiglycol,65,1,ethoxydiglycol,,,,
505,polyquaternium-11,65,1,polyquaternium-11,,,,
506,laureth-9,65,1,laureth-9,,,,
507,papain,65,1,papain,,,,
508,oryza sativa (rice) bran oil,65,1,oryza sativa (rice) bran oil,,,,
509,polyglyceryl-4 isostearate,65,1,polyglyceryl-4 isostearate,,,,
510,ocimum basilicum (basil) flower/leaf extract,64,1,ocimum basilicum (basil) flower/leaf extract,,,,
511,salvia officinalis (sage) leaf extract,64,1,salvia officinalis (sage) leaf extract,,,,
512,carrageenan,64,1,carrageenan,,,,
513,rosa damascena flower water,64,1,rosa damascena flower water,,,,
514,myristyl alcohol,64,1,myristyl alcohol,,,,
515,galactoarabinan,64,1,galactoarabinan,,,,
516,isopropyl titanium triisostearate,64,1,isopropyl titanium triisostearate,,,,
517,sodium dilauramidoglutamide lysine,64,1,sodium dilauramidoglutamide lysine,,,,
518,propyl gallate,64,1,propyl gallate,,,,
519,glyceryl behenate,63,1,glyceryl behenate,,,,
520,sorbitan sesquiisostearate,63,1,sorbitan sesquiisostearate,,,,
521,peg-40 stearate,63,1,peg-40 stearate,,,,
522,isopropyl isostearate,62,1,isopropyl isostearate,,,,
523,isostearyl neopentanoate,62,1,isostearyl neopentanoate,,,,
524,ethyl vanillin,62,1,ethyl vanillin,,,,
525,polyquaternium-51,62,1,polyquaternium-51,,,,
526,menthoxypropanediol,61,1,menthoxypropanediol,,,,
527,plankton extract,61,1,plankton extract,,,,
528,carica papaya (papaya) fruit extract,61,1,carica papaya (papaya) fruit extract,,,,
529,macrocystis pyrifera (kelp) extract,61,1,macrocystis pyrifera (kelp) extract,,,,
530,bronze powder (ci 77400),61,1,bronze powder (ci 77400),,,,
531,aluminum calcium sodium silicate,61,1,aluminum calcium sodium silicate,,,,
532,simethicone,61,1,simethicone,,,,
533,aluminum dimyristate,61,1,aluminum dimyristate,,,,
534,dihydroxyacetone,61,1,dihydroxyacetone,,,,
535,saccharum officinarum (sugar cane) extract,61,1,saccharum officinarum (sugar cane) extract,,,,
536,diethylhexyl syringylidenemalonate,61,1,diethylhexyl syringylidenemalonate,,,,
537,alpha-glucan oligosaccharide,60,1,alpha-glucan oligosaccharide,,,,
538,hydrogenated starch hydrolysate,60,1,hydrogenated starch hydrolysate,,,,
539,hexyl laurate,60,1,hexyl laurate,,,,
540,copper gluconate,60,1,copper gluconate,,,,
541,hydrogenated poly(c6-14 olefin),60,1,hydrogenated poly(c6-14 olefin),,,,
542,jasminum officinale (jasmine) flower extract,60,1,jasminum officinale (jasmine) flower extract,,,,
543,oenothera biennis (evening primrose) oil,60,2,oenothera biennis (evening primrose) oil | oenothera biennis (evening primrose) oil*,,,,
544,triheptanoin,59,1,triheptanoin,,,,
545,isostearyl isostearate,59,1,isostearyl isostearate,,,,
546,hibiscus sabdariffa flower extract,59,1,hibiscus sabdariffa flower extract,,,,
547,peg-150 distearate,59,1,peg-150 distearate,,,,
548,sodium glycolate,59,1,sodium glycolate,,,,
549,glutamic acid,59,1,glutamic acid,,,,
550,phytosterols,59,1,phytosterols,,,,
551,macadamia ternifolia seed oil,59,1,macadamia ternifolia seed oil,,,,
552,phenylpropanol,58,1,phenylpropanol,,,,
553,barium sulfate,58,1,barium sulfate,,,,
554,acrylamide/sodium acryloyldimethyltaurate copolymer,58,1,acrylamide/sodium acryloyldimethyltaurate copolymer,,,,
555,ethyl acetate,58,1,ethyl acetate,,,,
556,olea europaea (olive) oil,58,2,olea europaea (olive) oil | olea europaea (olive) oil*,,,,
557,hydrolyzed keratin,57,1,hydrolyzed keratin,,,,
558,taurine,57,1,taurine,,,,
559,arachidyl glucoside,57,1,arachidyl glucoside,,,,
560,humulus lupulus (hops) extract,57,1,humulus lupulus (hops) extract,,,,
561,phytosteryl/octyldodecyl lauroyl glutamate,56,1,phytosteryl/octyldodecyl lauroyl glutamate,,,,
562,hydrolyzed silk,56,1,hydrolyzed silk,,,,
563,theobroma grandiflorum seed butter,56,1,theobroma grandiflorum seed butter,,,,
564,tapioca starch,56,1,tapioca starch,,,,
565,sodium lauroyl glutamate,56,1,sodium lauroyl glutamate,,,,
566,copper powder (ci 77400),56,1,copper powder (ci 77400),,,,
567,madecassoside,56,1,madecassoside,,,,
568,inulin,56,1,inulin,,,,
569,octisalate,56,2,octisalate 5% | octisalate 5.0%,,,,
570,melaleuca alternifolia (tea tree) leaf oil,55,1,melaleuca alternifolia (tea tree) leaf oil,,,,
571,bis-peg-18 methyl ether dimethyl silane,55,1,bis-peg-18 methyl ether dimethyl silane,,,,
572,propane,55,1,propane,,,,
573,charcoal powder,55,1,charcoal powder,,,,
574,disodium cocoamphodiacetate,55,1,disodium cocoamphodiacetate,,,,
575,sodium lauryl sulfate,55,1,sodium lauryl sulfate,,,,
576,squalene,55,1,squalene,,,,
577,diphenylsiloxy phenyl trimethicone,55,1,diphenylsiloxy phenyl trimethicone,,,,
578,camelina sativa seed oil,55,1,camelina sativa seed oil,,,,
579,pentaerythrityl tetraethylhexanoate,55,1,pentaerythrityl tetraethylhexanoate,,,,
580,beta-carotene,55,1,beta-carotene,,,,
581,tremella fuciformis sporocarp extract,55,1,tremella fuciformis sporocarp extract,,,,
582,pantethine,55,1,pantethine,,,,
583,medicago sativa (alfalfa) extract,55,2,medicago sativa (alfalfa) extract | medicago sativa (alfalfa) extract*,,,,
584,butane,54,1,butane,,,,
585,hydroxypropyl guar hydroxypropyltrimonium chloride,54,1,hydroxypropyl guar hydroxypropyltrimonium chloride,,,,
586,erythritol,54,1,erythritol,,,,
587,anthemis nobilis flower oil,54,1,anthemis nobilis flower oil,,,,
588,lactobacillus,54,1,lactobacillus,,,,
589,polyglyceryl-10 laurate,54,1,polyglyceryl-10 laurate,,,,
590,lycium barbarum fruit extract,54,1,lycium barbarum fruit extract,,,,
591,hydrogenated polycyclopentadiene,54,1,hydrogenated polycyclopentadiene,,,,
592,c12-13 pareth-3,53,1,c12-13 pareth-3,,,,
593,methylchloroisothiazolinone,53,1,methylchloroisothiazolinone,,,,
594,peg-120 methyl glucose dioleate,53,1,peg-120 methyl glucose dioleate,,,,
595,theobroma cacao (cocoa) extract,53,1,theobroma cacao (cocoa) extract,,,,
596,behenic acid,53,1,behenic acid,,,,
597,oxybenzone,53,1,benzophenone-3,,,,
598,acrylates/octylacrylamide copolymer,53,1,acrylates/octylacrylamide copolymer,,,,
599,butyl acetate,53,1,butyl acetate,,,,
600,citrus paradisi (grapefruit) peel oil,53,2,citrus paradisi (grapefruit) peel oil | citrus paradisi (grapefruit) peel oil*,,,,
601,palmitoyl hexapeptide-12,52,1,palmitoyl hexapeptide-12,,,,
602,ceramide ng,52,1,ceramide ng,,,,
603,lens esculenta (lentil) fruit extract,52,1,lens esculenta (lentil) fruit extract,,,,
604,sorbitan laurate,52,1,sorbitan laurate,,,,
605,ubiquinone,52,1,ubiquinone,,,,
606,vaccinium myrtillus fruit extract,52,1,vaccinium myrtillus fruit extract,,,,
607,cinnamidopropyltrimonium chloride,52,1,cinnamidopropyltrimonium chloride,,,,
608,hydroxyethyl urea,52,1,hydroxyethyl urea,,,,
609,colloidal oatmeal,52,1,colloidal oatmeal,,,,
610,calendula officinalis (calendula) flower extract,52,2,calendula officinalis (calendula) flower extract | calendula officinalis (calendula) flower extract*,,,,
611,laureth-21,51,1,laureth-21,,,,
612,sodium saccharin,51,1,sodium saccharin,,,,
613,macadamia integrifolia seed oil,51,1,macadamia integrifolia seed oil,,,,
614,cystine bis-pg-propyl silanetriol,51,1,cystine bis-pg-propyl silanetriol,,,,
615,octocrylene,51,2,octocrylene | octocrylene 10%,,,,
616,rubus idaeus (raspberry) seed oil,50,1,rubus idaeus (raspberry) seed oil,,,,
617,beta-glucan,50,1,beta-glucan,,,,
618,rubus idaeus (raspberry) fruit extract,50,1,rubus idaeus (raspberry) fruit extract,,,,
619,superoxide dismutase,50,1,superoxide dismutase,,,,
620,zinc oxide (ci 77947),50,1,zinc oxide,,,,
621,saccharomyces/magnesium ferment,50,1,saccharomyces/magnesium ferment,,,,
622,trifolium pratense (clover) flower extract,50,1,trifolium pratense (clover) flower extract,,,,
623,magnesium carbonate,50,1,magnesium carbonate,,,,
624,sodium polyaspartate,50,1,sodium polyaspartate,,,,
625,copernicia cerifera (carnauba) wax/cera carnauba/cire de carnauba,50,1,copernicia cerifera (carnauba) wax/cera carnauba/cire de carnauba,,,,
626,octyldodecyl neopentanoate,50,1,octyldodecyl neopentanoate,,,,
627,cetearyl isononanoate,50,1,cetearyl isononanoate,,,,
628,ethylhexyl stearate,50,1,ethylhexyl stearate,,,,
629,glycine soja (soybean) seed extract,50,1,glycine soja (soybean) seed extract,,,,
630,triticum vulgare (wheat) germ extract,50,1,triticum vulgare (wheat) germ extract,,,,
631,olea europaea (olive) leaf extract,50,1,olea europaea (olive) leaf extract,,,,
632,acetyl tributyl citrate,50,1,acetyl tributyl citrate,,,,
633,beeswax,49,1,beeswax,,,,
634,dextrin palmitate,49,1,dextrin palmitate,,,,
635,coco-caprylate,49,1,coco-caprylate,,,,
636,saccharomyces/copper ferment,49,1,saccharomyces/copper ferment,,,,
637,divinyldimethicone/dimethicone copolymer,49,1,divinyldimethicone/dimethicone copolymer,,,,
638,c12-13 pareth-23,49,1,c12-13 pareth-23,,,,
639,daucus carota sativa (carrot) root extract,49,1,daucus carota sativa (carrot) root extract,,,,
640,gardenia taitensis flower extract,49,1,gardenia taitensis flower extract,,,,
641,red 22 lake (ci 45380),49,1,red 22 lake (ci 45380),,,,
642,polyethylene terephthalate,49,1,polyethylene terephthalate,,,,
643,resveratrol,49,1,resveratrol,,,,
644,paeonia lactiflora root extract,49,1,paeonia lactiflora root extract,,,,
645,potassium phosphate,49,1,potassium phosphate,,,,
646,polyglyceryl-6 polyricinoleate,48,1,polyglyceryl-6 polyricinoleate,,,,
647,ferulic acid,48,1,ferulic acid,,,,
648,camellia oleifera seed oil,48,1,camellia oleifera seed oil,,,,
649,oryza sativa (rice) starch,48,1,oryza sativa (rice) starch,,,,
650,fructose,48,1,fructose,,,,
651,polyglyceryl-10 stearate,48,1,polyglyceryl-10 stearate,,,,
652,terminalia ferdinandiana fruit extract,48,1,terminalia ferdinandiana fruit extract,,,,
653,saccharomyces lysate extract,48,1,saccharomyces lysate extract,,,,
654,nitrocellulose,48,1,nitrocellulose,,,,
655,evernia prunastri (oakmoss) extract,47,1,evernia prunastri (oakmoss) extract,,,,
656,methyl 2-octynoate,47,1,methyl 2-octynoate,,,,
657,ergothioneine,47,1,ergothioneine,,,,
658,saccharomyces/silicon ferment,47,1,saccharomyces/silicon ferment,,,,
659,camellia japonica seed oil,47,1,camellia japonica seed oil,,,,
660,polygonum cuspidatum root extract,47,1,polygonum cuspidatum root extract,,,,
661,dimer dilinoleyl dimer dilinoleate,47,1,dimer dilinoleyl dimer dilinoleate,,,,
662,isostearyl alcohol,47,1,isostearyl alcohol,,,,
663,lactobacillus ferment lysate,47,1,lactobacillus ferment lysate,,,,
664,magnesium gluconate,47,1,magnesium gluconate,,,,
665,citrus limon (lemon) peel extract,46,1,citrus limon (lemon) peel extract,,,,
666,saccharomyces/zinc ferment,46,1,saccharomyces/zinc ferment,,,,
667,bromelain,46,1,bromelain,,,,
668,sodium sulfate,46,1,sodium sulfate,,,,
669,polyglyceryl-6 distearate,46,1,polyglyceryl-6 distearate,,,,
670,caprylic/capric/myristic/stearic triglyceride,46,1,caprylic/capric/myristic/stearic triglyceride,,,,
671,nelumbo nucifera flower extract,46,1,nelumbo nucifera flower extract,,,,
672,pisum sativum (pea) extract,46,1,pisum sativum (pea) extract,,,,
673,polyglyceryl-4 diisostearate/polyhydroxystearate/sebacate,46,1,polyglyceryl-4 diisostearate/polyhydroxystearate/sebacate,,,,
674,polyglyceryl-3 beeswax,46,1,polyglyceryl-3 beeswax,,,,
675,p-anisic acid,46,1,p-anisic acid,,,,
676,peg/ppg-14/7 dimethyl ether,46,1,peg/ppg-14/7 dimethyl ether,,,,
677,niacin,46,1,niacin,,,,
678,brassica alcohol,46,2,brassica alcohol | brassica alcohol*,,,,
679,mentha viridis (spearmint) leaf oil,46,2,mentha viridis (spearmint) leaf oil | mentha viridis (spearmint) leaf oil*,,,,
680,citrus nobilis (mandarin orange) peel oil,45,1,citrus nobilis (mandarin orange) peel oil,,,,
681,lactococcus ferment lysate,45,1,lactococcus ferment lysate,,,,
682,calcium chloride,45,1,calcium chloride,,,,
683,glyceryl acrylate/acrylic acid copolymer,45,1,glyceryl acrylate/acrylic acid copolymer,,,,
684,salvia hispanica seed oil,45,1,salvia hispanica seed oil,,,,
685,litchi chinensis pericarp extract,45,1,litchi chinensis pericarp extract,,,,
686,palmitoyl tripeptide-5,44,1,palmitoyl tripeptide-5,,,,
687,quartz,44,1,quartz,,,,
688,biosaccharide gum-4,44,1,biosaccharide gum-4,,,,
689,hydrolyzed algin,44,1,hydrolyzed algin,,,,
690,saccharomyces/iron ferment,44,1,saccharomyces/iron ferment,,,,
691,keratin,44,1,keratin,,,,
692,crambe abyssinica seed oil,44,1,crambe abyssinica seed oil,,,,
693,phytantriol,44,1,phytantriol,,,,
694,polyglutamic acid,44,1,polyglutamic acid,,,,
695,lavandula hybrida oil,44,1,lavandula hybrida oil,,,,
696,cera microcristallina/microcrystalline wax/cire microcristalline,44,1,cera microcristallina/microcrystalline wax/cire microcristalline,,,,
697,arnica montana flower extract,44,1,arnica montana flower extract,,,,
698,litchi chinensis fruit extract,44,1,litchi chinensis fruit extract,,,,
699,yeast amino acids,44,1,yeast amino acids,,,,
700,pantolactone,43,1,pantolactone,,,,
701,rubus idaeus (raspberry) leaf extract,43,1,rubus idaeus (raspberry) leaf extract,,,,
702,crithmum maritimum extract,43,1,crithmum maritimum extract,,,,
703,wheat amino acids,43,1,wheat amino acids,,,,
704,menthyl lactate,43,1,menthyl lactate,,,,
705,hydrogenated castor oil/sebacic acid copolymer,43,1,hydrogenated castor oil/sebacic acid copolymer,,,,
706,borago officinalis seed oil,43,1,borago officinalis seed oil,,,,
707,glucomannan,43,1,glucomannan,,,,
708,c15-19 alkane,43,1,c15-19 alkane,,,,
709,coffea arabica (coffee) seed extract,43,1,coffea arabica (coffee) seed extract,,,,
710,hypnea musciformis (algae) extract,43,1,hypnea musciformis (algae) extract,,,,
711,asiaticoside,43,1,asiaticoside,,,,
712,bifida ferment lysate,43,1,bifida ferment lysate,,,,
713,chrysanthemum parthenium (feverfew) extract,43,1,chrysanthemum parthenium (feverfew) extract,,,,
714,safflower glucoside,43,1,safflower glucoside,,,,
715,alaria esculenta extract,42,1,alaria esculenta extract,,,,
716,mandelic acid,42,1,mandelic acid,,,,
717,iodopropynyl butylcarbamate,42,1,iodopropynyl butylcarbamate,,,,
718,zeolite,42,1,zeolite,,,,
719,lysine,42,1,lysine,,,,
720,candelilla cera/euphorbia cerifera (candelilla) wax/cire de candelilla,42,1,candelilla cera/euphorbia cerifera (candelilla) wax/cire de candelilla,,,,
721,ananas sativus (pineapple) fruit extract,42,1,ananas sativus (pineapple) fruit extract,,,,
722,hippophae rhamnoides oil,42,1,hippophae rhamnoides oil,,,,
723,vitis vinifera (grape) fruit extract,42,1,vitis vinifera (grape) fruit extract,,,,
724,styrene/acrylates/ammonium methacrylate copolymer,42,1,styrene/acrylates/ammonium methacrylate copolymer,,,,
725,oryza sativa (rice) seed protein,42,1,oryza sativa (rice) seed protein,,,,
726,creatine,42,1,creatine,,,,
727,sodium bicarbonate,42,1,sodium bicarbonate,,,,
728,lavandula angustifolia (lavender) flower/leaf/stem extract,42,1,lavandula angustifolia (lavender) flower/leaf/stem extract,,,,
729,ammonium acryloyldimethyltaurate/beheneth-25 methacrylate crosspolymer,42,1,ammonium acryloyldimethyltaurate/beheneth-25 methacrylate crosspolymer,,,,
730,amaranthus caudatus seed extract,42,1,amaranthus caudatus seed extract,,,,
731,undaria pinnatifida extract,41,1,undaria pinnatifida extract,,,,
732,palmitoyl oligopeptide,41,1,palmitoyl oligopeptide,,,,
733,citrus aurantium dulcis (orange) peel extract,41,1,citrus aurantium dulcis (orange) peel extract,,,,
734,polyglyceryl-4 caprate,41,1,polyglyceryl-4 caprate,,,,
735,acetyl tetrapeptide-3,41,1,acetyl tetrapeptide-3,,,,
736,chondrus crispus (carrageenan) extract,41,1,chondrus crispus (carrageenan) extract,,,,
737,oleth-10,41,1,oleth-10,,,,
738,cocoglycerides,41,1,cocoglycerides,,,,
739,leontopodium alpinum flower/leaf extract,41,1,leontopodium alpinum flower/leaf extract,,,,
740,phytosteryl macadamiate,41,1,phytosteryl macadamiate,,,,
741,ziziphus jujuba fruit extract,41,1,ziziphus jujuba fruit extract,,,,
742,lauryl laurate,40,1,lauryl laurate,,,,
743,sodium formate,40,1,sodium formate,,,,
744,zinc chloride,40,1,zinc chloride,,,,
745,hydrogenated palm glycerides,40,1,hydrogenated palm glycerides,,,,
746,hydrogenated polydicyclopentadiene,40,1,hydrogenated polydicyclopentadiene,,,,
747,malva sylvestris (mallow) extract,40,1,malva sylvestris (mallow) extract,,,,
748,linum usitatissimum (linseed) seed extract,40,1,linum usitatissimum (linseed) seed extract,,,,
749,sambucus nigra fruit extract,40,1,sambucus nigra fruit extract,,,,
750,palmitoyl tripeptide-38,40,1,palmitoyl tripeptide-38,,,,
751,medicago sativa (alfalfa) seed powder,40,1,medicago sativa (alfalfa) seed powder,,,,
752,prunus amygdalus dulcis (sweet almond) seed meal,40,1,prunus amygdalus dulcis (sweet almond) seed meal,,,,
753,tocopheryl succinate,40,1,tocopheryl succinate,,,,
754,linalyl acetate,39,1,linalyl acetate,,,,
755,hydroxypropyl cyclodextrin,39,1,hydroxypropyl cyclodextrin,,,,
756,beeswax/cera alba/cire d’abeille,39,1,beeswax/cera alba/cire d’abeille,,,,
757,montmorillonite,39,1,montmorillonite,,,,
758,brassica campestris (rapeseed) seed oil,39,1,brassica campestris (rapeseed) seed oil,,,,
759,punica granatum flower extract,39,1,punica granatum flower extract,,,,
760,sorbitan palmitate,39,1,sorbitan palmitate,,,,
761,ferric ammonium ferrocyanide),39,1,ferric ammonium ferrocyanide),,,,
762,sucrose stearate,39,1,sucrose stearate,,,,
763,eucalyptus globulus (eucalyptus) leaf oil,39,1,eucalyptus globulus (eucalyptus) leaf oil,,,,
764,quaternium-91,38,1,quaternium-91,,,,
765,salvia hispanica seed extract,38,1,salvia hispanica seed extract,,,,
766,phyllanthus emblica fruit extract,38,1,phyllanthus emblica fruit extract,,,,
767,trideceth-10,38,1,trideceth-10,,,,
768,ci 77266 (carbon black),38,1,black 2 (ci 77266),,,,
769,polyglyceryl-2 diisostearate,38,1,polyglyceryl-2 diisostearate,,,,
770,stearyl stearate,38,1,stearyl stearate,,,,
771,punica granatum extract,38,1,punica granatum extract,,,,
772,sodium metaphosphate,38,1,sodium metaphosphate,,,,
773,c14-22 alcohols,38,1,c14-22 alcohols,,,,
774,glyceryl polyacrylate,38,1,glyceryl polyacrylate,,,,
775,glycolipids,38,1,glycolipids,,,,
776,cera microcristallina (microcrystalline wax),38,1,cera microcristallina (microcrystalline wax),,,,
777,vaccinium macrocarpon (cranberry) fruit extract,38,1,vaccinium macrocarpon (cranberry) fruit extract,,,,
778,palmaria palmata extract,38,1,palmaria palmata extract,,,,
779,glutathione,38,1,glutathione,,,,
780,lactobacillus/portulaca oleracea ferment extract,38,1,lactobacillus/portulaca oleracea ferment extract,,,,
781,rosa hybrid flower extract,38,1,rosa hybrid flower extract,,,,
782,hydrolyzed linseed extract,38,1,hydrolyzed linseed extract,,,,
783,hydroxypropyltrimonium hydrolyzed wheat protein,38,1,hydroxypropyltrimonium hydrolyzed wheat protein,,,,
784,sesamum indicum (sesame) seed powder,38,1,sesamum indicum (sesame) seed powder,,,,
785,citrus aurantium dulcis (orange) oil,37,1,citrus aurantium dulcis (orange) oil,,,,
786,agave tequilana leaf extract,37,1,agave tequilana leaf extract,,,,
787,sodium benzotriazolyl butylphenol sulfonate,37,1,sodium benzotriazolyl butylphenol sulfonate,,,,
788,diisopropyl adipate,37,1,diisopropyl adipate,,,,
789,glycol stearate,37,1,glycol stearate,,,,
790,trideceth-3,37,1,trideceth-3,,,,
791,hydrogenated soybean oil,37,1,hydrogenated soybean oil,,,,
792,sodium nitrate,37,1,sodium nitrate,,,,
793,dipentaerythrityl hexahydroxystearate/hexastearate/hexarosinate,37,1,dipentaerythrityl hexahydroxystearate/hexastearate/hexarosinate,,,,
794,ascophyllum nodosum extract,37,1,ascophyllum nodosum extract,,,,
795,chitosan,37,1,chitosan,,,,
796,citrus grandis (grapefruit) fruit extract,37,1,citrus grandis (grapefruit) fruit extract,,,,
797,polyquaternium-4,37,1,polyquaternium-4,,,,
798,heptyl undecylenate,37,1,heptyl undecylenate,,,,
799,citrus paradisi (grapefruit) fruit extract,37,1,citrus paradisi (grapefruit) fruit extract,,,,
800,cyclodextrin,37,1,cyclodextrin,,,,
801,pogostemon cablin oil,37,2,pogostemon cablin oil | pogostemon cablin oil*,,,,
802,chrysin,36,1,chrysin,,,,
803,sodium stearoyl lactylate,36,1,sodium stearoyl lactylate,,,,
804,saccharum officinarum (sugarcane) extract,36,1,saccharum officinarum (sugarcane) extract,,,,
805,caviar extract,36,1,caviar extract,,,,
806,biotinoyl tripeptide-1,36,1,biotinoyl tripeptide-1,,,,
807,hydroxypropyl guar,36,1,hydroxypropyl guar,,,,
808,polyacrylate-13,36,1,polyacrylate-13,,,,
809,peg-6 caprylic/capric glycerides,36,1,peg-6 caprylic/capric glycerides,,,,
810,polyquaternium-59,36,1,polyquaternium-59,,,,
811,undecane,36,1,undecane,,,,
812,tridecane,36,1,tridecane,,,,
813,sericin,36,1,sericin,,,,
814,polymnia sonchifolia root juice,36,1,polymnia sonchifolia root juice,,,,
815,sorbitan tristearate,36,1,sorbitan tristearate,,,,
816,glyceryl laurate,36,1,glyceryl laurate,,,,
817,dodecane,36,1,dodecane,,,,
818,adipic acid/neopentyl glycol/trimellitic anhydride copolymer,36,1,adipic acid/neopentyl glycol/trimellitic anhydride copolymer,,,,
819,ginkgo biloba leaf extract,36,1,ginkgo biloba leaf extract,,,,
820,calcium carbonate,36,1,calcium carbonate,,,,
821,citrus aurantifolia (lime) peel extract,36,1,citrus aurantifolia (lime) peel extract,,,,
822,amyris balsamifera bark oil,36,2,amyris balsamifera bark oil | amyris balsamifera bark oil*,,,,
823,amylopectin,35,1,amylopectin,,,,
824,cannabis sativa seed oil,35,1,cannabis sativa seed oil,,,,
825,brassicamidopropyl dimethylamine,35,1,brassicamidopropyl dimethylamine,,,,
826,ribes nigrum (black currant) seed oil,35,1,ribes nigrum (black currant) seed oil,,,,
827,salicornia herbacea extract,35,1,salicornia herbacea extract,,,,
828,ethyl linoleate,35,1,ethyl linoleate,,,,
829,magnolia officinalis bark extract,35,1,magnolia officinalis bark extract,,,,
830,cladosiphon okamuranus extract,35,1,cladosiphon okamuranus extract,,,,
831,lavandula angustifolia (lavender) flower extract,35,1,lavandula angustifolia (lavender) flower extract,,,,
832,sucrose acetate isobutyrate,35,1,sucrose acetate isobutyrate,,,,
833,citrulline,35,1,citrulline,,,,
834,carnosine,34,1,carnosine,,,,
835,cynara scolymus (artichoke) leaf extract,34,1,cynara scolymus (artichoke) leaf extract,,,,
836,diamond powder,34,1,diamond powder,,,,
837,caesalpinia spinosa fruit extract,34,1,caesalpinia spinosa fruit extract,,,,
838,quaternium-87,34,1,quaternium-87,,,,
839,acrylates/ethylhexyl acrylate copolymer,34,1,acrylates/ethylhexyl acrylate copolymer,,,,
840,isoceteth-20,34,1,isoceteth-20,,,,
841,punica granatum (pomegranate) extract,34,1,punica granatum (pomegranate) extract,,,,
842,diisopropyl sebacate,34,1,diisopropyl sebacate,,,,
843,anthemis nobilis flower extract,34,1,anthemis nobilis flower extract,,,,
844,ceteth-20,34,1,ceteth-20,,,,
845,leuconostoc ferment filtrate,34,1,leuconostoc ferment filtrate,,,,
846,diacetone alcohol,34,1,diacetone alcohol,,,,
847,methyldihydrojasmonate,33,1,methyldihydrojasmonate,,,,
848,sodium stearate,33,1,sodium stearate,,,,
849,kappaphycus alvarezii extract,33,1,kappaphycus alvarezii extract,,,,
850,dimethyl ether,33,1,dimethyl ether,,,,
851,ethyl macadamiate,33,1,ethyl macadamiate,,,,
852,trideceth-15,33,1,trideceth-15,,,,
853,sucrose tetrastearate triacetate,33,1,sucrose tetrastearate triacetate,,,,
854,citrus aurantifolia (lime) oil,33,1,citrus aurantifolia (lime) oil,,,,
855,lonicera japonica (honeysuckle) flower extract,33,1,lonicera japonica (honeysuckle) flower extract,,,,
856,yeast extract,33,1,yeast extract,,,,
857,saccharomyces/rice ferment filtrate,33,1,saccharomyces/rice ferment filtrate,,,,
858,sucrose cocoate,33,1,sucrose cocoate,,,,
859,orbignya oleifera seed oil,33,1,orbignya oleifera seed oil,,,,
860,furcellaria lumbricalis extract,33,1,furcellaria lumbricalis extract,,,,
861,honey extract,33,1,honey extract,,,,
862,phosphoric acid,33,1,phosphoric acid,,,,
863,whey protein/lactis protein/proteine du petit-lait,33,2,whey protein/lactis protein/proteine du petit-lait | whey protein\\lactis protein\\proteine du petit-lait,,,,
864,glucosamine hcl,32,1,glucosamine hcl,,,,
865,iris florentina root extract,32,1,iris florentina root extract,,,,
866,hydrolyzed corn starch,32,1,hydrolyzed corn starch,,,,
867,musa sapientum (banana) fruit extract,32,1,musa sapientum (banana) fruit extract,,,,
868,cetyl hydroxyethylcellulose,32,1,cetyl hydroxyethylcellulose,,,,
869,pistacia lentiscus (mastic) gum,32,1,pistacia lentiscus (mastic) gum,,,,
870,gardenia florida fruit extract,32,1,gardenia florida fruit extract,,,,
871,hydrogenated palm glycerides citrate,32,1,hydrogenated palm glycerides citrate,,,,
872,microcrystalline wax (cera microcristallina),32,1,microcrystalline wax (cera microcristallina),,,,
873,sodium lauroamphoacetate,32,1,sodium lauroamphoacetate,,,,
874,cananga odorata flower oil,32,1,cananga odorata flower oil,,,,
875,lauramidopropyl betaine,32,1,lauramidopropyl betaine,,,,
876,sodium myristoyl glutamate,32,1,sodium myristoyl glutamate,,,,
877,hydrogenated microcrystalline wax,32,1,hydrogenated microcrystalline wax,,,,
878,sodium sulfite,32,1,sodium sulfite,,,,
879,hedychium coronarium root extract,32,1,hedychium coronarium root extract,,,,
880,distearyldimonium chloride,32,1,distearyldimonium chloride,,,,
881,hydrogenated olive oil stearyl esters,32,1,hydrogenated olive oil stearyl esters,,,,
882,triolein,32,1,triolein,,,,
883,cera carnauba/copernicia cerifera (carnauba) wax/cire de carnauba,32,1,cera carnauba/copernicia cerifera (carnauba) wax/cire de carnauba,,,,
884,brassica oleracea acephala (kale) leaf extract,32,1,brassica oleracea acephala (kale) leaf extract,,,,
885,tropaeolum majus flower/leaf/stem extract,32,1,tropaeolum majus flower/leaf/stem extract,,,,
886,lilium candidum bulb extract,32,1,lilium candidum bulb extract,,,,
887,sorbitan oleate decylglucoside crosspolymer,31,1,sorbitan oleate decylglucoside crosspolymer,,,,
888,n-hydroxysuccinimide,31,1,n-hydroxysuccinimide,,,,
889,glyceryl behenate/eicosadioate,31,1,glyceryl behenate/eicosadioate,,,,
890,albizia julibrissin bark extract,31,1,albizia julibrissin bark extract,,,,
891,gold,31,1,gold,,,,
892,hydroxyproline,31,1,hydroxyproline,,,,
893,lactobacillus/punica granatum fruit ferment extract,31,1,lactobacillus/punica granatum fruit ferment extract,,,,
894,disodium cocoyl glutamate,31,1,disodium cocoyl glutamate,,,,
895,hippophae rhamnoides (sea buckthorn/argousier) fruit/seed oil,31,1,hippophae rhamnoides (sea buckthorn/argousier) fruit/seed oil,,,,
896,disiloxane,31,1,disiloxane,,,,
897,beheneth-30,31,1,beheneth-30,,,,
898,flavor (aroma),31,1,flavor (aroma),,,,
899,levulinic acid,31,1,levulinic acid,,,,
900,c12-20 alkyl glucoside,31,1,c12-20 alkyl glucoside,,,,
901,urtica dioica (nettle) leaf extract,31,1,urtica dioica (nettle) leaf extract,,,,
902,methyl glucose sesquistearate,31,1,methyl glucose sesquistearate,,,,
903,acrylates/beheneth-25 methacrylate copolymer,31,1,acrylates/beheneth-25 methacrylate copolymer,,,,
904,cocamide mea,31,1,cocamide mea,,,,
905,saccharomyces cerevisiae extract,31,1,saccharomyces cerevisiae extract,,,,
906,vaccinium macrocarpon (cranberry) seed oil,31,1,vaccinium macrocarpon (cranberry) seed oil,,,,
907,theobroma cacao (cocoa) seed extract,31,1,theobroma cacao (cocoa) seed extract,,,,
908,fucus vesiculosus extract,31,1,fucus vesiculosus extract,,,,
909,soy isoflavones,31,1,soy isoflavones,,,,
910,houttuynia cordata extract,31,1,houttuynia cordata extract,,,,
911,glyceryl linoleate,31,1,glyceryl linoleate,,,,
912,hexanal,31,1,hexanal,,,,
913,lauraldehyde,31,1,lauraldehyde,,,,
914,sea salt/maris sal/sel marin,31,2,sea salt/maris sal/sel marin | sea salt\\maris sal\\sel marin,,,,
915,adansonia digitata (baobab) oil,30,1,adansonia digitata (baobab) oil,,,,
916,quaternium-80,30,1,quaternium-80,,,,
917,ammonium polyacryloyldimethyl taurate,30,1,ammonium polyacryloyldimethyl taurate,,,,
918,acetyl octapeptide-3,30,1,acetyl octapeptide-3,,,,
919,potassium benzoate,30,1,potassium benzoate,,,,
920,c12-16 pareth-9,30,1,c12-16 pareth-9,,,,
921,saccharomyces ferment filtrate,30,1,saccharomyces ferment filtrate,,,,
922,c18-36 acid triglyceride,30,1,c18-36 acid triglyceride,,,,
923,laminaria ochroleuca extract,30,1,laminaria ochroleuca extract,,,,
924,beta-sitosterol,30,1,beta-sitosterol,,,,
925,isocetyl stearate,30,1,isocetyl stearate,,,,
926,glycine soja (soybean) protein,30,1,glycine soja (soybean) protein,,,,
927,potassium chloride,30,1,potassium chloride,,,,
928,dipalmitoyl hydroxyproline,30,1,dipalmitoyl hydroxyproline,,,,
929,santalum album (sandalwood) extract,30,1,santalum album (sandalwood) extract,,,,
930,phytosteryl/isostearyl/cetyl/stearyl/behenyl dimer dilinoleate,30,1,phytosteryl/isostearyl/cetyl/stearyl/behenyl dimer dilinoleate,,,,
931,althaea officinalis root extract,30,1,althaea officinalis root extract,,,,
932,rosa damascena flower extract,30,1,rosa damascena flower extract,,,,
933,ci 73360 (red 30,30,1,ci 73360 (red 30,,,,
934,red 30 lake),30,1,red 30 lake),,,,
935,glycine soja (soybean) sterols,30,1,glycine soja (soybean) sterols,,,,
936,copper pca,30,1,copper pca,,,,
937,tropolone,30,1,tropolone,,,,
938,ethylparaben,30,1,ethylparaben,,,,
939,erythrulose,30,1,erythrulose,,,,
940,hydrolyzed rice extract,30,1,hydrolyzed rice extract,,,,
941,peg-150 pentaerythrityl tetrastearate,30,1,peg-150 pentaerythrityl tetrastearate,,,,
942,haematococcus pluvialis extract,30,1,haematococcus pluvialis extract,,,,
943,algae (seaweed) extract,30,1,algae (seaweed) extract,,,,
944,myristyl nicotinate,30,1,myristyl nicotinate,,,,
945,oleanolic acid,29,1,oleanolic acid,,,,
946,sodium cocoyl glycinate,29,1,sodium cocoyl glycinate,,,,
947,peg-30 dipolyhydroxystearate,29,1,peg-30 dipolyhydroxystearate,,,,
948,trimethylsiloxyamodimethicone,29,1,trimethylsiloxyamodimethicone,,,,
949,caesalpinia spinosa gum,29,1,caesalpinia spinosa gum,,,,
950,calcium stearate,29,1,calcium stearate,,,,
951,red 27 lake,29,1,red 27 lake,,,,
952,polyglyceryl-10 myristate,29,1,polyglyceryl-10 myristate,,,,
953,zingiber officinale (ginger) root oil,29,1,zingiber officinale (ginger) root oil,,,,
954,actinidia chinensis (kiwi) fruit extract,29,1,actinidia chinensis (kiwi) fruit extract,,,,
955,beta vulgaris (beet) root extract,29,1,beta vulgaris (beet) root extract,,,,
956,euterpe oleracea fruit extract,29,1,euterpe oleracea fruit extract,,,,
957,magnesium nitrate,29,1,magnesium nitrate,,,,
958,cera alba/beeswax/cire d’abeille,29,1,cera alba/beeswax/cire d’abeille,,,,
959,centaurea cyanus flower water,29,1,centaurea cyanus flower water,,,,
960,melanin,29,1,melanin,,,,
961,flavor,29,1,flavor,,,,
962,ethylhexyl isononanoate,29,1,ethylhexyl isononanoate,,,,
963,salix nigra (willow) bark extract,29,1,salix nigra (willow) bark extract,,,,
964,borago officinalis (borage) leaf extract,29,1,borago officinalis (borage) leaf extract*,,,,
965,xylose,29,1,xylose,,,,
966,ethyl hexyl glycerin,29,1,ethyl hexyl glycerin,,,,
967,adansonia digitata seed oil (baobab oil),29,1,adansonia digitata seed oil (baobab oil),,,,
968,styrax benzoin resin extract,29,1,styrax benzoin resin extract,,,,
969,sodium methyl oleoyl taurate,28,1,sodium methyl oleoyl taurate,,,,
970,pearl powder,28,1,pearl powder,,,,
971,euphorbia cerifera (candelilla) wax/candelilla cera/cire de candelilla,28,1,euphorbia cerifera (candelilla) wax/candelilla cera/cire de candelilla,,,,
972,ethylhexyl olivate,28,1,ethylhexyl olivate,,,,
973,sodium potassium aluminum silicate,28,1,sodium potassium aluminum silicate,,,,
974,magnesium silicate,28,1,magnesium silicate,,,,
975,c12-16 alcohols,28,1,c12-16 alcohols,,,,
976,paeonia albiflora root extract,28,1,paeonia albiflora root extract,,,,
977,achillea millefolium extract,28,1,achillea millefolium extract,,,,
978,dipeptide diaminobutyroyl benzylamide diacetate,28,1,dipeptide diaminobutyroyl benzylamide diacetate,,,,
979,tourmaline,28,1,tourmaline,,,,
980,arachidic acid,28,1,arachidic acid,,,,
981,castor oil/ipdi copolymer,28,1,castor oil/ipdi copolymer,,,,
982,honey/mel/miel,28,1,honey/mel/miel,,,,
983,octyldodecyl citrate crosspolymer,28,1,octyldodecyl citrate crosspolymer,,,,
984,ceteareth-25,28,1,ceteareth-25,,,,
985,ethylhexyl,28,1,ethylhexyl,,,,
986,acacia decurrens flower wax,28,1,acacia decurrens flower wax,,,,
987,salvia officinalis (sage) oil,28,1,salvia officinalis (sage) oil,,,,
988,ci 77000 (aluminum powder),28,1,ci 77000 (aluminum powder),,,,
989,rehmannia glutinosa root extract,28,1,rehmannia glutinosa root extract,,,,
990,elettaria cardamomum seed oil,28,2,elettaria cardamomum seed oil | elettaria cardamomum seed oil*,,,,
991,urtica dioica (nettle) extract,27,1,urtica dioica (nettle) extract,,,,
992,camellia oleifera leaf extract,27,1,camellia oleifera leaf extract,,,,
993,glycine soja (soybean) extract,27,1,glycine soja (soybean) extract,,,,
994,serenoa serrulata fruit extract,27,1,serenoa serrulata fruit extract,,,,
995,neopentyl glycol dicaprylate/dicaprate,27,1,neopentyl glycol dicaprylate/dicaprate,,,,
996,hydrogenated palm oil,27,1,hydrogenated palm oil,,,,
997,polysilicone-2,27,1,polysilicone-2,,,,
998,sodium laureth-12 sulfate,27,1,sodium laureth-12 sulfate,,,,
999,hydroxypropyltrimonium hydrolyzed corn starch,27,1,hydroxypropyltrimonium hydrolyzed corn starch,,,,
1000,n-butyl alcohol,27,1,n-butyl alcohol,,,,
1001,rosa centifolia flower extract,27,1,rosa centifolia flower extract,,,,
1002,boswellia serrata extract,27,1,boswellia serrata extract,,,,
1003,ribes nigrum (black currant) fruit extract,27,1,ribes nigrum (black currant) fruit extract,,,,
1004,prunus persica (peach) fruit extract,27,1,prunus persica (peach) fruit extract,,,,
1005,malpighia punicifolia (acerola) fruit extract,27,1,malpighia punicifolia (acerola) fruit extract,,,,
1006,lycium chinense fruit extract,27,1,lycium chinense fruit extract,,,,
1007,arnica montana (arnica) extract,27,1,arnica montana (arnica) extract*,,,,
1008,benzoguanamine,27,1,benzoguanamine,,,,
1009,zinc acetylmethionate,27,1,zinc acetylmethionate,,,,
1010,polyglyceryl-2 stearate,26,1,polyglyceryl-2 stearate,,,,
1011,maltooligosyl glucoside,26,1,maltooligosyl glucoside,,,,
1012,tranexamic acid,26,1,tranexamic acid,,,,
1013,lactic acid/glycolic acid copolymer,26,1,lactic acid/glycolic acid copolymer,,,,
1014,acetyl dipeptide-1 cetyl ester,26,1,acetyl dipeptide-1 cetyl ester,,,,
1015,undeceth-11,26,1,undeceth-11,,,,
1016,undeceth-5,26,1,undeceth-5,,,,
1017,ammonium acrylates copolymer,26,1,ammonium acrylates copolymer,,,,
1018,caprylic/capric glycerides,26,1,caprylic/capric glycerides,,,,
1019,hydroxypropylgluconamide,26,1,hydroxypropylgluconamide,,,,
1020,hydroxypropylammonium gluconate,26,1,hydroxypropylammonium gluconate,,,,
1021,calcium silicate,26,1,calcium silicate,,,,
1022,larix europaea wood extract,26,1,larix europaea wood extract,,,,
1023,magnesium oxide,26,1,magnesium oxide,,,,
1024,polyglyceryl-3 caprate,26,1,polyglyceryl-3 caprate,,,,
1025,peg-20 methyl glucose sesquistearate,26,1,peg-20 methyl glucose sesquistearate,,,,
1026,mangifera indica (mango) fruit extract,26,1,mangifera indica (mango) fruit extract,,,,
1027,chenopodium quinoa seed extract,26,1,chenopodium quinoa seed extract,,,,
1028,polyglyceryl-10 dioleate,26,1,polyglyceryl-10 dioleate,,,,
1029,peg-8 beeswax,26,1,peg-8 beeswax,,,,
1030,theobroma grandiflorum (cupuacu) seed butter,26,1,theobroma grandiflorum (cupuacu) seed butter,,,,
1031,caprylic acid,26,1,caprylic acid,,,,
1032,punica granatum fruit extract,26,1,punica granatum fruit extract,,,,
1033,hedera helix (ivy) extract,26,1,hedera helix (ivy) extract,,,,
1034,caprylyl caprylate/caprate,26,1,caprylyl caprylate/caprate,,,,
1035,sanguisorba officinalis root extract,26,1,sanguisorba officinalis root extract,,,,
1036,angelica keiskei leaf/stem extract,26,1,angelica keiskei leaf/stem extract,,,,
1037,equisetum arvense (horsetail) extract,25,1,equisetum arvense (horsetail) extract,,,,
1038,laureth-12,25,1,laureth-12,,,,
1039,rosa damascena extract,25,1,rosa damascena extract,,,,
1040,panthenyl ethyl ether,25,1,panthenyl ethyl ether,,,,
1041,peg-200 hydrogenated glyceryl palmate,25,1,peg-200 hydrogenated glyceryl palmate,,,,
1042,pentaerythrityl tetra-di-t-butyl,25,1,pentaerythrityl tetra-di-t-butyl,,,,
1043,ethylhexyl polyhydroxystearate,25,1,ethylhexyl polyhydroxystearate,,,,
1044,sodium polystyrene sulfonate,25,1,sodium polystyrene sulfonate,,,,
1045,centella asiatica leaf extract,25,1,centella asiatica leaf extract,,,,
1046,hydroxystearic acid,25,1,hydroxystearic acid,,,,
1047,moringa oleifera leaf extract,25,1,moringa oleifera leaf extract,,,,
1048,sucrose palmitate,25,1,sucrose palmitate,,,,
1049,red 30 (ci 73360),25,1,red 30 (ci 73360),,,,
1050,triisostearin,25,1,triisostearin,,,,
1051,hydrolyzed adansonia digitata seed extract,25,1,hydrolyzed adansonia digitata seed extract,,,,
1052,portulaca pilosa extract,25,1,portulaca pilosa extract,,,,
1053,aroma (flavor),25,1,aroma (flavor),,,,
1054,gellan gum,25,1,gellan gum,,,,
1055,peg-6,25,1,peg-6,,,,
1056,nylon-6,25,1,nylon-6,,,,
1057,oryzanol,25,1,oryzanol,,,,
1058,saccharomyces ferment,25,1,saccharomyces ferment,,,,
1059,calcium pantothenate,25,1,calcium pantothenate,,,,
1060,sodium polyacryloyldimethyl taurate,24,1,sodium polyacryloyldimethyl taurate,,,,
1061,eucalyptus globulus leaf extract,24,1,eucalyptus globulus leaf extract,,,,
1062,polydextrose,24,1,polydextrose,,,,
1063,polyglyceryl-6 caprylate,24,1,polyglyceryl-6 caprylate,,,,
1064,poloxamer 407,24,1,poloxamer 407,,,,
1065,cocamidopropyl dimethylamine,24,1,cocamidopropyl dimethylamine,,,,
1066,glyoxal,24,1,glyoxal,,,,
1067,copernicia cerifera (carnauba) wax/copernicia cerifera cera/cire de carnauba,24,1,copernicia cerifera (carnauba) wax/copernicia cerifera cera/cire de carnauba,,,,
1068,malachite extract,24,1,malachite extract,,,,
1069,hydroxyethylpiperazine ethane sulfonic acid,24,1,hydroxyethylpiperazine ethane sulfonic acid,,,,
1070,polypropylene,24,1,polypropylene,,,,
1071,tricaprylin,24,1,tricaprylin,,,,
1072,ppg-15 stearyl ether,24,1,ppg-15 stearyl ether,,,,
1073,salvia sclarea (clary) extract,24,1,salvia sclarea (clary) extract,,,,
1074,rose extract,24,1,rose extract,,,,
1075,peg-32,24,1,peg-32,,,,
1076,carthamus tinctorius (safflower) oleosomes,24,1,carthamus tinctorius (safflower) oleosomes,,,,
1077,fragaria vesca (strawberry) fruit extract,24,1,fragaria vesca (strawberry) fruit extract,,,,
1078,ophiopogon japonicus root extract,24,1,ophiopogon japonicus root extract,,,,
1079,aroma/flavor,24,1,aroma/flavor,,,,
1080,caryodendron orinocense seed oil,24,1,caryodendron orinocense seed oil,,,,
1081,rice oil glycereth-8 esters,24,1,rice oil glycereth-8 esters,,,,
1082,olea europaea fruit oil/olive fruit oil,24,1,olea europaea fruit oil / olive fruit oil,,,,
1083,tetramethyl acetyloctahydronaphthalenes,23,1,tetramethyl acetyloctahydronaphthalenes,,,,
1084,althaea officinalis (marshmallow) root extract,23,1,althaea officinalis (marshmallow) root extract,,,,
1085,benzyl acetate,23,1,benzyl acetate,,,,
1086,alteromonas ferment extract,23,1,alteromonas ferment extract,,,,
1087,stearalkonium chloride,23,1,stearalkonium chloride,,,,
1088,butyloctanol,23,1,butyloctanol,,,,
1089,hydrolyzed corn protein,23,1,hydrolyzed corn protein,,,,
1090,potassium cocoyl glycinate,23,1,potassium cocoyl glycinate,,,,
1091,hydrolyzed pea protein,23,1,hydrolyzed pea protein,,,,
1092,hydrolyzed glycosaminoglycans,23,1,hydrolyzed glycosaminoglycans,,,,
1093,benzotriazolyl dodecyl p-cresol,23,1,benzotriazolyl dodecyl p-cresol,,,,
1094,hydrogenated styrene/methylstyrene/indene copolymer,23,1,hydrogenated styrene/methylstyrene/indene copolymer,,,,
1095,hydroxyhydrocinnamate,23,1,hydroxyhydrocinnamate,,,,
1096,o-cymen-5-ol,23,1,o-cymen-5-ol,,,,
1097,hydrogenated vegetable glycerides,23,1,hydrogenated vegetable glycerides,,,,
1098,commiphora mukul resin extract,23,1,commiphora mukul resin extract,,,,
1099,lonicera caprifolium (honeysuckle) flower extract,23,1,lonicera caprifolium (honeysuckle) flower extract,,,,
1100,spinacia oleracea (spinach) leaf extract,23,1,spinacia oleracea (spinach) leaf extract,,,,
1101,sodium surfactin,23,1,sodium surfactin,,,,
1102,avena sativa (oat) kernel flour,23,1,avena sativa (oat) kernel flour,,,,
1103,polyglyceryl-3 laurate,23,1,polyglyceryl-3 laurate,,,,
1104,trifolium pratense (clover) extract,23,1,trifolium pratense (clover) extract,,,,
1105,hexyldecanol,23,1,hexyldecanol,,,,
1106,octyldodecyl myristate,23,1,octyldodecyl myristate,,,,
1107,rhododendron ferrugineum extract,23,1,rhododendron ferrugineum extract,,,,
1108,neopentyl glycol diethylhexanoate,23,1,neopentyl glycol diethylhexanoate,,,,
1109,capryloyl glycine,23,1,capryloyl glycine,,,,
1110,ethylcellulose,23,1,ethylcellulose,,,,
1111,ethylhexyl hydroxystearate,23,1,ethylhexyl hydroxystearate,,,,
1112,ocimum basilicum (basil) leaf extract,23,1,ocimum basilicum (basil) leaf extract,,,,
1113,peg-75 stearate,23,1,peg-75 stearate,,,,
1114,ceramide ns,23,1,ceramide ns,,,,
1115,citrus junos seed extract,23,1,citrus junos seed extract,,,,
1116,spiraea ulmaria (meadowsweet) extract,23,1,spiraea ulmaria (meadowsweet) extract*,,,,
1117,aroma,23,1,aroma**,,,,
1118,triethylene glycol,23,1,triethylene glycol,,,,
1119,ppg-3 dipivalate,23,1,ppg-3 dipivalate,,,,
1120,peg/ppg-17/4 dimethyl ether,23,1,peg/ppg-17/4 dimethyl ether,,,,
1121,alpha keratin,23,1,alpha keratin,,,,
1122,bambusa vulgaris (bamboo) extract,22,1,bambusa vulgaris (bamboo) extract,,,,
1123,parachlorella beijerinckii exopolysaccharides,22,1,parachlorella beijerinckii exopolysaccharides,,,,
1124,coffea arabica (coffee) seed oil,22,1,coffea arabica (coffee) seed oil,,,,
1125,pseudoalteromonas ferment extract,22,1,pseudoalteromonas ferment extract,,,,
1126,pyridoxine hcl,22,1,pyridoxine hcl,,,,
1127,thymus vulgaris (thyme) leaf extract,22,1,thymus vulgaris (thyme) leaf extract,,,,
1128,oleth-20,22,1,oleth-20,,,,
1129,silicone quaternium-16,22,1,silicone quaternium-16,,,,
1130,epilobium angustifolium flower/leaf/stem extract,22,1,epilobium angustifolium flower/leaf/stem extract,,,,
1131,amp-acrylates/allyl methacrylate copolymer,22,1,amp-acrylates/allyl methacrylate copolymer,,,,
1132,triisodecyl trimellitate,22,1,triisodecyl trimellitate,,,,
1133,myristoyl pentapeptide-17,22,1,myristoyl pentapeptide-17,,,,
1134,hydrogenated styrene/methyl styrene/indene copolymer,22,1,hydrogenated styrene/methyl styrene/indene copolymer,,,,
1135,oligopeptide-177,22,1,oligopeptide-177,,,,
1136,ethyl oleate,22,1,ethyl oleate,,,,
1137,magnesium aspartate,22,1,magnesium aspartate,,,,
1138,amber extract,22,1,amber extract,,,,
1139,spilanthes acmella flower extract,22,1,spilanthes acmella flower extract,,,,
1140,salvia sclarea (clary) oil,22,1,salvia sclarea (clary) oil,,,,
1141,ectoin,22,1,ectoin,,,,
1142,ppg-2 myristyl ether propionate,22,1,ppg-2 myristyl ether propionate,,,,
1143,red 21 (ci 45380),22,1,red 21 (ci 45380),,,,
1144,cannabis sativa (hemp) seed oil,22,1,cannabis sativa (hemp) seed oil,,,,
1145,brassicyl isoleucinate esylate,22,1,brassicyl isoleucinate esylate,,,,
1146,silybum marianum (lady thistle) extract,22,1,silybum marianum (lady thistle) extract,,,,
1147,oleyl alcohol,22,1,oleyl alcohol,,,,
1148,gelidiella acerosa extract,22,1,gelidiella acerosa extract,,,,
1149,geranyl acetate,22,1,geranyl acetate,,,,
1150,sodium carboxymethyl beta-glucan,22,1,sodium carboxymethyl beta-glucan,,,,
1151,escin,22,1,escin,,,,
1152,alcaligenes polysaccharides,22,1,alcaligenes polysaccharides,,,,
1153,polysilicone-29,22,1,polysilicone-29,,,,
1154,arctium lappa root extract,22,1,arctium lappa root extract,,,,
1155,bacillus ferment,22,1,bacillus ferment,,,,
1156,punica granatum sterols,22,1,punica granatum sterols,,,,
1157,glass,22,1,glass,,,,
1158,agastache mexicana flower/leaf/stem extract,22,1,agastache mexicana flower/leaf/stem extract,,,,
1159,phosphatidylcholine,22,1,phosphatidylcholine,,,,
1160,chlorhexidine dihydrochloride,22,1,chlorhexidine dihydrochloride,,,,
1161,glass beads,22,1,glass beads,,,,
1162,glycyrrhiza uralensis (licorice) root extract,22,1,glycyrrhiza uralensis (licorice) root extract,,,,
1163,cucurbita pepo (pumpkin) seed oil,21,1,cucurbita pepo (pumpkin) seed oil,,,,
1164,passiflora incarnata extract,21,1,passiflora incarnata extract,,,,
1165,azelaic acid,21,1,azelaic acid,,,,
1166,hydroxyphenyl propamidobenzoic acid,21,1,hydroxyphenyl propamidobenzoic acid,,,,
1167,polyglyceryl-3 stearate,21,1,polyglyceryl-3 stearate,,,,
1168,trideceth-6 phosphate,21,1,trideceth-6 phosphate,,,,
1169,sodium polyacrylate starch,21,1,sodium polyacrylate starch,,,,
1170,ammonium glycyrrhizate,21,1,ammonium glycyrrhizate,,,,
1171,lysolecithin,21,1,lysolecithin,,,,
1172,dibutyl lauroyl glutamide,21,1,dibutyl lauroyl glutamide,,,,
1173,portulaca oleracea extract,21,1,portulaca oleracea extract,,,,
1174,chondrus crispus (carrageenan),21,1,chondrus crispus (carrageenan),,,,
1175,copolymer,21,1,copolymer,,,,
1176,isoceteth-10,21,1,isoceteth-10,,,,
1177,alanyl glutamine,21,1,alanyl glutamine,,,,
1178,sphingolipids,21,1,sphingolipids,,,,
1179,candelilla cera (euphorbia cerifera (candelilla) wax),21,1,candelilla cera (euphorbia cerifera (candelilla) wax),,,,
1180,sodium tocopheryl phosphate,21,1,sodium tocopheryl phosphate,,,,
1181,sodium carbonate,21,1,sodium carbonate,,,,
1182,orbignya oleifera (babassu) seed oil,21,1,orbignya oleifera (babassu) seed oil,,,,
1183,olea europaea (olive) oil unsaponifiables,21,1,olea europaea (olive) oil unsaponifiables,,,,
1184,cichorium intybus (chicory) root extract,21,1,cichorium intybus (chicory) root extract,,,,
1185,bixa orellana seed extract,21,1,bixa orellana seed extract,,,,
1186,micrococcus lysate,21,1,micrococcus lysate,,,,
1187,acetamide mea,21,1,acetamide mea,,,,
1188,sodium anisate,21,1,sodium anisate,,,,
1189,brassica campestris/aleurites fordi oil copolymer,21,1,brassica campestris/aleurites fordi oil copolymer,,,,
1190,carapa guaianensis (andiroba) seed oil,21,1,carapa guaianensis (andiroba) seed oil,,,,
1191,saccharomyces/xylinum/black tea ferment,21,1,saccharomyces/xylinum/black tea ferment,,,,
1192,red 36 lake),21,1,red 36 lake),,,,
1193,ci 45380 (red 21,21,1,ci 45380 (red 21,,,,
1194,red 21 lake,21,1,red 21 lake,,,,
1195,red 22 lake),21,1,red 22 lake),,,,
1196,zinc sulfate,21,1,zinc sulfate,,,,
1197,jasminum officinale (jasmine) flower/leaf extract,21,1,jasminum officinale (jasmine) flower/leaf extract,,,,
1198,prunus insititia seed oil,21,1,prunus insititia seed oil,,,,
1199,quercus petraea fruit extract,21,1,quercus petraea fruit extract,,,,
1200,citrus aurantium bergamia (bergamot) peel oil,20,1,citrus aurantium bergamia (bergamot) peel oil,,,,
1201,dilauryl thiodipropionate,20,1,dilauryl thiodipropionate,,,,
1202,extract,20,1,extract,,,,
1203,vaccinium myrtillus seed oil,20,1,vaccinium myrtillus seed oil,,,,
1204,elaeis guineensis (palm) oil,20,1,elaeis guineensis (palm) oil,,,,
1205,hydrolyzed lupine protein,20,1,hydrolyzed lupine protein,,,,
1206,avena sativa (oat) bran extract,20,1,avena sativa (oat) bran extract,,,,
1207,silicone quaternium-3,20,1,silicone quaternium-3,,,,
1208,sodium,20,1,sodium,,,,
1209,plukenetia volubilis seed oil,20,1,plukenetia volubilis seed oil,,,,
1210,c20-24 olefin,20,1,c20-24 olefin,,,,
1211,green 5 (ci 61570),20,1,green 5 (ci 61570),,,,
1212,melissa officinalis leaf extract,20,1,melissa officinalis leaf extract,,,,
1213,cera alba/beeswax,20,1,cera alba/beeswax,,,,
1214,bambusa arundinacea stem extract,20,1,bambusa arundinacea stem extract,,,,
1215,rhus succedanea fruit wax,20,1,rhus succedanea fruit wax,,,,
1216,diazolidinyl urea,20,1,diazolidinyl urea,,,,
1217,glyceryl triacetyl ricinoleate,20,1,glyceryl triacetyl ricinoleate,,,,
1218,quaternium-90 bentonite,20,1,quaternium-90 bentonite,,,,
1219,olea europaea (olive) fruit extract,20,1,olea europaea (olive) fruit extract,,,,
1220,hydrolyzed wheat starch,20,1,hydrolyzed wheat starch,,,,
1221,dimethylimidazolidinone rice starch,20,1,dimethylimidazolidinone rice starch,,,,
1222,phenylpropyldimethylsiloxysilicate,20,1,phenylpropyldimethylsiloxysilicate,,,,
1223,hydrolyzed yeast protein,20,1,hydrolyzed yeast protein,,,,
1224,emblica officinalis fruit extract,20,1,emblica officinalis fruit extract,,,,
1225,lauryl lactate,20,1,lauryl lactate,,,,
1226,palmitoyl grapevine shoot extract,20,1,palmitoyl grapevine shoot extract,,,,
1227,cucumis melo (melon) fruit extract,20,1,cucumis melo (melon) fruit extract,,,,
1228,withania somnifera root extract,20,1,withania somnifera root extract,,,,
1229,lithothamnion calcareum extract,20,1,lithothamnion calcareum extract,,,,
1230,cyclomethicone,20,1,cyclomethicone,,,,
1231,polyglyceryl-2 isostearate/dimer dilinoleate copolymer,20,1,polyglyceryl-2 isostearate/dimer dilinoleate copolymer,,,,
1232,ficus carica (fig) fruit extract,20,1,ficus carica (fig) fruit extract,,,,
1233,sea whip extract,20,1,sea whip extract,,,,
1234,tetrahydroxypropyl ethylenediamine,20,1,tetrahydroxypropyl ethylenediamine,,,,
1235,disodium lauryl sulfosuccinate,20,1,disodium lauryl sulfosuccinate,,,,
1236,piper nigrum (black pepper) seed extract,20,1,piper nigrum (black pepper) seed extract,,,,
1237,citrus aurantifolia (lime) fruit extract,20,1,citrus aurantifolia (lime) fruit extract,,,,
1238,microcrystalline wax/cera microcristallina/cire microcrystalline,20,1,microcrystalline wax/cera microcristallina/cire microcrystalline,,,,
1239,daucus carota sativa (carrot) extract,20,1,daucus carota sativa (carrot) extract,,,,
1240,sodium cocoamphoacetate,20,1,sodium cocoamphoacetate,,,,
1241,red 22,20,1,red 22,,,,
1242,vaccinium myrtillus fruit/leaf extract,20,1,vaccinium myrtillus fruit/leaf extract,,,,
1243,canola oil,20,1,canola oil,,,,
1244,ceratonia siliqua (carob) gum,20,1,ceratonia siliqua (carob) gum,,,,
1245,kaempferia galanga root extract,20,1,kaempferia galanga root extract,,,,
1246,trideceth-5,20,1,trideceth-5,,,,
1247,citrus unshiu peel extract,20,1,citrus unshiu peel extract,,,,
1248,glyceryl linolenate,20,1,glyceryl linolenate,,,,
1249,trimethylolpropane triethylhexanoate,20,1,trimethylolpropane triethylhexanoate,,,,
1250,sorbeth-230 tetraoleate,20,1,sorbeth-230 tetraoleate,,,,
1251,polygonatum odoratum rhizome extract,20,1,polygonatum odoratum rhizome extract,,,,
1252,dunaliella salina extract,19,1,dunaliella salina extract,,,,
1253,polyquaternium-55,19,1,polyquaternium-55,,,,
1254,hectorite,19,1,hectorite,,,,
1255,maltodextrin/vp copolymer,19,1,maltodextrin/vp copolymer,,,,
1256,sodium chondroitin sulfate,19,1,sodium chondroitin sulfate,,,,
1257,sisymbrium irio seed oil,19,1,sisymbrium irio seed oil,,,,
1258,vitis vinifera (grape) juice extract,19,1,vitis vinifera (grape) juice extract,,,,
1259,peg-20 glyceryl triisostearate,19,1,peg-20 glyceryl triisostearate,,,,
1260,methyl dihydroabietate,19,1,methyl dihydroabietate,,,,
1261,ethyl ferulate,19,1,ethyl ferulate,,,,
1262,thermus thermophillus ferment,19,1,thermus thermophillus ferment,,,,
1263,oleic/linoleic/linolenic polyglycerides,19,1,oleic/linoleic/linolenic polyglycerides,,,,
1264,santalum album (sandalwood) oil,19,1,santalum album (sandalwood) oil,,,,
1265,cetrimonium methosulfate,19,1,cetrimonium methosulfate,,,,
1266,vitis vinifera (grape) juice,19,1,vitis vinifera (grape) juice,,,,
1267,plumeria rubra flower extract,19,1,plumeria rubra flower extract,,,,
1268,perilla ocymoides leaf extract,19,1,perilla ocymoides leaf extract,,,,
1269,selaginella lepidophylla (resurrection flower) extract,19,1,selaginella lepidophylla (resurrection flower) extract,,,,
1270,sambucus nigra (elder) flower extract,19,1,sambucus nigra (elder) flower extract,,,,
1271,chamomilla recutita (matricaria) flower extract (chamomile),19,1,chamomilla recutita (matricaria) flower extract (chamomile),,,,
1272,fucus vesiculosus (bladderwrack) (seaweed) extract,19,1,fucus vesiculosus (bladderwrack) (seaweed) extract,,,,
1273,tamarindus indica seed polysaccharide,19,1,tamarindus indica seed polysaccharide,,,,
1274,ci 73360 (red 30 lake),19,1,ci 73360 (red 30 lake),,,,
1275,paeonia suffruticosa root extract,19,1,paeonia suffruticosa root extract,,,,
1276,alpha-isomethyl-ionone,19,1,alpha-isomethyl-ionone,,,,
1277,narcissus tazetta bulb extract,19,1,narcissus tazetta bulb extract,,,,
1278,royal jelly extract,19,1,royal jelly extract,,,,
1279,polypropylsilsesquioxane,19,1,polypropylsilsesquioxane,,,,
1280,8-octahydro-2,19,1,8-octahydro-2,,,,
1281,glycine soja oil / soybean oil,19,1,glycine soja oil / soybean oil,,,,
1282,c13-16 isoparaffin,19,1,c13-16 isoparaffin,,,,
1283,calendula officinalis flower,19,1,calendula officinalis flower,,,,
1284,thymus serpyllum extract,19,1,thymus serpyllum extract,,,,
1285,naphtho2,19,1,naphtho2,,,,
1286,1-bfuran,19,1,1-bfuran,,,,
1287,dodecahydro-3a,19,1,dodecahydro-3a,,,,
1288,oryza sativa (rice) extract/oryza sativa extract,19,1,oryza sativa (rice) extract/oryza sativa extract,,,,
1289,gaultheria procumbens (wintergreen) oil,18,1,gaultheria procumbens (wintergreen) oil,,,,
1290,silk amino acids,18,1,silk amino acids,,,,
1291,glyceryl glucoside,18,1,glyceryl glucoside,,,,
1292,sodium salicylate,18,1,sodium salicylate,,,,
1293,polyglycerin-6,18,1,polyglycerin-6,,,,
1294,isomalt,18,1,isomalt,,,,
1295,hamamelis virginiana (witch hazel) leaf extract,18,1,hamamelis virginiana (witch hazel) leaf extract,,,,
1296,polyimide-1,18,1,polyimide-1,,,,
1297,tripeptide-1,18,1,tripeptide-1,,,,
1298,microcrystalline wax/cera microcristallina,18,1,microcrystalline wax/cera microcristallina,,,,
1299,red 21 lake (ci 45380),18,1,red 21 lake (ci 45380),,,,
1300,avena sativa (oat) kernel oil,18,1,avena sativa (oat) kernel oil,,,,
1301,beheneth-20,18,1,beheneth-20,,,,
1302,prunus domestica seed oil,18,1,prunus domestica seed oil,,,,
1303,polyglyceryl-10 oleate,18,1,polyglyceryl-10 oleate,,,,
1304,inulin lauryl carbamate,18,1,inulin lauryl carbamate,,,,
1305,c12-20 acid peg-8 ester,18,1,c12-20 acid peg-8 ester,,,,
1306,amber powder,18,1,amber powder,,,,
1307,sodium polyglutamate,18,1,sodium polyglutamate,,,,
1308,orange 5 (ci 45370),18,1,orange 5 (ci 45370),,,,
1309,brassica campestris (rapeseed) sterols,18,1,brassica campestris (rapeseed) sterols,,,,
1310,cetyl phosphate,18,1,cetyl phosphate,,,,
1311,pectin,18,1,pectin,,,,
1312,amp-isostearoyl hydrolyzed wheat protein,18,1,amp-isostearoyl hydrolyzed wheat protein,,,,
1313,cyperus esculentus root oil,18,1,cyperus esculentus root oil,,,,
1314,pentaerythrityl distearate,18,1,pentaerythrityl distearate,,,,
1315,pumice,18,1,pumice,,,,
1316,polyester-8,18,1,polyester-8,,,,
1317,sodium hydroxypropylsulfonate laurylglucoside crosspolymer,18,1,sodium hydroxypropylsulfonate laurylglucoside crosspolymer,,,,
1318,dilinoleic acid/butanediol copolymer,18,1,dilinoleic acid/butanediol copolymer,,,,
1319,stearyl glycyrrhetinate,18,1,stearyl glycyrrhetinate,,,,
1320,cucurbita pepo (pumpkin) seed extract,18,1,cucurbita pepo (pumpkin) seed extract,,,,
1321,hibiscus rosa-sinensis flower extract,18,1,hibiscus rosa-sinensis flower extract,,,,
1322,hydrogenated coconut acid,18,1,hydrogenated coconut acid,,,,
1323,evodia rutaecarpa fruit extract,18,1,evodia rutaecarpa fruit extract,,,,
1324,boerhavia diffusa root extract,18,1,boerhavia diffusa root extract,,,,
1325,behenyl behenate,18,1,behenyl behenate,,,,
1326,isostearyl hydroxystearate,18,1,isostearyl hydroxystearate,,,,
1327,rosa multiflora fruit extract,18,1,rosa multiflora fruit extract,,,,
1328,tasmannia lanceolata fruit/leaf extract,18,1,tasmannia lanceolata fruit/leaf extract,,,,
1329,maltose,18,1,maltose,,,,
1330,polyurethane-11,18,1,polyurethane-11,,,,
1331,oligopeptide-2,18,1,oligopeptide-2,,,,
1332,lactose,18,1,lactose,,,,
1333,passiflora edulis,18,1,passiflora edulis,,,,
1334,linoleamidopropyl dimethylamine dimer dilinoleate,18,1,linoleamidopropyl dimethylamine dimer dilinoleate,,,,
1335,vegetable amino acids,18,1,vegetable amino acids,,,,
1336,chondrus crispus,18,1,chondrus crispus,,,,
1337,oxacyclohexadec-12-en-2-one,18,1,oxacyclohexadec-12-en-2-one,,,,
1338,sargassum pacificum thallus extract,18,1,sargassum pacificum thallus extract,,,,
1339,dihydro pentamethylindanone,17,1,dihydro pentamethylindanone,,,,
1340,silybum marianum fruit extract,17,1,silybum marianum fruit extract,,,,
1341,dipeptide-2,17,1,dipeptide-2,,,,
1342,hesperidin methyl chalcone,17,1,hesperidin methyl chalcone,,,,
1343,sodium ascorbate,17,1,sodium ascorbate,,,,
1344,chamomilla recutita (matricaria) extract,17,1,chamomilla recutita (matricaria) extract,,,,
1345,hydroxypinacolone retinoate,17,1,hydroxypinacolone retinoate,,,,
1346,palmitamidopropyltrimonium chloride,17,1,palmitamidopropyltrimonium chloride,,,,
1347,octylacrylamide/acrylates/butylaminoethyl methacrylate copolymer,17,1,octylacrylamide/acrylates/butylaminoethyl methacrylate copolymer,,,,
1348,silicone quaternium-8,17,1,silicone quaternium-8,,,,
1349,adansonia digitata fruit extract,17,1,adansonia digitata fruit extract,,,,
1350,decyl oleate,17,1,decyl oleate,,,,
1351,c15-23 alkane,17,1,c15-23 alkane,,,,
1352,polyglyceryl-6 oleate,17,1,polyglyceryl-6 oleate,,,,
1353,punica granatum seed oil,17,1,punica granatum seed oil,,,,
1354,quercetin,17,1,quercetin,,,,
1355,prunus amygdalus dulcis (sweet almond) seed extract,17,1,prunus amygdalus dulcis (sweet almond) seed extract,,,,
1356,tridecyl stearate,17,1,tridecyl stearate,,,,
1357,octadecene,17,1,octadecene,,,,
1358,pelargonium graveolens (geranium) flower oil,17,1,pelargonium graveolens (geranium) flower oil,,,,
1359,lanolin alcohol,17,1,lanolin alcohol,,,,
1360,polyglyceryl-10 decaisostearate,17,1,polyglyceryl-10 decaisostearate,,,,
1361,hydrogenated olive oil,17,1,hydrogenated olive oil,,,,
1362,hippophae rhamnoides extract,17,1,hippophae rhamnoides extract,,,,
1363,tyrosine,17,1,tyrosine,,,,
1364,spirulina maxima extract,17,1,spirulina maxima extract,,,,
1365,dehydroxanthan gum,17,1,dehydroxanthan gum,,,,
1366,hydrolyzed wheat protein pg-propyl silanetriol,17,1,hydrolyzed wheat protein pg-propyl silanetriol,,,,
1367,opuntia ficus-indica stem extract,17,1,opuntia ficus-indica stem extract,,,,
1368,illite,17,1,illite,,,,
1369,rhodiola rosea root extract,17,1,rhodiola rosea root extract,,,,
1370,ximenia americana seed oil,17,1,ximenia americana seed oil,,,,
1371,acrylates crosspolymer-4,17,1,acrylates crosspolymer-4,,,,
1372,iso e super,17,1,iso e super,,,,
1373,citrus aurantium amara (bitter orange) flower oil,17,1,citrus aurantium amara (bitter orange) flower oil,,,,
1374,mel (honey),17,1,mel (honey),,,,
1375,stearyl heptanoate,17,1,stearyl heptanoate,,,,
1376,zea mays (corn) oil,17,1,zea mays (corn) oil,,,,
1377,c20-40 alcohols,17,1,c20-40 alcohols,,,,
1378,sodium rna,17,1,sodium rna,,,,
1379,peg-75,17,1,peg-75,,,,
1380,ethylhexyl methoxycrylene,17,1,ethylhexyl methoxycrylene,,,,
1381,vp/methacrylamide/vinyl imidazole copolymer,17,1,vp/methacrylamide/vinyl imidazole copolymer,,,,
1382,psidium guajava (guava) fruit extract,17,1,psidium guajava (guava) fruit extract,,,,
1383,ginkgo biloba extract,17,1,ginkgo biloba extract,,,,
1384,flavor/aroma,17,1,flavor/aroma,,,,
1385,hydrogenated palm kernel glycerides,17,1,hydrogenated palm kernel glycerides,,,,
1386,hexylresorcinol,17,1,hexylresorcinol,,,,
1387,eugenia caryophyllus (clove) flower extract,17,1,eugenia caryophyllus (clove) flower extract,,,,
1388,asiatic acid,17,1,asiatic acid,,,,
1389,genistein,17,1,genistein,,,,
1390,cucumis sativus (cucumber) seed oil,17,1,cucumis sativus (cucumber) seed oil,,,,
1391,hordeum vulgare leaf juice,17,1,hordeum vulgare leaf juice*,,,,
1392,isopropanolamine,17,1,isopropanolamine,,,,
1393,methoxycinnamate,17,1,methoxycinnamate,,,,
1394,olivine extract,17,1,olivine extract,,,,
1395,6-nonadien-3-ol,17,1,6-nonadien-3-ol,,,,
1396,sucrose laurate,16,1,sucrose laurate,,,,
1397,gossypium herbaceum (cotton) seed oil,16,1,gossypium herbaceum (cotton) seed oil,,,,
1398,darutoside,16,1,darutoside,,,,
1399,spirulina platensis extract,16,1,spirulina platensis extract,,,,
1400,tetradecyl aminobutyroylvalylaminobutyric urea trifluoroacetate,16,1,tetradecyl aminobutyroylvalylaminobutyric urea trifluoroacetate,,,,
1401,lactobacillus/pumpkin ferment extract,16,1,lactobacillus/pumpkin ferment extract,,,,
1402,cocamidopropylamine oxide,16,1,cocamidopropylamine oxide,,,,
1403,soy amino acids,16,1,soy amino acids,,,,
1404,polyquaternium-70,16,1,polyquaternium-70,,,,
1405,polyquaternium-73,16,1,polyquaternium-73,,,,
1406,hydrogenated cottonseed oil,16,1,hydrogenated cottonseed oil,,,,
1407,synthetic japan wax,16,1,synthetic japan wax,,,,
1408,tocotrienols,16,1,tocotrienols,,,,
1409,nasturtium officinale extract,16,1,nasturtium officinale extract,,,,
1410,hippophae rhamnoides fruit extract,16,1,hippophae rhamnoides fruit extract,,,,
1411,triisostearyl citrate,16,1,triisostearyl citrate,,,,
1412,mentha piperita (peppermint) leaf extract,16,1,mentha piperita (peppermint) leaf extract,,,,
1413,ppg-12/smdi copolymer,16,1,ppg-12/smdi copolymer,,,,
1414,sodium palmate,16,1,sodium palmate,,,,
1415,peg-150,16,1,peg-150,,,,
1416,symphytum officinale leaf extract,16,1,symphytum officinale leaf extract,,,,
1417,mentha arvensis leaf oil,16,1,mentha arvensis leaf oil,,,,
1418,polyquaternium-22,16,1,polyquaternium-22,,,,
1419,euterpe oleracea fruit oil,16,1,euterpe oleracea fruit oil,,,,
1420,brassica oleracea italica (broccoli) extract,16,1,brassica oleracea italica (broccoli) extract,,,,
1421,cyanocobalamin,16,1,cyanocobalamin,,,,
1422,leucine,16,1,leucine,,,,
1423,ferula galbaniflua (galbanum) resin oil,16,1,ferula galbaniflua (galbanum) resin oil*,,,,
1424,potassium sulfate,16,1,potassium sulfate,,,,
1425,bha,16,1,bha,,,,
1426,lauryl/myristyl polyricinoleate,16,1,lauryl/myristyl polyricinoleate,,,,
1427,euterpe oleracea (acaì) fruit oil,16,1,euterpe oleracea (acaì) fruit oil,,,,
1428,carthamus tinctorius (safflower) seed extract,16,1,carthamus tinctorius (safflower) seed extract,,,,
1429,cetyl ricinoleate,16,1,cetyl ricinoleate,,,,
1430,silicone quaternium-18,16,1,silicone quaternium-18,,,,
1431,fructooligosaccharides,16,1,fructooligosaccharides,,,,
1432,malva sylvestris (mallow) flower extract,16,1,malva sylvestris (mallow) flower extract,,,,
1433,panax (ginseng) root extract,16,1,panax (ginseng) root extract,,,,
1434,lysine hcl,16,1,lysine hcl,,,,
1435,fumaric acid,16,1,fumaric acid,,,,
1436,glycogen,16,1,glycogen,,,,
1437,calophyllum inophyllum seed oil,16,1,calophyllum inophyllum seed oil,,,,
1438,yogurt powder,16,1,yogurt powder,,,,
1439,diatomaceous earth,16,1,diatomaceous earth,,,,
1440,madecassic acid,16,1,madecassic acid,,,,
1441,ceramide eos,16,1,ceramide eos,,,,
1442,caprooyl sphingosine,16,1,caprooyl sphingosine,,,,
1443,phytosteryl canola glycerides,16,1,phytosteryl canola glycerides,,,,
1444,propolis extract,16,1,propolis extract,,,,
1445,aspalathus linearis leaf extract,16,1,aspalathus linearis leaf extract,,,,
1446,sapindus mukorossi peel extract,16,1,sapindus mukorossi peel extract,,,,
1447,hydroxypropyl tetrahydropyrantriol,16,1,hydroxypropyl tetrahydropyrantriol,,,,
1448,hydrogenated farnesene,16,1,hydrogenated farnesene*,,,,
1449,c12-13 pareth-9,16,1,c12-13 pareth-9,,,,
1450,silicone quaternium-22,16,1,silicone quaternium-22,,,,
1451,nymphaea odorata root extract,16,1,nymphaea odorata root extract,,,,
1452,theobroma grandiflorum (cupuaçu) seed butter,16,1,theobroma grandiflorum (cupuaçu) seed butter,,,,
1453,lavandula (lavender) spica oil,15,1,lavandula (lavender) spica oil,,,,
1454,enantia chlorantha bark extract,15,1,enantia chlorantha bark extract,,,,
1455,copper tripeptide-1,15,1,copper tripeptide-1,,,,
1456,jasminum officinale (jasmine) oil,15,1,jasminum officinale (jasmine) oil,,,,
1457,peg-4 dilaurate,15,1,peg-4 dilaurate,,,,
1458,apigenin,15,1,apigenin,,,,
1459,benzalkonium chloride,15,1,benzalkonium chloride,,,,
1460,silanetriol,15,1,silanetriol,,,,
1461,opuntia ficus-indica seed oil,15,1,opuntia ficus-indica seed oil,,,,
1462,polybutylene terephthalate,15,1,polybutylene terephthalate,,,,
1463,2- hexanediol,15,1,2- hexanediol,,,,
1464,ethylenediamine/stearyl dimer dilinoleate copolymer,15,1,ethylenediamine/stearyl dimer dilinoleate copolymer,,,,
1465,maltitol,15,1,maltitol,,,,
1466,lepidium meyenii root extract,15,1,lepidium meyenii root extract,,,,
1467,corn starch modified,15,1,corn starch modified,,,,
1468,chondrus crispus powder,15,1,chondrus crispus powder,,,,
1469,nepeta cataria extract,15,1,nepeta cataria extract,,,,
1470,baptisia tinctoria root extract,15,1,baptisia tinctoria root extract,,,,
1471,citrus junos fruit extract,15,1,citrus junos fruit extract,,,,
1472,lepidium sativum sprout extract,15,1,lepidium sativum sprout extract,,,,
1473,ethyl lauroyl arginate hcl,15,1,ethyl lauroyl arginate hcl,,,,
1474,c12-15 alkyl ethylhexanoate,15,1,c12-15 alkyl ethylhexanoate,,,,
1475,gardenia tahitensis (tiare) flower extract,15,1,gardenia tahitensis (tiare) flower extract,,,,
1476,litchi chinensis seed extract,15,1,litchi chinensis seed extract,,,,
1477,equisetum arvense (horsetail) leaf extract,15,1,equisetum arvense (horsetail) leaf extract,,,,
1478,keratin amino acids,15,1,keratin amino acids,,,,
1479,volcanic ash,15,1,volcanic ash,,,,
1480,gellidiela acerosa (algae) extract,15,1,gellidiela acerosa (algae) extract,,,,
1481,lactamide mea,15,1,lactamide mea,,,,
1482,acetyl triethyl citrate,15,1,acetyl triethyl citrate,,,,
1483,sodium laurate,15,1,sodium laurate,,,,
1484,benzyl nicotinate,15,1,benzyl nicotinate,,,,
1485,citrus paradisi (grapefruit) oil,15,1,citrus paradisi (grapefruit) oil,,,,
1486,ambrettolide,15,1,ambrettolide,,,,
1487,ambroxan,15,1,ambroxan,,,,
1488,cedrol methyl ether,15,1,cedrol methyl ether,,,,
1489,butyl,15,1,butyl,,,,
1490,methoxydibenzoylmethane,15,1,methoxydibenzoylmethane,,,,
1491,palmitoyl grape seed extract,15,1,palmitoyl grape seed extract,,,,
1492,cassia angustifolia seed polysaccharide,15,1,cassia angustifolia seed polysaccharide,,,,
1493,lactobacillus/papaya fruit ferment extract,15,1,lactobacillus/papaya fruit ferment extract,,,,
1494,olus oil/vegetable oil/huile végétale,15,1,olus oil/vegetable oil/huile végétale,,,,
1495,glyceryl dioleate,15,1,glyceryl dioleate,,,,
1496,salicyloyl phytosphingosine,15,1,salicyloyl phytosphingosine,,,,
1497,maris sal/sea salt/sel marin,15,1,maris sal/sea salt/sel marin,,,,
1498,glycyrrhetinic acid,15,1,glycyrrhetinic acid,,,,
1499,laureth-2,15,1,laureth-2,,,,
1500,betula alba (birch) bark extract,15,1,betula alba (birch) bark extract,,,,
1501,dipotassium phosphate,15,1,dipotassium phosphate,,,,
1502,gentiana lutea (gentian) root extract,15,1,gentiana lutea (gentian) root extract,,,,
1503,ethylbisiminomethylguaiacol manganese chloride,15,1,ethylbisiminomethylguaiacol manganese chloride,,,,
1504,poria cocos sclerotium extract,15,1,poria cocos sclerotium extract,,,,
1505,quaternium-33,15,1,quaternium-33,,,,
1506,peg-120 methyl glucose trioleate,15,1,peg-120 methyl glucose trioleate,,,,
1507,propanol,15,1,propanol,,,,
1508,c10-30 cholesterol/lanosterol esters,15,1,c10-30 cholesterol/lanosterol esters,,,,
1509,biosaccharide gum-2,15,1,biosaccharide gum-2,,,,
1510,pinus pentaphylla seed oil,15,1,pinus pentaphylla seed oil,,,,
1511,rhus verniciflua peel wax,15,1,rhus verniciflua peel wax,,,,
1512,disteareth-75 ipdi,15,1,disteareth-75 ipdi,,,,
1513,gentiana lutea root extract,15,1,gentiana lutea root extract,,,,
1514,caprooyl phytosphingosine,15,1,caprooyl phytosphingosine,,,,
1515,triticum vulgare (wheat) starch,15,1,triticum vulgare (wheat) starch,,,,
1516,linoleamidopropyl pg-dimonium chloride phosphate,15,1,linoleamidopropyl pg-dimonium chloride phosphate,,,,
1517,crosspolymer,15,1,crosspolymer,,,,
1518,ethyl hexanediol,15,1,ethyl hexanediol,,,,
1519,prunus armeniaca (apricot) fruit extract,15,1,prunus armeniaca (apricot) fruit extract,,,,
1520,ci 47000 (yellow 11),15,1,ci 47000 (yellow 11),,,,
1521,ci 26100 (red 17),15,1,ci 26100 (red 17),,,,
1522,cetyl stearate,15,1,cetyl stearate,,,,
1523,benzyl,15,1,benzyl,,,,
1524,hydrogenated soy polyglycerides,15,1,hydrogenated soy polyglycerides,,,,
1525,laureth-5 carboxylic acid,15,1,laureth-5 carboxylic acid,,,,
1526,bis-aminopropyl diglycol dimaleate,15,1,bis-aminopropyl diglycol dimaleate,,,,
1527,renewable plant oils,15,1,renewable plant oils,,,,
1528,vegetable soy wax,15,1,vegetable soy wax,,,,
1529,honey,14,1,honey,,,,
1530,6-dimethoxy-2,14,1,6-dimethoxy-2,,,,
1531,copper palmitoyl heptapeptide-14,14,1,copper palmitoyl heptapeptide-14,,,,
1532,nannochloropsis oculata extract,14,1,nannochloropsis oculata extract,,,,
1533,tremella fuciformis polysaccharide,14,1,tremella fuciformis polysaccharide,,,,
1534,dicetyldimonium chloride,14,1,dicetyldimonium chloride,,,,
1535,amp-acrylates copolymer,14,1,amp-acrylates copolymer,,,,
1536,passiflora incarnata seed oil,14,1,passiflora incarnata seed oil,,,,
1537,lauryl betaine,14,1,lauryl betaine,,,,
1538,atelocollagen,14,1,atelocollagen,,,,
1539,hydrogenated phosphatidylcholine,14,1,hydrogenated phosphatidylcholine,,,,
1540,batyl alcohol,14,1,batyl alcohol,,,,
1541,agar,14,1,agar,,,,
1542,rosa moschata seed oil,14,1,rosa moschata seed oil,,,,
1543,hippophae rhamnoides fruit oil,14,1,hippophae rhamnoides fruit oil,,,,
1544,sodium palm kernelate,14,1,sodium palm kernelate,,,,
1545,stellaria media (chickweed) extract,14,1,stellaria media (chickweed) extract,,,,
1546,daucus carota sativa (carrot) seed oil,14,1,daucus carota sativa (carrot) seed oil,,,,
1547,astaxanthin,14,1,astaxanthin,,,,
1548,cymbopogon schoenanthus oil,14,1,cymbopogon schoenanthus oil,,,,
1549,myristyl laurate,14,1,myristyl laurate,,,,
1550,brassica oleracea acephala leaf extract,14,1,brassica oleracea acephala leaf extract,,,,
1551,glyceryl dibehenate,14,1,glyceryl dibehenate,,,,
1552,camphor,14,1,camphor,,,,
1553,glyceryl caprylate/caprate,14,1,glyceryl caprylate/caprate,,,,
1554,stearyl caprylate,14,1,stearyl caprylate,,,,
1555,psidium guajava fruit extract,14,1,psidium guajava fruit extract,,,,
1556,paullinia cupana seed extract,14,1,paullinia cupana seed extract,,,,
1557,denatonium benzoate,14,1,denatonium benzoate,,,,
1558,hydrogenated didecene,14,1,hydrogenated didecene,,,,
1559,polyester-7,14,1,polyester-7,,,,
1560,polyquaternium-47,14,1,polyquaternium-47,,,,
1561,marrubium vulgare extract,14,1,marrubium vulgare extract,,,,
1562,hamamelis virginiana (witch hazel),14,1,hamamelis virginiana (witch hazel),,,,
1563,nordihydroguaiaretic acid,14,1,nordihydroguaiaretic acid,,,,
1564,castanea sativa (chestnut) seed extract,14,1,castanea sativa (chestnut) seed extract,,,,
1565,triacetin,14,1,triacetin,,,,
1566,dmdm hydantoin,14,1,dmdm hydantoin,,,,
1567,cyamopsis tetragonoloba (guar) gum,14,1,cyamopsis tetragonoloba (guar) gum,,,,
1568,cereus grandiflorus (cactus) extract,14,1,cereus grandiflorus (cactus) extract,,,,
1569,caprylic/capric triglycerides,14,1,caprylic/capric triglycerides,,,,
1570,citrus aurantium bergamia (bergamot) fruit extract,14,1,citrus aurantium bergamia (bergamot) fruit extract,,,,
1571,eugenia caryophyllus (clove) leaf oil,14,1,eugenia caryophyllus (clove) leaf oil,,,,
1572,capsicum frutescens fruit extract,14,1,capsicum frutescens fruit extract,,,,
1573,vanillyl butyl ether,14,1,vanillyl butyl ether,,,,
1574,santalum album (sandalwood) wood extract,14,1,santalum album (sandalwood) wood extract,,,,
1575,sarcosine,14,1,sarcosine,,,,
1576,brassica oleracea capitata (cabbage) leaf extract,14,1,brassica oleracea capitata (cabbage) leaf extract,,,,
1577,glycoproteins,14,1,glycoproteins,,,,
1578,galactomyces ferment filtrate,14,1,galactomyces ferment filtrate,,,,
1579,capryloyl/caproyl methyl glucamide,14,1,capryloyl/caproyl methyl glucamide,,,,
1580,hydrogenated poly (c6-14 olefin),14,1,hydrogenated poly (c6-14 olefin),,,,
1581,royal jelly,14,1,royal jelly,,,,
1582,zinc,14,1,zinc,,,,
1583,aspalathus linearis extract,14,1,aspalathus linearis extract,,,,
1584,tetrapeptide-14,14,1,tetrapeptide-14,,,,
1585,poly(linseed oil),14,1,poly(linseed oil),,,,
1586,peg-12 allyl ether,14,1,peg-12 allyl ether,,,,
1587,acetyl hexapeptide-1,14,1,acetyl hexapeptide-1,,,,
1588,methyl benzoate,13,1,methyl benzoate,,,,
1589,chlorella protothecoides oil,13,1,chlorella protothecoides oil,,,,
1590,glycol,13,1,glycol,,,,
1591,bupleurum falcatum root extract,13,1,bupleurum falcatum root extract,,,,
1592,sodium lauroyl oat amino acids,13,1,sodium lauroyl oat amino acids,,,,
1593,silybum marianum seed oil,13,1,silybum marianum seed oil,,,,
1594,bidens pilosa extract,13,1,bidens pilosa extract,,,,
1595,heptapeptide-15 palmitate,13,1,heptapeptide-15 palmitate,,,,
1596,solanum lycopersicum (tomato) fruit extract,13,1,solanum lycopersicum (tomato) fruit extract,,,,
1597,centella asiatica meristem cell culture,13,1,centella asiatica meristem cell culture,,,,
1598,hydroxystearic/linolenic/oleic polyglycerides,13,1,hydroxystearic/linolenic/oleic polyglycerides,,,,
1599,polyacrylate-21,13,1,polyacrylate-21,,,,
1600,dibutyl ethylhexanoyl glutamide,13,1,dibutyl ethylhexanoyl glutamide,,,,
1601,mineral oil,13,1,mineral oil,,,,
1602,butylparaben,13,1,butylparaben,,,,
1603,zea mays (corn) starch zea mays starch,13,1,zea mays (corn) starch zea mays starch,,,,
1604,polyisoprene,13,1,polyisoprene,,,,
1605,leontopodium alpinum callus culture extract,13,1,leontopodium alpinum callus culture extract,,,,
1606,sodium acrylates crosspolymer-2,13,1,sodium acrylates crosspolymer-2,,,,
1607,hamamelis virginiana (witch hazel) extract,13,1,hamamelis virginiana (witch hazel) extract,,,,
1608,morinda citrifolia fruit extract,13,1,morinda citrifolia fruit extract,,,,
1609,paraffinum liquidum (mineral oil),13,1,paraffinum liquidum (mineral oil),,,,
1610,apium graveolens (celery) seed extract,13,1,apium graveolens (celery) seed extract,,,,
1611,ammonium hydroxide,13,1,ammonium hydroxide,,,,
1612,microcitrus australasica fruit extract,13,1,microcitrus australasica fruit extract,,,,
1613,hydrolyzed hibiscus esculentus extract,13,1,hydrolyzed hibiscus esculentus extract,,,,
1614,anthemis nobilis (chamomile) flower extract,13,1,anthemis nobilis (chamomile) flower extract,,,,
1615,rice amino acids,13,1,rice amino acids,,,,
1616,distarch phosphate,13,1,distarch phosphate,,,,
1617,ppg-2 hydroxyethyl cocamide,13,1,ppg-2 hydroxyethyl cocamide,,,,
1618,potassium stearate,13,1,potassium stearate,,,,
1619,sea salt,13,1,sea salt,,,,
1620,methyl hydrogenated rosinate,13,1,methyl hydrogenated rosinate,,,,
1621,vitis vinifera (grape) fruit water,13,1,vitis vinifera (grape) fruit water,,,,
1622,polylactic acid,13,1,polylactic acid,,,,
1623,salvia hispanica (chia) seed extract,13,1,salvia hispanica (chia) seed extract,,,,
1624,acetyl tetrapeptide-9,13,1,acetyl tetrapeptide-9,,,,
1625,hydrolyzed viola tricolor extract,13,1,hydrolyzed viola tricolor extract,,,,
1626,rosa centifolia flower water,13,1,rosa centifolia flower water,,,,
1627,acetyl tetrapeptide-2,13,1,acetyl tetrapeptide-2,,,,
1628,polyglyceryl-10 pentaisostearate,13,1,polyglyceryl-10 pentaisostearate,,,,
1629,potato starch modified,13,1,potato starch modified,,,,
1630,hydrolyzed verbascum thapsus flower,13,1,hydrolyzed verbascum thapsus flower,,,,
1631,hylocereus undatus fruit extract,13,1,hylocereus undatus fruit extract,,,,
1632,gluconic acid,13,1,gluconic acid,,,,
1633,violet 2 (ci 60725),13,1,violet 2 (ci 60725),,,,
1634,populus tremuloides bark extract,13,1,populus tremuloides bark extract,,,,
1635,juniperus virginiana oil,13,1,juniperus virginiana oil,,,,
1636,tamarindus indica seed gum,13,1,tamarindus indica seed gum,,,,
1637,citrus aurantium dulcis (orange) flower oil,13,1,citrus aurantium dulcis (orange) flower oil,,,,
1638,hydrogenated castor oil dimer dilinoleate,13,1,hydrogenated castor oil dimer dilinoleate,,,,
1639,polyurethane-35,13,1,polyurethane-35,,,,
1640,aframomum angustifolium seed extract,13,1,aframomum angustifolium seed extract,,,,
1641,ci 47005 (yellow 10),13,1,ci 47005 (yellow 10),,,,
1642,lactobacillus/pumpkin fruit ferment filtrate,13,1,lactobacillus/pumpkin fruit ferment filtrate,,,,
1643,potassium azeloyl diglycinate,13,1,potassium azeloyl diglycinate,,,,
1644,cinnamomum cassia bark extract,13,1,cinnamomum cassia bark extract,,,,
1645,peg-240/hdi copolymer bis-decyltetradeceth-20 ether,13,1,peg-240/hdi copolymer bis-decyltetradeceth-20 ether,,,,
1646,sodium starch octenylsuccinate,13,1,sodium starch octenylsuccinate,,,,
1647,passiflora incarnata fruit extract,13,1,passiflora incarnata fruit extract,,,,
1648,lauroyl/myristoyl methyl glucamide,13,1,lauroyl/myristoyl methyl glucamide,,,,
1649,oryza sativa (rice) germ oil,13,1,oryza sativa (rice) germ oil,,,,
1650,rhodiola rosea extract,13,1,rhodiola rosea extract,,,,
1651,phosphatidylglycerol,13,1,phosphatidylglycerol,,,,
1652,amylcinnamyl alcohol,13,1,amylcinnamyl alcohol,,,,
