product_id,product_name,brand_name,primary_category,weighted_score,final_risk_label,coverage_pct,has_high_risk_warning,n_annex_iii_restricted,n_carcinogen_concern,n_drying,n_endocrine_disruptor,n_environmental_concern,n_eu_banned,n_fragrance_allergen,n_irritant,n_manufacturing_impurity,n_microplastic,n_nitrosamine_concern,n_photosensitizer,n_reproductive_toxin,n_sensitizer,total_concern_flags
P473671,Fragrance Discovery Set,19-69,Fragrance,1.75,Medium Risk,78.57,False,3,0,1,1,0,0,18,17,0,0,0,0,0,0,40
P473668,La Habana Eau de Parfum,19-69,Fragrance,1.7308,Medium Risk,92.86,False,3,0,1,1,0,0,9,8,0,0,0,0,0,0,22
P473662,Rainbow Bar Eau de Parfum,19-69,Fragrance,1.7917,Medium Risk,92.31,False,3,0,1,1,0,0,8,7,0,0,0,0,0,0,20
P473660,Kasbah Eau de Parfum,19-69,Fragrance,1.7692,Medium Risk,100.0,False,3,0,1,1,0,0,9,8,0,0,0,0,0,0,22
P473658,Purple Haze Eau de Parfum,19-69,Fragrance,1.7917,Medium Risk,92.31,False,3,0,1,1,0,0,8,7,0,0,0,0,0,0,20
P473661,Kasbah Eau de Parfum Travel Spray,19-69,Fragrance,1.7692,Medium Risk,100.0,False,3,0,1,1,0,0,9,8,0,0,0,0,0,0,22
P473659,Purple Haze Eau de Parfum Travel Spray,19-69,Fragrance,1.7917,Medium Risk,92.31,False,3,0,1,1,0,0,8,7,0,0,0,0,0,0,20
P473666,Invisible Post Eau de Parfum,19-69,Fragrance,1.6818,Medium Risk,100.0,False,3,0,1,1,0,0,7,6,0,0,0,0,0,0,18
P472300,Capri Eau de Parfum,19-69,Fragrance,1.8,Medium Risk,93.75,False,3,0,1,1,0,0,11,10,0,0,0,0,0,0,26
P473667,Invisible Post Eau de Parfum Travel Spray,19-69,Fragrance,1.6818,Medium Risk,100.0,False,3,0,1,1,0,0,7,6,0,0,0,0,0,0,18
P473663,Rainbow Bar Eau de Parfum Travel Spray,19-69,Fragrance,1.7917,Medium Risk,92.31,False,3,0,1,1,0,0,8,7,0,0,0,0,0,0,20
P473670,Capri Eau de Parfum Travel Spray,19-69,Fragrance,1.8,Medium Risk,93.75,False,3,0,1,1,0,0,11,10,0,0,0,0,0,0,26
P473664,L'air Barbes Eau de Parfum,19-69,Fragrance,1.75,Medium Risk,76.92,False,3,0,1,1,0,0,6,5,0,0,0,0,0,0,16
P473665,L'air Barbes Eau de Parfum Travel Spray,19-69,Fragrance,1.75,Medium Risk,76.92,False,3,0,1,1,0,0,6,5,0,0,0,0,0,0,16
P476416,AFRICAN Beauty Butter- Intensive Dry Skin Treatment,54 Thrones,Bath & Body,1.0,Low Risk (Limited Data),53.85,False,0,0,0,0,0,0,0,0,0,0,0,0,0,0,0
P476418,African Beauty Butter Mini Gift Set,54 Thrones,Bath & Body,1.0625,Low Risk (Limited Data),47.06,False,0,0,0,0,0,0,0,1,0,0,0,0,0,1,2
P476417,African Beauty Butter Collection Deluxe Tin,54 Thrones,Bath & Body,1.0625,Insufficient Data,38.1,False,0,0,0,0,0,0,0,1,0,0,0,0,0,1,2
P503832,Mini AFRICAN Beauty Butter- Intensive Dry Skin Treatment,54 Thrones,Bath & Body,1.0,Low Risk (Limited Data),53.85,False,0,0,0,0,0,0,0,0,0,0,0,0,0,0,0
P483068,ABBOTT Sampler Set,ABBOTT,Fragrance,1.6154,Insufficient Data,20.31,True,0,0,1,0,0,1,7,8,0,0,0,2,1,0,20
P483139,The Cape Perfume,ABBOTT,Fragrance,1.6667,Insufficient Data,34.62,True,0,0,1,0,0,1,3,4,0,0,0,2,1,0,12
P483079,Crescent Beach Perfume,ABBOTT,Fragrance,1.5,Insufficient Data,30.0,False,0,0,1,0,0,0,4,3,0,0,0,0,0,0,8
P483130,Sequoia Perfume,ABBOTT,Fragrance,1.375,Insufficient Data,19.05,False,0,0,1,0,0,0,1,0,0,0,0,0,0,0,2
P483072,Big Sky Eau de Parfum Travel Spray,ABBOTT,Fragrance,1.375,Insufficient Data,33.33,False,0,0,1,0,0,0,1,0,0,0,0,0,0,0,2
P483071,Big Sky Eau de Parfum,ABBOTT,Fragrance,1.375,Insufficient Data,33.33,False,0,0,1,0,0,0,1,0,0,0,0,0,0,0,2
P483109,Montecito Perfume,ABBOTT,Fragrance,1.4,Insufficient Data,19.23,False,0,0,1,0,0,0,2,1,0,0,0,0,0,0,4
P483107,Mojave Perfume,ABBOTT,Fragrance,1.5,Insufficient Data,23.08,False,0,0,1,0,0,0,2,2,0,0,0,1,0,0,6
P443401,Blu Mediterraneo Mini Eau de Toilette Set,Acqua di Parma,Mini Size,1.7292,Medium Risk,96.0,True,3,0,1,2,0,1,15,14,0,0,0,0,1,0,37
P307804,Mirto di Panarea,Acqua di Parma,Fragrance,1.6562,Medium Risk,100.0,False,3,0,1,2,0,0,9,8,0,0,0,0,0,0,23
P163604,Colonia,Acqua di Parma,Fragrance,1.7778,Medium Risk,94.74,False,0,0,1,1,0,0,15,14,0,0,0,0,0,0,31
P456550,Yuzu Eau de Parfum,Acqua di Parma,Fragrance,1.6471,Medium Risk,100.0,False,3,0,1,2,0,0,10,9,0,0,0,0,0,0,25
P377678,Oud Eau de Parfum,Acqua di Parma,Fragrance,1.6667,Medium Risk,75.0,False,0,0,1,1,0,0,8,7,0,0,0,0,0,0,17
P269110,Colonia Essenza,Acqua di Parma,Fragrance,1.7692,Medium Risk (Limited Data),61.9,False,0,0,1,1,0,0,10,9,0,0,0,0,0,0,21
P380571,Colonia Alcohol-Free Deodorant,Acqua di Parma,Bath & Body,1.5714,Medium Risk,91.3,False,0,0,0,1,0,0,13,13,0,0,0,0,0,0,27
P422289,Colonia Pura,Acqua di Parma,Fragrance,1.6364,Medium Risk,84.62,False,0,0,1,1,0,0,7,6,0,0,0,0,0,0,15
P457232,Baomint Deep Conditioning Treatment,adwoa beauty,Hair,1.1111,Low Risk (Limited Data),64.29,False,1,0,0,0,0,0,0,3,0,0,0,0,0,3,7
P474806,Blue Tansy Reparative Mask,adwoa beauty,Hair,1.1316,Low Risk (Limited Data),65.52,False,1,0,0,0,0,0,1,2,0,0,0,0,0,1,5
P457233,Baomint Leave In Conditioning Styler,adwoa beauty,Hair,1.1071,Low Risk (Limited Data),58.33,False,0,0,0,0,0,0,1,2,0,0,0,0,0,1,4
P474808,Blue Tansy Leave in Conditioning Styler,adwoa beauty,Hair,1.1667,Low Risk,75.0,False,0,0,0,0,0,0,2,2,0,0,0,0,0,0,4
P457234,Baomint Moisturizing Shampoo,adwoa beauty,Hair,1.2188,Low Risk (Limited Data),61.54,False,0,0,0,0,0,0,1,3,1,0,0,0,0,3,8
P474804,Blue Tansy Clarifying Gel Shampoo,adwoa beauty,Hair,1.3333,Low Risk (Limited Data),68.18,False,1,0,0,0,0,0,1,3,2,0,0,0,0,2,9
P481372,Melonberry Hair Milk Leave-In Conditioner,adwoa beauty,Hair,1.25,Low Risk,76.19,False,0,0,0,0,0,0,2,3,0,0,0,0,0,0,5
P457237,Baomint Protect + Shine Oil Blend,adwoa beauty,Hair,1.2778,Low Risk (Limited Data),50.0,False,0,0,0,0,0,0,1,2,0,0,0,0,0,2,5
P457236,Baomint Moisturizing Curl Defining Cream,adwoa beauty,Hair,1.125,Low Risk (Limited Data),52.17,False,0,0,0,0,0,0,1,2,0,0,0,0,0,1,4
P474807,Blue Tansy Treatment Serum,adwoa beauty,Hair,1.125,Low Risk,80.0,False,0,0,0,0,0,0,1,0,0,0,0,0,0,0,1
P457235,Baomint Moisturizing Curl Defining Gel,adwoa beauty,Hair,1.2083,Low Risk (Limited Data),52.17,False,0,0,0,0,0,0,1,3,0,0,1,0,0,1,6
P474805,Blue Tansy Reparative Conditioner,adwoa beauty,Hair,1.1471,Low Risk (Limited Data),60.71,False,1,0,0,0,0,0,1,2,0,0,0,0,0,1,5
P473150,Mini Baomint Deep Conditioning Treatment,adwoa beauty,Hair,1.1111,Low Risk (Limited Data),64.29,False,1,0,0,0,0,0,0,3,0,0,0,0,0,3,7
P473151,Mini Baomint Deluxe Travel Kit,adwoa beauty,Hair,1.1667,Low Risk (Limited Data),59.02,False,1,0,0,0,0,0,2,5,1,0,1,0,0,4,14
P473154,Mini Baomint Moisturizing Curl Defining Gel,adwoa beauty,Hair,1.2083,Low Risk (Limited Data),52.17,False,0,0,0,0,0,0,1,3,0,0,1,0,0,1,6
P473153,Mini Baomint Moisturizing Curl Defining Cream,adwoa beauty,Hair,1.125,Low Risk (Limited Data),52.17,False,0,0,0,0,0,0,1,2,0,0,0,0,0,1,4
P473152,Mini Baomint Leave-In Conditioning Styler,adwoa beauty,Hair,1.1071,Low Risk (Limited Data),58.33,False,0,0,0,0,0,0,1,2,0,0,0,0,0,1,4
P473155,Mini Baomint Moisturizing Shampoo,adwoa beauty,Hair,1.2188,Low Risk (Limited Data),61.54,False,0,0,0,0,0,0,1,3,1,0,0,0,0,3,8
P473156,Mini Baomint Protect + Shine Oil Blend,adwoa beauty,Hair,1.2778,Low Risk (Limited Data),50.0,False,0,0,0,0,0,0,1,2,0,0,0,0,0,2,5
P398965,Rose Lip Conditioner,AERIN,Makeup,1.0,Insufficient Data,33.33,False,0,0,0,0,0,0,0,0,0,0,0,0,0,0,0
P405269,Mediterranean Honeysuckle,AERIN,Fragrance,1.7917,Medium Risk,100.0,True,1,0,1,0,0,1,8,7,0,0,0,0,1,0,19
P405273,Mediterranean Honeysuckle Eau de Parfum Travel Spray,AERIN,Fragrance,1.7917,Medium Risk,100.0,True,1,0,1,0,0,1,8,7,0,0,0,0,1,0,19
P388770,Amber Musk,AERIN,Fragrance,1.7222,Medium Risk,90.0,False,1,0,1,0,0,0,6,6,0,0,0,0,0,0,14
P398823,Amber Musk Eau de Parfum Travel Spray,AERIN,Mini Size,1.75,Medium Risk,80.0,False,1,0,1,0,0,0,5,5,0,0,0,0,0,0,12
P428454,Hibiscus Palm Eau de Parfum,AERIN,Fragrance,1.7632,Medium Risk,90.48,False,3,0,1,2,0,0,12,11,0,0,0,0,0,0,29
P388762,Ikat Jasmine,AERIN,Fragrance,1.7143,Medium Risk,93.33,False,1,0,1,0,0,0,11,11,0,0,0,0,0,0,24
P388766,Lilac Path,AERIN,Fragrance,1.8158,Medium Risk,95.0,True,3,0,1,1,0,1,13,13,0,0,0,0,1,0,33
P395768,Waterlily Sun,AERIN,Fragrance,1.7333,Medium Risk,100.0,False,3,0,1,1,0,0,10,9,0,0,0,0,0,0,24
P433906,Rose De Grasse,AERIN,Fragrance,1.7083,Medium Risk,92.31,False,1,0,1,0,0,0,9,8,0,0,0,0,0,0,19
P433901,Ikat Jasmine Travel Spray,AERIN,Fragrance,1.6923,Medium Risk,86.67,False,1,0,1,0,0,0,10,10,0,0,0,0,0,0,22
P454826,Wild Geranium Travel Spray,AERIN,Fragrance,1.725,Medium Risk,95.24,False,3,0,1,2,0,0,13,12,0,0,0,0,0,0,31
P410846,Tangier Vanille,AERIN,Fragrance,1.6786,Medium Risk,100.0,False,3,0,1,2,0,0,8,7,0,0,0,0,0,0,21
P460780,Hibiscus Palm Eau de Parfum Travel Spray,AERIN,Fragrance,1.7632,Medium Risk,90.48,False,3,0,1,2,0,0,12,11,0,0,0,0,0,0,29
P481055,Mediterranean Honeysuckle Mimosa Eau de Parfum,AERIN,Fragrance,1.625,Medium Risk,88.89,False,3,0,1,1,0,0,9,8,0,0,0,0,0,0,22
P454825,Wild Geranium,AERIN,Fragrance,1.725,Medium Risk,95.24,False,3,0,1,2,0,0,13,12,0,0,0,0,0,0,31
P442516,Mini Aegea Blossom Eau de Parfum Travel Spray,AERIN,Fragrance,1.6667,Medium Risk,94.74,False,3,0,1,2,0,0,11,10,0,0,0,0,0,0,27
P442515,Aegea Blossom Eau de Parfum,AERIN,Fragrance,1.6667,Medium Risk,94.74,False,3,0,1,2,0,0,11,10,0,0,0,0,0,0,27
P475043,Cedar Violet Eau de Parfum Travel Spray,AERIN,Fragrance,1.6389,Medium Risk,100.0,False,3,0,1,2,0,0,10,9,0,0,0,0,0,0,25
P504777,Perfume Sampler Discovery Set,AERIN,Fragrance,1.74,Medium Risk,92.59,True,3,0,1,2,0,1,16,15,0,0,0,0,1,0,39
P475042,Cedar Violet Eau de Parfum,AERIN,Fragrance,1.6389,Medium Risk,100.0,False,3,0,1,2,0,0,10,9,0,0,0,0,0,0,25
P504686,Mediterranean Honeysuckle Clementina,AERIN,Fragrance,1.6111,Medium Risk,85.71,False,3,0,2,2,0,0,9,8,0,0,0,0,0,0,24
P471527,Rose De Grasse Pour Filles Eau de Parfum,AERIN,Fragrance,1.7333,Medium Risk,100.0,False,3,0,1,1,0,0,10,9,0,0,0,0,0,0,24
P481056,Mediterranean Honeysuckle Mimosa Eau de Parfum Travel Spray,AERIN,Fragrance,1.625,Medium Risk,88.89,False,3,0,1,1,0,0,9,8,0,0,0,0,0,0,22
P439055,GENIUS Sleeping Collagen Moisturizer,Algenist,Skincare,1.069,Low Risk (Limited Data),67.44,False,1,0,0,0,0,0,3,5,0,0,0,0,0,1,10
P421277,GENIUS Liquid Collagen Serum,Algenist,Skincare,1.0862,Low Risk,74.36,False,2,0,0,0,0,0,2,3,0,0,0,0,0,1,8
P467602,Triple Algae Eye Renewal Balm Eye Cream,Algenist,Skincare,1.075,Low Risk (Limited Data),62.5,False,1,0,0,0,0,0,1,5,0,0,1,0,0,1,9
P432045,GENIUS Liquid Collagen Lip Treatment,Algenist,Skincare,1.0682,Low Risk (Limited Data),57.89,False,2,0,0,0,0,0,1,3,0,0,0,0,0,1,7
P311143,SUBLIME DEFENSE Ultra Lightweight UV Defense Fluid SPF 50,Algenist,Skincare,1.225,Low Risk (Limited Data),68.97,False,1,0,1,1,0,0,3,4,0,0,0,0,0,1,11
P384537,GENIUS Ultimate Anti-Aging Cream,Algenist,Skincare,1.1481,Low Risk (Limited Data),69.23,False,3,0,0,0,0,0,2,4,0,0,0,0,0,1,10
P388200,GENIUS Ultimate Anti-Aging Melting Cleanser,Algenist,Skincare,1.2188,Low Risk,80.0,False,3,0,0,0,0,0,2,2,0,0,0,0,0,1,8
P296413,Gentle Rejuvenating Cleanser,Algenist,Skincare,1.0789,Low Risk (Limited Data),63.33,False,1,0,0,0,0,0,0,2,1,0,0,0,0,2,6
P500716,10 Day Results Kit,Algenist,Skincare,1.1014,Low Risk (Limited Data),63.79,False,4,0,0,0,0,0,4,8,0,0,1,0,0,1,18
P379907,Advanced Anti-Aging Repairing Oil,Algenist,Skincare,1.2857,Low Risk (Limited Data),58.33,False,1,0,0,0,0,0,1,1,0,0,0,0,0,0,3
P296415,Overnight Restorative Cream,Algenist,Skincare,1.05,Low Risk,75.0,False,1,0,0,0,0,0,1,3,0,0,0,0,0,1,6
P392945,GENIUS Ultimate Anti-Aging Vitamin C+ Serum,Algenist,Skincare,1.0893,Low Risk,73.68,False,1,0,0,0,0,0,2,3,0,0,0,0,0,1,7
P474809,Blue Algae Vitamin C Skinclarity Brightening Serum,Algenist,Skincare,1.0962,Low Risk (Limited Data),63.41,False,2,0,0,0,0,0,2,5,0,0,0,0,0,1,10
P416552,POWER Recharging Night Pressed Serum,Algenist,Skincare,1.2059,Low Risk,70.83,True,2,0,0,1,0,1,3,3,0,0,0,0,1,1,12
P471000,Algae Niacinamide Moisture Veil,Algenist,Skincare,1.075,Low Risk (Limited Data),57.14,False,1,0,0,0,0,0,0,3,0,0,0,1,0,1,6
P480274,GENIUS Liquid Skin Resurfacing 2% BHA Toner,Algenist,Skincare,1.1364,Low Risk,75.86,False,2,0,0,0,0,0,0,5,0,0,0,1,0,1,9
P453818,GENIUS Collagen Calming Relief,Algenist,Skincare,1.0147,Low Risk,73.91,False,1,0,0,0,0,0,0,2,0,0,0,0,0,1,4
P442859,ALIVE Prebiotic Balancing Mask,Algenist,Skincare,1.0645,Low Risk,70.45,False,1,0,0,0,0,0,0,3,1,0,0,0,0,2,7
P388262,GENIUS Ultimate Anti-Aging Eye Cream,Algenist,Skincare,1.0323,Low Risk,70.45,False,2,0,0,0,0,0,0,2,0,0,0,0,0,1,5
P457694,Blue Algae Vitamin C Dark Spot Correcting Peel,Algenist,Skincare,1.1129,Low Risk (Limited Data),67.39,False,2,0,0,0,0,0,0,6,0,0,1,0,0,2,11
P447504,AA (Alguronic Acid) Barrier Serum,Algenist,Skincare,1.0385,Low Risk,76.47,False,2,0,0,0,0,0,0,2,0,0,0,0,0,1,5
P404169,POWER Advanced Wrinkle Fighter 360° Eye Serum,Algenist,Skincare,1.0185,Low Risk,71.05,False,1,0,0,0,0,0,0,3,0,0,0,0,0,1,5
P404168,POWER Advanced Wrinkle Fighter Moisturizer,Algenist,Skincare,1.0741,Low Risk,77.14,False,2,0,0,0,0,0,1,2,0,0,0,0,0,1,6
P433469,ELEVATE Advanced Retinol Serum,Algenist,Skincare,1.0897,Low Risk,82.98,False,3,0,0,0,0,0,2,3,0,0,0,0,1,1,10
P420638,ELEVATE Advanced Lift Contouring Cream,Algenist,Skincare,1.1618,Low Risk (Limited Data),66.67,True,2,0,0,0,0,1,4,6,0,0,0,0,0,2,15
P456990,Mini GENIUS Liquid Collagen,Algenist,Skincare,1.0862,Low Risk,74.36,False,2,0,0,0,0,0,2,3,0,0,0,0,0,1,8
P410809,ELEVATE Firming & Lifting Contouring Eye Cream,Algenist,Skincare,1.0526,Low Risk,70.37,False,2,0,0,0,0,0,0,4,0,0,1,0,0,1,8
P442860,ALIVE Prebiotic Balancing Moisturizer SPF 15,Algenist,Skincare,1.025,Low Risk (Limited Data),66.67,False,0,0,0,0,0,0,0,1,0,0,0,0,0,0,1
P504443,Plump Pout Duo,Algenist,Skincare,1.0682,Low Risk (Limited Data),57.89,False,2,0,0,0,0,0,1,3,0,0,0,0,0,1,7
P503998,Algae Peptide Regenerative Moisturizer,Algenist,Skincare,1.0606,Low Risk,78.57,False,1,0,0,0,0,0,1,5,0,0,1,0,0,1,9
P440949,Liquid Gold Exfoliating Treatment with Glycolic acid,Alpha-H,Skincare,1.25,Low Risk,88.89,False,2,0,1,0,0,0,0,2,0,0,0,0,0,1,6
P442540,Vitamin A Serum with 0.5% Retinol,Alpha-H,Skincare,1.1071,Low Risk,77.78,False,2,0,0,0,0,0,0,1,0,0,0,0,1,1,5
P442539,Vitamin B Serum with 5% Niacinamide and Peptides,Alpha-H,Skincare,1.0385,Low Risk (Limited Data),65.0,False,1,0,0,0,0,0,0,1,0,0,0,0,0,1,3
P442546,Balancing Cleanser,Alpha-H,Skincare,1.1154,Low Risk,92.86,False,1,0,0,0,0,0,1,1,0,0,0,0,0,1,4
P442548,Mini Liquid Gold Exfoliating Treatment with Glycolic Acid,Alpha-H,Skincare,1.25,Low Risk,88.89,False,2,0,1,0,0,0,0,2,0,0,0,0,0,1,6
P442537,Liquid Gold Firming Eye Cream,Alpha-H,Skincare,1.0357,Low Risk (Limited Data),65.12,False,1,0,1,0,0,0,0,2,0,0,0,0,0,1,5
P480150,Liquid Gold Midnight Reboot Serum with 14% Glycolic Acid and Tripeptide-5,Alpha-H,Skincare,1.0833,Low Risk (Limited Data),62.07,False,2,0,0,0,0,0,0,3,0,0,0,0,0,1,6
P442542,Beauty Sleep Power Peel Age-Defying Night Peel,Alpha-H,Skincare,1.0,Insufficient Data,25.0,False,0,0,0,0,0,0,0,0,0,0,0,0,0,0,0
P442545,Triple Action Cleanser,Alpha-H,Skincare,1.2,Low Risk,76.92,False,2,0,0,0,0,0,1,1,0,0,0,0,0,1,5
P455237,Melt Moisturizer with Bakuchiol and Squalane,alpyn beauty,Skincare,1.0606,Low Risk,73.33,False,0,0,0,0,0,0,1,3,0,0,0,0,0,1,5
P465741,Wild Huckleberry 8-Acid Polishing Peel Mask,alpyn beauty,Skincare,1.1207,Low Risk (Limited Data),46.77,False,0,0,1,0,0,0,1,4,0,0,0,1,0,0,7
P472302,Wild Nettle & Niacinamide Instant Firming Serum,alpyn beauty,Skincare,1.0238,Low Risk (Limited Data),55.26,False,0,0,0,0,0,0,0,1,0,0,0,0,0,0,1
P455613,Line-Filling Eye Cream with Bakuchiol and Caffeine,alpyn beauty,Skincare,1.0385,Low Risk (Limited Data),65.0,False,0,0,0,0,0,0,1,1,0,0,0,0,0,0,2
P503197,Juneberry & Collagen Hydrating Cold Cream Cleanser,alpyn beauty,Skincare,1.0833,Low Risk,83.33,False,1,0,0,0,0,0,1,4,0,0,0,0,0,1,7
P477492,Triple Vitamin C Brightening Bounce Cream Moisturizer,alpyn beauty,Skincare,1.1528,Low Risk (Limited Data),69.23,False,0,0,0,0,0,0,6,8,0,0,0,1,0,1,16
P455614,Creamy Bubbling Cleanser with Vitamin C & AHAs,alpyn beauty,Skincare,1.2222,Low Risk (Limited Data),58.06,False,0,0,1,0,0,0,1,5,0,0,1,0,0,1,9
P455612,Vitamin C & Bearberry Instant Glow Serum,alpyn beauty,Skincare,1.0962,Low Risk (Limited Data),61.9,False,0,0,0,0,0,0,1,5,0,0,0,0,0,1,7
P483643,Willow & Sweet Agave Plumping Lip Mask,alpyn beauty,Skincare,1.0882,Low Risk (Limited Data),50.0,False,0,0,0,0,0,0,2,2,0,0,0,0,0,0,4
P505338,Pore Perfecting Liquid Exfoliator with 2% BHA + Borage,alpyn beauty,Skincare,1.0741,Low Risk (Limited Data),65.85,False,1,0,0,0,0,0,1,3,0,0,0,0,0,0,5
P481058,Mini Melt Moisturizer with Bakuchiol and Squalane,alpyn beauty,Skincare,1.0606,Low Risk,73.33,False,0,0,0,0,0,0,1,3,0,0,0,0,0,1,5
P483644,Mini Wild Huckleberry 8-Acid Polishing Peel Mask,alpyn beauty,Mini Size,1.1207,Low Risk (Limited Data),46.77,False,0,0,1,0,0,0,1,4,0,0,0,1,0,0,7
P503262,Peel and Plump Skin-Smoothing Duo,alpyn beauty,Skincare,1.0816,Low Risk (Limited Data),55.06,False,0,0,1,0,0,0,1,5,0,0,0,1,0,1,9
P378716,CAVIAR Anti-Aging Replenishing Moisture CC Cream,ALTERNA Haircare,Hair,1.1731,Low Risk (Limited Data),57.78,False,1,0,2,0,1,0,1,3,0,0,0,0,0,1,9
P269705,CAVIAR Anti-Aging Replenishing Moisture Shampoo,ALTERNA Haircare,Hair,1.1316,Low Risk (Limited Data),57.58,False,2,0,2,0,0,0,1,3,1,0,1,0,0,1,11
P269706,CAVIAR Anti-Aging Replenishing Moisture Conditioner,ALTERNA Haircare,Hair,1.1333,Low Risk (Limited Data),66.67,False,1,0,0,0,0,0,1,3,0,0,0,0,0,1,6
P309412,Caviar Anti-Aging Clinical Densifying Scalp Treatment,ALTERNA Haircare,Hair,1.2031,Low Risk (Limited Data),61.54,False,1,0,0,1,0,0,6,8,0,0,0,0,0,2,18
P405297,CAVIAR Anti-Aging Multiplying Volume Styling Mist,ALTERNA Haircare,Hair,1.1111,Low Risk (Limited Data),56.25,False,1,0,0,0,0,0,1,3,0,0,0,0,0,1,6
P419632,CAVIAR Anti-Aging Smoothing Anti-Frizz Dry Oil Mist,ALTERNA Haircare,Hair,1.125,Low Risk (Limited Data),61.54,False,1,0,0,0,0,0,1,1,0,0,0,0,0,1,4
P269714,CAVIAR Anti-Aging Working Hairspray,ALTERNA Haircare,Hair,1.1842,Low Risk (Limited Data),51.35,False,1,0,1,0,0,0,1,2,0,0,1,0,0,1,7
P428076,CAVIAR Anti-Aging Smoothing Anti-Frizz Blowout Butter,ALTERNA Haircare,Hair,1.0893,Low Risk (Limited Data),65.12,False,1,0,0,0,0,0,1,3,0,0,0,0,0,1,6
P309411,CAVIAR Anti-Aging Clinical Densifying Shampoo,ALTERNA Haircare,Hair,1.2195,Low Risk (Limited Data),60.29,False,2,0,1,0,0,0,7,9,0,0,0,0,0,1,20
P384770,CAVIAR Anti-Aging Smoothing Anti-Frizz Nourishing Oil,ALTERNA Haircare,Hair,1.15,Low Risk (Limited Data),47.62,False,0,0,0,0,0,0,1,0,0,0,0,0,0,0,1
P391910,CAVIAR Anti-Aging Clinical Densifying Styling Mousse,ALTERNA Haircare,Hair,1.2692,Low Risk (Limited Data),53.06,False,1,0,0,0,0,0,6,7,2,0,0,0,0,2,18
P435932,CAVIAR Anti-Aging Restructuring Bond Repair Leave-In Heat Protection Spray,ALTERNA Haircare,Hair,1.3158,Low Risk,73.08,False,1,0,0,0,0,0,11,13,0,0,0,0,0,0,25
P405298,CAVIAR Anti-Aging Multiplying Volume Shampoo,ALTERNA Haircare,Hair,1.1522,Low Risk (Limited Data),45.1,False,1,0,0,0,0,0,1,2,1,0,0,0,0,2,7
P441825,CAVIAR Anti-Aging Rapid Blowout Balm,ALTERNA Haircare,Hair,1.125,Low Risk (Limited Data),61.54,False,2,0,1,0,0,0,1,3,0,0,1,0,0,1,9
P435934,CAVIAR Anti-Aging Restructuring Bond Repair 3-in-1 Sealing Serum,ALTERNA Haircare,Hair,1.4375,Low Risk (Limited Data),61.54,True,2,0,0,2,0,1,10,10,1,0,0,0,0,2,28
P410833,CAVIAR Anti-Aging Replenishing Moisture Leave-In Smoothing Gelee,ALTERNA Haircare,Hair,1.125,Low Risk (Limited Data),66.67,False,1,0,0,0,0,0,1,2,0,0,0,0,0,1,5
P435933,CAVIAR Anti-Aging Restructuring Bond Repair Leave-In Overnight Serum,ALTERNA Haircare,Hair,1.4,Low Risk (Limited Data),65.79,False,0,0,0,0,0,0,11,12,0,0,0,0,0,0,23
P374562,CAVIAR Anti-Aging Perfect Iron Spray,ALTERNA Haircare,Hair,1.1111,Low Risk (Limited Data),58.06,False,1,0,1,0,0,0,1,1,0,0,0,0,0,1,5
P405299,CAVIAR Anti-Aging Multiplying Volume Conditioner,ALTERNA Haircare,Hair,1.1333,Low Risk,71.43,False,1,0,0,0,0,0,1,3,0,0,0,0,0,1,6
P269707,CAVIAR Anti-Aging Replenishing Moisture Masque,ALTERNA Haircare,Hair,1.2586,Low Risk (Limited Data),40.28,False,2,0,0,1,1,0,5,5,0,0,0,0,0,0,14
P416598,CAVIAR Anti-Aging Infinite Color Hold Dual-Use Serum,ALTERNA Haircare,Hair,1.1111,Low Risk (Limited Data),46.15,False,1,0,0,0,0,0,1,1,0,0,0,0,0,1,4
P441826,CAVIAR Anti-Aging Replenishing Moisture Priming Leave-In Conditioner,ALTERNA Haircare,Hair,1.0789,Low Risk (Limited Data),55.88,False,0,0,0,0,0,0,1,2,0,0,0,0,0,0,3
P405300,CAVIAR Anti-Aging Multiplying Volume Styling Mousse,ALTERNA Haircare,Hair,1.175,Low Risk (Limited Data),55.56,False,1,0,0,0,0,0,1,2,2,0,0,0,0,2,8
P448859,Caviar Anti-Aging Smoothing Anti-Frizz Air-Dry Balm,ALTERNA Haircare,Hair,1.2586,Low Risk (Limited Data),65.91,True,1,0,1,0,0,1,5,7,0,0,0,0,1,1,17
P435931,CAVIAR Anti-Aging Restructuring Bond Repair Leave-In Protein Cream,ALTERNA Haircare,Hair,1.38,Low Risk (Limited Data),62.5,False,0,0,0,0,0,0,11,11,0,0,0,0,0,0,22
P416404,CAVIAR Anti-Aging Infinite Color Hold Shampoo,ALTERNA Haircare,Hair,1.1216,Low Risk (Limited Data),60.66,False,2,0,1,0,0,0,1,3,1,0,1,0,0,1,10
P428074,CAVIAR Anti-Aging Smoothing Anti-Frizz Shampoo,ALTERNA Haircare,Hair,1.05,Low Risk (Limited Data),55.56,False,1,0,0,0,0,0,1,2,0,0,0,0,0,1,5
P441638,CAVIAR Anti-Aging Perfect Texture Spray,ALTERNA Haircare,Hair,1.2,Low Risk (Limited Data),57.69,False,0,0,1,0,0,0,1,1,1,0,1,0,0,0,5
P428075,CAVIAR Anti-Aging Smoothing Anti-Frizz Conditioner,ALTERNA Haircare,Hair,1.15,Low Risk (Limited Data),52.63,False,2,0,0,1,0,0,1,3,0,0,0,0,0,1,8
P416403,CAVIAR Anti-Aging Infinite Color Hold Conditioner,ALTERNA Haircare,Hair,1.1471,Low Risk (Limited Data),65.38,False,1,0,1,0,0,0,2,5,0,0,0,0,0,1,10
P479628,Restructuring Bond Repair Masque,ALTERNA Haircare,Hair,1.2188,Low Risk,72.73,False,1,0,1,0,0,0,5,9,0,0,0,0,0,1,17
P463601,Alterna Haircare Caviar Anti-Aging Clinical Densifying Shampoo,ALTERNA Haircare,Hair,1.1935,Low Risk (Limited Data),47.69,False,2,0,1,0,0,0,3,7,1,0,1,0,0,3,18
P484022,Renewing Exfoliating Scalp Scrub-to-Foam,ALTERNA Haircare,Hair,1.1875,Low Risk,80.0,False,1,0,0,0,0,0,4,7,0,0,0,0,0,2,14
P482656,Replenishing Moisture Jumbo Trio,ALTERNA Haircare,Hair,1.1727,Low Risk (Limited Data),60.44,False,2,0,3,0,1,0,2,6,1,0,1,0,0,1,17
P476830,My Hair My Canvas  Meltaway No-Rinse Micellar Cleanser,ALTERNA Haircare,Hair,1.1667,Low Risk (Limited Data),67.74,False,1,0,1,0,0,0,3,5,0,0,0,0,0,1,11
P463015,Alterna Haircare Caviar Anti-Aging Clinical Densifying Foam Conditioner,ALTERNA Haircare,Hair,1.2609,Low Risk (Limited Data),63.89,False,1,0,0,0,0,0,4,7,1,0,0,0,0,1,14
P476826,MHMC New Beginnings Exfoliating Cleanser,ALTERNA Haircare,Hair,1.5455,Medium Risk,78.57,False,1,0,0,0,0,0,10,14,1,0,1,1,0,2,30
P472303,CAVIAR Anti-Aging Restructuring Bond Repair Shampoo,ALTERNA Haircare,Hair,1.35,Low Risk (Limited Data),52.63,False,1,0,0,0,0,0,4,6,2,0,0,0,0,2,15
P484023,Renewing Scalp Leave-In Treatment with Hemp,ALTERNA Haircare,Hair,1.2708,Low Risk,80.0,False,1,0,2,0,0,0,6,6,0,0,0,0,0,1,16
P484024,Renewing Scalp Care Peppermint Leave-In Treatment,ALTERNA Haircare,Hair,1.3182,Low Risk,76.74,False,1,0,3,0,0,0,7,11,0,0,1,0,0,4,27
P476827,My Hair My Canvas Me Time Every Day Shampoo,ALTERNA Haircare,Hair,1.3958,Low Risk,77.42,False,0,0,0,0,0,0,10,11,1,0,0,0,0,1,23
P476828,My Hair My Canvas  Me Time Everyday Conditioner,ALTERNA Haircare,Hair,1.4,Low Risk,92.59,False,1,0,0,0,0,0,10,12,0,0,0,0,0,1,24
P476829,My Hair My Canvas  Cool Hydrations Nourishing Masque,ALTERNA Haircare,Hair,1.2407,Low Risk,84.38,False,1,0,0,0,0,0,8,9,0,0,0,0,0,1,19
P463016,Clinical Densifying Styling Mousse,ALTERNA Haircare,Hair,1.2692,Low Risk (Limited Data),53.06,False,1,0,0,0,0,0,6,7,2,0,0,0,0,2,18
P503741,Lip Treatment Oil,Ami Colé,Makeup,1.0455,Low Risk (Limited Data),45.83,False,1,0,0,0,0,0,0,0,0,0,0,0,0,0,1
P503754,Skin-Enhancing Tinted Moisturizer,Ami Colé,Makeup,1.0,Low Risk,72.0,False,0,0,0,0,0,0,0,1,0,0,0,0,0,0,1
P503762,Lash-Amplifying Volumizing & Lengthening Mascara,Ami Colé,Makeup,1.0,Low Risk,75.0,False,0,0,0,0,0,0,0,0,0,0,0,0,0,0,0
P503732,Skin Melt Talc-Free Loose Setting Powder,Ami Colé,Makeup,1.0,Low Risk (Limited Data),63.16,False,0,0,0,0,0,0,0,1,0,0,0,0,0,0,1
P503763,Light-Catching Highlighter Balm,Ami Colé,Makeup,1.0,Low Risk (Limited Data),50.0,False,0,0,0,0,0,0,0,0,0,0,0,0,0,0,0
P503767,Skin-Enhancing Concealer,Ami Colé,Makeup,1.0278,Low Risk,72.0,False,1,0,0,0,0,0,0,2,0,0,0,0,0,1,4
P503759,Ultra-Flex Clear Eyebrow Shaping Gel,Ami Colé,Makeup,1.2143,Low Risk,70.0,False,0,0,1,0,0,0,0,1,0,0,1,0,0,0,3
P504779,Desert Date Cream Blush & Lip Multistick,Ami Colé,Makeup,1.0,Low Risk (Limited Data),68.18,False,0,0,0,0,0,0,0,0,0,0,0,0,0,0,0
P503731,"The Customizable Crew Set: Highlighter, Lip Oil, and Skin Tint Set",Ami Colé,Makeup,1.0156,Low Risk (Limited Data),64.0,False,1,0,0,0,0,0,0,1,0,0,0,0,0,0,2
P404916,Soulfood Nourishing Hair Mask,amika,Hair,1.5556,Medium Risk,94.74,True,1,0,1,0,0,2,3,7,0,0,0,0,1,2,17
P393281,Perk Up Talc-Free Dry Shampoo,amika,Hair,1.7727,Medium Risk,73.33,True,1,0,1,0,0,2,4,4,0,0,0,0,1,2,15
P484025,Dream Routine Overnight Hydrating Hair Mask,amika,Hair,1.0833,Low Risk (Limited Data),66.67,False,1,0,0,0,0,0,1,2,0,0,0,0,0,1,5
P426173,Mini Soulfood Nourishing Mask,amika,Mini Size,1.5556,Medium Risk,94.74,True,1,0,1,0,0,2,3,7,0,0,0,0,1,2,17
P474810,The Kure Intense Bond Repair Hair Mask,amika,Hair,1.3462,Low Risk,76.47,False,2,0,1,1,0,0,4,9,0,0,1,0,0,1,19
P500747,Hydro Rush Intense Moisture Leave-In Conditioner with Hyaluronic Acid,amika,Hair,1.1852,Low Risk (Limited Data),62.79,False,1,0,1,0,0,0,3,6,1,0,0,0,0,1,13
P404913,Un.Done Volume and Matte Texture Spray,amika,Hair,1.6071,Medium Risk (Limited Data),66.67,True,1,0,2,0,0,2,4,5,0,0,0,0,1,2,17
P468627,The Kure Bond Repair Conditioner for Damaged Hair,amika,Hair,1.2955,Low Risk (Limited Data),59.46,False,1,0,0,0,0,0,4,7,0,0,1,0,0,1,14
P501442,Good Vibes Only + Hydration + Repair Hair Mask Set,amika,Hair,1.2857,Low Risk,71.19,False,2,0,1,1,0,0,8,14,0,0,1,0,0,1,28
P468629,The Closer Instant Split-end Hair Repair Cream,amika,Hair,1.2419,Low Risk (Limited Data),64.58,False,1,0,1,0,0,0,7,8,0,0,1,0,0,1,19
P471529,Bust Your Brass Cool Blonde Purple Intense Repair Hair Mask,amika,Hair,1.3269,Low Risk,74.29,False,2,0,1,1,0,0,5,9,0,0,1,0,0,1,20
P431196,Normcore Sulfate Free Shampoo,amika,Hair,1.4286,Low Risk,84.0,True,1,0,0,0,0,2,3,4,2,0,0,0,1,3,16
P501705,Flash Instant Shine Hair Gloss Mask,amika,Hair,1.2105,Low Risk,77.55,False,2,0,1,1,0,0,3,8,1,0,0,0,0,1,17
P409703,Plus Size Volume & Body Mousse,amika,Hair,1.6667,Medium Risk,71.43,True,1,0,0,0,0,2,5,7,0,0,1,0,1,2,19
P431197,Normcore Hydrating Conditioner,amika,Hair,1.4211,Low Risk,70.37,True,1,0,1,0,0,2,3,6,0,0,0,0,1,2,16
P431193,Curl Corps Curl Defining Cream,amika,Hair,1.4286,Low Risk,75.68,True,1,0,1,0,0,2,5,9,0,0,1,0,1,2,22
P501693,The Wizard Detangling Hair Primer,amika,Hair,1.1667,Low Risk (Limited Data),66.67,False,0,0,0,0,0,0,1,0,0,0,0,0,0,0,1
P426180,Mini Un.Done Volume and Matte Texture Spray,amika,Mini Size,1.6071,Medium Risk (Limited Data),66.67,True,1,0,2,0,0,2,4,5,0,0,0,0,1,2,17
P504002,Water Sign Hydrating Hair Oil with Hyaluronic Acid,amika,Hair,1.1538,Low Risk (Limited Data),46.43,False,1,0,0,0,0,0,1,2,0,0,0,0,0,1,5
P501708,Perk Up Plus Extended Clean Dry Shampoo,amika,Hair,1.2222,Low Risk (Limited Data),45.0,False,0,0,1,0,0,0,1,1,0,0,0,0,0,0,3
P420713,Velveteen Dream Anti-Frizz Smoothing Conditioner,amika,Hair,1.225,Low Risk,83.33,False,1,0,1,0,0,0,3,6,0,0,0,0,0,1,12
P500748,Hydro Rush Intense Moisture Shampoo with Hyaluronic Acid,amika,Hair,1.18,Low Risk (Limited Data),69.44,False,1,0,0,0,0,0,4,4,1,0,0,0,0,1,11
P431192,Curl Corps Curl Enhancing Hair Gel,amika,Hair,1.3542,Low Risk,82.76,True,1,0,0,0,0,2,4,5,0,0,0,0,1,2,15
P478535,Top Gloss Hair Shine Spray,amika,Hair,1.3571,Low Risk,73.68,False,0,0,1,0,0,0,6,5,0,0,0,0,0,0,12
P481409,The Kure Multi-Task Repair Treatment,amika,Hair,1.3148,Low Risk,75.0,False,1,0,0,0,0,0,7,11,0,0,1,0,0,1,21
P500713,Hydro Rush Intense Moisture Conditioner with Hyaluronic Acid,amika,Hair,1.1852,Low Risk (Limited Data),62.79,False,1,0,1,0,0,0,3,6,1,0,0,0,0,1,13
P420708,Vault Sulfate Free Shampoo for Color-Treated Hair,amika,Hair,1.163,Low Risk,77.97,False,1,0,0,0,0,0,4,8,2,0,1,0,0,2,18
P502586,Brooklyn Bombshell Blowout Spray,amika,Hair,1.2727,Low Risk,78.57,False,1,0,0,0,0,0,2,3,0,0,0,0,0,1,7
P471531,Bust Your Brass Blonde Purple Conditioner,amika,Hair,1.2955,Low Risk (Limited Data),59.46,False,1,0,0,0,0,0,4,7,0,0,1,0,0,1,14
P501714,The Kure Bond Repair Shampoo for Damaged Hair,amika,Hair,1.2826,Low Risk (Limited Data),58.97,False,1,0,0,0,0,0,2,5,2,0,1,0,0,2,13
P504128,Hydro Rush and Dream Routine Hair Hydration Set,amika,Hair,1.1809,Low Risk (Limited Data),66.2,False,1,0,1,0,0,0,7,11,1,0,0,0,0,1,22
P420709,Vault Conditioner for Color-Treated Hair,amika,Hair,1.25,Low Risk,81.82,True,2,0,1,1,0,2,3,6,0,0,0,0,1,2,18
P458505,Fadeblock Pre-Shampoo Color Seal,amika,Hair,1.1216,Low Risk,78.72,False,1,0,1,0,0,0,3,7,0,0,0,0,0,1,13
P473260,Power Hour Curl Refreshing Spray,amika,Hair,1.2692,Low Risk,74.29,False,1,0,1,0,0,0,6,10,0,0,0,0,0,1,19
P501713,Reset Exfoliating Jelly Scalp Scrub,amika,Hair,1.4583,Low Risk (Limited Data),54.55,False,2,0,0,0,0,0,4,6,1,0,0,0,0,1,14
P501717,3D Volume and Thickening Shampoo,amika,Hair,1.25,Low Risk (Limited Data),53.85,False,1,0,0,0,0,0,2,3,0,0,0,0,0,2,8
P501689,3D Daily Leave-In Hair Thickening Treatment,amika,Hair,1.2917,Low Risk (Limited Data),68.57,False,1,0,1,0,0,0,7,8,0,0,0,0,0,2,19
P480275,Mini Perk Up Talc-Free Dry Shampoo,amika,Hair,1.7727,Medium Risk,73.33,True,1,0,1,0,0,2,4,4,0,0,0,0,1,2,15
P501698,Mini Perk Up Plus Extended Clean Dry Shampoo,amika,Hair,1.2222,Low Risk (Limited Data),45.0,False,0,0,1,0,0,0,1,1,0,0,0,0,0,0,3
P501721,Bust Your Brass Blonde Purple Shampoo,amika,Hair,1.2778,Low Risk (Limited Data),64.29,False,2,0,0,0,0,0,2,6,2,0,1,0,0,2,15
P501686,3D Volume and Thickening Conditioner,amika,Hair,1.25,Low Risk (Limited Data),53.85,False,1,0,0,0,0,0,2,3,0,0,0,0,0,2,8
P384060,"DIPBROW Waterproof, Smudge Proof Brow Pomade",Anastasia Beverly Hills,Makeup,1.1176,Low Risk,89.47,False,0,0,0,1,1,0,0,1,0,0,0,0,0,0,3
P404832,Eye Shadow Singles,Anastasia Beverly Hills,Makeup,1.0417,Low Risk,92.31,False,1,0,0,0,0,0,0,1,0,0,0,0,0,1,3
P404831,Liquid Lipstick,Anastasia Beverly Hills,Makeup,1.0476,Low Risk,84.0,False,2,0,0,0,0,0,0,1,0,0,0,0,0,1,4
P409118,Modern Renaissance Eye Shadow Palette,Anastasia Beverly Hills,Makeup,1.04,Low Risk (Limited Data),64.1,False,1,0,0,0,0,0,0,1,0,0,0,0,0,1,3
P58930227,Soft Glam Eyeshadow Palette,Anastasia Beverly Hills,Makeup,1.0278,Low Risk,81.82,False,1,0,0,0,0,0,0,1,0,0,0,0,0,1,3
P386335,Contour Kit,Anastasia Beverly Hills,Makeup,1.125,Low Risk,80.0,False,2,0,0,2,0,0,0,2,0,0,0,0,0,1,7
P404830,Lip Gloss,Anastasia Beverly Hills,Makeup,1.1667,Low Risk,78.26,False,2,0,0,1,0,0,1,0,0,0,0,0,0,0,4
P406576,Sun Dipped Glow Kit,Anastasia Beverly Hills,Makeup,1.0,Low Risk,83.33,False,0,0,0,0,0,0,0,1,0,0,0,0,0,0,1
P69304,Strong Hold Clear Brow Gel,Anastasia Beverly Hills,Makeup,1.3214,Low Risk,93.33,False,2,0,1,2,0,0,0,3,0,0,1,0,0,1,10
P69300,Ombre Effect Long Wearing Brow Powder Duo,Anastasia Beverly Hills,Makeup,1.1111,Low Risk,94.74,False,1,0,0,2,0,0,0,0,0,0,0,0,0,0,3
P468341,Brow Freeze Extreme Hold Laminated-Look Sculpting Wax,Anastasia Beverly Hills,Makeup,1.0,Low Risk (Limited Data),62.5,False,0,0,0,0,0,0,0,1,0,0,0,0,0,0,1
P423925,Sugar Glow Kit,Anastasia Beverly Hills,Makeup,1.0,Low Risk,95.65,False,0,0,0,0,0,0,0,1,0,0,0,0,0,0,1
P454751,Mini Strong Hold Clear Brow Gel,Anastasia Beverly Hills,Makeup,1.3214,Low Risk,93.33,False,2,0,1,2,0,0,0,3,0,0,1,0,0,1,10
P410504,Stick Foundation,Anastasia Beverly Hills,Makeup,1.0,Low Risk,80.0,False,0,0,0,0,0,0,0,0,0,0,0,0,0,0,0
P187202,Tinted Brow Gel,Anastasia Beverly Hills,Makeup,1.125,Low Risk,94.12,False,2,1,1,0,0,0,0,2,0,0,1,0,0,1,8
P441838,DIPBROW Gel,Anastasia Beverly Hills,Makeup,1.0,Low Risk,90.91,False,0,0,0,0,0,0,0,0,0,0,0,0,0,0,0
P480576,Matte & Satin Velvet Lipstick,Anastasia Beverly Hills,Makeup,1.075,Low Risk,86.96,False,1,0,0,1,0,0,0,0,0,0,0,0,0,0,2
P420162,Blush Trio,Anastasia Beverly Hills,Makeup,1.0323,Low Risk,88.57,False,2,0,0,0,0,0,0,2,0,0,0,0,0,1,5
P386783,Pro Pencil,Anastasia Beverly Hills,Makeup,1.0,Low Risk,75.0,False,0,0,0,0,0,0,0,0,0,0,0,0,0,0,0
P442999,DIPBROW Gel - Mini,Anastasia Beverly Hills,Makeup,1.0,Low Risk,90.91,False,0,0,0,0,0,0,0,0,0,0,0,0,0,0,0
P449124,Luminous Foundation,Anastasia Beverly Hills,Makeup,1.0116,Low Risk,91.49,False,0,0,0,0,0,0,0,1,0,0,0,0,0,0,1
P69305,Perfect Brow Pencil,Anastasia Beverly Hills,Makeup,1.0,Low Risk,83.33,False,0,0,0,0,0,0,0,0,0,0,0,0,0,0,0
P450846,Norvina Pro Pigment Palette Vol. 3 for Face & Body,Anastasia Beverly Hills,Makeup,1.05,Low Risk,95.24,False,3,0,0,0,1,0,0,1,0,1,0,0,0,1,7
P462328,Superfine Micro-Stroking Detail Brow Pen,Anastasia Beverly Hills,Makeup,1.0333,Low Risk,71.43,False,1,0,0,0,0,0,0,3,0,0,0,0,0,1,5
P443753,Dewy Set Setting Spray,Anastasia Beverly Hills,Makeup,1.0833,Low Risk,92.31,False,0,0,0,0,0,0,1,2,0,0,0,0,0,0,3
P448161,Norvina Pro Pigment Palette Vol. 1 for Face & Body,Anastasia Beverly Hills,Makeup,1.0444,Low Risk,97.83,False,3,0,0,0,1,0,0,2,0,1,0,0,0,1,8
P463420,Mini Soft Glam II Eye Shadow Palette,Anastasia Beverly Hills,Makeup,1.0294,Low Risk,87.18,False,1,0,0,0,0,0,0,1,0,0,0,0,0,1,3
P427916,Powder Bronzer,Anastasia Beverly Hills,Makeup,1.0217,Low Risk,95.83,False,1,0,0,0,0,0,0,2,0,0,0,0,0,1,4
P474813,Stick Cream Blush,Anastasia Beverly Hills,Makeup,1.05,Low Risk,83.33,False,1,0,0,0,0,0,0,0,0,0,0,0,0,1,2
P450845,Norvina Pro Pigment Palette Vol. 2 for Face & Body,Anastasia Beverly Hills,Makeup,1.0488,Low Risk,91.11,False,3,0,0,0,1,0,0,1,0,1,0,0,0,1,7
P457246,Norvina Pro Pigment Palette Vol. 4 for Face & Body,Anastasia Beverly Hills,Makeup,1.0357,Low Risk,80.77,False,2,0,0,0,1,0,0,2,0,1,0,0,0,1,7
P475045,Magic Touch Concealer,Anastasia Beverly Hills,Makeup,1.0147,Low Risk,80.95,False,1,0,0,0,0,0,0,1,0,0,0,0,0,1,3
P224610,Highlighting Duo Pencil,Anastasia Beverly Hills,Makeup,1.087,Low Risk (Limited Data),67.65,False,1,0,0,2,0,0,0,0,0,0,0,0,0,0,3
P474812,Cream Bronzer,Anastasia Beverly Hills,Makeup,1.0,Low Risk,89.66,False,0,0,0,0,0,0,0,1,0,0,0,0,0,0,1
P473261,Norvina Pro Pigment Palette Vol. 5 for Face & Body,Anastasia Beverly Hills,Makeup,1.05,Low Risk,72.73,False,3,0,0,0,1,0,0,1,0,1,0,0,0,0,6
P450720,Contour & Highlight Stick,Anastasia Beverly Hills,Makeup,1.0,Low Risk,80.0,False,0,0,0,0,0,0,0,0,0,0,0,0,0,0,0
P406577,Lip Primer,Anastasia Beverly Hills,Makeup,1.0,Low Risk (Limited Data),58.33,False,0,0,0,0,0,0,0,1,0,0,0,0,0,0,1
P452412,Norvina Mini Pro Pigment Palette Vol. 2 for Face & Body,Anastasia Beverly Hills,Makeup,1.0488,Low Risk,83.67,False,3,0,0,0,0,0,0,1,0,0,0,0,0,1,5
P395205,Waterproof Crème Color,Anastasia Beverly Hills,Makeup,1.1,Low Risk,95.24,False,0,0,0,1,1,0,0,1,0,0,0,0,0,0,3
P463783,Insta Brow Set,Anastasia Beverly Hills,Makeup,1.18,Low Risk,80.65,False,2,0,1,2,0,0,0,3,0,0,1,0,0,1,10
P454992,Norvina Mini Pro Pigment Palette Vol. 3 for Face & Body,Anastasia Beverly Hills,Mini Size,1.0556,Low Risk,85.71,False,3,0,0,0,1,0,0,1,0,1,0,0,0,1,7
P449149,Loose Setting Powder,Anastasia Beverly Hills,Makeup,1.0,Low Risk,100.0,False,0,0,0,0,0,0,0,1,0,0,0,0,0,0,1
P468343,Tinted Lip Gloss,Anastasia Beverly Hills,Makeup,1.0278,Low Risk,90.0,False,1,0,0,0,0,0,0,0,0,0,0,0,0,0,1
P420204,Liquid Glow Highlighter,Anastasia Beverly Hills,Makeup,1.0172,Low Risk,78.38,False,1,0,0,0,0,0,0,2,0,0,0,0,0,1,4
P459508,Mini Dewy Set Hydrating Setting Spray,Anastasia Beverly Hills,Makeup,1.0833,Low Risk,92.31,False,0,0,0,0,0,0,1,2,0,0,0,0,0,0,3
P500629,Nouveau Eyeshadow Palette,Anastasia Beverly Hills,Makeup,1.0366,Low Risk,87.23,False,2,0,0,0,0,0,0,1,0,0,0,0,0,1,4
P452413,Norvina Mini Pro Pigment Palette Vol. 1 for Face & Body,Anastasia Beverly Hills,Mini Size,1.0568,Low Risk,91.67,False,4,0,0,0,0,0,0,1,0,0,0,0,0,1,6
P482659,NORVINA Pro Pigment Palette Vol. 6 for Face & Body,Anastasia Beverly Hills,Makeup,1.0444,Low Risk,84.91,False,3,0,0,0,1,0,0,1,0,1,0,0,0,0,6
P468344,Iced Out Highlighter,Anastasia Beverly Hills,Makeup,1.0,Low Risk,89.47,False,0,0,0,0,0,0,0,1,0,0,0,0,0,0,1
P446027,Mini Eye Primer,Anastasia Beverly Hills,Makeup,1.0256,Low Risk,95.12,False,1,0,0,0,0,0,0,2,0,0,0,0,0,1,4
P503051,Fluffy & Fuller Looking Brow Kit,Anastasia Beverly Hills,Makeup,1.125,Low Risk,92.31,False,2,0,0,2,0,0,0,3,0,0,0,0,0,1,8
P471735,"Face Palettes – All in One Bronzer, Highlighter, Blush",Anastasia Beverly Hills,Makeup,1.0588,Low Risk,85.0,False,2,0,0,1,0,0,0,2,0,0,0,0,0,1,6
P478230,NORVINA Chroma Stix Makeup Pencils,Anastasia Beverly Hills,Makeup,1.0769,Low Risk,86.67,False,1,0,0,0,0,0,0,1,0,0,0,0,0,2,4
P173317,Brow Primer,Anastasia Beverly Hills,Makeup,1.0,Low Risk,100.0,False,0,0,0,0,0,0,0,1,0,0,0,0,0,0,1
P446344,Shimmer Body Oil,Anastasia Beverly Hills,Bath & Body,1.2632,Low Risk,90.48,False,1,0,0,0,0,0,5,6,0,0,0,0,0,1,13
P449151,Liquid Liner,Anastasia Beverly Hills,Makeup,1.1154,Low Risk,92.86,False,0,0,0,0,0,0,1,2,0,0,0,0,0,0,3
P503114,Rose Metals Eyeshadow Palette,Anastasia Beverly Hills,Makeup,1.0429,Low Risk,87.5,False,2,0,0,0,0,0,0,1,0,0,0,0,0,1,4
P503050,Natural & Polished Deluxe Brow Kit,Anastasia Beverly Hills,Makeup,1.15,Low Risk,76.92,False,2,0,1,2,0,0,0,3,0,0,1,0,0,1,10
P477809,Primrose All In One Face & Eye Shadow Palette,Anastasia Beverly Hills,Makeup,1.05,Low Risk,85.11,False,3,0,0,0,0,0,0,1,0,0,0,0,0,1,5
P455981,Lash Brag Jet-Black Volumizing Mascara,Anastasia Beverly Hills,Makeup,1.0682,Low Risk,81.48,False,1,0,0,0,0,0,0,3,0,0,1,0,0,1,6
P503556,Mini Glam To Go Eyeshadow Palette,Anastasia Beverly Hills,Makeup,1.0278,Low Risk,92.31,False,1,0,0,0,0,0,0,1,0,0,0,0,0,1,3
P503092,Fuller Looking & Sculpted Lip Duo Kit,Anastasia Beverly Hills,Makeup,1.0208,Low Risk,82.76,False,1,0,0,0,0,0,0,0,0,0,0,0,0,0,1
P456591,Mini Lash Brag Jet-Black Volumizing Mascara,Anastasia Beverly Hills,Makeup,1.0682,Low Risk,81.48,False,1,0,0,0,0,0,0,3,0,0,1,0,0,1,6
P423923,Liquid Lipstick in Trouble,Anastasia Beverly Hills,Makeup,1.0455,Low Risk,84.62,False,2,0,0,0,0,0,0,1,0,0,0,0,0,1,4
P500697,Coming Up Roses Blush & Lip Kit,Anastasia Beverly Hills,Makeup,1.0465,Low Risk,78.18,False,1,0,0,1,0,0,0,0,0,0,0,0,0,1,3
P468342,Crystal Lip Gloss,Anastasia Beverly Hills,Makeup,1.2143,Low Risk,100.0,False,0,0,0,0,0,0,2,1,0,0,0,0,0,0,3
P500604,Stick Highlighter,Anastasia Beverly Hills,Makeup,1.0312,Low Risk,84.21,False,0,0,0,0,0,0,0,0,0,0,0,0,0,1,1
P483069,Brow Studio Kit,Anastasia Beverly Hills,Makeup,1.1184,Low Risk,82.61,False,2,0,1,2,0,0,0,3,0,0,1,0,0,1,10
P410502,Darkside Waterproof Liner,Anastasia Beverly Hills,Makeup,1.1875,Low Risk (Limited Data),53.33,False,2,0,0,0,0,0,0,1,0,0,0,0,0,1,4
P500402,Brow Genius Conditioning Brow Serum,Anastasia Beverly Hills,Makeup,1.0652,Low Risk,71.88,False,0,0,1,0,0,0,1,2,0,0,0,0,0,0,4
P462330,Mini Loose Setting Powder,Anastasia Beverly Hills,Makeup,1.0556,Low Risk,100.0,False,1,0,0,0,0,0,0,2,0,0,0,0,0,1,4
P473262,Norvina Lip Balm,Anastasia Beverly Hills,Makeup,1.2353,Low Risk,85.0,False,1,0,0,1,0,0,3,3,0,0,0,0,0,1,9
P470504,Eye Brag Eyeliner & Mascara Set,Anastasia Beverly Hills,Makeup,1.0938,Low Risk,84.21,False,1,0,0,0,0,0,1,5,0,0,1,0,0,1,9
P449150,Hydrating Oil,Anastasia Beverly Hills,Skincare,1.2917,Low Risk (Limited Data),46.15,False,0,0,0,0,0,0,4,5,0,0,0,0,0,1,10
P504629,Laminated Look Brow Kit,Anastasia Beverly Hills,Makeup,1.05,Low Risk,71.43,False,1,0,0,0,0,0,0,4,0,0,0,0,0,1,6
P393401,Luminous Silk Perfect Glow Flawless Oil-Free Foundation,Armani Beauty,Makeup,1.3462,Low Risk,83.87,True,2,0,1,1,0,1,6,6,0,0,0,0,1,1,19
P393411,Lip Maestro Liquid Matte Lipstick,Armani Beauty,Makeup,1.0,Low Risk,88.89,False,0,0,0,0,0,0,0,2,0,0,0,0,0,0,2
P425938,Mini Luminous Silk Perfect Glow Flawless Oil-Free Foundation,Armani Beauty,Mini Size,1.3462,Low Risk,83.87,True,2,0,1,1,0,1,6,6,0,0,0,0,1,1,19
P393434,Eye Tint Long-Lasting Liquid Eyeshadow,Armani Beauty,Makeup,1.0278,Low Risk,81.82,False,1,0,0,0,0,0,0,2,0,0,0,0,0,1,4
P416785,Power Fabric + Longwear High Cover Foundation SPF 25,Armani Beauty,Makeup,1.2857,Low Risk,96.55,False,2,0,1,2,1,0,6,6,0,0,0,0,0,1,19
P456158,Luminous Silk Face and Under-Eye Concealer,Armani Beauty,Makeup,1.037,Low Risk,93.1,False,1,0,0,0,0,0,0,2,0,0,0,0,0,1,4
P271538,Acqua di Gioia,Armani Beauty,Fragrance,1.6842,Medium Risk,90.48,False,3,0,1,0,0,0,14,13,0,0,0,0,0,0,31
P461420,My Way Eau de Parfum,Armani Beauty,Fragrance,1.6905,Medium Risk,91.3,False,4,0,1,0,0,0,15,14,0,0,0,0,0,0,34
P388029,Sì Eau de Parfum,Armani Beauty,Fragrance,1.7292,Medium Risk,80.0,False,3,0,1,2,0,0,17,15,0,0,0,0,0,0,38
P441817,Power Fabric Concealer,Armani Beauty,Makeup,1.0,Low Risk (Limited Data),65.38,False,0,0,0,0,0,0,0,2,0,0,0,0,0,0,2
P430871,Sì Passione Eau de Parfum,Armani Beauty,Fragrance,1.7333,Medium Risk,100.0,False,0,0,1,0,0,0,13,12,0,0,0,0,0,0,26
P458270,Neo Nude Tinted Moisturizer with Hyaluronic Acid,Armani Beauty,Makeup,1.05,Low Risk,86.96,False,1,0,1,0,0,0,0,2,0,0,0,0,0,1,5
P12430,Acqua di Giò Eau de Toilette Spray,Armani Beauty,Fragrance,1.7812,Medium Risk,100.0,True,0,0,1,1,0,1,11,9,0,0,0,0,1,0,24
P480151,Mini My Way & Acqua di Gioia Perfume Duo,Armani Beauty,Fragrance,1.6905,Medium Risk,84.0,False,4,0,1,0,0,0,15,14,0,0,0,0,0,0,34
P461421,My Way Eau de Parfum Travel Spray,Armani Beauty,Fragrance,1.6905,Medium Risk,91.3,False,4,0,1,0,0,0,15,14,0,0,0,0,0,0,34
P144212,Armani Code Pour Femme,Armani Beauty,Fragrance,1.6667,Medium Risk,83.33,False,2,0,1,0,0,0,11,10,0,0,0,0,0,0,24
P472016,Neo Nude Color Melting Cream Blush,Armani Beauty,Makeup,1.0,Low Risk,94.74,False,0,0,0,0,0,0,0,0,0,0,0,0,0,0,0
P449793,Luminous Silk Hydrating Makeup Primer,Armani Beauty,Makeup,1.0652,Low Risk,82.14,False,1,0,0,0,0,0,0,3,0,0,0,0,0,1,5
P393671,Eyes To Kill Lengthening Mascara,Armani Beauty,Makeup,1.0385,Low Risk (Limited Data),65.0,False,1,0,0,0,0,0,0,1,0,0,0,0,0,1,3
P457884,Ocean di Gioia Eau de Parfum,Armani Beauty,Fragrance,1.7353,Medium Risk,80.95,False,3,0,1,0,0,0,13,12,0,0,0,0,0,0,29
P475046,My Way Eau de Parfum Intense,Armani Beauty,Fragrance,1.6579,Medium Risk,90.48,False,3,0,1,0,0,0,13,12,0,0,0,0,0,0,29
P439633,Acqua di Gioia Travel Spray,Armani Beauty,Fragrance,1.6842,Medium Risk,90.48,False,3,0,1,0,0,0,14,13,0,0,0,0,0,0,31
P469846,Luminous Silk Glow Setting Powder,Armani Beauty,Makeup,1.2143,Low Risk,84.85,False,1,0,1,0,0,0,6,6,0,0,0,0,0,1,15
P434327,Sì Passione Eau de Parfum Travel Spray,Armani Beauty,Fragrance,1.7333,Medium Risk,100.0,False,0,0,1,0,0,0,13,12,0,0,0,0,0,0,26
P446794,Si Fiori Eau de Parfum,Armani Beauty,Fragrance,1.7353,Medium Risk,100.0,False,1,0,1,0,0,0,14,13,0,0,0,0,0,0,29
P398665,Acqua Di Gio Profumo,Armani Beauty,Fragrance,1.75,Medium Risk,94.74,False,3,0,1,2,0,0,12,10,0,0,0,0,0,0,28
P393672,Eyes To Kill Waterproof Mascara,Armani Beauty,Makeup,1.0588,Low Risk (Limited Data),62.96,False,1,0,0,0,0,0,0,2,0,0,0,0,0,1,4
P456972,Aqua di Giò Profondo Eau de Parfum Spray,Armani Beauty,Fragrance,1.7333,Medium Risk,100.0,False,0,0,1,0,0,0,13,12,0,0,0,0,0,0,26
P481814,Lip Maestro Mediterranea Liquid Matte Lipstick,Armani Beauty,Makeup,1.0,Low Risk (Limited Data),62.79,False,0,0,0,0,0,0,0,2,0,0,0,0,0,0,2
P393669,Black Ecstasy Mascara,Armani Beauty,Makeup,1.0385,Low Risk (Limited Data),65.0,False,1,0,0,0,0,0,0,1,0,0,0,0,0,1,3
P472017,Mini Eyes To Kill Volumizing and Lengthening Mascara,Armani Beauty,Makeup,1.0385,Low Risk (Limited Data),65.0,False,1,0,0,0,0,0,0,1,0,0,0,0,0,1,3
P430348,Acqua di Gio Absolu,Armani Beauty,Fragrance,1.6786,Medium Risk,82.35,False,0,0,1,0,0,0,11,9,0,0,0,0,0,0,21
P421783,EMPORIO ARMANI Stronger With You,Armani Beauty,Fragrance,1.6471,Medium Risk,89.47,False,1,0,1,0,0,0,12,11,0,0,0,0,0,0,25
P482507,Luminous Silk Perfect Glow Flawless Oil-Free Foundation Customizable Set,Armani Beauty,Makeup,1.1759,Low Risk,75.0,True,2,0,1,1,0,1,6,8,0,0,0,0,1,1,21
P469176,Si Intense Eau de Parfum,Armani Beauty,Fragrance,1.6667,Medium Risk,91.3,False,2,0,1,0,0,0,16,15,0,0,0,0,0,0,34
P469177,Si Intense Eau de Parfum Travel Spray,Armani Beauty,Fragrance,1.6667,Medium Risk,91.3,False,2,0,1,0,0,0,16,15,0,0,0,0,0,0,34
P483112,My Way Floral Eau de Parfum Travel Spray,Armani Beauty,Fragrance,1.6304,Medium Risk,92.0,False,4,0,1,0,0,0,15,14,0,0,0,0,0,0,34
P465302,Acqua Di Gio Pour Homme Travel Spray,Armani Beauty,Fragrance,1.7812,Medium Risk,100.0,True,0,0,1,1,0,1,11,9,0,0,0,0,1,0,24
P481950,Si Passione Eclat Eau de Parfum,Armani Beauty,Fragrance,1.7188,Medium Risk,100.0,False,0,0,1,0,0,0,14,13,0,0,0,0,0,0,28
P503765,Lip Power Long-Lasting Satin Lipstick Duo Set,Armani Beauty,Makeup,1.0,Low Risk,76.92,False,0,0,0,0,0,0,0,0,0,0,0,0,0,0,0
P483111,My Way Floral Eau de Parfum,Armani Beauty,Fragrance,1.6304,Medium Risk,92.0,False,4,0,1,0,0,0,15,14,0,0,0,0,0,0,34
P482660,Acqua di Gio Eau de Parfum,Armani Beauty,Fragrance,1.7188,Medium Risk,100.0,False,1,0,1,0,0,0,13,12,0,0,0,0,0,0,27
P503247,Gioia Perfume Gift Set,Armani Beauty,Fragrance,1.6842,Medium Risk,90.48,False,3,0,1,0,0,0,14,13,0,0,0,0,0,0,31
P503243,My Way Perfume Gift Set,Armani Beauty,Fragrance,1.6905,Medium Risk,91.3,False,4,0,1,0,0,0,15,14,0,0,0,0,0,0,34
P465304,Acqua Di Gio Deodorant,Armani Beauty,Bath & Body,1.4583,Low Risk,80.0,False,0,0,0,0,0,0,7,7,0,0,0,0,0,0,14
P503246,Armani Code Parfum,Armani Beauty,Fragrance,1.6667,Medium Risk,88.24,False,2,0,1,0,0,0,11,10,0,0,0,0,0,0,24
P469034,Armani Code Eau de Parfum,Armani Beauty,Fragrance,1.6538,Medium Risk,100.0,False,1,0,1,0,0,0,10,9,0,0,0,0,0,0,21
P503244,Sì Passione Perfume Gift Set,Armani Beauty,Fragrance,1.2821,Low Risk,92.86,False,0,0,1,0,0,0,13,14,0,0,0,0,0,0,28
P418389,Armani Code Colonia,Armani Beauty,Fragrance,1.6,Medium Risk (Limited Data),68.18,False,0,0,1,0,0,0,11,9,0,0,0,0,0,0,21
P504670,Acqua di Goia Perfume Gift Set,Armani Beauty,Fragrance,1.6842,Medium Risk,90.48,False,3,0,1,0,0,0,14,13,0,0,0,0,0,0,31
P446790,Acqua Di Giò Absolu Instinct Eau De Parfum,Armani Beauty,Fragrance,1.6944,Medium Risk,81.82,False,2,0,1,0,0,0,13,11,0,0,0,0,0,0,27
P504695,Si Passione Gift Set,Armani Beauty,Fragrance,1.2821,Low Risk,92.86,False,0,0,1,0,0,0,13,14,0,0,0,0,0,0,28
P380557,Armani Code After Shave Lotion,Armani Beauty,Bath & Body,1.3871,Low Risk,88.57,True,1,0,0,0,0,1,12,10,0,0,0,0,1,0,25
P505320,My Way Parfum,Armani Beauty,Fragrance,1.6579,Medium Risk,90.48,False,3,0,1,0,0,0,13,12,0,0,0,0,0,0,29
P505214,Armani Code Eau de Toilette,Armani Beauty,Fragrance,1.6667,Medium Risk,93.75,False,2,0,1,0,0,0,11,10,0,0,0,0,0,0,24
P429271,Diamond Glow Powder,Artist Couture,Makeup,1.0,Low Risk,100.0,False,0,0,0,0,0,0,0,0,0,0,0,0,0,0,0
P456967,Silk Cream Lipstick,Artist Couture,Makeup,1.2,Low Risk,83.33,False,0,0,0,0,0,0,6,6,0,0,0,0,0,0,12
P456966,Supreme Nudes Pressed Pigment Eyeshadow Palette,Artist Couture,Makeup,1.0208,Low Risk (Limited Data),54.55,False,1,0,0,0,0,0,0,1,0,0,0,0,0,1,3
P451642,Plush Pout Lip Gloss,Artist Couture,Makeup,1.0476,Low Risk,77.78,False,1,0,0,0,0,0,0,1,0,0,0,0,0,0,2
P484029,Silky Lip Oil,Artist Couture,Makeup,1.0833,Low Risk (Limited Data),52.17,False,0,0,0,1,0,0,0,0,0,0,0,0,0,0,1
P476833,Mini Supreme Nudes Eyeshadow Palette: The Quickie,Artist Couture,Mini Size,1.0185,Low Risk,77.14,False,1,0,0,0,0,0,0,1,0,0,0,0,0,1,3
P473181,Supreme Bronze Eyeshadow & Pressed Pigment Palette,Artist Couture,Makeup,1.0167,Low Risk,81.08,False,1,0,0,0,0,0,0,1,0,0,0,0,0,1,3
P482509,Supreme Mauves Eyeshadow & Pressed Pigment Palette,Artist Couture,Makeup,1.0217,Low Risk (Limited Data),60.53,False,1,0,0,0,0,0,0,1,0,0,0,0,0,1,3
P479301,Stay Lit Liquid Eyeshadows,Artist Couture,Makeup,1.0,Low Risk,95.0,False,0,0,0,0,0,0,0,1,0,0,0,0,0,0,1
P472308,Multi Use Beauty Setting Powder,Artist Couture,Makeup,1.0357,Low Risk,93.33,False,1,0,0,0,0,0,0,1,0,0,0,0,0,1,3
P448851,Midnight Maven Eyeshadow Palette,Artist Couture,Makeup,1.0179,Low Risk (Limited Data),66.67,False,1,0,0,0,0,0,0,1,0,0,0,0,0,1,3
P472307,Prep & Glow Blurring Perfection Primer,Artist Couture,Makeup,1.0455,Low Risk,80.49,False,2,0,0,0,0,0,1,3,0,0,0,0,0,1,7
P470506,The Cream Cleansing Gel with TFC8 Gentle Cleanser,Augustinus Bader,Skincare,1.0,Low Risk,75.0,False,0,0,0,0,0,0,0,0,0,0,0,0,0,0,0
P470509,The Rich Cream with TFC8 Face Moisturizer,Augustinus Bader,Skincare,1.0,Low Risk,72.22,False,0,0,0,0,0,0,0,0,0,0,0,0,0,0,0
P470507,The Cream with TFC8 Face Moisturizer,Augustinus Bader,Skincare,1.0658,Low Risk,73.08,False,2,0,1,0,0,0,0,4,0,0,0,0,0,1,8
P500420,The Light Cream,Augustinus Bader,Skincare,1.0,Low Risk (Limited Data),60.0,False,0,0,0,0,0,0,0,0,0,0,0,0,0,0,0
P482510,The Ultimate Soothing Cream,Augustinus Bader,Skincare,1.0,Low Risk,76.32,False,0,0,0,0,0,0,0,0,0,0,0,0,0,0,0
P475907,The Serum with  TFC8,Augustinus Bader,Skincare,1.0,Low Risk (Limited Data),69.44,False,0,0,0,0,0,0,0,0,0,0,0,0,0,0,0
P475906,The Eye Cream with  TFC8,Augustinus Bader,Skincare,1.0,Low Risk,71.79,False,0,0,0,0,0,0,0,0,0,0,0,0,0,0,0
P503926,The Face Cream Mask,Augustinus Bader,Skincare,1.0,Low Risk (Limited Data),67.65,False,0,0,0,0,0,0,0,1,0,0,0,0,0,0,1
P470510,Mini The Rich Cream with TFC8 Face Moisturizer,Augustinus Bader,Skincare,1.0,Low Risk,72.22,False,0,0,0,0,0,0,0,0,0,0,0,0,0,0,0
P470508,Mini The Cream with TFC8 Face Moisturizer,Augustinus Bader,Skincare,1.0658,Low Risk,73.08,False,2,0,1,0,0,0,0,4,0,0,0,0,0,1,8
P502588,The Eyebrow & Lash Enhancing Serum,Augustinus Bader,Makeup,1.0179,Low Risk,75.68,False,0,0,0,0,0,0,0,2,0,0,0,0,0,0,2
P480154,The Scalp Treatment,Augustinus Bader,Hair,1.0,Low Risk (Limited Data),56.82,False,0,0,0,0,0,0,0,1,0,0,0,0,0,0,1
P482511,The Revitalizing Haircare System,Augustinus Bader,Hair,1.0,Low Risk (Limited Data),58.21,False,0,0,0,0,0,0,0,1,0,0,0,0,0,0,1
P480152,The Shampoo,Augustinus Bader,Hair,1.0,Low Risk (Limited Data),66.67,False,0,0,0,0,0,0,0,0,0,0,0,0,0,0,0
P482661,The Essence,Augustinus Bader,Skincare,1.0435,Low Risk,74.19,False,1,0,0,0,0,0,0,1,0,0,0,0,0,0,2
P502235,The Daily Essential Duo The Cream,Augustinus Bader,Skincare,1.0658,Low Risk,73.08,False,2,0,1,0,0,0,0,4,0,0,0,0,0,1,8
P480153,The Conditioner,Augustinus Bader,Hair,1.0,Low Risk (Limited Data),62.16,False,0,0,0,0,0,0,0,0,0,0,0,0,0,0,0
P501140,The Body Cream,Augustinus Bader,Bath & Body,1.0147,Low Risk,85.0,False,1,0,0,0,0,0,0,1,0,0,0,0,0,0,2
P504018,The Skin Renewal System,Augustinus Bader,Skincare,1.0256,Low Risk (Limited Data),67.24,False,1,0,0,0,0,0,0,1,0,0,0,0,0,0,2
P503815,The Most Wanted Parfum,Azzaro,Fragrance,1.6905,Medium Risk,80.77,False,2,0,1,0,0,0,16,15,0,0,0,0,0,0,34
P503817,The Most Wanted Eau De Parfum Intense,Azzaro,Fragrance,1.6944,Medium Risk,90.0,False,2,0,1,0,0,0,14,13,0,0,0,0,0,0,30
P460779,Skinlongevity Long Life Herb Anti-Aging Face Serum,bareMinerals,Skincare,1.1286,Low Risk,77.78,False,1,0,1,0,0,0,4,4,0,0,0,0,0,1,11
P393356,COMPLEXION RESCUE Tinted Moisturizer with Hyaluronic Acid and Mineral SPF 30,bareMinerals,Makeup,1.0,Low Risk (Limited Data),60.0,False,0,0,0,0,0,0,0,0,0,0,0,0,0,0,0
P61004,Mineral Veil Talc Free Setting Powder,bareMinerals,Makeup,1.0,Low Risk,75.0,False,0,0,0,0,0,0,0,0,0,0,0,0,0,0,0
P410543,BAREPRO 16-HR Skin-Perfecting Powder Foundation,bareMinerals,Makeup,1.0179,Low Risk,71.79,False,1,0,0,0,0,0,0,2,0,0,0,0,0,1,4
P61005,Warmth All-Over Face Color Loose Bronzer,bareMinerals,Makeup,1.0,Low Risk,100.0,False,0,0,0,0,0,0,0,0,0,0,0,0,0,0,0
P469839,Gen Nude Blonzer Blush + Bronzer,bareMinerals,Makeup,1.0,Low Risk,92.0,False,0,0,0,0,0,0,0,1,0,0,0,0,0,0,1
P455324,Mineralist Hydra-Smoothing Lipstick,bareMinerals,Makeup,1.0476,Low Risk,72.41,False,2,0,0,0,0,0,0,0,0,0,0,0,0,0,2
P427652,Gen Nude Powder Blush,bareMinerals,Makeup,1.0,Low Risk,85.71,False,0,0,0,0,0,0,0,0,0,0,0,0,0,0,0
P469847,Mineralist Lip Gloss Balm,bareMinerals,Makeup,1.0625,Low Risk (Limited Data),66.67,False,2,0,0,0,0,0,0,0,0,0,0,0,0,0,2
P470512,Original Liquid Mineral Concealer,bareMinerals,Makeup,1.0,Low Risk,78.26,False,0,0,0,0,0,0,0,1,0,0,0,0,0,0,1
P473848,Original Mineral Veil Pressed Setting Powder,bareMinerals,Makeup,1.0556,Low Risk,90.0,False,1,0,0,0,0,0,0,0,0,0,0,0,0,0,1
P461132,Strength & Length Serum-Infused Mascara,bareMinerals,Makeup,1.0,Low Risk (Limited Data),61.11,False,0,0,0,0,0,0,0,1,0,0,0,0,0,0,1
P473841,MINERALIST Eyeshadow Palette,bareMinerals,Makeup,1.0,Low Risk,77.27,False,0,0,0,0,0,0,0,0,0,0,0,0,0,0,0
P501215,Mineralist Lasting Matte Liquid Lipstick,bareMinerals,Makeup,1.0435,Low Risk,82.14,False,2,0,0,0,0,0,0,1,0,0,0,0,0,0,3
P473842,MINERALIST Lasting Eyeliner,bareMinerals,Makeup,1.0,Low Risk,85.19,False,0,0,0,0,0,0,0,0,0,0,0,0,0,0,0
P501217,Mineralist Lasting Lip Liner,bareMinerals,Makeup,1.0,Low Risk,77.78,False,0,0,0,0,0,0,0,0,0,0,0,0,0,0,0
P481951,MAXIMIST Phyto-Fiber Volumizing Mascara,bareMinerals,Makeup,1.0,Low Risk (Limited Data),67.74,False,0,0,0,0,0,0,0,1,0,0,0,0,0,0,1
P502965,Mini MAXIMIST Phyto-Fiber Volumizing Mascara,bareMinerals,Mini Size,1.0,Low Risk (Limited Data),67.74,False,0,0,0,0,0,0,0,1,0,0,0,0,0,0,1
P504122,PRIME TIME Original Pore-Minimizing Primer,bareMinerals,Makeup,1.0,Low Risk,76.19,False,0,0,0,0,0,0,0,0,0,0,0,0,0,0,0
P158509,Faux Tan Bronzer,bareMinerals,Makeup,1.0,Low Risk,100.0,False,0,0,0,0,0,0,0,0,0,0,0,0,0,0,0
P504153,Mini PRIME TIME Original Pore-Minimizing Primer,bareMinerals,Makeup,1.0,Low Risk,76.19,False,0,0,0,0,0,0,0,0,0,0,0,0,0,0,0
P438637,Bright Eyes Collagen-Infused Brightening Colloidal Silver Eye Masks,BeautyBio,Skincare,1.1667,Low Risk (Limited Data),68.18,False,2,0,0,0,0,0,1,2,0,0,0,0,0,1,6
P455623,The ZenBubble Gel Cream,BeautyBio,Skincare,1.0682,Low Risk,88.0,False,2,0,0,0,0,0,0,2,0,0,0,0,0,1,5
P472448,Glass & Gloss 2-Step Facial Retexturizing & Brightening Treatment,BeautyBio,Skincare,1.119,Low Risk,77.78,False,1,0,1,0,0,0,2,3,0,0,0,0,0,1,8
P477961,Get That Glow - GloPRO Facial Microneedling Discovery Set,BeautyBio,Skincare,1.1379,Low Risk,78.38,False,2,0,0,0,0,0,2,3,1,0,0,0,0,2,10
P438631,The Sculptor with LipoCare Cellulite Smoothing Body Cream,BeautyBio,Bath & Body,1.1447,Low Risk,79.17,False,1,0,1,0,0,0,6,7,0,0,0,0,0,1,16
P463793,Healthy Scalp Hair Density& Clarifying Serum,BeautyBio,Hair,1.0714,Low Risk,73.68,False,1,0,0,0,0,0,0,3,0,0,0,0,0,2,6
P438643,The Balance pH Balancing Gel Cleanser,BeautyBio,Skincare,1.2,Low Risk,88.24,False,2,0,0,0,0,0,1,1,1,0,0,0,0,2,7
P438628,Contouring + De-Puffing Rose Quartz Roller,BeautyBio,Skincare,,Insufficient Data,0.0,False,0,0,0,0,0,0,0,0,0,0,0,0,0,0,0
P438635,The Pout Sparkling Rosé Hyaluronic Acid Collagen Plumping Lip Serum,BeautyBio,Skincare,1.0278,Low Risk,72.0,False,1,0,0,0,0,0,0,2,0,0,0,0,0,1,4
P481060,The Eyelighter Concentrate,BeautyBio,Skincare,1.0435,Low Risk,85.19,False,0,0,1,0,0,0,0,0,0,0,0,0,0,1,2
P438648,The Quench Quadralipid Rapid Recovery Facial Moisturizer,BeautyBio,Skincare,1.0758,Low Risk,80.49,False,2,0,0,0,0,0,1,3,0,0,0,0,0,1,7
P503562,GLOfacial Hydro-Infusion Pore Cleansing + Blue LED Clarifying Tool,BeautyBio,Skincare,1.125,Low Risk,88.89,False,1,0,0,0,0,0,1,1,0,0,0,0,0,0,3
P444988,The Radiance Nourishing Body Oil with Jojoba + Apricot + Olive Oil,BeautyBio,Bath & Body,1.0909,Low Risk (Limited Data),64.71,False,0,0,0,0,0,0,1,0,0,0,0,0,0,0,1
P505145,ZenBubble Bi-Phase Toner Serum,BeautyBio,Skincare,1.2,Low Risk,80.0,False,1,0,0,0,0,0,3,8,0,0,0,2,0,2,16
P438642,GloPRO Prep Pads Clarifying Skin Cleansing Wipes with Peptides,BeautyBio,Skincare,1.0,Low Risk (Limited Data),45.0,False,0,0,0,0,0,0,0,0,0,0,0,0,0,0,0
P443810,The Daily Vitamin C Day Serum with Antioxidant Complex,BeautyBio,Skincare,1.15,Low Risk (Limited Data),55.56,False,2,0,1,0,0,0,0,1,0,0,0,0,0,1,5
P463792,Rejuvenating Scalp + Fuller Hair Therapy Set,BeautyBio,Skincare,1.0714,Low Risk,73.68,False,1,0,0,0,0,0,0,3,0,0,0,0,0,2,6
P443812,R45 The Lift 3-Phase Advanced Neck Contouring Treatment,BeautyBio,Skincare,1.0769,Low Risk (Limited Data),66.67,False,1,0,0,0,0,0,0,4,0,0,1,0,0,1,7
P438629,The Radiance Brightening Vitamin E + Rosehip Seed Facial Oil,BeautyBio,Skincare,1.4545,Low Risk,84.62,True,0,0,0,0,0,1,11,10,0,0,0,0,1,0,23
P438640,The Nightly Retinol + Peptide Anti-Aging Serum,BeautyBio,Skincare,1.0769,Low Risk,83.87,False,2,0,0,0,0,0,0,2,0,0,1,0,0,1,6
P503552,GLOfacial Clarifying Salicylic & Plumping Hyaluronic Acid Concentrate,BeautyBio,Skincare,1.125,Low Risk,88.89,False,1,0,0,0,0,0,1,1,0,0,0,0,0,0,3
P438630,Contouring + De-Puffing Rose Quartz GloPRO Attachment Head,BeautyBio,Skincare,,Insufficient Data,0.0,False,0,0,0,0,0,0,0,0,0,0,0,0,0,0,0
P502237,Head-To-Toe AfterGLO Set,BeautyBio,Skincare,1.05,Low Risk (Limited Data),69.77,False,2,0,0,0,0,0,0,2,0,0,0,0,0,1,5
P483141,The Quench Eye Reviving Quadralipid Eye Balm,BeautyBio,Skincare,1.0172,Low Risk (Limited Data),69.05,False,1,0,0,0,0,0,0,1,0,0,0,0,0,1,3
P483089,Eye Want It All Face + Eye Microneedling Set,BeautyBio,Skincare,1.0172,Low Risk (Limited Data),69.05,False,1,0,0,0,0,0,0,1,0,0,0,0,0,1,3
P500755,Cryo Skin Icing Roller + Bright Eyes Gels Set,BeautyBio,Skincare,1.1538,Low Risk (Limited Data),56.52,False,1,0,0,0,0,0,1,2,0,0,0,0,0,1,5
P228913,ORIGINAL BEAUTYBLENDER Makeup Sponge,beautyblender,Makeup,,Insufficient Data,0.0,False,0,0,0,0,0,0,0,0,0,0,0,0,0,0,0
P433987,Bounce Liquid Whip Long Wear Foundation,beautyblender,Makeup,1.0588,Low Risk,80.95,False,1,0,0,0,0,0,0,1,0,0,0,0,0,1,3
P379449,blendercleanser solid,beautyblender,Makeup,1.125,Low Risk (Limited Data),61.54,False,0,0,0,0,0,0,1,0,0,0,0,0,0,0,1
P228914,liquid blendercleanser,beautyblender,Makeup,1.0,Low Risk (Limited Data),40.0,False,0,0,0,0,0,0,0,0,0,0,0,0,0,0,0
P477136,BOUNCE Always On Radiant Skin Tint,beautyblender,Makeup,1.0526,Low Risk (Limited Data),57.58,False,0,0,0,0,0,0,1,1,0,0,0,0,0,0,2
P455325,BOUNCE Airbrush Liquid Whip Concealer,beautyblender,Makeup,1.0,Low Risk,76.32,False,0,0,0,0,0,0,0,1,0,0,0,0,0,0,1
P429235,BEAUTYBLUSHER Makeup Sponge,beautyblender,Makeup,,Insufficient Data,0.0,False,0,0,0,0,0,0,0,0,0,0,0,0,0,0,0
P468345,Biopure Sustainable Green Makeup Sponge,beautyblender,Makeup,,Insufficient Data,0.0,False,0,0,0,0,0,0,0,0,0,0,0,0,0,0,0
P475051,Bounce Liquid Whip Cream Blush,beautyblender,Makeup,1.0227,Low Risk,81.48,False,1,0,0,0,0,0,0,0,0,0,0,0,0,0,1
P484031,BOUNCE  Magic Fit Creamy Bronzer & Highlighter Duo,beautyblender,Makeup,1.0333,Low Risk,76.92,False,2,0,0,0,0,0,0,1,0,0,0,0,0,1,4
P500981,Dream Makeup Sponge,beautyblender,Makeup,,Insufficient Data,0.0,False,0,0,0,0,0,0,0,0,0,0,0,0,0,0,0
P471744,Blendercleanser Liquid Charcoal Unscented Sponge & Brush Cleanser,beautyblender,Makeup,1.1364,Low Risk,73.33,False,1,0,0,0,0,0,1,2,0,0,0,0,0,0,4
P470004,BOUNCE  Soft Focus Gemstone Setting Powder,beautyblender,Makeup,1.0714,Low Risk (Limited Data),43.75,False,1,0,0,0,0,0,0,2,0,0,0,0,0,1,4
P505019,Main Squeeze Beauty Sponge and Cleanser Set,beautyblender,Makeup,1.2308,Low Risk (Limited Data),59.09,False,1,0,0,0,0,0,4,4,0,0,0,0,0,0,9
P394639,The True Cream Aqua Bomb,belif,Skincare,1.1667,Low Risk (Limited Data),61.11,False,0,0,1,0,0,0,5,6,0,0,1,0,0,0,13
P394624,The True Cream Moisturizing Bomb,belif,Skincare,1.1667,Low Risk (Limited Data),61.11,False,0,0,1,0,0,0,5,6,0,0,1,0,0,0,13
P422905,Moisturizing Eye Bomb with Squalane,belif,Skincare,1.1607,Low Risk (Limited Data),49.12,False,0,0,0,0,0,0,4,5,0,0,1,0,0,0,10
P475908,Aqua Bomb Overnight Lip Mask,belif,Skincare,1.25,Low Risk (Limited Data),46.15,False,0,0,0,0,0,0,4,3,0,0,0,0,0,0,7
P462336,Aqua Bomb Cleansing Balm,belif,Skincare,1.119,Low Risk (Limited Data),51.22,False,0,0,0,0,0,0,0,3,0,0,0,3,0,2,8
P471535,Aqua Bomb Brightening Vitamin C Cream,belif,Skincare,1.1579,Low Risk (Limited Data),69.09,False,0,0,2,0,0,0,6,9,0,0,0,1,0,0,18
P449175,Aqua Bomb Hydrating Toner,belif,Skincare,1.2381,Low Risk (Limited Data),46.67,False,0,0,1,0,0,0,5,6,0,0,1,0,0,0,13
P433443,Aqua Bomb Sleeping Mask,belif,Skincare,1.1818,Low Risk (Limited Data),46.81,False,0,0,0,0,0,0,4,5,0,0,1,0,0,0,10
P444057,Aqua Bomb Jelly Cleanser,belif,Skincare,1.2188,Low Risk (Limited Data),47.06,False,1,0,0,0,0,0,4,5,0,0,0,0,0,0,10
P500019,The True Cream - Aqua Bomb Sunscreen Broad Spectrum SPF 50,belif,Skincare,1.2069,Low Risk,70.73,False,0,0,0,0,0,0,6,8,0,0,1,1,0,0,16
P481952,Aqua Bomb Hydrating Body Moisturizer with Niacinamide and Hyaluronic Acid,belif,Bath & Body,1.1667,Low Risk (Limited Data),67.92,False,0,0,0,0,0,0,6,10,0,0,1,1,0,0,18
P435801,Aqua Bomb Mist,belif,Skincare,1.1923,Low Risk (Limited Data),60.47,False,0,0,1,0,0,0,5,6,0,0,0,1,0,0,13
P504888,Aqua Bomb Protect & Glow Travel Kit,belif,Skincare,1.1163,Low Risk (Limited Data),58.11,False,0,0,2,0,1,0,8,10,0,0,1,1,0,0,23
P504852,Aqua Bomb Everyday Hydration Set,belif,Skincare,1.1417,Low Risk (Limited Data),55.05,False,1,0,1,0,0,0,7,9,0,0,1,1,0,0,20
P290636,Hoola Bronzer,Benefit Cosmetics,Makeup,1.2222,Low Risk (Limited Data),64.29,False,1,0,0,2,0,0,0,0,0,0,0,0,0,0,3
P264900,The POREfessional Pore Minimizing Primer,Benefit Cosmetics,Makeup,1.2,Low Risk,95.24,False,1,0,0,1,1,0,2,2,0,0,0,0,0,1,8
P289307,They're Real! Lengthening Mascara,Benefit Cosmetics,Makeup,1.0926,Low Risk,75.0,False,2,1,0,1,0,0,0,1,0,0,1,0,0,1,7
P409239,Gimme Brow+ Tinted Volumizing Eyebrow Gel,Benefit Cosmetics,Makeup,1.04,Low Risk,86.21,False,2,0,0,0,0,0,0,2,0,0,0,0,0,1,5
P408219,"Precisely, My Brow Pencil Waterproof Eyebrow Definer",Benefit Cosmetics,Makeup,1.025,Low Risk,80.0,False,1,0,0,0,0,0,0,0,0,0,0,0,0,0,1
P392516,Roller Lash Curling & Lifting Mascara,Benefit Cosmetics,Makeup,1.1071,Low Risk (Limited Data),46.67,False,2,1,0,0,0,0,0,1,0,0,1,0,0,1,6
P1272,Benetint Liquid Lip Blush & Cheek Tint,Benefit Cosmetics,Makeup,1.4667,Low Risk,100.0,False,2,0,0,2,0,0,6,6,0,0,0,0,0,1,17
P408218,Goof Proof Waterproof Easy Shape & Fill Eyebrow Pencil,Benefit Cosmetics,Makeup,1.0278,Low Risk,90.0,False,1,0,0,0,0,0,0,0,0,0,0,0,0,0,1
P440700,Mini Gimme Brow+ Tinted Volumizing Eyebrow Gel,Benefit Cosmetics,Makeup,1.0385,Low Risk,86.67,False,1,0,0,0,0,0,1,1,0,0,0,0,0,0,3
P427517,BADgal BANG! Volumizing Mascara,Benefit Cosmetics,Makeup,1.0312,Low Risk,94.12,False,2,0,0,0,0,0,0,1,0,0,0,0,0,1,4
P409242,24-HR Brow Setter Clear Brow Gel with Lamination Effect,Benefit Cosmetics,Makeup,1.1111,Low Risk,81.82,False,1,0,1,0,0,0,0,1,0,0,0,0,0,1,4
P427712,"Mini Precisely, My Brow Pencil Waterproof Eyebrow Definer",Benefit Cosmetics,Mini Size,1.0238,Low Risk,77.78,False,1,0,0,0,0,0,0,0,0,0,0,0,0,0,1
P447375,Cookie and Tickle Powder Highlighters,Benefit Cosmetics,Makeup,1.0645,Low Risk,88.57,False,4,0,0,0,0,0,0,1,0,0,0,0,0,1,6
P443327,Great Brow Basics Pencil & Gel Set,Benefit Cosmetics,Makeup,1.0286,Low Risk,74.47,False,2,0,0,0,0,0,0,2,0,0,0,0,0,1,5
P38347,Dandelion Baby-Pink Blush,Benefit Cosmetics,Makeup,1.1875,Low Risk,85.71,False,5,0,0,1,0,0,7,7,0,0,0,0,0,1,21
P425601,Mini The POREfessional Pore Minimizing Primer,Benefit Cosmetics,Mini Size,1.2,Low Risk,95.24,False,1,0,0,1,1,0,2,2,0,0,0,0,0,1,8
P500253,WANDERful World Silky-Soft Powder Blush,Benefit Cosmetics,Makeup,1.0571,Low Risk (Limited Data),67.31,False,2,0,0,0,0,0,1,1,0,0,0,0,0,0,4
P1273,Boi-ing Industrial Strength Full Coverage Cream Concealer,Benefit Cosmetics,Makeup,1.0909,Low Risk,91.67,False,2,0,0,0,0,0,1,2,0,0,0,0,0,1,6
P461925,Brow Microfilling Eyebrow Pen,Benefit Cosmetics,Makeup,1.1111,Low Risk,75.0,False,3,0,1,0,0,0,0,2,0,0,1,0,0,1,8
P450856,Mini 24-HR Brow Setter Clear Brow Gel with Lamination Effect,Benefit Cosmetics,Makeup,1.1111,Low Risk,81.82,False,1,0,1,0,0,0,0,1,0,0,0,0,0,1,4
P448162,Boi-ing Cakeless Full Coverage Waterproof Liquid Concealer,Benefit Cosmetics,Makeup,1.0741,Low Risk,90.0,False,2,0,0,0,1,0,0,1,0,0,0,0,0,1,5
P425947,Mini Roller Lash Curling & Lifting Mascara,Benefit Cosmetics,Mini Size,1.12,Low Risk,75.76,False,3,1,0,1,0,0,0,1,0,0,1,0,0,1,8
P505031,The POREfessional Smooth Sip Lightweight Gel-Cream Moisturizer,Benefit Cosmetics,Skincare,1.0714,Low Risk,82.35,False,1,0,0,0,0,0,2,2,0,0,0,0,0,0,5
P417320,Dandelion Twinkle Highlighter,Benefit Cosmetics,Makeup,1.25,Low Risk,90.91,False,1,0,0,0,0,0,9,10,0,0,0,0,0,1,21
P428505,Mini BADgal BANG! Volumizing Mascara,Benefit Cosmetics,Mini Size,1.0312,Low Risk,94.12,False,2,0,0,0,0,0,0,1,0,0,0,0,0,1,4
P505023,The POREfessional Deep Retreat Pore-Clearing Clay Mask,Benefit Cosmetics,Skincare,1.0625,Low Risk,82.05,False,2,0,0,0,0,0,1,1,0,0,0,0,0,0,4
P505009,The POREfessional Tight ’n Toned Pore-Refining AHA+PHA Toner,Benefit Cosmetics,Skincare,1.1429,Low Risk,73.68,False,1,0,0,0,0,0,0,3,0,0,0,1,0,0,5
P440952,Mini Roller Liner Waterproof Liquid Eyeliner,Benefit Cosmetics,Makeup,1.0455,Low Risk,73.33,False,2,0,0,0,0,0,0,1,0,0,0,0,0,1,4
P440951,Roller Liner Waterproof Liquid Eyeliner,Benefit Cosmetics,Makeup,1.0455,Low Risk,73.33,False,2,0,0,0,0,0,0,1,0,0,0,0,0,1,4
P425933,Mini Goof Proof Waterproof Easy Shape & Fill Eyebrow Pencil,Benefit Cosmetics,Makeup,1.0263,Low Risk,86.36,False,1,0,0,0,0,0,0,0,0,0,0,0,0,0,1
P425953,Mini They're Real! Lengthening Mascara,Benefit Cosmetics,Mini Size,1.0926,Low Risk,79.41,False,2,1,0,1,0,0,0,1,0,0,1,0,0,1,7
P466656,The POREfessional: Super Setter Pore-Minimizing Setting Spray,Benefit Cosmetics,Makeup,1.1333,Low Risk,88.24,False,1,0,0,0,0,0,2,2,0,0,0,0,0,1,6
P425923,Mini Dandelion Baby-Pink Blush,Benefit Cosmetics,Mini Size,1.1875,Low Risk,85.71,False,5,0,0,1,0,0,7,7,0,0,0,0,0,1,21
P505024,The POREfessional Get Unblocked Makeup-Removing Cleansing Oil,Benefit Cosmetics,Skincare,1.0769,Low Risk,86.67,False,0,0,0,0,0,0,1,0,0,0,0,0,0,0,1
P505054,The POREfessional Speedy Smooth Mask,Benefit Cosmetics,Skincare,1.0806,Low Risk,88.57,False,1,0,0,0,0,0,1,2,0,0,1,0,0,0,5
P505020,The POREfessional Good Cleanup Foaming Cleanser,Benefit Cosmetics,Skincare,1.1053,Low Risk,76.0,False,0,0,0,0,0,0,1,2,0,0,0,1,0,0,4
P429905,Mini Dandelion Twinkle Highlighter,Benefit Cosmetics,Mini Size,1.25,Low Risk,90.91,False,1,0,0,0,0,0,9,10,0,0,0,0,0,1,21
P408312,BROWVO! Conditioning Eyebrow Primer,Benefit Cosmetics,Makeup,1.1176,Low Risk,80.95,False,1,0,1,0,0,0,1,3,0,0,0,0,0,1,7
P474932,POWmade Waterproof Brow Pomade,Benefit Cosmetics,Makeup,1.0417,Low Risk,92.31,False,1,0,0,0,0,0,0,0,0,0,0,0,0,0,1
P466657,Mini The POREfessional: Super Setter Setting Spray,Benefit Cosmetics,Mini Size,1.1333,Low Risk,88.24,False,1,0,0,0,0,0,2,2,0,0,0,0,0,1,6
P482664,They're Real! Xtreme Precision Eye Liner,Benefit Cosmetics,Makeup,1.0833,Low Risk,72.0,False,2,0,1,0,0,0,0,1,0,0,0,0,0,1,5
P469203,They're Real! Magnet Extreme Lengthening Mascara,Benefit Cosmetics,Makeup,1.0286,Low Risk,92.11,False,2,0,0,0,0,0,0,2,0,0,0,0,0,1,5
P503681,Fluff Up Brow Flexible Brow-Texturizing Wax,Benefit Cosmetics,Makeup,1.0312,Low Risk (Limited Data),66.67,False,1,0,0,0,0,0,0,1,0,0,0,0,0,1,3
P503687,Mini Fluff Up Brow Flexible Brow-Texturizing Wax,Benefit Cosmetics,Mini Size,1.0312,Low Risk (Limited Data),66.67,False,1,0,0,0,0,0,0,1,0,0,0,0,0,1,3
P500840,Gimme Brow+ Volumizing  Fiber Eyebrow Pencil,Benefit Cosmetics,Makeup,1.0577,Low Risk,89.66,False,1,0,0,0,0,0,1,3,0,0,0,0,0,0,5
P475910,High Brow Dual Ended Highlighting Eyebrow Pencil,Benefit Cosmetics,Makeup,1.0179,Low Risk,87.5,False,1,0,0,0,0,0,0,0,0,0,0,0,0,0,1
P469438,Mini They're Real! Magnet Extreme Lengthening Mascara,Benefit Cosmetics,Makeup,1.0286,Low Risk,92.11,False,2,0,0,0,0,0,0,2,0,0,0,0,0,1,5
P501450,Letters to Lashes Mascara Set,Benefit Cosmetics,Makeup,1.03,Low Risk,81.97,False,3,0,0,0,0,0,0,2,0,0,0,0,0,1,6
P457461,Gimme Brow+ Volumizing Eyebrow Gel Jumbo,Benefit Cosmetics,Makeup,1.0217,Low Risk,71.88,False,1,0,0,0,0,0,0,0,0,0,0,0,0,0,1
P453917,Mini The POREfessional Hydrating Primer,Benefit Cosmetics,Makeup,1.1406,Low Risk,88.89,False,2,0,0,1,1,0,2,3,0,0,0,0,0,1,10
P447358,Mini Hello Happy Flawless Brightening Foundation SPF 15,Benefit Cosmetics,Makeup,1.1167,Low Risk,85.71,False,2,0,1,2,0,0,0,1,0,0,0,0,0,2,8
P447122,Hello Happy Velvet Powder Foundation,Benefit Cosmetics,Makeup,1.0469,Low Risk,76.19,False,1,0,0,1,0,0,0,1,0,0,0,0,0,0,3
P447371,BADgal BANG! 24-Hour Waterproof Eyeliner,Benefit Cosmetics,Makeup,1.0417,Low Risk,75.0,False,0,0,0,0,0,0,0,0,0,0,0,0,0,0,0
P453269,The POREfessional Hydrating Primer,Benefit Cosmetics,Makeup,1.1406,Low Risk,88.89,False,2,0,0,1,1,0,2,3,0,0,0,0,0,1,10
P502233,Mini Roller Express Curling Mascara & Liquid Eyeliner Set,Benefit Cosmetics,Mini Size,1.0333,Low Risk,78.95,False,3,0,0,0,0,0,0,2,0,0,0,0,0,1,6
P447121,Hello Happy Flawless Brightening Foundation SPF 15,Benefit Cosmetics,Makeup,1.1167,Low Risk,85.71,False,2,0,1,2,0,0,0,1,0,0,0,0,0,2,8
P484032,BADgal BANG! Volumizing Waterproof Mascara,Benefit Cosmetics,Makeup,1.0357,Low Risk,93.33,False,1,0,0,0,0,0,0,1,0,0,0,0,0,1,3
P479828,The POREfessional: Mini Lite Primer Water-Based Pore Primer,Benefit Cosmetics,Mini Size,1.0625,Low Risk,80.0,False,2,0,0,0,0,0,0,2,0,0,0,0,0,1,5
P479827,The POREfessional: Lite Primer Water-Based Pore Primer,Benefit Cosmetics,Makeup,1.0588,Low Risk,80.95,False,2,0,0,0,0,0,0,2,0,0,0,0,0,1,5
P501426,Mini Gimme Brow + Volumizing Fiber Eyebrow Pencil,Benefit Cosmetics,Mini Size,1.0577,Low Risk,89.66,False,1,0,0,0,0,0,1,3,0,0,0,0,0,0,5
P501435,Gimme Brow Goals Volumizing Brow Gel & Pencil Duo,Benefit Cosmetics,Makeup,1.05,Low Risk,83.33,False,2,0,0,0,0,0,1,4,0,0,0,0,0,1,8
P447368,Hello Happy Flawless Brightening Foundation,Benefit Cosmetics,Makeup,1.1167,Low Risk,85.71,False,2,0,1,2,0,0,0,1,0,0,0,0,0,2,8
P504131,BADgal Goodies Volumizing Mascara Value Set,Benefit Cosmetics,Makeup,1.0303,Low Risk,91.67,False,2,0,0,0,0,0,0,1,0,0,0,0,0,1,4
P502816,Mascara Power Pair Extreme Lengthening Mascara Set,Benefit Cosmetics,Makeup,1.0286,Low Risk,92.11,False,2,0,0,0,0,0,0,2,0,0,0,0,0,1,5
P505006,Mini The POREfessional Deep Retreat Pore-Clearing Clay Mask,Benefit Cosmetics,Mini Size,1.0625,Low Risk,82.05,False,2,0,0,0,0,0,1,1,0,0,0,0,0,0,4
P504136,Get REAL Duo Lengthening Mascara Value Set,Benefit Cosmetics,Makeup,1.0962,Low Risk,76.47,False,2,1,0,1,0,0,0,1,0,0,1,0,0,1,7
P505033,Mini The POREfessional Package Deal pore primer & pore care value set,Benefit Cosmetics,Mini Size,1.125,Low Risk,82.19,False,3,0,0,1,1,0,3,5,0,0,0,1,0,1,15
P505052,Mini The POREfessional Tight ’n Toned Pore-Refining AHA+PHA Toner,Benefit Cosmetics,Mini Size,1.1429,Low Risk,73.68,False,1,0,0,0,0,0,0,3,0,0,0,1,0,0,5
P505026,Mini The POREfessional Get Unblocked Makeup-Removing Cleansing Oil,Benefit Cosmetics,Mini Size,1.0769,Low Risk,86.67,False,0,0,0,0,0,0,1,0,0,0,0,0,0,0,1
P505007,Mini The POREfessional Good Cleanup Foaming Cleanser,Benefit Cosmetics,Mini Size,1.1053,Low Risk,76.0,False,0,0,0,0,0,0,1,2,0,0,0,1,0,0,4
P433887,Squalane + Omega Repair Deep Hydration Moisturizer,Biossance,Skincare,1.0263,Low Risk,73.08,False,1,0,0,0,0,0,0,2,0,0,0,0,0,1,4
P416563,Squalane + Vitamin C Rose Firming Oil,Biossance,Skincare,1.3,Low Risk,71.43,False,0,0,0,0,0,0,2,2,0,0,0,0,0,0,4
P447210,Squalane + Marine Algae Firming & Lifting Eye Cream,Biossance,Skincare,1.0312,Low Risk,76.19,False,1,0,0,0,0,0,0,2,0,0,0,0,0,1,4
P453224,Squalane + 10% Lactic Acid Resurfacing Serum,Biossance,Skincare,1.1111,Low Risk,94.74,False,1,0,0,0,0,0,1,5,0,0,0,0,0,2,9
P416561,Squalane + Probiotic Balancing Gel Moisturizer,Biossance,Skincare,1.0455,Low Risk,81.48,False,1,0,0,0,0,0,0,3,0,0,0,0,0,1,5
P416562,Squalane + Peptide Brightening & De-Puffing Eye Gel,Biossance,Skincare,1.0192,Low Risk,81.25,False,1,0,0,0,0,0,0,2,0,0,0,0,0,1,4
P456410,Squalane + Zinc Sheer Mineral Sunscreen SPF 30 PA +++,Biossance,Skincare,1.0312,Low Risk (Limited Data),69.57,False,1,0,0,0,0,0,0,2,0,0,0,0,0,1,4
P416560,Squalane + Antioxidant Makeup Removing Cleansing Oil,Biossance,Skincare,1.1875,Insufficient Data,34.78,False,0,0,0,0,0,0,2,3,0,0,0,0,0,1,6
P467110,Squalane + 10% Vitamin C Dark Spot Serum,Biossance,Skincare,1.0333,Low Risk,93.75,False,1,0,0,0,0,0,0,2,0,0,0,0,0,1,4
P471003,Squalane + BHA Pore-Minimizing Toner,Biossance,Skincare,1.0312,Low Risk (Limited Data),59.26,False,0,0,0,0,0,0,1,1,0,0,0,0,0,0,2
P474304,Squalane + Amino Aloe Gentle Pore-Minimizing Cleanser,Biossance,Skincare,1.1429,Low Risk (Limited Data),58.33,False,0,0,0,0,0,0,3,3,0,0,0,0,0,0,6
P479304,Squalane + Copper Peptide Rapid Plumping Serum,Biossance,Skincare,1.0227,Low Risk (Limited Data),68.75,False,1,0,0,0,0,0,0,2,0,0,0,0,0,1,4
P416564,100% Sugarcane Squalane Oil,Biossance,Skincare,,Insufficient Data,0.0,False,0,0,0,0,0,0,0,0,0,0,0,0,0,0,0
P474022,Squalane + Caffeine Toning Body Cream,Biossance,Bath & Body,1.0294,Low Risk,89.47,False,1,0,0,0,0,0,0,2,0,0,0,0,0,1,4
P503642,Squalane + Vitamin C Rose Brightening Moisturizer,Biossance,Skincare,1.0455,Low Risk,88.0,False,1,0,0,0,0,0,1,3,0,0,0,0,0,1,6
P469439,Squalane+ Rose Vegan Lip Balm,Biossance,Skincare,1.0,Low Risk,76.19,False,0,0,0,0,0,0,0,0,0,0,0,0,0,0,0
P462829,Squalane + Elderberry Nourishing Jelly Cleanser,Biossance,Skincare,1.0333,Low Risk (Limited Data),62.5,False,0,0,0,0,0,0,1,2,0,0,0,0,0,0,3
P501213,Squalane + Retinol Night Serum,Biossance,Skincare,1.0789,Low Risk,82.61,False,2,0,0,0,0,0,0,2,0,0,0,0,1,1,6
P483650,Squalane + Enzyme Sugar Body Scrub,Biossance,Bath & Body,1.1176,Low Risk,73.91,False,0,0,0,0,0,0,2,5,0,0,0,1,0,1,9
P480278,Rapid Radiance Set,Biossance,Skincare,1.1,Low Risk,71.43,False,1,0,0,0,0,0,3,7,0,0,0,0,0,2,13
P429659,Squalane + Hyaluronic Toning Mist,Biossance,Skincare,1.2045,Low Risk (Limited Data),68.75,False,1,0,0,0,0,0,5,8,0,0,0,0,0,2,16
P484033,Mini Squalane + Vitamin C Rose Firming Oil,Biossance,Skincare,1.3,Low Risk,71.43,False,0,0,0,0,0,0,2,2,0,0,0,0,0,0,4
P480280,Mini Squalane + Omega Repair Deep Hydration Moisturizer,Biossance,Skincare,1.0263,Low Risk,73.08,False,1,0,0,0,0,0,0,2,0,0,0,0,0,1,4
P480279,Radiantly Rose Duo Set,Biossance,Skincare,1.0833,Low Risk,72.0,False,0,0,0,0,0,0,2,2,0,0,0,0,0,0,4
P503892,Instant Hydration Set,Biossance,Skincare,1.0135,Low Risk (Limited Data),63.79,False,1,0,0,0,0,0,0,2,0,0,0,0,0,1,4
P377750,Amplified Tubing Mascara,Blinc,Makeup,1.075,Low Risk,74.07,False,1,0,0,0,0,0,0,2,0,0,1,0,0,1,5
P46017,Original Tubing Mascara,Blinc,Makeup,1.05,Low Risk,71.43,False,1,0,0,0,0,0,0,1,0,0,0,0,0,1,3
P385531,Lash Primer,Blinc,Makeup,1.0789,Low Risk (Limited Data),57.58,False,1,1,1,0,0,0,0,0,0,0,1,0,0,0,4
P501265,Lash Extension Tubing Mascara,Blinc,Makeup,1.1429,Low Risk,82.35,False,1,0,1,0,0,0,0,3,0,0,1,0,0,1,7
P471004,UltraVolume Tubing Mascara,Blinc,Makeup,1.0769,Low Risk,72.22,False,1,0,1,0,0,0,0,1,0,0,0,0,0,1,4
P270594,Vitamin Enriched Face Base Priming Moisturizer,Bobbi Brown,Skincare,1.16,Low Risk,73.53,False,2,0,0,0,0,0,4,5,0,0,0,0,0,1,12
P378145,Long-Wear Cream Eyeshadow Stick,Bobbi Brown,Makeup,1.0294,Low Risk,100.0,False,1,0,0,0,0,0,0,0,0,0,0,0,0,0,1
P270539,Long-Wear Gel Eyeliner,Bobbi Brown,Makeup,1.1,Low Risk,92.59,False,2,0,0,1,0,0,0,1,0,0,0,0,0,1,5
P270555,Under Eye Corrector,Bobbi Brown,Makeup,1.0238,Low Risk,87.5,False,0,0,0,0,0,0,0,1,0,0,0,0,0,0,1
P401602,Highlighting Powder,Bobbi Brown,Makeup,1.02,Low Risk,92.59,False,1,0,0,0,0,0,0,1,0,0,0,0,0,0,2
P431505,Mini Vitamin Enriched Face Base Priming Moisturizer,Bobbi Brown,Mini Size,1.16,Low Risk,73.53,False,2,0,0,0,0,0,4,5,0,0,0,0,0,1,12
P427430,Skin Long-Wear Weightless Foundation SPF 15,Bobbi Brown,Makeup,1.0484,Low Risk,96.88,False,0,0,0,0,0,0,2,1,0,0,0,0,0,0,3
P270549,Skin Foundation Stick,Bobbi Brown,Makeup,1.0,Low Risk,76.19,False,0,0,0,0,0,0,0,0,0,0,0,0,0,0,0
P422224,Crushed Lip Color,Bobbi Brown,Makeup,1.2414,Low Risk,78.38,False,4,0,0,1,0,0,6,5,0,0,0,0,0,0,16
P400625,Luxe Lipstick,Bobbi Brown,Makeup,1.1026,Low Risk,79.59,False,4,0,0,1,0,0,1,0,0,0,0,0,0,0,6
P439913,Crushed Liquid Lipstick,Bobbi Brown,Makeup,1.1296,Low Risk,71.05,False,3,0,0,0,0,0,3,2,0,0,0,0,0,0,8
P270545,Shimmer Brick Highlighter,Bobbi Brown,Makeup,1.0312,Low Risk,84.21,False,2,0,0,0,0,0,0,0,0,0,0,0,0,0,2
P270548,Bronzer,Bobbi Brown,Makeup,1.0227,Low Risk,81.48,False,1,0,0,0,0,0,0,0,0,0,0,0,0,0,1
P404241,Extra Lip Tint,Bobbi Brown,Makeup,1.1216,Low Risk,75.51,False,3,0,0,0,0,0,4,3,0,0,0,0,0,0,10
P454116,Crushed Oil-Infused Gloss,Bobbi Brown,Makeup,1.1447,Low Risk,84.44,False,4,0,0,1,0,0,4,4,0,0,0,0,0,1,14
P270551,Skin Foundation SPF 15,Bobbi Brown,Makeup,,Insufficient Data,0.0,False,0,0,0,0,0,0,0,0,0,0,0,0,0,0,0
P434532,Mini Highlighting Powder,Bobbi Brown,Mini Size,1.0208,Low Risk,92.31,False,1,0,0,0,0,0,0,1,0,0,0,0,0,0,2
P270540,Sheer Finish Pressed Setting Powder,Bobbi Brown,Makeup,1.025,Low Risk,90.91,False,1,0,0,0,0,0,0,0,0,0,0,0,0,0,1
P480282,Skin Corrector Stick,Bobbi Brown,Makeup,1.0938,Low Risk,76.19,False,1,0,0,1,0,0,0,1,0,0,0,0,0,1,4
P385586,Perfectly Defined Gel Eyeliner,Bobbi Brown,Makeup,1.0185,Low Risk,79.41,False,0,0,0,0,0,0,0,0,0,0,0,0,0,0,0
P434383,Luxe Matte Lipstick,Bobbi Brown,Makeup,1.0962,Low Risk,83.87,False,4,0,0,0,0,0,1,1,0,0,0,0,0,0,6
P382581,Smokey Eye Mascara,Bobbi Brown,Makeup,1.0926,Low Risk,72.97,False,4,1,0,0,0,0,0,1,0,0,1,0,0,1,8
P270544,Hydrating Eye Cream,Bobbi Brown,Skincare,1.0172,Low Risk,90.62,False,1,0,0,0,0,0,0,2,0,0,0,0,0,1,4
P422076,Mini Shimmer Brick Highlighter,Bobbi Brown,Mini Size,1.0303,Low Risk,86.84,False,2,0,0,0,0,0,0,0,0,0,0,0,0,0,2
P480281,Skin Concealer Stick,Bobbi Brown,Makeup,1.0938,Low Risk,76.19,False,1,0,0,1,0,0,0,1,0,0,0,0,0,1,4
P270559,Beach Fragrance,Bobbi Brown,Fragrance,1.6923,Medium Risk,86.67,False,0,0,1,0,0,0,11,11,0,0,0,0,0,0,23
P501412,Skin Full Cover Concealer,Bobbi Brown,Makeup,1.0122,Low Risk,93.18,False,1,0,0,0,0,0,0,1,0,0,0,0,0,1,3
P420900,Instant Full Cover Concealer,Bobbi Brown,Makeup,1.0,Low Risk,77.78,False,0,0,0,0,0,0,0,0,0,0,0,0,0,0,0
P503555,Mini Out All-Night Long-Wear Cream Eyeshadow Stick Set,Bobbi Brown,Makeup,1.0233,Low Risk,84.31,False,1,0,0,0,0,0,0,0,0,0,0,0,0,0,1
P445416,Vitamin Enriched Face Base & Skin Long Wear Foundation Customizable Set,Bobbi Brown,Makeup,1.102,Low Risk,83.05,False,2,0,0,0,0,0,5,5,0,0,0,0,0,1,13
P465745,Intensive Serum Foundation SPF 40,Bobbi Brown,Makeup,1.0625,Low Risk (Limited Data),68.97,False,1,0,0,1,0,0,1,3,0,0,0,0,0,2,8
P462339,Vitamin Enriched Eye Base,Bobbi Brown,Skincare,1.1806,Low Risk (Limited Data),69.23,False,3,0,0,1,0,0,5,5,0,0,0,0,0,1,15
P270543,Hydrating Face Cream Moisturizer,Bobbi Brown,Skincare,1.0167,Low Risk (Limited Data),62.5,False,0,0,0,0,0,0,0,1,0,0,0,0,0,0,1
P455195,Skin Long-Wear Fluid Powder Foundation SPF 20,Bobbi Brown,Makeup,1.0543,Low Risk,80.7,False,1,0,0,1,0,0,0,2,0,0,1,0,0,1,6
P388664,Skin Weightless Powder Foundation,Bobbi Brown,Makeup,1.0185,Low Risk,72.97,False,1,0,0,0,0,0,0,1,0,0,0,0,0,1,3
P392648,Extra Illuminating Moisture Balm,Bobbi Brown,Skincare,1.1125,Low Risk (Limited Data),67.8,False,1,0,0,0,0,0,5,8,0,0,0,0,0,1,15
P432842,Primer Plus Mattifier,Bobbi Brown,Makeup,1.1154,Low Risk,86.67,False,1,0,0,0,0,0,4,5,0,0,0,0,0,1,11
P383334,No Smudge Mascara,Bobbi Brown,Makeup,1.0385,Low Risk,74.29,False,1,0,0,0,1,0,0,1,0,1,0,0,0,1,5
P504216,Extra Plump Hydrating Lip Serum,Bobbi Brown,Makeup,1.0532,Low Risk (Limited Data),64.38,False,1,0,0,1,0,0,1,2,0,0,0,0,0,0,5
P403974,Eye Opening Mascara,Bobbi Brown,Makeup,1.0441,Low Risk,80.95,False,3,0,0,0,0,0,0,1,0,0,0,0,0,1,5
P502815,Extra Lip Tint Duo Set,Bobbi Brown,Makeup,1.1216,Low Risk,75.51,False,3,0,0,0,0,0,4,3,0,0,0,0,0,0,10
P500606,Crushed Oil-Infused Gloss Shimmer,Bobbi Brown,Makeup,1.1154,Low Risk,82.98,False,4,0,0,0,0,0,4,4,0,0,0,0,0,1,13
P446518,Soothing Face Cleanser Oil,Bobbi Brown,Skincare,1.0526,Low Risk (Limited Data),50.0,False,0,0,0,0,0,0,1,3,0,0,0,0,0,1,5
P468634,Vitamin Enriched Face Base Jumbo,Bobbi Brown,Skincare,1.16,Low Risk,73.53,False,2,0,0,0,0,0,4,5,0,0,0,0,0,1,12
P481954,Check Your Bases Vitamin Enriched Face Base Set,Bobbi Brown,Makeup,1.1458,Low Risk,70.59,False,1,0,0,0,0,0,4,4,0,0,0,0,0,0,9
P455332,Hydrating Water Fresh Cream Moisturizer,Bobbi Brown,Skincare,1.0556,Low Risk (Limited Data),67.5,False,2,0,0,0,0,0,0,2,0,0,0,0,0,1,5
P504597,Mini Long-Wear Cream Eyeshadow Stick Duo Set,Bobbi Brown,Mini Size,1.0294,Low Risk,100.0,False,1,0,0,0,0,0,0,0,0,0,0,0,0,0,1
P270600,Extra Eye Repair Cream Intense,Bobbi Brown,Skincare,1.1053,Low Risk (Limited Data),67.86,False,3,0,0,0,0,0,2,3,0,0,0,0,0,2,10
P503887,Long-Wear Cream Eyeshadow Stick Limited Edition,Bobbi Brown,Makeup,1.0294,Low Risk,100.0,False,1,0,0,0,0,0,0,0,0,0,0,0,0,0,1
P474024,Micro Waterproof Eyebrow Pencil,Bobbi Brown,Makeup,1.0227,Low Risk,81.48,False,1,0,0,0,0,0,0,0,0,0,0,0,0,0,1
P504452,Mini Must Haves Skincare Set,Bobbi Brown,Skincare,1.1357,Low Risk (Limited Data),69.31,False,6,0,0,1,0,0,6,6,0,0,0,0,0,1,20
P395507,Extra Repair Moisture Cream,Bobbi Brown,Skincare,1.1364,Low Risk,70.97,False,1,0,0,1,0,0,5,7,0,0,1,0,0,1,16
P504080,Limited Edition Lunar New Year Sheer Finish Pressed Powder,Bobbi Brown,Makeup,1.025,Low Risk,90.91,False,1,0,0,0,0,0,0,0,0,0,0,0,0,0,1
P501695,Perfume Sampler Set,Bon Parfumeur,Fragrance,1.775,Medium Risk (Limited Data),62.5,False,0,0,1,0,0,0,18,17,0,0,0,0,0,0,36
P501700,"203 Raspberry, Vanilla and Blackberry Eau de Parfum Travel Spray",Bon Parfumeur,Fragrance,1.75,Medium Risk,100.0,False,0,0,1,0,0,0,10,9,0,0,0,0,0,0,20
P501413,"103 Tiare Flower, Jasmine and Hibiscus Eau de Parfum",Bon Parfumeur,Fragrance,1.7273,Medium Risk,91.67,False,0,0,1,0,0,0,9,8,0,0,0,0,0,0,18
P501694,"203 Raspberry, Vanilla and Blackberry Eau de Parfum",Bon Parfumeur,Fragrance,1.75,Medium Risk,100.0,False,0,0,1,0,0,0,10,9,0,0,0,0,0,0,20
P501422,"103 Tiare Flower, Jasmine and Hibiscus Eau de Parfum Travel Spray",Bon Parfumeur,Fragrance,1.7273,Medium Risk,91.67,False,0,0,1,0,0,0,9,8,0,0,0,0,0,0,18
P501716,"202 Watermelon, Red Currant and Jasmine Eau de Parfum Travel Spray",Bon Parfumeur,Fragrance,1.6875,Medium Risk,88.89,False,0,0,1,0,0,0,6,5,0,0,0,0,0,0,12
P501696,"002 Neroli, Jasmine and White Amber Eau de Parfum Travel Spray",Bon Parfumeur,Fragrance,1.6429,Medium Risk,100.0,False,0,0,1,0,0,0,5,4,0,0,0,0,0,0,10
P501709,"202 Watermelon, Red Currant and Jasmine Eau de Parfum",Bon Parfumeur,Fragrance,1.6875,Medium Risk,88.89,False,0,0,1,0,0,0,6,5,0,0,0,0,0,0,12
P501728,"001 Orange Blossom, Petitgrain and Bergamot Eau de Parfum Travel Spray",Bon Parfumeur,Fragrance,1.75,Medium Risk,100.0,False,0,0,1,0,0,0,12,11,0,0,0,0,0,0,24
P501687,"002 Neroli, Jasmine and White Amber Eau de Parfum",Bon Parfumeur,Fragrance,1.6429,Medium Risk,100.0,False,0,0,1,0,0,0,5,4,0,0,0,0,0,0,10
P501723,"802 Peony, Lotus and Bamboo Eau de Parfum Travel Spray",Bon Parfumeur,Fragrance,1.7812,Medium Risk,94.12,False,0,0,1,0,0,0,14,13,0,0,0,0,0,0,28
P501715,"801 Sea Spray, Cedar and Grapefruit Eau de Parfum Travel Spray",Bon Parfumeur,Fragrance,1.6818,Medium Risk,91.67,False,0,0,1,0,0,0,9,8,0,0,0,0,0,0,18
P501719,"001 Orange Blossom, Petitgrain and Bergamot Eau de Parfum",Bon Parfumeur,Fragrance,1.75,Medium Risk,100.0,False,0,0,1,0,0,0,12,11,0,0,0,0,0,0,24
P501699,"802 Peony, Lotus and Bamboo Eau de Parfum",Bon Parfumeur,Fragrance,1.7812,Medium Risk,94.12,False,0,0,1,0,0,0,14,13,0,0,0,0,0,0,28
P501697,"501 Praline, Licorice and Patchouli Eau de Parfum Travel Spray",Bon Parfumeur,Fragrance,1.6667,Medium Risk,100.0,False,0,0,1,0,0,0,7,6,0,0,0,0,0,0,14
P501685,"501 Praline, Licorice and Patchouli Eau de Parfum",Bon Parfumeur,Fragrance,1.6667,Medium Risk,100.0,False,0,0,1,0,0,0,7,6,0,0,0,0,0,0,14
P501711,"801 Sea Spray, Cedar and Grapefruit Eau de Parfum",Bon Parfumeur,Fragrance,1.6818,Medium Risk,91.67,False,0,0,1,0,0,0,9,8,0,0,0,0,0,0,18
P475063,Intensive Leave-In Scalp Spray Treatment for Thinning Hair,BondiBoost,Hair,1.0833,Low Risk (Limited Data),57.14,False,0,0,0,0,0,0,1,2,0,0,0,0,0,0,3
P475066,Thermal and Heat Protectant Hair Spray,BondiBoost,Hair,1.1154,Low Risk (Limited Data),68.42,False,0,0,0,0,0,0,1,3,0,0,0,0,0,1,5
P500759,Hair Thickening Therapy Shampoo,BondiBoost,Hair,1.1304,Low Risk (Limited Data),69.7,False,0,0,0,0,0,0,1,2,2,0,0,0,0,1,6
P475059,HG Shampoo for Thinning Hair,BondiBoost,Hair,1.0556,Low Risk (Limited Data),56.25,False,0,0,0,0,0,0,0,1,1,0,0,0,0,1,3
P475064,Miracle Mask for Thinning Hair,BondiBoost,Hair,1.1875,Low Risk (Limited Data),50.0,False,0,0,0,0,0,0,1,3,1,0,0,0,0,0,5
P475058,HG Conditioner for Thinning Hair,BondiBoost,Hair,1.1176,Low Risk (Limited Data),56.67,False,0,0,0,0,0,0,0,2,1,0,0,0,0,0,3
P475065,Procapil Hair Tonic for Thinning Hair,BondiBoost,Hair,1.1111,Low Risk (Limited Data),56.25,False,0,0,0,0,0,0,1,1,0,0,0,0,0,0,2
P500715,Hair Thickening Therapy Conditioner,BondiBoost,Hair,1.1364,Low Risk,78.57,False,0,0,0,0,0,0,1,3,1,0,0,0,0,0,5
P500723,Hair Thickening Therapy Mask,BondiBoost,Hair,1.1304,Low Risk (Limited Data),69.7,False,0,0,0,0,0,0,1,3,1,0,0,0,0,0,5
P500749,Hair Thickening Therapy Styling Spray,BondiBoost,Hair,1.0769,Low Risk (Limited Data),61.9,False,0,0,0,0,0,0,1,2,0,0,0,0,0,0,3
P500714,Elixir Hair Oil Treatment with Castor Oil,BondiBoost,Hair,1.0,Insufficient Data,26.67,False,0,0,0,0,0,0,0,0,0,0,0,0,0,0,0
P475062,Rapid Repair Serum for Damaged Hair,BondiBoost,Hair,1.0833,Low Risk,70.59,False,0,0,0,0,0,0,1,2,0,0,0,0,0,0,3
P475061,Rapid Repair Strengthening Shampoo,BondiBoost,Hair,1.05,Low Risk,76.92,False,0,0,0,0,0,0,0,2,1,0,0,0,0,1,4
P475074,Detox Salt Scrub for Dry & Flaky Scalp,BondiBoost,Hair,1.1786,Low Risk,87.5,False,0,0,0,0,0,0,0,4,1,0,0,0,0,3,8
P475060,Rapid Repair Strengthening Conditioner,BondiBoost,Hair,1.1667,Low Risk,72.0,False,0,0,0,0,0,0,1,3,1,0,0,0,0,0,5
P501404,Rapid Repair Hair Mask,BondiBoost,Hair,1.0909,Low Risk,70.97,False,0,0,0,0,0,0,1,3,0,0,0,0,0,0,4
P475073,Volumising Sea Salt and Texture Spray,BondiBoost,Hair,1.1111,Low Risk (Limited Data),52.94,False,0,0,0,0,0,0,1,2,0,0,0,0,0,0,3
P475068,Blonde Baby Hydrating Toning Purple Shampoo,BondiBoost,Hair,1.0909,Low Risk,75.86,False,0,0,0,0,0,0,1,2,1,0,0,0,0,1,5
P475070,Curl Boss Frizz Fighting and Curl Defining Styling Cream,BondiBoost,Hair,1.1176,Low Risk,80.95,False,0,0,0,0,0,0,1,3,0,0,0,0,0,0,4
P504000,Flyaway Fix Anti-Frizz Finishing Serum Wand,BondiBoost,Hair,1.1875,Low Risk (Limited Data),44.44,False,0,0,0,0,0,0,1,2,0,0,0,0,0,0,3
P475071,Curl Boss Frizz Fighting and Curl Defining Conditioner,BondiBoost,Hair,1.1053,Low Risk,79.17,False,0,0,0,0,0,0,1,3,0,0,0,0,0,0,4
P504427,Thickening Therapy Shampoo & Conditioner Duo,BondiBoost,Hair,1.1379,Low Risk,70.73,False,0,0,0,0,0,0,1,3,2,0,0,0,0,1,7
P475069,Blonde Baby Hydrating Toning Purple Conditioner,BondiBoost,Hair,1.1579,Low Risk,79.17,False,0,0,0,0,0,0,1,3,1,0,0,0,0,0,5
P475067,Blonde Baby Hydrating Toning Purple Hair Mask,BondiBoost,Hair,1.1579,Low Risk (Limited Data),59.38,False,0,0,0,0,0,0,1,3,1,0,0,0,0,0,5
P475072,Curl Boss Frizz Fighting and Curl Defining Shampoo,BondiBoost,Hair,1.2188,Low Risk,84.21,False,0,0,0,0,0,0,1,3,2,0,0,0,0,2,8
P504004,Heavenly Hydration Pre-Shampoo Hair Oil,BondiBoost,Hair,1.0,Low Risk (Limited Data),40.0,False,0,0,0,0,0,0,0,0,0,0,0,0,0,0,0
P504418,HG Shampoo & Conditioner Duo for Thinning Hair,BondiBoost,Hair,1.12,Low Risk (Limited Data),62.5,False,0,0,0,0,0,0,0,2,2,0,0,0,0,1,5
P504009,Frizz Fix Serum,BondiBoost,Hair,1.1053,Low Risk (Limited Data),63.33,False,0,0,0,0,0,0,1,1,1,0,0,0,0,0,3
P501710,Fragrance Discovery Set,Boy Smells,Fragrance,1.8125,Medium Risk,96.0,True,4,1,1,2,0,1,15,14,0,0,1,0,1,0,40
P501733,Woodphoria Eau de Parfum Travel Spray,Boy Smells,Fragrance,1.7143,Medium Risk,100.0,False,0,0,1,0,0,0,5,4,0,0,0,0,0,0,10
P501743,Slow Burn Candle,Boy Smells,Fragrance,,Insufficient Data,0.0,False,0,0,0,0,0,0,0,0,0,0,0,0,0,0,0
P501742,LES Candle,Boy Smells,Fragrance,,Insufficient Data,0.0,False,0,0,0,0,0,0,0,0,0,0,0,0,0,0,0
P504205,LES Eau de Parfum Travel Spray,Boy Smells,Fragrance,1.7083,Medium Risk,92.31,False,0,0,1,0,0,0,10,9,0,0,0,0,0,0,20
P504201,LES Eau de Parfum,Boy Smells,Fragrance,1.7083,Medium Risk,92.31,False,0,0,1,0,0,0,10,9,0,0,0,0,0,0,20
P501729,Woodphoria Eau de Parfum,Boy Smells,Fragrance,1.7143,Medium Risk,100.0,False,0,0,1,0,0,0,5,4,0,0,0,0,0,0,10
P501703,"Cameo, Hinoki Fantôme, LES Mini Candle Trio Set",Boy Smells,Fragrance,,Insufficient Data,0.0,False,0,0,0,0,0,0,0,0,0,0,0,0,0,0,0
P501764,Cashmere Kush Candle,Boy Smells,Fragrance,,Insufficient Data,0.0,False,0,0,0,0,0,0,0,0,0,0,0,0,0,0,0
P501212,Mini Candle Trio Set,Boy Smells,Fragrance,,Insufficient Data,0.0,False,0,0,0,0,0,0,0,0,0,0,0,0,0,0,0
P501740,Hinoki Fantôme Candle,Boy Smells,Fragrance,,Insufficient Data,0.0,False,0,0,0,0,0,0,0,0,0,0,0,0,0,0,0
P501736,Cashmere Kush Eau de Parfum Travel Spray,Boy Smells,Fragrance,1.75,Medium Risk,100.0,False,0,0,1,0,0,0,12,11,0,0,0,0,0,0,24
P501767,Flor de la Virgen Eau de Parfum Travel Spray,Boy Smells,Fragrance,1.7917,Medium Risk,100.0,True,0,0,1,0,0,1,9,8,0,0,0,0,1,0,20
P501746,Marble Fruit Eau de Parfum Travel Spray,Boy Smells,Fragrance,1.6786,Medium Risk,100.0,False,4,1,1,2,0,0,6,5,0,0,1,0,0,0,20
P501753,Copal Fantome Candle,Boy Smells,Fragrance,,Insufficient Data,0.0,False,0,0,0,0,0,0,0,0,0,0,0,0,0,0,0
P501690,Flor de la Virgen Eau de Parfum,Boy Smells,Fragrance,1.7917,Medium Risk,100.0,True,0,0,1,0,0,1,9,8,0,0,0,0,1,0,20
P501718,Broken Rosary Candle,Boy Smells,Fragrance,,Insufficient Data,0.0,False,0,0,0,0,0,0,0,0,0,0,0,0,0,0,0
P501712,Marble Fruit Eau de Parfum,Boy Smells,Fragrance,1.6786,Medium Risk,100.0,False,4,1,1,2,0,0,6,5,0,0,1,0,0,0,20
P501704,Hinoki Fantôme Eau de Parfum Travel Spray,Boy Smells,Fragrance,1.5625,Medium Risk,88.89,False,0,0,1,0,0,0,6,5,0,0,0,0,0,0,12
P501720,Polyamberous Candle,Boy Smells,Fragrance,,Insufficient Data,0.0,False,0,0,0,0,0,0,0,0,0,0,0,0,0,0,0
P501750,Kush Candle,Boy Smells,Fragrance,,Insufficient Data,0.0,False,0,0,0,0,0,0,0,0,0,0,0,0,0,0,0
P501737,Cedar Stack Candle,Boy Smells,Fragrance,,Insufficient Data,0.0,False,0,0,0,0,0,0,0,0,0,0,0,0,0,0,0
P501739,Cameo Candle,Boy Smells,Fragrance,,Insufficient Data,0.0,False,0,0,0,0,0,0,0,0,0,0,0,0,0,0,0
P501724,Thé Fantôme Candle,Boy Smells,Fragrance,,Insufficient Data,0.0,False,0,0,0,0,0,0,0,0,0,0,0,0,0,0,0
P501757,Incensorial Candle,Boy Smells,Fragrance,,Insufficient Data,0.0,False,0,0,0,0,0,0,0,0,0,0,0,0,0,0,0
P501701,Cashmere Kush Eau de Parfum,Boy Smells,Fragrance,1.75,Medium Risk,100.0,False,0,0,1,0,0,0,12,11,0,0,0,0,0,0,24
P501770,Figurare Candle,Boy Smells,Fragrance,,Insufficient Data,0.0,False,0,0,0,0,0,0,0,0,0,0,0,0,0,0,0
P501754,Lanai Candle,Boy Smells,Fragrance,,Insufficient Data,0.0,False,0,0,0,0,0,0,0,0,0,0,0,0,0,0,0
P501730,Hinoki Fantôme Eau de Parfum,Boy Smells,Fragrance,1.5625,Medium Risk,88.89,False,0,0,1,0,0,0,6,5,0,0,0,0,0,0,12
P501735,Neopeche Candle,Boy Smells,Fragrance,,Insufficient Data,0.0,False,0,0,0,0,0,0,0,0,0,0,0,0,0,0,0
P501702,Fleurshadow Candle,Boy Smells,Fragrance,,Insufficient Data,0.0,False,0,0,0,0,0,0,0,0,0,0,0,0,0,0,0
P460551,Hair Oil  Everyday Gloss,BREAD BEAUTY SUPPLY,Hair,1.2,Low Risk (Limited Data),62.5,False,0,0,0,0,0,0,1,0,0,0,0,0,0,0,1
P467938,Mini Everyday Hair Gloss Oil,BREAD BEAUTY SUPPLY,Hair,1.2,Low Risk (Limited Data),62.5,False,0,0,0,0,0,0,1,0,0,0,0,0,0,0,1
P476477,Oil-Duo: For Your Hair & Body,BREAD BEAUTY SUPPLY,Hair,1.1429,Low Risk,77.78,False,0,0,0,0,0,0,1,0,0,0,0,0,0,0,1
P477820,Scalp-Serum: Cooling Greens Exfoliating Scalp Treatment,BREAD BEAUTY SUPPLY,Hair,1.0909,Low Risk (Limited Data),44.9,False,1,0,0,0,0,0,0,4,0,0,0,0,0,2,7
P477797,Mud-Mask: Hair & Scalp Detoxifying Pre-Wash Clay Treatment,BREAD BEAUTY SUPPLY,Hair,1.0385,Low Risk (Limited Data),44.83,False,1,0,0,0,0,0,0,2,0,0,0,0,0,1,4
P460550,Hair Mask Creamy Deep Conditioner,BREAD BEAUTY SUPPLY,Hair,1.1667,Low Risk (Limited Data),52.17,False,1,0,0,0,0,0,1,3,0,0,0,0,0,1,6
P473264,Elastic Bounce Leave-in Conditioning Styler Hair Cream,BREAD BEAUTY SUPPLY,Hair,1.1111,Low Risk,75.0,False,0,0,0,0,0,0,2,1,0,0,0,0,0,0,3
P460552,Wash-Day Essentials Kit for Curly & Textured Hair,BREAD BEAUTY SUPPLY,Hair,1.1304,Low Risk (Limited Data),53.49,False,1,0,0,0,0,0,1,4,0,0,0,0,0,1,7
P469027,100% Macadamia-Oil Concentrate Fragrance Free for Hair and Body,BREAD BEAUTY SUPPLY,Hair,,Insufficient Data,0.0,False,0,0,0,0,0,0,0,0,0,0,0,0,0,0,0
P460549,Hair Wash Gentle Milky Hair Cleanser,BREAD BEAUTY SUPPLY,Hair,1.2083,Low Risk (Limited Data),66.67,False,1,0,0,0,0,0,1,2,0,0,0,0,0,1,5
P479469,Detox Hair & Scalp Treatment Set,BREAD BEAUTY SUPPLY,Hair,1.0682,Low Risk (Limited Data),48.89,False,1,0,0,0,0,0,0,4,0,0,0,0,0,2,7
P483105,Mini Elastic Bounce Leave-in Conditioning Styler Hair Cream,BREAD BEAUTY SUPPLY,Hair,1.1111,Low Risk,75.0,False,0,0,0,0,0,0,2,1,0,0,0,0,0,0,3
P503157,Hair Gel: Long-wear Curl Capturing Gloss,BREAD BEAUTY SUPPLY,Hair,1.1111,Low Risk (Limited Data),52.94,False,2,0,0,0,0,0,1,2,0,0,0,0,0,1,6
P388628,"Don't Despair, Repair! Deep Conditioning Hair Mask",Briogeo,Hair,1.15,Low Risk (Limited Data),50.0,False,0,0,0,0,0,0,2,2,0,0,0,0,0,0,4
P418507,Scalp Revival Charcoal + Coconut Oil Micro-exfoliating Scalp Scrub Shampoo,Briogeo,Hair,1.25,Low Risk (Limited Data),48.28,False,0,0,0,0,0,0,2,2,1,0,0,0,0,1,6
P396733,Farewell Frizz Rosarco Milk Leave-In Conditioner,Briogeo,Hair,1.1667,Low Risk (Limited Data),50.0,False,0,0,0,0,0,0,1,1,0,0,0,0,0,0,2
P479700,Don't Despair Repair Rice Water Protein + Moisture Strengthening Treatment,Briogeo,Hair,1.12,Low Risk,78.12,False,0,0,0,0,0,0,2,3,0,0,0,0,0,0,5
P418506,Scalp Revival Charcoal + Tea Tree Scalp Treatment Serum,Briogeo,Hair,1.0882,Low Risk (Limited Data),60.71,False,0,0,0,0,0,0,1,2,0,0,0,0,0,1,4
P457415,"Don't Despair, Repair! Strengthening Treatment Hair Oil",Briogeo,Hair,1.1111,Insufficient Data,34.62,False,0,0,0,0,0,0,1,0,0,0,0,0,0,0,1
P411359,Farewell Frizz Blow Dry Perfection Heat Protectant Cream,Briogeo,Hair,1.2941,Low Risk (Limited Data),56.67,False,0,0,0,0,0,0,2,5,0,0,0,2,0,0,9
P458943,"Be Gentle, Be Kind Avocado + Kiwi Mega Moisture Superfoods Hair Mask",Briogeo,Hair,,Insufficient Data,0.0,False,0,0,0,0,0,0,0,0,0,0,0,0,0,0,0
P427718,"Don’t Despair, Repair! Super Moisture Shampoo for Damaged Hair",Briogeo,Hair,1.1562,Low Risk (Limited Data),45.71,False,0,0,0,0,0,0,2,2,0,0,0,0,0,0,4
P388626,Curl Charisma Rice Amino + Avocado Leave–In Defining Cream,Briogeo,Hair,1.2857,Low Risk (Limited Data),46.67,False,0,0,0,0,0,0,2,4,0,0,0,1,0,0,7
P446343,Superfoods Banana + Coconut Nourishing Shampoo + Conditioner Duo for Dry Hair,Briogeo,Hair,1.2857,Insufficient Data,35.0,False,0,0,0,0,0,0,2,2,1,0,0,0,0,0,5
P427715,Scalp Revival Charcoal + Coconut Oil Micro-exfoliating Shampoo Mini,Briogeo,Hair,1.2143,Insufficient Data,25.93,False,0,0,0,0,0,0,0,1,1,0,0,0,0,1,3
P418505,Scalp Revival Charcoal + Biotin Dry Shampoo,Briogeo,Hair,1.3333,Insufficient Data,23.08,False,0,0,0,0,0,0,1,0,0,0,0,0,0,0,1
P426204,"Mini Don't Despair, Repair! Deep Conditioning Hair Mask",Briogeo,Mini Size,1.15,Low Risk (Limited Data),50.0,False,0,0,0,0,0,0,2,2,0,0,0,0,0,0,4
P503697,"Destined for Density Peptide Hair Serum for Thicker, Fuller Hair",Briogeo,Hair,1.05,Low Risk (Limited Data),68.18,False,0,0,0,0,0,0,1,2,0,0,0,0,0,1,4
P469440,"Scalp Revival Charcoal + Tea Tree Cooling Hydration Mask for Dry, Itchy Scalp",Briogeo,Hair,1.1304,Low Risk (Limited Data),57.5,False,2,0,0,0,0,0,1,2,0,0,0,0,0,2,7
P431542,"Superfoods Apple, Matcha + Kale Replenishing Shampoo + Conditioner Duo",Briogeo,Hair,1.225,Insufficient Data,38.46,False,1,0,0,0,0,0,2,3,1,0,0,0,0,1,8
P470202,"Scalp Revival Soothing Solutions Value Set for Oily, Itchy + Dry Scalp",Briogeo,Hair,1.1613,Low Risk (Limited Data),41.33,False,2,0,0,0,0,0,2,2,1,0,0,0,0,2,9
P402071,Blossom & Bloom Ginseng + Biotin Hair Volumizing Shampoo,Briogeo,Hair,1.25,Low Risk (Limited Data),64.0,False,0,0,0,0,0,0,2,3,1,0,0,1,0,0,7
P467242,"Don't Despair, Repair! Super Moisture Conditioner for Dry + Damaged Hair",Briogeo,Hair,1.15,Low Risk (Limited Data),52.63,False,0,0,0,0,0,0,2,2,0,0,0,0,0,0,4
P447355,Mini Farewell Frizz Rosarco Milk Leave-In Conditioner Spray,Briogeo,Hair,1.1667,Low Risk (Limited Data),57.14,False,0,0,0,0,0,0,1,1,0,0,0,0,0,0,2
P388629,"Farewell Frizz Rosehip, Argan & Coconut Hair Oil",Briogeo,Hair,1.1667,Low Risk (Limited Data),50.0,False,0,0,0,0,0,0,0,2,0,0,0,2,0,0,4
P500163,Superfoods Avocado + Kiwi Moisture Leave-In Conditioner,Briogeo,Hair,1.12,Low Risk (Limited Data),69.44,False,0,0,0,0,0,0,2,2,0,0,0,0,0,0,4
P471538,Superfoods Mango + Cherry Balancing Shampoo + Conditioner Duo for Oil Control,Briogeo,Hair,1.1,Low Risk (Limited Data),55.56,False,1,0,0,0,0,0,2,4,0,0,0,0,0,1,8
P479735,"Don’t Despair, Repair! Strength + Repair Solutions Set",Briogeo,Hair,1.0703,Low Risk (Limited Data),66.67,False,0,0,0,0,0,0,2,5,0,0,0,0,0,0,7
P408411,Curl Charisma Rice Amino + Quinoa Frizz Control Gel,Briogeo,Hair,1.2647,Low Risk,77.27,False,0,0,0,0,0,0,2,3,1,0,1,1,0,0,8
P461430,"Be Gentle, Be Kind Aloe + Oat Milk Ultra Soothing Fragrance-Free Detangler",Briogeo,Hair,,Insufficient Data,0.0,False,0,0,0,0,0,0,0,0,0,0,0,0,0,0,0
P388625,Blossom & Bloom Ginseng + Biotin Hair Volumizing Conditioner,Briogeo,Hair,1.2059,Low Risk (Limited Data),58.62,False,0,0,0,0,0,0,2,3,0,0,0,1,0,0,6
P501722,The Ultimate Hydrate + Repair Hair + Scalp Mask Kit,Briogeo,Hair,1.0968,Low Risk (Limited Data),62.63,False,2,0,0,0,0,0,2,5,0,0,0,0,0,2,11
P431543,Superfoods Matcha + Apple Replenishing Shampoo,Briogeo,Hair,1.3125,Low Risk (Limited Data),61.54,False,0,0,0,0,0,0,2,2,2,0,0,1,0,1,8
P402074,Curl Charisma Rice Amino + Avocado Hydrating Shampoo,Briogeo,Hair,1.2667,Low Risk (Limited Data),42.86,False,0,0,0,0,0,0,2,3,1,0,0,1,0,0,7
P388627,Curl Charisma Rice Amino + Shea Curl Defining Conditioner,Briogeo,Hair,1.1944,Low Risk (Limited Data),48.65,False,0,0,0,0,0,0,2,3,0,0,0,1,0,0,6
P396734,Blossom & Bloom Ginseng + Biotin Hair Volumizing Spray,Briogeo,Hair,1.3077,Low Risk,81.25,False,0,0,1,0,0,0,2,3,0,0,0,2,0,0,8
P402073,Farewell Frizz Smoothing Conditioner,Briogeo,Hair,1.2,Low Risk (Limited Data),60.61,False,0,0,0,0,0,0,2,3,0,0,0,0,0,0,5
P500174,Superfoods Banana + Coconut Hydrating Soft Wave Texture Spray,Briogeo,Hair,1.1111,Low Risk (Limited Data),58.06,False,0,0,0,0,0,0,2,1,0,0,0,0,0,0,3
P431544,Superfoods Kale + Apple Replenishing Conditioner,Briogeo,Hair,1.2273,Low Risk (Limited Data),68.75,False,0,0,0,0,0,0,2,4,0,0,0,1,0,0,7
P402072,Farewell Frizz Smoothing Shampoo,Briogeo,Hair,1.2188,Low Risk (Limited Data),55.17,False,0,0,0,0,0,0,2,2,1,0,0,0,0,0,5
P469441,"Scalp Revival Soothe + Detoxify Travel Set for Dry Itchy, Oily Scalp",Briogeo,Hair,1.1613,Low Risk (Limited Data),41.33,False,2,0,0,0,0,0,2,2,1,0,0,0,0,2,9
P446340,Superfoods Banana + Coconut Nourishing Shampoo,Briogeo,Hair,1.3889,Insufficient Data,30.0,False,0,0,0,0,0,0,2,2,1,0,0,0,0,0,5
P446341,Superfoods Banana + Coconut Nourishing Conditioner,Briogeo,Hair,,Insufficient Data,0.0,False,0,0,0,0,0,0,0,0,0,0,0,0,0,0,0
P474305,Curl Charisma Rice Amino + Avocado Hydrating & Defining Hair Mask,Briogeo,Hair,1.125,Low Risk,75.0,False,0,0,0,0,0,0,2,2,0,0,0,0,0,0,4
P467745,"Don't Despair, Repair! Strengthen + Repair Travel Kit",Briogeo,Hair,1.1,Low Risk (Limited Data),40.23,False,0,0,0,0,0,0,2,3,0,0,0,0,0,0,5
P461428,"Be Gentle, Be Kind Aloe + Oat Milk Ultra Soothing Fragrance-free Hypoallergenic Shampoo",Briogeo,Hair,1.125,Low Risk,88.89,False,0,0,0,0,0,0,1,1,1,0,0,0,0,1,4
P503684,"Destined For Density Peptide Shampoo for Thicker, Fuller Hair",Briogeo,Hair,1.1304,Low Risk,76.67,False,0,0,0,0,0,0,2,2,0,0,0,0,0,1,5
P474306,Curl Charisma Silicone-Free Curly Hair Care Travel Kit,Briogeo,Hair,1.0965,Low Risk,73.08,False,0,0,0,0,0,0,2,5,1,0,0,1,0,0,9
P435402,Curl Charisma Chia + Flax Seed Coil Custard,Briogeo,Hair,1.125,Low Risk (Limited Data),69.57,False,0,0,0,0,0,0,2,1,0,0,0,0,0,0,3
P471536,Superfoods Mango + Cherry Oil Control & Balancing Shampoo,Briogeo,Hair,1.1842,Low Risk (Limited Data),51.35,False,0,0,0,0,0,0,2,2,1,0,0,0,0,1,6
P461429,"Be Gentle, Be Kind Aloe + Oat Milk Ultra Soothing Fragrance-free Hypoallergenic Conditioner",Briogeo,Hair,1.1304,Low Risk,88.46,False,0,0,0,0,0,0,1,3,0,0,0,0,0,0,4
P503682,"Destined For Density Peptide Conditioner for Thicker, Fuller Hair",Briogeo,Hair,1.1591,Low Risk,70.97,False,0,0,0,0,0,0,2,2,0,0,0,0,0,1,5
P474027,Farewell Frizz  Smooth + Shine Hair Care Travel Kit for Frizz Control  + Heat Protection,Briogeo,Hair,1.163,Low Risk (Limited Data),68.66,False,0,0,0,0,0,0,2,7,1,0,0,2,0,0,12
P471537,Superfoods Mango + Cherry Oil Control & Balancing Conditioner,Briogeo,Hair,1.2,Low Risk (Limited Data),57.14,False,0,0,0,0,0,0,2,3,0,0,0,0,0,0,5
P480578,Blossom & Bloom Volumize + Lift Hair Care Travel Kit,Briogeo,Hair,1.2174,Low Risk (Limited Data),48.94,False,0,0,0,0,0,0,2,4,1,0,0,1,0,0,8
P505040,"Be Gentle, Be Kind Aloe + Oat Milk Ultra Soothing 3-in-1 Cleansing Bar",Briogeo,Hair,1.0,Low Risk,73.68,False,0,0,0,0,0,0,0,0,0,0,0,0,0,0,0
P467941,"Don't Despair, Repair! Super Moisture Conditioner Jumbo",Briogeo,Hair,1.1379,Low Risk,87.88,False,0,0,0,0,0,0,2,3,0,0,0,0,0,0,5
P386464,Hairdresser’s Invisible Oil Heat & UV Protective Primer,Bumble and bumble,Hair,1.24,Low Risk,73.53,False,2,0,0,2,0,0,4,4,0,0,0,0,0,0,12
P375391,Hairdresser’s Invisible Oil,Bumble and bumble,Hair,1.325,Low Risk,83.33,True,3,0,0,1,0,1,4,3,0,0,0,0,1,0,13
P381033,Thickening Dryspun Volume Texture Spray,Bumble and bumble,Hair,1.4231,Low Risk,72.22,True,0,0,1,0,0,1,5,4,0,0,0,0,1,0,12
P426163,Mini Hairdresser's Invisible Oil Primer,Bumble and bumble,Mini Size,1.24,Low Risk,73.53,False,2,0,0,2,0,0,4,4,0,0,0,0,0,0,12
P280513,Surf Spray,Bumble and bumble,Hair,1.5714,Medium Risk,82.35,True,1,0,0,0,0,2,6,6,0,0,0,0,1,2,18
P397351,Don't Blow It Fine Hair Air Dry Styler,Bumble and bumble,Hair,1.35,Low Risk,71.43,True,1,0,0,0,0,1,5,7,0,0,0,0,1,1,16
P384541,Prêt-à-Powder Dry Shampoo Powder,Bumble and bumble,Hair,1.7,Medium Risk (Limited Data),66.67,True,0,0,0,0,0,1,7,6,0,0,0,0,1,0,15
P280564,Sunday Clarifying Shampoo,Bumble and bumble,Hair,1.3214,Low Risk (Limited Data),60.87,False,3,0,0,0,0,0,2,2,2,0,0,0,0,2,11
P280566,Thickening Volume Shampoo,Bumble and bumble,Hair,1.3235,Low Risk (Limited Data),68.0,True,2,0,0,0,0,1,3,3,1,0,0,0,1,1,12
P280537,Thickening Spray,Bumble and bumble,Hair,1.375,Low Risk (Limited Data),66.67,False,0,0,1,0,0,0,3,2,0,0,0,0,0,0,6
P449139,Bb. Heat Shield Thermal Protection Mist,Bumble and bumble,Hair,1.2963,Low Risk,84.38,False,3,0,1,2,0,0,5,6,0,0,0,0,0,1,18
P386463,Hairdresser's Invisible Oil Shampoo,Bumble and bumble,Hair,1.2222,Low Risk,71.05,True,2,0,0,0,0,1,3,3,1,0,0,0,1,1,12
P386462,Hairdresser's Invisible Oil Conditioner,Bumble and bumble,Hair,1.2321,Low Risk,80.0,True,1,0,0,1,0,1,3,5,0,0,0,0,1,1,13
P422339,Bb. Pret-a-Powder Tres Invisible Dry Shampoo with French Pink Clay,Bumble and bumble,Hair,1.4211,Low Risk (Limited Data),52.78,True,2,0,1,1,0,1,5,7,0,0,0,0,1,1,19
P391796,Repair Blow Dry,Bumble and bumble,Hair,1.4038,Low Risk,74.29,True,3,0,0,1,0,2,5,6,0,0,0,0,1,2,20
P425490,Mini Hairdresser’s Invisible Oil,Bumble and bumble,Mini Size,1.325,Low Risk,83.33,True,3,0,0,1,0,1,4,3,0,0,0,0,1,0,13
P297554,Straight Blow Dry,Bumble and bumble,Hair,1.4773,Low Risk,75.86,True,1,0,0,0,0,1,9,10,0,0,0,0,1,1,23
P394825,Surf Infusion,Bumble and bumble,Hair,1.3571,Low Risk (Limited Data),58.33,True,3,0,0,1,0,1,6,6,0,0,0,0,1,1,19
P436391,Mini Thickening Dryspun Volume Texture Spray,Bumble and bumble,Hair,1.4231,Low Risk,72.22,True,0,0,1,0,0,1,5,4,0,0,0,0,1,0,12
P456160,Pret-a-Powder Post Workout Dry Shampoo Mist,Bumble and bumble,Hair,1.5263,Medium Risk,79.17,False,2,0,1,2,0,0,8,9,0,0,0,0,0,0,22
P407072,Surf Foam Spray Blow Dry,Bumble and bumble,Hair,1.3,Low Risk (Limited Data),69.44,False,4,0,1,1,0,0,6,8,0,0,1,0,0,1,22
P280573,Super Rich Conditioner,Bumble and bumble,Hair,1.15,Low Risk,86.96,False,1,0,0,0,0,0,4,4,0,0,0,0,0,1,10
P410733,Hairdresser’s Invisible Oil Dry Oil Finishing Spray,Bumble and bumble,Hair,1.3409,Low Risk (Limited Data),62.86,True,2,0,1,1,0,1,4,5,0,0,0,0,1,1,16
P280528,Prep,Bumble and bumble,Hair,1.2059,Low Risk (Limited Data),68.0,False,1,0,0,0,0,0,2,2,0,0,0,0,0,0,5
P280530,Tonic Lotion,Bumble and bumble,Hair,1.2917,Low Risk (Limited Data),60.0,False,2,0,0,0,0,0,0,4,0,0,0,0,0,3,9
P391797,All-Style Blow Dry,Bumble and bumble,Hair,1.475,Low Risk,80.0,True,3,0,0,1,0,2,5,4,0,0,0,0,1,1,17
P421496,Save the Day Daytime Protective Repair Fluid,Bumble and bumble,Hair,1.1724,Low Risk,74.36,False,3,0,0,1,0,0,4,5,0,0,0,0,0,1,14
P462839,Curl Reactivator,Bumble and bumble,Hair,1.3333,Low Risk,84.62,True,4,0,0,2,0,1,5,7,0,0,0,0,1,1,21
P425617,Mini Prêt-à-Powder,Bumble and bumble,Mini Size,1.7,Medium Risk (Limited Data),66.67,True,0,0,0,0,0,1,7,6,0,0,0,0,1,0,15
P280568,Gentle Shampoo,Bumble and bumble,Hair,1.25,Low Risk,78.26,False,2,0,0,1,0,0,2,2,2,0,0,0,0,1,10
P425468,Mini Thickening Spray,Bumble and bumble,Mini Size,1.375,Low Risk (Limited Data),66.67,False,0,0,1,0,0,0,3,2,0,0,0,0,0,0,6
P415754,Bb. Color Stick,Bumble and bumble,Hair,1.0,Low Risk,92.86,False,0,0,0,0,0,0,0,0,0,0,0,0,0,0,0
P280512,Spray de Mode Flexible Hold Hairspray,Bumble and bumble,Hair,1.5455,Medium Risk (Limited Data),47.83,True,0,0,1,0,0,1,4,5,0,0,1,0,1,0,13
P421497,Bb. While You Sleep Overnight Damage Repair Masque,Bumble and bumble,Hair,1.2069,Low Risk,74.36,False,4,0,1,1,0,0,3,5,0,0,0,0,0,1,15
P456161,Mini Pret-a-Powder Post Workout Dry Shampoo Mist,Bumble and bumble,Hair,1.5263,Medium Risk,79.17,False,2,0,1,2,0,0,8,9,0,0,0,0,0,0,22
P286106,Bb. Texture Hair (Un) Dressing Creme,Bumble and bumble,Hair,1.2381,Low Risk,72.41,False,3,0,0,0,0,0,2,4,0,0,1,0,0,1,11
P378842,Surf Foam Wash Shampoo,Bumble and bumble,Hair,1.4118,Low Risk (Limited Data),62.96,True,2,0,0,0,0,1,4,4,2,0,0,0,1,1,15
P280567,Creme de Coco Shampoo,Bumble and bumble,Hair,1.1818,Low Risk (Limited Data),61.11,False,2,0,0,0,0,0,3,4,1,0,0,0,0,1,11
P280508,Sumotech Flexible Cream Solid,Bumble and bumble,Hair,1.3824,Low Risk,70.83,True,1,0,1,0,0,1,4,6,0,0,1,0,0,2,16
P461139,Hairdresser's Invisible Oil 72 Hour Hydrating Hair Mask,Bumble and bumble,Hair,1.2222,Low Risk,84.38,True,1,0,0,0,0,1,3,5,0,0,0,0,1,1,12
P422338,Bb. Pret-a-Powder Tres Invisible Nourishing Dry Shampoo with Hibiscus Extract,Bumble and bumble,Hair,1.4211,Low Risk (Limited Data),55.88,True,2,0,1,1,0,1,5,7,0,0,0,0,1,1,19
P475914,Hairdresser's Invisible Oil Ultra Rich Hyaluronic Treatment Lotion,Bumble and bumble,Hair,1.2167,Low Risk,78.95,False,3,0,0,2,0,0,5,5,0,0,0,0,0,1,16
P280572,Creme de Coco Conditioner,Bumble and bumble,Hair,1.2917,Low Risk (Limited Data),68.57,True,2,0,0,1,0,1,4,4,0,0,0,0,1,1,14
P443339,Surf Styling Leave In,Bumble and bumble,Hair,1.2292,Low Risk,82.76,False,3,0,0,1,0,0,6,7,0,0,0,0,0,1,18
P280511,Does It All Light Hold Hairspray,Bumble and bumble,Hair,1.625,Medium Risk (Limited Data),63.16,True,0,0,1,0,0,1,6,6,0,0,1,0,1,0,16
P425464,Mini Surf Spray,Bumble and bumble,Mini Size,1.5714,Medium Risk,82.35,True,1,0,0,0,0,2,6,6,0,0,0,0,1,2,18
P280544,Brilliantine,Bumble and bumble,Hair,1.5682,Medium Risk,73.33,True,3,0,0,2,0,2,7,8,0,0,1,0,1,2,26
P462832,Curl Defining Cream,Bumble and bumble,Hair,1.2703,Low Risk,88.1,False,5,0,0,2,0,0,5,6,1,0,0,0,0,1,20
P280526,Brownish Hair Powder,Bumble and bumble,Hair,1.1,Low Risk,76.92,False,0,0,1,0,0,0,0,1,0,0,0,0,0,0,2
P280562,Seaweed Shampoo,Bumble and bumble,Hair,1.2222,Low Risk (Limited Data),60.0,False,2,0,0,0,0,0,1,2,3,0,0,0,0,2,10
P419713,Bb. Don’t Blow It Thick (H)air Styler,Bumble and bumble,Hair,1.3,Low Risk,73.17,True,1,0,0,0,0,2,6,6,0,0,0,0,1,2,18
P378841,Surf Creme Rinse Conditioner,Bumble and bumble,Hair,1.2778,Low Risk (Limited Data),69.23,False,1,0,0,0,0,0,4,6,0,0,0,0,0,1,12
P436392,Thickening Volume Conditioner,Bumble and bumble,Hair,1.2083,Low Risk,80.0,True,2,0,2,1,0,1,5,9,0,0,0,0,1,1,22
P280533,Styling Creme,Bumble and bumble,Hair,1.3611,Low Risk,78.26,False,2,0,1,1,0,0,3,5,0,0,1,0,0,1,14
P462837,Curl Mousse,Bumble and bumble,Hair,1.3667,Low Risk,73.17,True,4,0,0,2,0,1,6,7,0,0,1,0,1,1,23
P399118,Full Potential Hair Preserving Shampoo,Bumble and bumble,Hair,1.5,Medium Risk (Limited Data),57.89,True,2,0,0,2,0,1,5,6,2,0,0,0,1,2,21
P454344,Hairdresser's Invisible Oil Soft Texture Finishing Spray,Bumble and bumble,Hair,1.4167,Low Risk (Limited Data),69.23,True,2,0,1,2,0,1,4,3,0,0,0,0,1,0,14
P280548,Grooming Creme,Bumble and bumble,Hair,1.4167,Low Risk,88.89,True,2,0,0,3,0,1,6,6,0,0,0,0,1,0,19
P479832,Bond-Building Repair Treatment,Bumble and bumble,Hair,1.2206,Low Risk,75.56,False,3,0,0,2,0,0,4,6,0,0,0,0,0,1,16
P462835,Curl 3 in 1 Conditioner,Bumble and bumble,Hair,1.2794,Low Risk,80.95,True,4,0,1,2,0,1,3,5,0,0,0,0,1,1,18
P449138,Bb. Heat Shield Blow Dry Accelerator,Bumble and bumble,Hair,1.413,Low Risk,76.67,False,3,0,2,2,0,0,7,8,0,0,0,0,0,1,23
P479834,Mini Bb. Heat Shield Thermal Protection Mist,Bumble and bumble,Hair,1.2963,Low Risk,84.38,False,3,0,1,2,0,0,5,6,0,0,0,0,0,1,18
P425463,Mini Spray de Mode Flexible Hold Hairspray,Bumble and bumble,Mini Size,1.5455,Medium Risk (Limited Data),47.83,True,0,0,1,0,0,1,4,5,0,0,1,0,1,0,13
P479830,Bond-Building Repair Shampoo,Bumble and bumble,Hair,1.2121,Low Risk,80.49,False,3,0,0,2,0,0,4,4,1,0,0,0,0,1,15
P479831,Bond-Building Repair Conditioner,Bumble and bumble,Hair,1.3864,Low Risk (Limited Data),64.71,False,3,0,0,2,0,0,5,7,0,0,0,0,0,1,18
P462834,Curl Moisturizing Shampoo,Bumble and bumble,Hair,1.2429,Low Risk,85.37,True,4,0,0,2,0,1,3,3,1,0,0,0,1,1,16
P471006,Mini Treat Hair to Hydration Hair Set,Bumble and bumble,Hair,1.1792,Low Risk,75.71,True,2,0,0,1,0,1,4,6,1,0,0,0,1,1,17
P436395,Thickening Full Form Soft Mousse,Bumble and bumble,Hair,1.4348,Low Risk,82.14,True,1,0,0,0,0,1,9,11,0,0,0,0,1,1,24
P477727,Light Defining Curl Cream,Bumble and bumble,Hair,1.2742,Low Risk,83.78,False,4,0,0,2,0,0,5,6,0,0,0,0,0,1,18
P474031,Bb.Illuminated Blonde Purple Leave In Spray,Bumble and bumble,Hair,1.25,Low Risk,75.0,False,4,0,0,2,0,0,2,3,0,0,0,0,0,1,12
P426164,Mini Hairdresser’s Invisible Oil Conditioner,Bumble and bumble,Mini Size,1.2321,Low Risk,80.0,True,1,0,0,1,0,1,3,5,0,0,0,0,1,1,13
P462838,Curl Anti-Humidity Gel Oil,Bumble and bumble,Hair,1.3393,Low Risk,90.32,True,4,0,0,2,0,1,5,6,0,0,0,0,1,1,20
P399120,Full Potential Hair Preserving Booster Spray,Bumble and bumble,Hair,1.4565,Low Risk (Limited Data),62.16,True,2,0,1,1,0,1,7,7,0,0,0,0,1,1,21
P425471,Mini Thickening Shampoo,Bumble and bumble,Mini Size,1.3235,Low Risk (Limited Data),68.0,True,2,0,0,0,0,1,3,3,1,0,0,0,1,1,12
P377208,Semisumo,Bumble and bumble,Hair,1.5769,Medium Risk,81.25,True,0,0,0,0,0,1,8,8,0,0,0,0,1,0,18
P426165,Mini Hairdresser’s Invisible Oil Shampoo,Bumble and bumble,Mini Size,1.2222,Low Risk,71.05,True,2,0,0,0,0,1,3,3,1,0,0,0,1,1,12
P417615,Bb. sumoclay,Bumble and bumble,Hair,1.32,Low Risk,78.12,True,0,0,0,0,0,2,6,5,0,0,0,0,1,1,15
P479829,The Bond-Building Repair Trio,Bumble and bumble,Hair,1.1875,Low Risk,77.78,False,3,0,0,2,0,0,5,8,1,0,0,0,0,1,20
P413039,Bb. Strong Finish Firm Hold Hairspray,Bumble and bumble,Hair,1.3846,Low Risk,72.22,False,0,0,1,0,0,0,5,5,0,0,1,0,0,0,12
P436393,Thickening Great Body Blow Dry Crème,Bumble and bumble,Hair,1.2759,Low Risk,74.36,True,1,0,0,0,0,1,8,9,0,0,0,0,1,1,21
P399119,Full Potential Hair Preserving Conditioner,Bumble and bumble,Hair,1.3125,Low Risk (Limited Data),68.09,True,2,0,1,1,0,1,5,7,0,0,0,0,1,1,19
P280563,Seaweed Conditioner,Bumble and bumble,Hair,1.1923,Low Risk (Limited Data),54.17,False,2,0,2,0,0,0,1,3,0,0,0,0,0,1,9
P462833,Mini Curl Defining Cream,Bumble and bumble,Hair,1.2703,Low Risk,88.1,False,5,0,0,2,0,0,5,6,1,0,0,0,0,1,20
P474307,Mini Sunday Clarifying Shampoo,Bumble and bumble,Hair,1.3214,Low Risk (Limited Data),60.87,False,3,0,0,0,0,0,2,2,2,0,0,0,0,2,11
P280525,Blondish Hair Powder,Bumble and bumble,Hair,1.1111,Low Risk,75.0,False,0,0,1,0,0,0,0,1,0,0,0,0,0,0,2
P476041,Hairdresser's Invisible Oil Ultra Rich Conditioner,Bumble and bumble,Hair,1.1538,Low Risk,81.25,False,0,0,1,1,0,0,3,5,0,0,0,0,0,0,10
P280551,Gel,Bumble and bumble,Hair,1.7,Medium Risk,71.43,True,1,0,0,0,0,2,4,5,0,0,0,0,1,2,15
P451214,Hairdresser's Invisible Oil Hot Oil Concentrate,Bumble and bumble,Hair,1.2812,Low Risk,76.19,True,0,0,1,0,0,1,3,3,0,0,0,0,1,0,9
P479833,Bond-Building Repair Styling Cream,Bumble and bumble,Hair,1.2571,Low Risk,70.0,False,3,0,0,2,0,0,6,8,0,0,0,0,0,1,20
P449753,Mini Pret-a-Powder Tres Invisible Dry Shampoo with French Pink Clay,Bumble and bumble,Hair,1.4211,Low Risk (Limited Data),52.78,True,2,0,1,1,0,1,5,7,0,0,0,0,1,1,19
P475913,Hairdresser's Invisible Oil Ultra Rich Shampoo,Bumble and bumble,Hair,1.1471,Low Risk,79.07,False,1,0,0,1,0,0,3,4,1,0,0,0,0,1,11
P481816,Thickening Go Big Plumping Hair Treatment,Bumble and bumble,Hair,1.2241,Low Risk,78.38,False,1,0,1,0,0,0,8,9,0,0,0,0,0,1,20
P462836,Curl Butter Mask,Bumble and bumble,Hair,1.34,Low Risk,80.65,True,4,0,0,2,0,1,3,4,0,0,0,0,1,1,16
P454343,Sumo Liquid Wax+ Finishing Spray,Bumble and bumble,Hair,1.3182,Low Risk,75.86,True,1,0,0,0,0,1,6,6,0,0,0,0,1,1,16
P425469,Brilliantine,Bumble and bumble,Mini Size,1.5682,Medium Risk,73.33,True,3,0,0,2,0,2,7,8,0,0,1,0,1,2,26
P500302,Thickening Plumping Mask,Bumble and bumble,Hair,1.2917,Low Risk (Limited Data),61.54,False,1,0,0,1,0,0,5,7,0,0,0,0,0,1,15
P474309,Mini Curl 3 in 1 Conditioner,Bumble and bumble,Hair,1.2794,Low Risk,80.95,True,4,0,1,2,0,1,3,5,0,0,0,0,1,1,18
P474030,Bb. Illuminated Blonde Purple Conditioner,Bumble and bumble,Hair,1.1538,Low Risk,73.58,False,2,0,2,0,0,0,2,5,0,0,0,0,0,2,13
P417614,Bb. sumogel,Bumble and bumble,Hair,1.3333,Low Risk,83.33,False,1,0,0,0,0,0,5,7,0,0,1,0,0,1,15
P474029,Bb. Illuminated Blonde Purple Shampoo,Bumble and bumble,Hair,1.1081,Low Risk,71.15,False,2,0,0,0,0,0,2,2,1,0,0,0,0,2,9
P474308,Mini Curl Moisturizing Shampoo,Bumble and bumble,Hair,1.2429,Low Risk,85.37,True,4,0,0,2,0,1,3,3,1,0,0,0,1,1,16
P500177,Surf Texturizing Finishing Foam,Bumble and bumble,Hair,1.2593,Low Risk (Limited Data),69.23,False,2,0,0,2,0,0,4,4,2,0,0,0,0,1,15
P504185,Hairderesser's Invisible Oil Starter Set,Bumble and bumble,Hair,1.1939,Low Risk (Limited Data),69.01,False,4,0,1,2,0,0,4,8,1,0,0,0,0,1,21
P504135,Curl Starter Set,Bumble and bumble,Hair,1.2091,Low Risk,78.57,False,4,0,1,2,0,0,5,8,1,0,0,0,0,1,22
P477822,Curl Gel Pomade,Bumble and bumble,Hair,1.3125,Low Risk,80.0,False,3,0,1,2,0,0,5,4,0,0,0,0,0,0,15
P437082,Mini Thickening Volume Conditioner,Bumble and bumble,Mini Size,1.2083,Low Risk,80.0,True,2,0,2,1,0,1,5,9,0,0,0,0,1,1,22
P504140,Mini Sunday Purifying Clay Detox Shampoo,Bumble and bumble,Hair,1.2308,Low Risk,81.25,False,2,0,0,1,0,0,4,7,0,0,0,0,0,1,15
P504146,Sunday Scalp Reset Foam Pre Shampoo,Bumble and bumble,Hair,1.2308,Low Risk (Limited Data),63.41,False,2,0,1,0,0,0,6,7,0,0,0,0,0,1,17
P437631,Her Eau de Parfum,BURBERRY,Fragrance,1.5312,Medium Risk,94.12,False,5,0,2,2,0,0,6,5,0,0,0,0,0,0,20
P466422,Mini Her Eau de Parfum Set,BURBERRY,Fragrance,1.5312,Medium Risk,94.12,False,5,0,2,2,0,0,6,5,0,0,0,0,0,0,20
P421296,My Burberry Blush,BURBERRY,Fragrance,1.6739,Medium Risk,95.83,False,5,0,1,2,0,0,14,13,0,0,0,0,0,0,35
P437632,Her Eau de Parfum Rollerball,BURBERRY,Fragrance,1.5312,Medium Risk,94.12,False,5,0,2,2,0,0,6,5,0,0,0,0,0,0,20
P502245,Her Elixir Eau de Parfum Intense,BURBERRY,Fragrance,1.5,Medium Risk,100.0,False,0,0,1,0,0,0,6,5,0,0,0,0,0,0,12
P410239,My Burberry Black,BURBERRY,Fragrance,1.675,Medium Risk,90.91,False,2,0,1,1,0,0,14,13,0,0,0,0,0,0,31
P388218,My Burberry,BURBERRY,Fragrance,1.6471,Medium Risk,89.47,False,2,0,1,1,0,0,11,10,0,0,0,0,0,0,25
P479713,Her Eau De Toilette,BURBERRY,Fragrance,1.6154,Medium Risk,92.86,False,4,0,1,2,0,0,5,4,0,0,0,0,0,0,16
P445411,Her Blossom Eau de Toilette,BURBERRY,Fragrance,1.5238,Medium Risk,95.45,False,4,0,0,2,0,0,10,10,0,0,0,0,0,0,26
P461140,Her London Dream Eau de Parfum,BURBERRY,Fragrance,1.6471,Medium Risk,94.44,False,2,0,1,2,0,0,10,9,0,0,0,0,0,0,24
P136025,Burberry London,BURBERRY,Fragrance,1.7174,Medium Risk,95.83,True,5,0,1,2,0,1,13,12,0,0,0,0,1,0,35
P6986,Touch,BURBERRY,Fragrance,1.7619,Medium Risk,91.3,True,4,0,1,2,0,2,10,9,0,0,0,0,1,1,30
P445412,Her Blossom Eau de Toilette Rollerball,BURBERRY,Fragrance,1.5238,Medium Risk,95.45,False,4,0,0,2,0,0,10,10,0,0,0,0,0,0,26
P418386,Mr. Burberry Eau de Parfum,BURBERRY,Fragrance,1.6471,Medium Risk,89.47,False,4,0,1,2,0,0,9,8,0,0,0,0,0,0,24
P162529,London for Men,BURBERRY,Fragrance,1.8077,Medium Risk,92.86,True,3,0,1,2,0,1,6,5,0,0,0,0,0,1,19
P475076,Hero Eau de Toilette,BURBERRY,Fragrance,1.5,Medium Risk,80.0,False,0,0,1,0,0,0,2,1,0,0,0,0,0,0,4
P408037,Mr. Burberry Eau de Toilette,BURBERRY,Fragrance,1.6944,Medium Risk,90.0,True,4,0,1,1,0,1,9,8,0,0,0,0,1,0,25
P501489,Hero Eau de Parfum,BURBERRY,Fragrance,1.6923,Medium Risk,92.86,False,0,0,1,0,0,0,11,10,0,0,0,0,0,0,22
P79502,Brit For Men,BURBERRY,Fragrance,1.625,Medium Risk,94.12,False,2,0,1,1,0,0,10,9,0,0,0,0,0,0,23
P383082,Brit Rhythm,BURBERRY,Fragrance,1.6538,Medium Risk,76.47,False,0,0,1,1,0,0,9,8,0,0,0,0,0,0,19
P399255,Brit Splash,BURBERRY,Fragrance,1.7222,Medium Risk,100.0,True,5,0,1,2,0,1,8,7,0,0,0,0,1,0,25
P503677,Hero Eau de Toilette Gift Set,BURBERRY,Fragrance,1.4783,Low Risk,79.31,False,2,0,2,2,0,0,9,10,0,0,0,0,0,0,25
P505456,Her Elixir Eau de Parfum Intense Travel Spray,BURBERRY,Fragrance,1.5,Medium Risk,100.0,False,0,0,1,0,0,0,6,5,0,0,0,0,0,0,12
P505425,Her Eau de Parfum Travel Spray,BURBERRY,Fragrance,1.5312,Medium Risk,94.12,False,5,0,2,2,0,0,6,5,0,0,0,0,0,0,20
P504858,Her Blossom Eau de Toilette Travel Spray,BURBERRY,Fragrance,1.5227,Medium Risk,100.0,False,4,0,1,2,0,0,10,10,0,0,0,0,0,0,27
P174213,Full-On Plumping Lip Polish Gloss,Buxom,Makeup,,Insufficient Data,0.0,False,0,0,0,0,0,0,0,0,0,0,0,0,0,0,0
P305132,Full-On Plumping Lip Cream Gloss,Buxom,Makeup,1.1618,Low Risk,85.0,False,5,0,0,1,0,0,2,3,0,0,0,0,0,1,12
P420163,Power-full Plump Lip Balm,Buxom,Makeup,1.0625,Low Risk,72.73,False,1,0,0,0,0,0,0,1,0,0,0,0,0,0,2
P228204,Lash Volumizing Mascara,Buxom,Makeup,1.0714,Low Risk,82.35,False,2,1,0,0,0,0,0,2,0,0,1,0,0,2,8
P374159,Lash Waterproof Volumizing Mascara,Buxom,Makeup,1.0,Low Risk (Limited Data),43.75,False,0,0,0,0,0,0,0,0,0,0,0,0,0,0,0
P471224,Plump Shot Collagen-Infused Lip Serum Plumper,Buxom,Makeup,1.12,Low Risk,80.65,False,1,0,1,0,0,0,2,5,0,0,0,0,0,2,11
P473265,Power Line Plumping Lip Liner,Buxom,Makeup,1.0217,Low Risk,85.19,False,1,0,0,0,0,0,0,0,0,0,0,0,0,0,1
P431441,Leila Lou Perfume,By Rosie Jane,Fragrance,1.5625,Medium Risk (Limited Data),42.11,False,0,0,0,0,0,0,6,6,0,0,0,0,0,0,12
P481959,Wake the F*ck Up Deodorant,By Rosie Jane,Bath & Body,1.1667,Low Risk (Limited Data),66.67,False,0,0,1,0,0,0,0,1,0,0,0,0,0,1,3
P431765,Leila Lou Perfume Travel Spray,By Rosie Jane,Fragrance,1.5625,Medium Risk (Limited Data),42.11,False,0,0,0,0,0,0,6,6,0,0,0,0,0,0,12
P431444,Rosie Perfume,By Rosie Jane,Fragrance,1.0,Insufficient Data,20.0,False,0,0,0,0,0,0,0,0,0,0,0,0,0,0,0
P479736,Wake the F*ck Up Everyday Body Wash,By Rosie Jane,Bath & Body,1.0,Insufficient Data,36.67,False,0,0,0,0,0,0,0,0,0,0,0,0,0,0,0
P503667,Fragrance Discovery Set,By Rosie Jane,Fragrance,1.575,Insufficient Data,22.73,False,0,0,0,0,0,0,14,16,0,0,0,2,0,0,32
P431443,James Perfume,By Rosie Jane,Fragrance,1.6,Insufficient Data,19.23,False,0,0,0,0,0,0,4,4,0,0,0,0,0,0,8
P479697,Calm the F*ck Down Everyday Body Wash,By Rosie Jane,Bath & Body,1.0,Insufficient Data,36.67,False,0,0,0,0,0,0,0,0,0,0,0,0,0,0,0
P431768,Rosie Perfume Travel Spray,By Rosie Jane,Fragrance,1.0,Insufficient Data,20.0,False,0,0,0,0,0,0,0,0,0,0,0,0,0,0,0
P459401,Madie Perfume,By Rosie Jane,Fragrance,1.5455,Insufficient Data,39.29,False,0,0,0,0,0,0,8,8,0,0,0,0,0,0,16
P465313,Dylan Perfume,By Rosie Jane,Fragrance,1.3333,Insufficient Data,17.65,False,0,0,0,0,0,0,1,1,0,0,0,0,0,0,2
P431767,James Perfume Travel Spray,By Rosie Jane,Fragrance,1.6,Insufficient Data,17.86,False,0,0,0,0,0,0,4,4,0,0,0,0,0,0,8
P503074,Dulce Eau de Parfum,By Rosie Jane,Fragrance,1.5,Insufficient Data,23.81,False,0,0,0,0,0,0,4,4,0,0,0,0,0,0,8
P465314,Dylan Perfume Travel Spray,By Rosie Jane,Fragrance,1.3333,Insufficient Data,17.65,False,0,0,0,0,0,0,1,1,0,0,0,0,0,0,2
P451243,Lake Perfume Travel Spray,By Rosie Jane,Fragrance,1.4,Insufficient Data,33.33,False,0,0,0,0,0,0,1,3,0,0,0,2,0,0,6
P459402,Madie Perfume Travel Spray,By Rosie Jane,Fragrance,1.5455,Insufficient Data,39.29,False,0,0,0,0,0,0,8,8,0,0,0,0,0,0,16
P503633,Calm the F*ck Down Everyday Essentials Set,By Rosie Jane,Bath & Body,1.0312,Insufficient Data,35.56,False,0,0,0,0,0,0,0,1,0,0,0,0,0,1,2
P463424,Leila Lou Hydrating Body Oil,By Rosie Jane,Bath & Body,1.0,Low Risk (Limited Data),50.0,False,0,0,0,0,0,0,0,0,0,0,0,0,0,0,0
P436850,Angie Perfume Travel Spray,By Rosie Jane,Fragrance,1.5,Insufficient Data,10.34,False,0,0,0,0,0,0,2,2,0,0,0,0,0,0,4
P435107,Angie Perfume,By Rosie Jane,Fragrance,1.5,Insufficient Data,10.34,False,0,0,0,0,0,0,2,2,0,0,0,0,0,0,4
P501144,Wake the F*ck Up Body Oil,By Rosie Jane,Bath & Body,1.0,Insufficient Data,30.0,False,0,0,0,0,0,0,0,0,0,0,0,0,0,0,0
P503061,Dulce Travel Spray,By Rosie Jane,Fragrance,1.5,Insufficient Data,23.81,False,0,0,0,0,0,0,4,4,0,0,0,0,0,0,8
P451242,Lake Perfume,By Rosie Jane,Fragrance,1.4,Insufficient Data,33.33,False,0,0,0,0,0,0,1,3,0,0,0,2,0,0,6
P503198,Wake the F*ck Up Everyday Essentials Set,By Rosie Jane,Fragrance,1.0312,Insufficient Data,35.56,False,0,0,0,0,0,0,0,1,0,0,0,0,0,1,2
P479731,Rosie Everyday Body Wash,By Rosie Jane,Bath & Body,1.0,Insufficient Data,36.67,False,0,0,0,0,0,0,0,0,0,0,0,0,0,0,0
P501139,Calm the F*ck Down Body Oil,By Rosie Jane,Bath & Body,1.0,Insufficient Data,33.33,False,0,0,0,0,0,0,0,0,0,0,0,0,0,0,0
P503069,Dulce Perfume Oil,By Rosie Jane,Fragrance,1.5,Insufficient Data,23.81,False,0,0,0,0,0,0,4,4,0,0,0,0,0,0,8
P501066,Calm the F*ck Down Deodorant,By Rosie Jane,Bath & Body,1.1667,Low Risk (Limited Data),66.67,False,0,0,1,0,0,0,0,1,0,0,0,0,0,1,3
P476657,Leila Lou Gift Set,By Rosie Jane,Fragrance,1.6111,Medium Risk (Limited Data),40.91,False,0,0,0,0,0,0,7,7,0,0,0,0,0,0,14
P463425,James Hydrating Body Oil,By Rosie Jane,Bath & Body,1.0,Low Risk (Limited Data),50.0,False,0,0,0,0,0,0,0,0,0,0,0,0,0,0,0
P457889,Madie Perfume Oil,By Rosie Jane,Fragrance,1.6,Insufficient Data,37.04,False,0,0,0,0,0,0,8,8,0,0,0,0,0,0,16
P484037,Leila Lou Perfume Gift Set,By Rosie Jane,Fragrance,1.0,Low Risk (Limited Data),47.22,False,0,0,0,0,0,0,0,0,0,0,0,0,0,0,0
P465315,Dylan Perfume Oil,By Rosie Jane,Fragrance,1.5,Insufficient Data,12.5,False,0,0,0,0,0,0,1,1,0,0,0,0,0,0,2
P452678,Lake Perfume Oil,By Rosie Jane,Fragrance,1.3333,Insufficient Data,18.75,False,0,0,0,0,0,0,0,1,0,0,0,1,0,0,2
P503206,The Shebang Gift Set,By Rosie Jane,Fragrance,1.0,Insufficient Data,34.29,False,0,0,0,0,0,0,0,0,0,0,0,0,0,0,0
P504811,Rosie Everyday Body Oil,By Rosie Jane,Bath & Body,1.0,Low Risk (Limited Data),40.0,False,0,0,0,0,0,0,0,0,0,0,0,0,0,0,0
P503220,Leila Lou Home + Away Gift Set,By Rosie Jane,Fragrance,1.5625,Medium Risk (Limited Data),42.11,False,0,0,0,0,0,0,6,6,0,0,0,0,0,0,12
P501569,SO Blown Blurring Collagen Peptide Primer,caliray,Makeup,1.2391,Low Risk (Limited Data),69.7,False,1,0,0,0,0,0,7,9,0,0,0,0,0,1,18
P480580,Glazed and Infused No Burn Plumping Lip Gloss,caliray,Makeup,1.1,Low Risk (Limited Data),68.18,False,0,0,0,0,0,0,1,1,0,0,0,0,0,0,2
P479308,Come Hell or High Water Volumizing Tubing Mascara,caliray,Makeup,1.0333,Low Risk,75.0,False,1,0,0,0,0,0,0,1,0,0,0,0,0,1,3
P480579,Freedreaming Clean Blurring Skin Tint,caliray,Makeup,1.0,Low Risk,81.25,False,0,0,0,0,0,0,0,1,0,0,0,0,0,0,1
P479309,Mini Come Hell or High Water Volumizing Tubing Mascara,caliray,Makeup,1.0333,Low Risk,75.0,False,1,0,0,0,0,0,0,1,0,0,0,0,0,1,3
P504293,Surfproof Hydrating Setting Spray with Niacinamide,caliray,Makeup,1.2812,Low Risk (Limited Data),69.57,False,1,0,0,0,0,0,4,6,0,0,0,1,0,1,13
P479835,Surfproof Easy Glider Eye Definer Waterproof Eyeliner Pencil,caliray,Makeup,1.0,Low Risk,70.0,False,0,0,0,0,0,0,0,0,0,0,0,0,0,0,0
P500246,Just Add Rays Universal Translucent Glow Booster Drops,caliray,Makeup,1.2143,Low Risk,70.0,False,0,0,0,0,0,0,4,3,0,0,0,0,0,0,7
P503176,Party Wave Mascara & Eyeliner Set,caliray,Makeup,1.0179,Low Risk,71.79,False,1,0,0,0,0,0,0,1,0,0,0,0,0,1,3
P504288,Get Lit Skin and Mood Boosting Supplement,caliray,Skincare,1.0,Insufficient Data,20.0,False,0,0,0,0,0,0,0,0,0,0,0,0,0,0,0
P503922,Hi! Light Radiant Glow Highlighter,caliray,Makeup,1.0,Low Risk,90.0,False,0,0,0,0,0,0,0,1,0,0,0,0,0,0,1
P504896,Endless Sunset Face and Eyeshadow Talc-Free Palette,caliray,Makeup,1.0,Low Risk,95.65,False,0,0,0,0,0,0,0,0,0,0,0,0,0,0,0
P117410,euphoria,Calvin Klein,Fragrance,1.7895,Medium Risk,70.37,True,2,0,1,2,0,1,13,12,0,0,0,0,1,0,32
P4095,ck one Eau de Toilette,Calvin Klein,Fragrance,1.7692,Medium Risk,86.67,True,0,0,1,1,0,1,8,7,0,0,0,0,1,0,19
P396308,ck one All Over Body Spray,Calvin Klein,Fragrance,1.4286,Low Risk (Limited Data),63.64,False,0,0,1,1,0,0,1,2,0,0,0,0,0,0,5
P4099,ETERNITY,Calvin Klein,Fragrance,1.5588,Medium Risk,89.47,False,4,0,1,2,0,0,7,7,0,0,0,0,0,0,21
P4103,ETERNITY FOR MEN,Calvin Klein,Fragrance,1.6111,Medium Risk,90.0,False,4,0,1,2,0,0,8,8,0,0,0,0,0,0,23
P424553,Obsessed for Her,Calvin Klein,Fragrance,1.6765,Medium Risk,94.44,False,1,0,1,1,0,0,11,11,0,0,0,0,0,0,25
P164302,euphoria men,Calvin Klein,Fragrance,1.6111,Medium Risk,78.26,True,3,0,1,0,0,1,8,8,0,0,0,0,1,0,22
P281425,ETERNITY Aqua For Men,Calvin Klein,Fragrance,1.7,Medium Risk,90.91,True,4,0,1,2,0,1,10,10,0,0,0,0,1,0,29
P459003,Mini Volcano Hand Lotion Cream,Capri Blue,Bath & Body,1.3,Low Risk (Limited Data),66.67,False,1,0,0,0,0,0,3,3,0,0,0,0,0,1,8
P420533,Good Girl Eau de Parfum,Carolina Herrera,Fragrance,1.75,Medium Risk,84.21,False,2,0,1,1,0,0,12,11,0,0,0,0,0,0,27
P501216,Mini Good Girl Eau de Parfum Set,Carolina Herrera,Fragrance,1.7,Medium Risk,100.0,False,4,0,1,1,0,0,14,13,0,0,0,0,0,0,33
P434500,Good Girl Rollerball,Carolina Herrera,Fragrance,1.75,Medium Risk,84.21,False,2,0,1,1,0,0,12,11,0,0,0,0,0,0,27
P474032,Very Good Girl Eau de Parfum,Carolina Herrera,Fragrance,1.6818,Medium Risk,100.0,False,1,0,1,0,0,0,8,7,0,0,0,0,0,0,17
P460444,Good Girl Eau de Parfum Supreme,Carolina Herrera,Fragrance,1.7188,Medium Risk,100.0,False,3,0,1,1,0,0,11,10,0,0,0,0,0,0,26
P438526,Good Girl Eau de Parfum Légère,Carolina Herrera,Fragrance,1.65,Medium Risk,95.24,False,3,0,1,1,0,0,13,12,0,0,0,0,0,0,30
P484038,Mini Good Girl Eau de Parfum,Carolina Herrera,Fragrance,1.7353,Medium Risk,89.47,False,3,0,1,1,0,0,12,11,0,0,0,0,0,0,28
P500017,Mini Good Girl Perfume Set,Carolina Herrera,Fragrance,1.725,Medium Risk,100.0,False,4,0,1,1,0,0,14,13,0,0,0,0,0,0,33
P504996,Good Girl Blush Eau de Parfum,Carolina Herrera,Fragrance,1.625,Medium Risk,94.12,False,2,0,2,0,0,0,10,9,0,0,0,0,0,0,23
P502297,Good Girl Eau de Parfum Trio Set,Carolina Herrera,Fragrance,1.7143,Medium Risk,100.0,False,4,0,1,1,0,0,15,14,0,0,0,0,0,0,35
P474033,Very Good Girl Eau de Parfum Rollerball,Carolina Herrera,Fragrance,1.6818,Medium Risk,100.0,False,1,0,1,0,0,0,8,7,0,0,0,0,0,0,17
P440909,Good Girl Légère Rollerball,Carolina Herrera,Fragrance,1.65,Medium Risk,95.24,False,3,0,1,1,0,0,13,12,0,0,0,0,0,0,30
P471747,Bad Boy Eau de Toilette,Carolina Herrera,Fragrance,1.7,Medium Risk,93.75,False,3,0,1,1,0,0,10,9,0,0,0,0,0,0,24
P482517,Good Girl Body Mist,Carolina Herrera,Fragrance,1.6176,Medium Risk,100.0,False,1,0,1,0,0,0,11,11,0,0,0,0,0,0,24
P472310,Bad Boy Le Parfum,Carolina Herrera,Fragrance,1.7333,Medium Risk,100.0,False,1,0,1,0,0,0,12,11,0,0,0,0,0,0,25
P481961,Bad Boy Cobalt Eau de Parfum,Carolina Herrera,Fragrance,1.6667,Medium Risk,100.0,False,2,0,1,0,0,0,8,7,0,0,0,0,0,0,18
P481960,Bad Boy Cobalt Eau de Parfum Travel Spray,Carolina Herrera,Fragrance,1.6667,Medium Risk,100.0,False,2,0,1,0,0,0,8,7,0,0,0,0,0,0,18
P505121,Bad Boy Extreme Eau de Parfum,Carolina Herrera,Fragrance,1.7,Medium Risk,88.24,False,1,0,2,0,0,0,11,10,0,0,0,0,0,0,24
P505366,Good Girl Blush Eau de Parfum Rollerball,Carolina Herrera,Fragrance,1.625,Medium Risk,94.12,False,2,0,2,0,0,0,10,9,0,0,0,0,0,0,23
P481817,"Beauty Elixir Prep, Set, Glow Face Mist",Caudalie,Skincare,1.5,Medium Risk (Limited Data),59.09,False,0,0,1,0,0,0,7,7,0,0,0,0,0,1,16
P94421,Vinoperfect Radiance Dark Spot Serum Vitamin C Alternative,Caudalie,Skincare,1.0667,Low Risk,78.95,False,0,0,0,0,0,0,1,0,0,0,0,0,0,0,1
P472454,Vinosource-Hydra Moisturizing Sorbet,Caudalie,Skincare,1.0217,Low Risk (Limited Data),60.53,False,0,0,1,0,0,0,0,0,0,0,0,0,0,0,1
P12045,Grape Water Moisturizing Face Mist,Caudalie,Skincare,,Insufficient Data,0.0,False,0,0,0,0,0,0,0,0,0,0,0,0,0,0,0
P474938,Vinopure Natural Salicylic Acid Pore Minimizing Serum,Caudalie,Skincare,1.3611,Low Risk,78.26,False,1,0,1,0,0,0,6,8,0,0,0,0,0,1,17
P395615,Pore Minimizing Instant Detox Mask,Caudalie,Skincare,1.1739,Low Risk (Limited Data),65.71,False,0,0,1,0,0,0,3,6,0,0,0,1,0,2,13
P152203,Hand and Nail Cream,Caudalie,Bath & Body,1.1111,Low Risk (Limited Data),65.85,False,0,0,0,0,0,0,4,3,0,0,0,0,0,0,7
P474937,Vinopure Pore Purifying Gel Cleanser,Caudalie,Skincare,1.3529,Low Risk (Limited Data),68.0,False,1,0,0,0,0,0,5,8,0,0,0,0,0,1,15
P471226,Vinoperfect Instant Brightening Moisturizer with Niacinamide,Caudalie,Skincare,1.0455,Low Risk,78.57,False,0,0,0,0,0,0,1,1,0,0,0,0,0,0,2
P381020,Vinoclean Cleansing Micellar Water,Caudalie,Skincare,1.1429,Low Risk (Limited Data),46.67,False,0,0,0,0,0,0,1,0,0,0,0,0,0,0,1
P420224,Vinoperfect Brightening Glycolic Essence,Caudalie,Skincare,1.1154,Low Risk,72.22,False,0,0,0,0,0,0,2,3,0,0,0,0,0,0,5
P472453,Vinosource-Hydra SOS Intense Hydration Moisturizer,Caudalie,Skincare,1.0,Low Risk (Limited Data),63.64,False,0,0,0,0,0,0,0,0,0,0,0,0,0,0,0
P474939,Vinopure Natural Salicylic Acid Pore Minimizing Toner,Caudalie,Skincare,1.4062,Low Risk (Limited Data),69.57,False,1,0,1,0,0,0,6,8,0,0,0,0,0,1,17
P468637,Vinoclean Makeup Removing Cleansing Oil,Caudalie,Skincare,1.0,Insufficient Data,25.0,False,0,0,0,0,0,0,0,0,0,0,0,0,0,0,0
P480285,Premier Cru Dark Circle Correcting Eye Cream,Caudalie,Skincare,1.0,Low Risk (Limited Data),66.67,False,0,0,0,0,0,0,0,1,0,0,0,0,0,0,1
P466114,Resveratrol Lift Instant Firming Retinol Alternative Serum,Caudalie,Skincare,1.1053,Low Risk (Limited Data),67.86,False,0,0,0,0,0,0,3,2,0,0,0,0,0,0,5
P467750,Resveratrol Lift Retinol Alternative Firming Cashmere Moisturizer,Caudalie,Skincare,1.0882,Low Risk,80.95,False,0,0,0,0,0,0,4,3,0,0,0,0,0,0,7
P458757,Vinosculpt Lift & Firm Body Cream,Caudalie,Bath & Body,1.16,Low Risk,75.76,False,0,0,0,0,0,0,5,5,0,0,0,0,0,0,10
P480160,Premier Cru Anti Aging Cream Moisturizer with Hyaluronic Acid,Caudalie,Skincare,1.0962,Low Risk,76.47,False,0,0,0,0,0,0,3,2,0,0,0,0,0,0,5
P471227,Vinoperfect Brightening Glycolic Night Cream,Caudalie,Skincare,1.1364,Low Risk,86.84,False,0,0,0,0,0,0,5,5,0,0,0,0,0,0,10
P6028,Gentle Buffing Cream,Caudalie,Skincare,1.25,Low Risk (Limited Data),46.67,False,0,0,0,0,0,0,5,4,0,0,0,0,0,0,9
P504887,Mini Pore Minimizing Instant Detox Mask,Caudalie,Mini Size,1.1739,Low Risk (Limited Data),60.53,False,0,0,1,0,0,0,3,6,0,0,0,1,0,2,13
P480284,Premier Cru Anti-Aging Serum with Niacinamide and Hyaluronic Acid,Caudalie,Skincare,1.1579,Low Risk,70.37,False,0,0,0,0,0,0,4,3,0,0,0,0,0,0,7
P481818,"Mini Beauty Elixir Prep, Set, Glow Face Mist",Caudalie,Mini Size,1.5,Medium Risk (Limited Data),59.09,False,0,0,1,0,0,0,7,7,0,0,0,0,0,1,16
P471009,Vinoperfect Brightening Glycolic Peel Mask,Caudalie,Skincare,1.129,Low Risk,75.61,False,0,0,0,0,0,0,2,4,0,0,0,1,0,0,7
P472455,Vinosource-Hydra SOS Hydrating Hyaluronic Acid Serum,Caudalie,Skincare,1.0,Low Risk (Limited Data),65.22,False,0,0,0,0,0,0,0,0,0,0,0,0,0,0,0
P471541,Vinosource-Hydra Grape Water Gel Moisturizer,Caudalie,Skincare,1.1,Low Risk,76.92,False,0,0,0,0,0,0,2,1,0,0,0,0,0,0,3
P468813,Vinoclean Moisturizing Toner with Rose Water,Caudalie,Skincare,1.0,Low Risk (Limited Data),57.14,False,0,0,0,0,0,0,0,0,0,0,0,0,0,0,0
P469444,Vinoclean Gentle Cleansing Almond Milk,Caudalie,Skincare,1.05,Low Risk,83.33,False,0,0,0,0,0,0,1,0,0,0,0,0,0,0,1
P467748,Resveratrol Lift Firming Eye Gel-Cream,Caudalie,Skincare,1.0556,Low Risk (Limited Data),64.29,False,0,0,0,0,0,0,1,2,0,0,0,0,0,0,3
P503657,Premier Cru Skin Barrier Rich Moisturizer with Bio-Ceramides,Caudalie,Skincare,1.0833,Low Risk,83.33,False,0,0,0,0,0,0,3,2,0,0,0,0,0,0,5
P467749,Resveratrol Lift Retinol Alternative Firming Night Moisturizer,Caudalie,Skincare,1.08,Low Risk (Limited Data),67.57,False,0,0,0,0,0,0,3,2,0,0,0,0,0,0,5
P472451,Vinosource-Hydra Moisturizing Mask,Caudalie,Skincare,1.25,Low Risk,71.43,True,0,0,1,0,0,1,2,2,0,0,0,0,1,1,8
P470007,Vinoclean Gentle Foam Cleanser,Caudalie,Skincare,1.1154,Low Risk,72.22,False,0,0,0,0,0,0,1,1,1,0,0,0,0,1,4
P478239,Vinopure Purifying Clay Mask,Caudalie,Skincare,1.2308,Low Risk (Limited Data),56.52,False,0,0,0,0,0,0,3,5,0,0,0,1,0,2,11
P474936,Vinopure Oil-Control Moisturizer for Acne Prone Skin,Caudalie,Skincare,1.1852,Low Risk (Limited Data),65.85,False,0,0,1,0,0,0,5,7,0,0,0,0,0,1,14
P472452,Vinofresh Natural Aluminum-Free Deodorant,Caudalie,Bath & Body,1.1,Low Risk (Limited Data),58.82,False,0,0,0,0,0,0,2,2,0,0,0,0,0,0,4
P481386,Moisturizing Vegan Body Butter,Caudalie,Bath & Body,1.0526,Low Risk,76.0,False,0,0,0,0,0,0,1,1,0,0,0,0,0,0,2
P500016,Deep Exfoliating Cleanser,Caudalie,Skincare,1.1471,Low Risk,70.83,False,0,0,0,0,0,0,2,2,0,0,0,0,0,1,5
P503655,Mini Grape Water Moisturizing Face Mist,Caudalie,Skincare,,Insufficient Data,0.0,False,0,0,0,0,0,0,0,0,0,0,0,0,0,0,0
P504881,Vinoperfect  Brightening Solution Set,Caudalie,Skincare,1.0758,Low Risk,73.33,False,0,0,0,0,0,0,3,4,0,0,0,0,0,0,7
P504848,Resveratrol-Lift Ultimate Firming Set,Caudalie,Skincare,1.0714,Low Risk (Limited Data),67.74,False,0,0,0,0,0,0,4,4,0,0,0,0,0,0,8
P504850,Premier Cru Fine Lines and Wrinkles Anti-Aging Set,Caudalie,Skincare,1.0732,Low Risk (Limited Data),68.33,False,0,0,0,0,0,0,4,4,0,0,0,0,0,0,8
P481366,Isle Glow Face Moisturizer SPF 45 with Sea Moss and Niacinamide,CAY SKIN,Skincare,1.1061,Low Risk (Limited Data),63.46,False,1,0,0,0,0,0,3,5,0,0,1,1,0,1,12
P481367,Isle Lip Balm SPF 30 with Sea Moss and Aloe Stem Cells,CAY SKIN,Skincare,1.0417,Low Risk (Limited Data),63.16,False,0,0,0,0,0,0,1,1,0,0,0,0,0,0,2
P501587,Deepwater Nourishing Lip Mask with Sea Moss and Aloe Stem Cells,CAY SKIN,Skincare,1.0476,Low Risk (Limited Data),67.74,False,0,0,0,0,0,0,1,1,0,0,0,0,0,1,3
P500399,Isle Glow Body Lotion SPF 45 with Sea Moss and Cocoa Seed Butter,CAY SKIN,Skincare,1.05,Low Risk,71.43,False,1,0,0,0,0,0,0,1,0,0,1,0,0,0,3
P501577,Deepwater Hydrating & Soothing Body Crème with Sea Moss & Niacinamide,CAY SKIN,Bath & Body,1.0167,Low Risk (Limited Data),62.5,False,1,0,0,0,0,0,0,1,0,0,0,0,0,1,3
P500287,Isle Body Oil SPF 30 with Sea Moss and Squalane,CAY SKIN,Skincare,1.0476,Low Risk (Limited Data),48.84,False,0,0,1,0,0,0,0,1,0,0,0,1,0,1,4
P500845,Aceite de Moska Pre-Shampoo Scalp & Hair Oil,Ceremonia,Hair,1.1,Low Risk (Limited Data),52.63,False,0,0,0,0,0,0,1,0,0,0,0,0,0,0,1
P500870,Guava Rescue Hair Heat Protectant Spray,Ceremonia,Hair,1.0962,Low Risk,74.29,False,1,0,0,0,0,0,1,3,0,0,0,0,0,1,6
P500841,Guava Hydrating Leave-In Conditioner,Ceremonia,Hair,1.0833,Low Risk (Limited Data),61.54,False,1,0,0,0,0,0,1,3,0,0,0,0,0,1,6
P500891,Papaya Scalp Scrub Shampoo,Ceremonia,Hair,1.1667,Low Risk,75.0,False,1,0,0,0,0,0,1,2,1,0,0,0,0,3,8
P500844,Guava Beach Waves Hair Texturizing Spray,Ceremonia,Hair,1.1875,Low Risk (Limited Data),66.67,False,1,0,0,0,0,0,1,2,0,0,0,0,0,1,5
P500884,"Guava Mini Hair Kit - For Heat Protecting, Detangling, Hydrating and Styling",Ceremonia,Hair,1.1212,Low Risk (Limited Data),63.46,False,1,0,0,0,0,0,2,4,0,0,0,0,0,1,8
P500839,Mascarilla de Babassu Hydrating Hair Mask,Ceremonia,Hair,1.1167,Low Risk (Limited Data),69.77,False,1,0,0,0,0,0,1,3,0,0,0,0,0,1,6
P503156,Açaí Curl Refresher Hair Style Revitalizing Mist,Ceremonia,Hair,1.1316,Low Risk,79.17,False,1,0,0,0,0,0,2,3,0,0,0,0,0,1,7
P500895,Aceite de Moska Hair Oil & Scalp Massager Set,Ceremonia,Hair,1.1,Low Risk (Limited Data),52.63,False,0,0,0,0,0,0,1,0,0,0,0,0,0,0,1
P500875,"Mini Hair Hydrating Set: Scalp Care, Shampoo & Treat",Ceremonia,Hair,1.0926,Low Risk (Limited Data),58.06,False,1,0,0,0,0,0,3,6,1,0,0,0,0,2,13
P500899,Hair Oil Mist con Aloe Vera,Ceremonia,Hair,1.0714,Low Risk (Limited Data),56.0,False,0,0,0,0,0,0,1,0,0,0,0,0,0,0,1
P500877,Pequi Curl Activator Styling Serum,Ceremonia,Hair,1.069,Low Risk,72.5,False,1,0,0,0,0,0,1,2,0,0,0,0,0,1,5
P500873,Yucca & Witch Hazel Deep Hydrating Shampoo,Ceremonia,Hair,1.0976,Low Risk (Limited Data),66.13,False,1,0,0,0,0,0,2,6,1,0,0,0,0,2,12
P500886,Cupuaçu & Castor Deep Hydrating Conditioner,Ceremonia,Hair,1.087,Low Risk (Limited Data),67.65,False,1,0,0,0,0,0,1,3,0,0,0,0,0,1,6
P504123,Sunday Reset Duo Treatment - Exfoliating Shampoo and Deep Conditioning Mask,Ceremonia,Hair,1.119,Low Risk,70.0,False,1,0,0,0,0,0,1,4,1,0,0,0,0,3,10
P503279,Weightless Hydration Shampoo for Fine/Thin Hair,Ceremonia,Hair,1.1923,Low Risk (Limited Data),65.0,False,1,0,0,0,0,0,1,2,1,0,0,0,0,2,7
P500878,Pequi Medium-Hold Styling Hair Gel,Ceremonia,Hair,1.1818,Low Risk,73.33,False,0,0,0,0,0,0,1,1,0,0,1,0,0,0,3
P503281,Weightless Hydration Conditioner for Fine/Thin Hair,Ceremonia,Hair,1.125,Low Risk (Limited Data),66.67,False,1,0,0,0,0,0,1,2,0,0,0,0,0,1,5
P505025,Weightless Hydration Shampoo and Conditioner Duo for Fine/Thin Hair,Ceremonia,Hair,1.1163,Low Risk (Limited Data),65.15,False,1,0,0,0,0,0,3,6,1,0,0,0,0,2,13
P505018,Deep Moisture Shampoo and Conditioner Duo for Thick/Dry Hair,Ceremonia,Hair,1.1053,Low Risk (Limited Data),55.07,False,1,0,0,0,0,0,2,6,1,0,0,0,0,2,12
P12495,COCO MADEMOISELLE Eau de Parfum,CHANEL,Fragrance,1.6471,Medium Risk,94.44,False,4,0,1,1,0,0,10,9,0,0,0,0,0,0,25
P258612,CHANCE EAU TENDRE Eau de Toilette,CHANEL,Fragrance,1.5625,Medium Risk,94.12,False,4,0,1,1,0,0,9,8,0,0,0,0,0,0,23
P440093,Chance Eau Tendre Eau de Parfum,CHANEL,Fragrance,1.5278,Medium Risk,94.74,False,4,0,1,0,0,0,10,9,0,0,0,0,0,0,24
P257900,CHANCE EAU FRAÎCHE Eau de Toilette,CHANEL,Fragrance,1.6,Medium Risk,93.75,False,2,0,1,0,0,0,10,9,0,0,0,0,0,0,22
P394949,BLEU DE CHANEL Eau de Parfum,CHANEL,Fragrance,1.5833,Medium Risk,90.0,False,4,0,1,1,0,0,10,9,0,0,0,0,0,0,25
P429692,COCO MADEMOISELLE Eau de Parfum Intense,CHANEL,Fragrance,1.5789,Medium Risk,95.0,False,4,0,1,0,0,0,11,10,0,0,0,0,0,0,26
P65510,N°5 Eau de Parfum,CHANEL,Fragrance,1.6458,Medium Risk,96.0,False,2,0,1,0,0,0,17,16,0,0,0,0,0,0,36
P270302,BLEU DE CHANEL Eau de Toilette,CHANEL,Fragrance,1.5938,Medium Risk,88.89,False,4,0,1,1,0,0,8,7,0,0,0,0,0,0,21
P422299,GABRIELLE CHANEL Eau de Parfum,CHANEL,Fragrance,1.6739,Medium Risk,95.83,False,2,0,1,0,0,0,17,16,0,0,0,0,0,0,36
P449555,GABRIELLE CHANEL ESSENCE Eau de Parfum,CHANEL,Fragrance,1.6429,Medium Risk,95.45,False,2,0,1,0,0,0,15,14,0,0,0,0,0,0,32
P138300,CHANCE Eau de Parfum,CHANEL,Fragrance,1.65,Medium Risk,95.24,False,2,0,1,1,0,0,13,12,0,0,0,0,0,0,29
P392141,COCO NOIR,CHANEL,Fragrance,1.7353,Medium Risk,94.44,False,0,0,1,0,0,0,15,14,0,0,0,0,0,0,30
P412038,N°5 L’EAU,CHANEL,Fragrance,1.7353,Medium Risk,94.44,False,0,0,1,0,0,0,15,14,0,0,0,0,0,0,30
P36680,CHANCE Eau de Toilette,CHANEL,Fragrance,1.619,Medium Risk,95.45,False,3,0,1,1,0,0,13,12,0,0,0,0,0,0,30
P227402,COCO MADEMOISELLE Eau de Parfum Twist and Spray,CHANEL,Fragrance,1.6471,Medium Risk,94.44,False,4,0,1,1,0,0,10,9,0,0,0,0,0,0,25
P461928,COCO MADEMOISELLE L’EAU PRIVÉE Eau Pour la Nuit,CHANEL,Fragrance,1.4688,Low Risk,84.21,False,2,0,1,0,0,0,8,7,0,0,0,0,0,0,18
P249815,COCO MADEMOISELLE Moisturizing Body Lotion,CHANEL,Bath & Body,1.2639,Low Risk,83.72,False,3,0,0,1,0,0,9,10,0,0,0,0,0,1,24
P246502,COCO MADEMOISELLE Eau de Toilette,CHANEL,Fragrance,1.6111,Medium Risk,94.74,False,4,0,1,1,0,0,10,9,0,0,0,0,0,0,25
P399166,CHANCE EAU VIVE,CHANEL,Fragrance,1.6389,Medium Risk,94.74,False,1,0,1,0,0,0,13,12,0,0,0,0,0,0,27
P463025,COCO MADEMOISELLE Eau de Parfum Intense Twist & Spray Set,CHANEL,Fragrance,1.5789,Medium Risk,100.0,False,4,0,1,0,0,0,11,10,0,0,0,0,0,0,26
P457660,Coco Mademoiselle Fresh Hair Mist Spray,CHANEL,Fragrance,1.5,Medium Risk,85.0,False,1,0,1,0,0,0,9,10,0,0,0,0,0,1,22
P383438,BLEU DE CHANEL Deodorant Stick,CHANEL,Bath & Body,1.5417,Medium Risk,85.71,False,0,0,1,0,0,0,7,7,0,0,0,0,0,0,15
P500720,Chance Eau Tendre Eau de Parfum Gift Set,CHANEL,Fragrance,1.5185,Medium Risk,100.0,False,7,0,1,1,0,0,12,13,0,0,0,0,0,1,35
P9576,COCO Eau de Parfum,CHANEL,Fragrance,1.6818,Medium Risk,95.65,False,1,0,1,1,0,0,16,15,0,0,0,0,0,0,34
P226914,N°5 EAU PREMIÈRE Eau de Parfum,CHANEL,Fragrance,1.6667,Medium Risk,95.45,False,1,0,1,0,0,0,16,15,0,0,0,0,0,0,33
P20375,COCO MADEMOISELLE Foaming Shower Gel,CHANEL,Bath & Body,1.4,Low Risk,86.21,False,2,0,0,0,0,0,9,10,2,0,0,0,0,2,25
P432089,BLEU DE CHANEL PARFUM,CHANEL,Fragrance,1.5882,Medium Risk,94.44,False,2,0,1,0,0,0,11,10,0,0,0,0,0,0,24
P12481,N°5 Parfum,CHANEL,Fragrance,1.8158,Medium Risk,95.0,False,0,0,1,0,0,0,18,17,0,0,0,0,0,0,36
P70400,ALLURE HOMME SPORT Eau de Toilette,CHANEL,Fragrance,1.6818,Medium Risk,91.67,False,0,0,1,0,0,0,9,8,0,0,0,0,0,0,18
P9549,ALLURE Eau de Parfum,CHANEL,Fragrance,1.6538,Medium Risk,96.3,False,4,0,1,1,0,0,17,16,0,0,0,0,0,0,39
P48601,N°5 Eau de Toilette,CHANEL,Fragrance,1.66,Medium Risk,96.15,False,2,0,1,0,0,0,18,17,0,0,0,0,0,0,38
P12542,PLATINUM ÉGOÏSTE Eau de Toilette,CHANEL,Fragrance,1.6111,Medium Risk,94.74,False,4,0,1,1,0,0,10,9,0,0,0,0,0,0,25
P377719,ALLURE HOMME SPORT EAU EXTRÊME Eau de Parfum,CHANEL,Fragrance,1.7308,Medium Risk,92.86,False,0,0,1,0,0,0,11,10,0,0,0,0,0,0,22
P9550,ALLURE Eau de Toilette,CHANEL,Fragrance,1.7609,Medium Risk,95.83,False,3,0,1,2,0,0,17,16,0,0,0,0,0,0,39
P168609,PLATINUM ÉGOÏSTE Deodorant Stick,CHANEL,Bath & Body,1.5312,Medium Risk,80.0,False,0,0,1,0,0,0,9,9,0,0,0,0,0,0,19
P377718,BLEU DE CHANEL Eau de Toilette Refillable Twist and Spray,CHANEL,Fragrance,1.5938,Medium Risk,88.89,False,4,0,1,1,0,0,8,7,0,0,0,0,0,0,21
P9577,COCO Eau de Toilette,CHANEL,Fragrance,1.6667,Medium Risk,95.45,False,1,0,1,0,0,0,16,15,0,0,0,0,0,0,33
P416960,BLEU DE CHANEL Eau de Parfum Twist and Spray Refill Set,CHANEL,Fragrance,1.5833,Medium Risk,90.0,False,4,0,1,1,0,0,10,9,0,0,0,0,0,0,25
P12539,ALLURE HOMME Eau de Toilette,CHANEL,Fragrance,1.6333,Medium Risk,93.75,False,3,0,1,2,0,0,8,7,0,0,0,0,0,0,21
P503211,Bleu de Chanel Eau de Parfum Set,CHANEL,Fragrance,1.5833,Medium Risk,90.0,False,4,0,1,1,0,0,10,9,0,0,0,0,0,0,25
P464219,BLEU DE CHANEL Parfum Twist & Spray,CHANEL,Fragrance,1.5882,Medium Risk,94.44,False,2,0,1,0,0,0,11,10,0,0,0,0,0,0,24
P479695,BLEU DE CHANEL After Shave Lotion,CHANEL,Fragrance,1.4,Low Risk,88.24,False,0,0,1,0,0,0,7,6,0,0,0,0,0,0,14
P447142,Bleu de Chanel 2 in 1 Moisturizer,CHANEL,Bath & Body,1.25,Low Risk,82.76,False,1,0,1,0,0,0,7,8,0,0,0,0,0,1,18
P473115,BLEU DE CHANEL All-over Spray,CHANEL,Bath & Body,1.6,Medium Risk,90.91,False,0,0,1,0,0,0,7,6,0,0,0,0,0,0,14
P503164,Bleu de Chanel Eau de Toilette Set,CHANEL,Fragrance,1.5938,Medium Risk,88.89,False,4,0,1,1,0,0,8,7,0,0,0,0,0,0,21
P434104,Hollywood Flawless Filter,Charlotte Tilbury,Makeup,1.0,Low Risk,78.26,False,0,0,0,0,0,0,0,0,0,0,0,0,0,0,0
P433526,Airbrush Flawless Finish Setting Powder,Charlotte Tilbury,Makeup,1.1304,Low Risk,82.14,False,2,0,0,2,0,0,0,1,0,0,0,0,0,0,5
P444154,Beauty Highlighter Wand,Charlotte Tilbury,Makeup,1.0278,Low Risk,81.82,False,1,0,0,0,0,0,0,2,0,0,0,0,0,1,4
P433516,Lip Cheat Lip Liner,Charlotte Tilbury,Makeup,1.0769,Low Risk,78.79,False,2,0,0,1,0,0,0,0,0,0,0,0,0,0,3
P458268,Mini Pillow Talk Lipstick & Liner Set,Charlotte Tilbury,Makeup,1.0441,Low Risk,75.56,False,2,0,0,0,0,0,0,1,0,0,0,0,0,1,4
P434002,Hollywood Contour Wand,Charlotte Tilbury,Makeup,1.0682,Low Risk,88.0,False,1,0,1,0,0,0,0,2,0,0,0,0,0,1,5
P433530,Matte Revolution Lipstick,Charlotte Tilbury,Makeup,1.0227,Low Risk (Limited Data),68.75,False,1,0,0,0,0,0,0,0,0,0,0,0,0,0,1
P467607,Mini Hollywood Flawless Filter,Charlotte Tilbury,Mini Size,1.0,Low Risk,78.26,False,0,0,0,0,0,0,0,0,0,0,0,0,0,0,0
P448869,Airbrush Flawless Longwear Foundation,Charlotte Tilbury,Makeup,1.1852,Low Risk,77.14,False,1,0,1,0,0,0,5,5,0,0,0,0,0,1,13
P461147,Airbrush Flawless Setting Spray,Charlotte Tilbury,Makeup,1.1071,Low Risk,73.68,False,1,0,0,0,0,0,1,3,0,0,0,0,0,1,6
P433523,Luxury Eyeshadow Palette,Charlotte Tilbury,Makeup,1.1061,Low Risk,82.5,False,2,0,0,3,0,0,0,0,0,0,0,0,0,0,5
P467754,Mini Airbrush Flawless Finish Setting Powder,Charlotte Tilbury,Makeup,1.025,Low Risk,90.91,False,1,0,0,0,0,0,0,1,0,0,0,0,0,0,2
P434101,Eyes To Mesmerize Cream Eyeshadow,Charlotte Tilbury,Makeup,1.0172,Low Risk,85.29,False,0,0,0,0,0,0,0,1,0,0,0,0,0,0,1
P433520,Magic Cream Moisturizer with Hyaluronic Acid,Charlotte Tilbury,Skincare,1.0875,Low Risk,80.0,False,2,0,0,0,0,0,3,5,0,0,0,0,0,1,11
P461148,Mini Airbrush Flawless Setting Spray,Charlotte Tilbury,Makeup,1.1071,Low Risk,73.68,False,1,0,0,0,0,0,1,3,0,0,0,0,0,1,6
P480286,Beautiful Skin Medium Coverage Liquid Foundation with Hyaluronic Acid,Charlotte Tilbury,Makeup,1.0,Low Risk,84.21,False,0,0,0,0,0,0,0,1,0,0,0,0,0,0,1
P459144,Airbrush Matte Bronzer,Charlotte Tilbury,Makeup,1.0,Low Risk,94.12,False,0,0,0,0,0,0,0,1,0,0,0,0,0,0,1
P433527,Cheek To Chic Blush,Charlotte Tilbury,Makeup,1.025,Low Risk,95.24,False,1,0,0,0,0,0,0,1,0,0,0,0,0,1,3
P446609,Hot Lips Lipstick 2,Charlotte Tilbury,Makeup,1.0476,Low Risk,77.78,False,2,0,0,0,0,0,0,0,0,0,0,0,0,0,2
P433531,K.I.S.S.I.N.G Lipstick,Charlotte Tilbury,Makeup,1.0238,Low Risk,77.78,False,1,0,0,0,0,0,0,0,0,0,0,0,0,0,1
P463822,Mini Filmstar Bronze & Glow Contour Duo,Charlotte Tilbury,Makeup,1.0238,Low Risk,95.45,False,1,0,0,0,0,0,0,1,0,0,0,0,0,1,3
P468347,Hyaluronic Happikiss Lipstick Balm,Charlotte Tilbury,Makeup,1.0526,Low Risk,73.08,False,0,0,0,0,0,0,1,0,0,0,0,0,0,0,1
P434100,Hot Lips Lipstick,Charlotte Tilbury,Makeup,1.0893,Low Risk,77.78,False,3,0,0,1,0,0,0,0,0,0,0,0,0,0,4
P454509,Lip Cheat Lip Liner - Pillow Talk Collection,Charlotte Tilbury,Makeup,1.0455,Low Risk,91.67,False,1,0,0,0,0,0,0,1,0,0,0,0,0,1,3
P449571,Magic Vanish Color Corrector,Charlotte Tilbury,Makeup,1.0,Low Risk,71.43,False,0,0,0,0,0,0,0,0,0,0,0,0,0,0,0
P500285,Beautiful Skin Sun-Kissed Glow Cream Bronzer,Charlotte Tilbury,Makeup,1.0,Low Risk,77.27,False,0,0,0,0,0,0,0,0,0,0,0,0,0,0,0
P433528,Filmstar Bronze & Glow Contour Duo,Charlotte Tilbury,Makeup,1.0263,Low Risk,95.0,False,1,0,0,0,0,0,0,1,0,0,0,0,0,1,3
P500407,Beautiful Skin Medium to Full Coverage Radiant Concealer with Hyaluronic Acid,Charlotte Tilbury,Makeup,1.0278,Low Risk,70.59,False,0,0,0,0,0,0,1,0,0,0,0,0,0,0,1
P455321,Luxury Eyeshadow Palette - Pillow Talk Collection,Charlotte Tilbury,Makeup,1.02,Low Risk,89.29,False,1,0,0,0,0,0,0,0,0,0,0,0,0,0,1
P456368,Matte & Metallic Double Ended Eyeliner - Eye Color Magic Collection,Charlotte Tilbury,Makeup,1.0,Low Risk,77.27,False,0,0,0,0,0,0,0,0,0,0,0,0,0,0,0
P504020,Matte Beauty Blush Wands,Charlotte Tilbury,Makeup,1.0667,Low Risk,93.75,False,2,0,0,0,0,0,0,0,0,0,0,0,0,0,2
P475919,Matte Revolution Lipstick - Super Nudes Collection,Charlotte Tilbury,Makeup,1.0227,Low Risk (Limited Data),68.75,False,1,0,0,0,0,0,0,0,0,0,0,0,0,0,1
P503729,Glow Glide Face Architect Highlighter,Charlotte Tilbury,Makeup,1.0,Low Risk,77.42,False,0,0,0,0,0,0,0,1,0,0,0,0,0,0,1
P434526,Legendary Brows Tinted Eyebrow Gel,Charlotte Tilbury,Makeup,1.0278,Low Risk,85.71,False,1,0,0,0,0,0,0,1,0,0,0,0,0,1,3
P462841,Pillow Talk Push Up Lashes Volumizing & Lengthening Mascara,Charlotte Tilbury,Makeup,1.1562,Low Risk,76.19,False,1,0,0,1,0,0,0,2,0,0,1,0,0,1,6
P454046,Darling Eyeshadow Palette,Charlotte Tilbury,Makeup,1.0217,Low Risk,82.14,False,1,0,0,0,0,0,0,1,0,0,0,0,0,1,3
P458755,Charlotte’s Magic Serum with Vitamin C,Charlotte Tilbury,Skincare,1.1548,Low Risk (Limited Data),63.64,False,1,0,0,0,0,0,7,9,0,0,0,0,0,1,18
P433864,Lip Lustre Lip Gloss,Charlotte Tilbury,Makeup,1.0714,Low Risk,77.78,False,1,0,0,0,0,0,0,1,0,0,0,0,0,0,2
P433521,Charlotte’s Magic Eye Cream with Retinol,Charlotte Tilbury,Skincare,1.0682,Low Risk,75.86,False,4,0,0,0,0,0,0,2,0,0,0,0,1,1,8
P454508,Matte Revolution Lipstick- Pillow Talk Collection,Charlotte Tilbury,Makeup,1.0263,Low Risk,73.08,False,1,0,0,0,0,0,0,0,0,0,0,0,0,0,1
P454506,Cheek to Chic Blush - Pillow Talk Collection,Charlotte Tilbury,Makeup,1.0217,Low Risk,92.0,False,1,0,0,0,0,0,0,1,0,0,0,0,0,1,3
P446610,Superstar Lips Lipstick,Charlotte Tilbury,Makeup,1.087,Low Risk,76.67,False,1,0,0,0,0,0,2,2,0,0,0,0,0,0,5
P455323,Lip Lustre Lip Gloss - Pillow Talk Collection,Charlotte Tilbury,Makeup,1.0714,Low Risk,77.78,False,1,0,0,0,0,0,0,1,0,0,0,0,0,0,2
P461433,Super Nudes Easy Eyeshadow Palette,Charlotte Tilbury,Makeup,1.0,Low Risk,79.31,False,0,0,0,0,0,0,0,1,0,0,0,0,0,0,1
P470203,Brow Cheat Refillable Hair-Like Eyebrow Pencil,Charlotte Tilbury,Makeup,1.1429,Low Risk (Limited Data),63.64,False,0,0,0,1,0,0,0,0,0,0,0,0,0,0,1
P434004,Wonderglow Face Primer,Charlotte Tilbury,Makeup,1.0641,Low Risk,76.47,False,1,0,0,0,0,0,2,3,0,0,0,0,0,1,7
P462843,Jewel Lip Gloss,Charlotte Tilbury,Makeup,1.06,Low Risk,86.21,False,3,0,0,0,0,0,0,1,0,0,0,0,0,1,5
P454505,Eyeliner - Pillow Talk Collection,Charlotte Tilbury,Makeup,1.0,Low Risk,78.95,False,0,0,0,0,0,0,0,0,0,0,0,0,0,0,0
P476843,Cryo-Recovery Depuffing Eye Serum,Charlotte Tilbury,Skincare,1.1618,Low Risk (Limited Data),60.71,False,1,0,1,0,0,0,6,6,0,0,0,0,0,1,15
P433525,Unisex Healthy Glow Tinted Moisturizer,Charlotte Tilbury,Makeup,1.2069,Low Risk (Limited Data),67.44,False,2,0,0,2,1,0,2,3,0,0,0,0,0,1,11
P502270,Refillable Airbrush Flawless Finish Brightening Powder,Charlotte Tilbury,Makeup,1.0,Low Risk,87.1,False,0,0,0,0,0,0,0,1,0,0,0,0,0,0,1
P462842,Mini Pillow Talk Push Up Lashes Volumizing & Lengthening Mascara,Charlotte Tilbury,Mini Size,1.1562,Low Risk,76.19,False,1,0,0,1,0,0,0,2,0,0,1,0,0,1,6
P462845,Luxury Eyeshadow Palette - Walk of No Shame Collection,Charlotte Tilbury,Makeup,1.0192,Low Risk,92.86,False,1,0,0,0,0,0,0,0,0,0,0,0,0,0,1
P434008,Eye Smudger Brush,Charlotte Tilbury,Makeup,,Insufficient Data,0.0,False,0,0,0,0,0,0,0,0,0,0,0,0,0,0,0
P455322,Superstar Lips Lipstick - Pillow Talk Collection,Charlotte Tilbury,Makeup,1.087,Low Risk,76.67,False,1,0,0,0,0,0,2,2,0,0,0,0,0,0,5
P434012,Legendary Lashes Volume 2 Mascara,Charlotte Tilbury,Makeup,1.0938,Low Risk,88.89,False,2,1,0,0,0,0,0,1,0,0,1,0,0,1,6
P433863,Brow Lift Refillable Triangular Eyebrow Pencil,Charlotte Tilbury,Makeup,1.0333,Low Risk,83.33,False,1,0,0,0,0,0,0,1,0,0,0,0,0,1,3
P454351,K.I.S.S.I.N.G Lipstick - Pillow Talk Collection,Charlotte Tilbury,Makeup,1.0263,Low Risk,73.08,False,1,0,0,0,0,0,0,0,0,0,0,0,0,0,1
P434527,Brightening Youth Glow Primer,Charlotte Tilbury,Makeup,1.0641,Low Risk,76.47,False,1,0,0,0,0,0,2,3,0,0,0,0,0,1,7
P435975,Mini Charlotte's Magic Cream,Charlotte Tilbury,Skincare,1.1125,Low Risk,81.63,False,4,0,0,0,0,0,3,5,0,0,0,0,0,1,13
P433532,Feline Flick Volume 2 Liquid Eyeliner,Charlotte Tilbury,Makeup,1.1364,Low Risk (Limited Data),57.89,False,1,0,0,1,0,0,0,1,0,0,0,0,0,1,4
P471749,Matte Revolution Lipstick - Look of Love Collection,Charlotte Tilbury,Makeup,1.0238,Low Risk,75.0,False,1,0,0,0,0,0,0,0,0,0,0,0,0,0,1
P459260,Charlotte's Magic Lip Oil Crystal Elixir,Charlotte Tilbury,Makeup,1.1429,Low Risk (Limited Data),60.87,False,0,0,0,1,0,0,3,4,0,0,0,1,0,0,9
P472458,K.I.S.S.I.N.G Lipstick - Look of Love Collection,Charlotte Tilbury,Makeup,1.0238,Low Risk,77.78,False,1,0,0,0,0,0,0,0,0,0,0,0,0,0,1
P462847,Collagen Lip Bath Gloss  - Walk of No Shame Collection,Charlotte Tilbury,Makeup,1.0921,Low Risk,90.48,False,2,0,0,0,0,0,0,4,0,0,0,0,0,3,9
P470208,Brow Fix Clear Eyebrow Gel,Charlotte Tilbury,Makeup,1.0909,Low Risk (Limited Data),64.71,False,1,0,1,0,0,0,0,1,0,0,0,0,0,1,4
P500739,Mini Daily Glow Toner with Niacinamide,Charlotte Tilbury,Mini Size,1.3036,Low Risk,87.5,False,1,0,0,0,0,0,9,11,0,0,0,1,0,1,23
P433519,Refillable Magic Night Moisturizer with Retinol,Charlotte Tilbury,Skincare,1.2286,Low Risk,71.43,False,4,0,0,0,0,0,7,8,0,0,0,0,1,1,21
P462844,Cheek To Chic Blush - Walk of No Shame Collection,Charlotte Tilbury,Makeup,1.0278,Low Risk,94.74,False,1,0,0,0,0,0,0,1,0,0,0,0,0,1,3
P433529,Full Fat Lashes Mascara,Charlotte Tilbury,Makeup,1.1389,Low Risk,85.71,False,2,1,0,1,0,0,0,1,0,0,1,0,0,1,7
P470204,Brow Cheat Eyebrow Pencil Refill,Charlotte Tilbury,Makeup,1.1429,Low Risk (Limited Data),63.64,False,0,0,0,1,0,0,0,0,0,0,0,0,0,0,1
P462846,Eye Liner - Walk of No Shame Collection,Charlotte Tilbury,Makeup,1.0,Low Risk,78.57,False,0,0,0,0,0,0,0,0,0,0,0,0,0,0,0
P460744,Airbrush Matte Refillable Bronzer,Charlotte Tilbury,Makeup,1.0,Low Risk,88.89,False,0,0,0,0,0,0,0,1,0,0,0,0,0,0,1
P500753,Daily Glow Toner with Niacinamide,Charlotte Tilbury,Skincare,1.3036,Low Risk,87.5,False,1,0,0,0,0,0,9,11,0,0,0,1,0,1,23
P433522,Goddess Clay Mask,Charlotte Tilbury,Skincare,1.2321,Low Risk,93.33,False,3,1,0,0,0,0,6,7,0,0,1,0,0,1,19
P446612,Instant Magic Facial Dry Sheet Mask,Charlotte Tilbury,Skincare,1.0286,Low Risk,74.47,False,0,0,0,0,0,0,1,2,0,0,0,0,0,0,3
P459835,Mini Charlotte’s Magic Serum with Vitamin C,Charlotte Tilbury,Skincare,1.1548,Low Risk (Limited Data),63.64,False,1,0,0,0,0,0,7,9,0,0,0,0,0,1,18
P433524,Multi-Miracle Glow Cleansing Balm,Charlotte Tilbury,Skincare,1.2759,Low Risk,82.86,False,3,0,0,1,0,0,6,7,0,0,0,0,0,1,18
P502261,"Mini Take It All Off Bi-Phase Longwear Makeup Remover For Eyes, Lashes & Lips",Charlotte Tilbury,Mini Size,1.0455,Low Risk,84.62,False,1,0,0,0,0,0,0,1,0,0,0,0,0,1,3
P470206,Brow Lift Eyebrow Pencil Refill,Charlotte Tilbury,Makeup,1.0333,Low Risk,83.33,False,1,0,0,0,0,0,0,1,0,0,0,0,0,1,3
P472460,Matte Revolution Lipstick Refill,Charlotte Tilbury,Makeup,1.0238,Low Risk,75.0,False,1,0,0,0,0,0,0,0,0,0,0,0,0,0,1
P502275,Airbrush Flawless Finish Setting Powder Refill,Charlotte Tilbury,Makeup,1.1304,Low Risk,82.14,False,2,0,0,2,0,0,0,1,0,0,0,0,0,0,5
P440505,Goddess Cleansing Ritual Duo,Charlotte Tilbury,Skincare,1.2308,Low Risk (Limited Data),65.0,False,1,0,0,0,0,0,5,6,1,0,0,1,0,2,16
P500248,Collagen Superfusion Firming & Plumping Facial Oil,Charlotte Tilbury,Skincare,1.3333,Low Risk (Limited Data),50.0,False,0,0,0,0,0,0,5,6,0,0,0,0,0,1,12
P451728,Mini Goddess Clay Mask 15ml Travel Size,Charlotte Tilbury,Skincare,1.2321,Low Risk,93.33,False,3,1,0,0,0,0,6,7,0,0,1,0,0,1,19
P502248,"Take It All Off Bi-Phase Longwear Makeup Remover For Eyes, Lashes & Lips",Charlotte Tilbury,Makeup,1.0455,Low Risk,84.62,False,1,0,0,0,0,0,0,1,0,0,0,0,0,1,3
P451727,Mini Magic Night 15ml Travel Size,Charlotte Tilbury,Skincare,1.2286,Low Risk,71.43,False,4,0,0,0,0,0,7,8,0,0,0,0,1,1,21
P472459,K.I.S.S.I.N.G Lipstick Refill,Charlotte Tilbury,Makeup,1.0238,Low Risk,77.78,False,1,0,0,0,0,0,0,0,0,0,0,0,0,0,1
P500238,Mini Collagen Superfusion Firming & Plumping Facial Oil,Charlotte Tilbury,Skincare,1.3333,Low Risk (Limited Data),50.0,False,0,0,0,0,0,0,5,6,0,0,0,0,0,1,12
P477812,Refillable Jumbo Magic Cream Moisturizer with Hyaluronic Acid,Charlotte Tilbury,Skincare,1.0875,Low Risk,80.0,False,2,0,0,0,0,0,3,5,0,0,0,0,0,1,11
P503932,Airbrush Flawless Finish Brightening Powder Refill,Charlotte Tilbury,Makeup,1.0,Low Risk,87.1,False,0,0,0,0,0,0,0,1,0,0,0,0,0,0,1
P462849,Superstar Lips Lipstick - Walk of No Shame Collection,Charlotte Tilbury,Makeup,1.087,Low Risk,76.67,False,1,0,0,0,0,0,2,2,0,0,0,0,0,0,5
P462848,Matte Revolution Lipstick - Walk of No Shame Collection,Charlotte Tilbury,Makeup,1.0714,Low Risk (Limited Data),65.62,False,1,0,0,1,0,0,0,0,0,0,0,0,0,0,2
P462850,Lip Cheat Lip Liner- Walk of No Shame Collection,Charlotte Tilbury,Makeup,1.0333,Low Risk,88.24,False,0,0,0,0,0,0,0,0,0,0,0,0,0,0,0
P256308,Chloé Eau de Parfum,Chloé,Fragrance,1.7368,Medium Risk,86.36,True,3,0,1,2,0,2,9,8,0,0,0,0,1,1,27
P384710,Roses De Chloé Eau de Toilette,Chloé,Fragrance,1.7292,Medium Risk,88.89,True,5,0,1,2,0,2,11,11,0,0,0,0,1,1,34
P428451,Nomade Eau de Parfum,Chloé,Fragrance,1.6346,Medium Risk,89.66,False,4,0,2,2,0,0,14,14,0,0,0,0,0,0,36
P393664,Love Story,Chloé,Fragrance,1.66,Medium Risk,89.29,True,4,0,1,2,0,1,13,13,0,0,0,0,1,0,35
P428450,Nomade Eau de Parfum Travel Spray,Chloé,Fragrance,1.6346,Medium Risk,89.66,False,4,0,2,2,0,0,14,14,0,0,0,0,0,0,36
P400324,Roses De Chloé Eau de Toilette Rollerball,Chloé,Fragrance,1.7292,Medium Risk,88.89,True,5,0,1,2,0,2,11,11,0,0,0,0,1,1,34
P377459,Chloé Rollerball,Chloé,Fragrance,1.7,Medium Risk,90.91,True,3,0,1,2,0,2,9,8,0,0,0,0,1,1,27
P502634,Signature Eau de Parfum Set,Chloé,Fragrance,1.5938,Medium Risk,94.12,False,2,0,1,2,0,0,9,8,0,0,0,0,0,0,22
P449749,Chloe L'Eau,Chloé,Fragrance,1.5833,Medium Risk,90.0,False,4,0,0,2,0,0,8,8,0,0,0,0,0,0,22
P461931,Chloé Rose Tangerine Eau de Toilette,Chloé,Fragrance,1.675,Medium Risk,83.33,False,4,0,2,2,0,0,11,10,0,0,0,0,0,0,29
P419112,Love Story Eau Sensuelle,Chloé,Fragrance,1.58,Medium Risk,92.59,False,4,0,1,2,0,0,13,13,0,0,0,0,0,0,33
P400560,Velvet Matte Lip Colour,Christian Louboutin,Makeup,1.2174,Low Risk (Limited Data),62.16,False,1,0,0,0,0,0,6,6,0,0,0,0,0,1,14
P419022,Volume Shampoo Paste with Rassoul Clay and Rose Extracts,Christophe Robin,Hair,1.25,Low Risk (Limited Data),69.57,False,1,0,0,0,0,0,4,4,0,0,0,0,0,1,10
P434541,Temporary Color Gel,Christophe Robin,Hair,1.1923,Low Risk (Limited Data),59.09,False,1,0,0,0,0,0,1,2,1,0,0,0,0,2,7
P502163,Pre-Shampoo Hydrating Scalp Scrub,Christophe Robin,Hair,1.1818,Low Risk,81.48,False,1,0,1,0,0,0,3,5,0,0,0,0,0,1,11
P390961,Makeup Brush Cleaner,Cinema Secrets,Makeup,,Insufficient Data,0.0,False,0,0,0,0,0,0,0,0,0,0,0,0,0,0,0
P394935,Makeup Brush Cleaner Pro Starter Kit,Cinema Secrets,Makeup,,Insufficient Data,0.0,False,0,0,0,0,0,0,0,0,0,0,0,0,0,0,0
P425939,Makeup Brush Cleaner Mini,Cinema Secrets,Mini Size,,Insufficient Data,0.0,False,0,0,0,0,0,0,0,0,0,0,0,0,0,0,0
P481964,Professional Makeup Brush Cleaner - Lemon,Cinema Secrets,Makeup,,Insufficient Data,0.0,False,0,0,0,0,0,0,0,0,0,0,0,0,0,0,0
P455420,Brush Cleansing Shampoo,Cinema Secrets,Makeup,1.1667,Low Risk,81.82,False,1,0,0,0,0,0,1,2,0,0,0,0,0,1,5
P421235,Double Serum Firming & Smoothing Anti-Aging Concentrate,Clarins,Skincare,1.0833,Low Risk (Limited Data),57.69,False,1,0,0,0,0,0,1,4,0,0,1,0,0,1,8
P475921,Double Serum Eye Firming & Hydrating Anti-Aging Concentrate,Clarins,Skincare,1.0652,Low Risk (Limited Data),58.97,False,0,0,0,0,0,0,2,3,0,0,0,0,0,0,5
P94812,One-Step Gentle Exfoliating Cleanser with Orange Extract,Clarins,Skincare,1.3333,Low Risk,75.0,True,2,0,0,1,0,1,4,4,2,0,0,0,1,2,17
P95070,Tonic Body Firming & Toning Natural Treatment Oil,Clarins,Bath & Body,1.6429,Medium Risk,77.78,False,0,0,0,0,0,0,6,6,0,0,0,0,0,0,12
P462666,Total Eye Lift Firming & Smoothing Anti-Aging Eye Cream,Clarins,Skincare,1.0741,Low Risk (Limited Data),67.5,False,1,0,1,0,0,0,1,2,0,0,0,0,0,0,5
P415749,Body Fit Anti-Cellulite Contouring & Firming Expert,Clarins,Bath & Body,1.125,Low Risk (Limited Data),60.61,False,0,0,1,0,0,0,1,1,0,0,0,0,0,1,4
P475084,Extra-Firming Energy + Radiance Boosting Moisturizer,Clarins,Skincare,1.0,Low Risk (Limited Data),69.23,False,0,0,0,0,0,0,0,0,0,0,0,0,0,0,0
P130909,Instant Smooth Perfecting Touch Primer,Clarins,Makeup,1.0882,Low Risk,85.0,False,1,0,1,0,0,0,0,1,0,0,0,0,0,1,4
P456194,Extra-Firming + Smoothing Neck & Décolleté Moisturizer,Clarins,Skincare,1.0571,Low Risk,70.0,False,1,0,0,0,0,0,2,3,0,0,0,0,0,1,7
P408230,V-Facial Instant Depuffing Face Mask,Clarins,Skincare,1.1087,Low Risk (Limited Data),67.65,False,0,0,1,0,0,0,1,2,0,0,1,0,0,0,5
P407417,Masvelt Body Shaping Cream,Clarins,Bath & Body,1.1481,Low Risk,71.05,False,1,0,1,0,0,0,2,4,0,0,0,0,0,2,10
P379064,Lotus Balancing & Hydrating Natural Face Treatment Oil,Clarins,Skincare,1.5833,Medium Risk,75.0,False,0,0,0,0,0,0,9,8,0,0,0,0,0,0,17
P247517,Hand & Nail Nourishing Treatment Cream,Clarins,Bath & Body,1.1852,Low Risk,77.14,False,0,0,0,0,0,0,7,7,0,0,0,0,0,0,14
P399675,Contour Body Firming & Toning Natural Treatment Oil,Clarins,Bath & Body,1.8125,Medium Risk (Limited Data),61.54,False,0,0,0,0,0,0,7,8,0,0,0,1,0,0,16
P406941,Multi-Active Anti-Aging Day Moisturizer with SPF 20 for Glowing Skin,Clarins,Skincare,1.129,Low Risk,79.49,False,1,0,1,0,0,0,1,4,0,0,1,0,0,1,9
P94902,Instant Eye Waterproof Make-Up Remover,Clarins,Makeup,1.1818,Low Risk,73.33,False,2,0,0,0,0,0,1,2,0,0,0,0,0,1,6
P406942,Multi-Active Anti-Aging Night Moisturizer for Glowing Skin,Clarins,Skincare,1.1,Low Risk,73.17,False,1,0,1,0,0,0,1,4,0,0,0,0,0,1,8
P456195,Body Fit Anti-Cellulite Contouring & Firming Expert,Clarins,Bath & Body,1.0333,Low Risk (Limited Data),57.69,False,0,0,1,0,0,0,0,1,0,0,0,0,0,0,2
P483060,Lip Comfort Hydrating Oil,Clarins,Skincare,1.25,Low Risk (Limited Data),40.0,False,0,0,0,0,0,0,2,1,0,0,0,0,0,0,3
P392522,Santal Soothing & Hydrating Natural Face Treatment Oil,Clarins,Skincare,1.75,Medium Risk (Limited Data),40.0,False,0,0,0,0,0,0,4,3,0,0,0,0,0,0,7
P430338,Extra-Firming & Smoothing Day Moisturizer with SPF 15,Clarins,Skincare,1.0781,Low Risk,76.19,False,1,0,0,0,0,0,1,2,0,0,1,0,0,1,6
P469449,Hydrating Gentle Foaming Cleanser with Aloe Vera,Clarins,Skincare,1.0833,Low Risk (Limited Data),62.07,False,1,0,0,0,0,0,1,0,0,0,0,0,0,0,2
P405589,Multi-Active Anti-Aging Day Cream-Gel Moisturizer for Glowing Skin,Clarins,Skincare,1.1,Low Risk (Limited Data),65.79,False,2,0,0,0,0,0,2,4,0,0,0,0,0,1,9
P469448,Purifying Gentle Foaming Cleanser with Salicylic Acid,Clarins,Skincare,1.0714,Low Risk (Limited Data),56.76,False,1,0,0,0,0,0,1,0,0,0,0,0,0,0,2
P410657,Extra-Firming & Smoothing Face Mask,Clarins,Skincare,1.1562,Low Risk (Limited Data),59.26,False,2,0,1,0,0,0,1,1,0,0,0,0,0,0,5
P446111,V Shaping Facial Lift Depuff & Contour Serum with Hyaluronic Acid,Clarins,Skincare,1.0882,Low Risk (Limited Data),58.62,False,0,0,1,0,0,0,1,1,0,0,0,0,0,0,3
P467755,Hydrating Toner Lotion with Aloe Vera,Clarins,Skincare,1.2917,Low Risk,82.76,False,0,0,0,0,0,0,9,10,0,0,0,0,0,0,19
P429504,Extra-Firming & Smoothing Night Moisturizer,Clarins,Skincare,1.1,Low Risk,71.43,False,0,0,0,0,0,0,2,3,0,0,1,0,0,0,6
P469450,Moisture-Rich Hydrating Body Lotion,Clarins,Bath & Body,1.2037,Low Risk,81.82,False,0,0,0,0,0,0,7,8,0,0,0,0,0,0,15
P467756,Soothing Toning Lotion with Chamomile,Clarins,Skincare,1.0455,Low Risk (Limited Data),50.0,False,0,0,0,0,0,0,1,2,0,0,0,0,0,0,3
P409227,Multi-Active Anti-Aging Day Moisturizer for Glowing Skin,Clarins,Skincare,1.0645,Low Risk (Limited Data),60.78,False,0,0,0,0,0,0,1,3,0,0,0,0,0,0,4
P479946,Self Tanning Face & Body Tinted Gel,Clarins,Skincare,1.1429,Low Risk,70.0,False,1,0,0,0,0,0,1,2,0,0,0,0,0,1,5
P467757,Total Cleansing Oil & Makeup Remover,Clarins,Skincare,1.125,Low Risk (Limited Data),44.44,False,0,0,0,0,0,0,1,0,0,0,0,0,0,0,1
P479947,Self Tanning Face & Body Milky Lotion,Clarins,Skincare,1.1,Low Risk,74.07,False,1,0,0,0,0,0,1,2,0,0,0,0,0,1,5
P501566,Super Restorative Anti-Aging Day Moisturizer,Clarins,Skincare,1.0588,Low Risk,75.56,False,0,0,1,0,0,0,2,1,0,0,0,0,0,0,4
P475083,Skincare Essentials Kit,Clarins,Skincare,1.0648,Low Risk (Limited Data),54.0,False,2,0,1,0,0,0,1,4,0,0,1,0,0,1,10
P501585,Super Restorative Anti-Aging Night Moisturizer,Clarins,Skincare,1.0588,Low Risk,75.56,False,0,0,1,0,0,0,2,1,0,0,0,0,0,0,4
P505118,Masvelt Advanced Body Firming & Shaping Cream,Clarins,Bath & Body,1.1042,Low Risk,80.0,False,0,0,1,0,0,0,1,2,0,0,0,0,0,1,5
P502608,Double Serum Face & Eye Power Duo,Clarins,Skincare,1.0811,Low Risk (Limited Data),53.62,False,1,0,0,0,0,0,2,5,0,0,1,0,0,1,10
P504851,Double Serum Light Texture Firming & Smoothing Anti-Aging Concentrate,Clarins,Skincare,1.0833,Low Risk (Limited Data),55.56,False,1,0,0,0,0,0,1,4,0,0,1,0,0,1,8
P505335,Hydra-Essentiel Silky Moisturizer with Double Dose Hyaluronic Acid,Clarins,Skincare,1.0645,Low Risk,86.11,False,1,0,0,0,0,0,2,3,0,0,0,0,0,0,6
P505385,Anti-Aging Skincare Essentials Set,Clarins,Skincare,1.0636,Low Risk (Limited Data),57.89,False,2,0,1,0,0,0,1,4,0,0,1,0,0,1,10
P404356,Reserve - Skin,CLEAN RESERVE,Fragrance,1.5769,Medium Risk,100.0,False,1,0,1,0,0,0,8,8,0,0,0,0,0,1,19
P456552,Reserve - Radiant Nectar,CLEAN RESERVE,Fragrance,1.7143,Medium Risk,87.5,True,1,0,1,0,0,1,2,2,0,0,0,0,1,1,9
P425661,Reserve - Skin Travel Spray,CLEAN RESERVE,Fragrance,1.5769,Medium Risk,100.0,False,1,0,1,0,0,0,8,8,0,0,0,0,0,1,19
P294713,Classic - Skin,CLEAN RESERVE,Fragrance,1.625,Medium Risk,100.0,True,1,0,1,0,0,1,6,6,0,0,0,0,1,1,17
P179007,Classic - Warm Cotton,CLEAN RESERVE,Fragrance,1.6667,Medium Risk,100.0,True,1,0,1,0,0,1,9,9,0,0,0,0,1,1,23
P456553,Reserve - Radiant Nectar Travel Spray,CLEAN RESERVE,Mini Size,1.7143,Medium Risk,87.5,True,1,0,1,0,0,1,2,2,0,0,0,0,1,1,9
P474819,Reserve - Perfume Discovery Set,CLEAN RESERVE,Fragrance,1.68,Medium Risk,92.59,True,1,0,1,0,0,1,17,15,0,0,0,0,1,1,37
P404358,Reserve - Rain,CLEAN RESERVE,Fragrance,1.7273,Medium Risk,100.0,True,1,0,1,0,0,1,5,5,0,0,0,0,1,1,15
P429079,Reserve - Acqua Neroli,CLEAN RESERVE,Fragrance,1.5417,Medium Risk,100.0,False,1,0,1,0,0,0,7,7,0,0,0,0,0,1,17
P429078,Reserve - Acqua Neroli Travel Spray,CLEAN RESERVE,Fragrance,1.5417,Medium Risk,100.0,False,1,0,1,0,0,0,7,7,0,0,0,0,0,1,17
P425662,Reserve - Rain Travel Spray,CLEAN RESERVE,Fragrance,1.7273,Medium Risk,100.0,True,1,0,1,0,0,1,5,5,0,0,0,0,1,1,15
P503857,Reserve - Sparkling Sugar,CLEAN RESERVE,Fragrance,1.6667,Medium Risk,100.0,False,0,0,1,0,0,0,4,3,0,0,0,0,0,0,8
P425663,Reserve - Warm Cotton Travel Spray,CLEAN RESERVE,Fragrance,1.7,Medium Risk,100.0,True,1,0,1,0,0,1,9,9,0,0,0,0,1,1,23
P503859,Reserve - Sparkling Sugar Travel Spray,CLEAN RESERVE,Fragrance,1.6667,Medium Risk,100.0,False,0,0,1,0,0,0,4,3,0,0,0,0,0,0,8
P404354,Reserve - Warm Cotton,CLEAN RESERVE,Fragrance,1.7,Medium Risk,100.0,True,1,0,1,0,0,1,9,9,0,0,0,0,1,1,23
P468816,Reserve - Lush Fleur,CLEAN RESERVE,Fragrance,1.5417,Medium Risk,100.0,False,1,0,1,0,0,0,7,7,0,0,0,0,0,1,17
P415222,Reserve - Sel Santal,CLEAN RESERVE,Fragrance,1.6071,Medium Risk,100.0,False,1,0,1,0,0,0,9,9,0,0,0,0,0,1,21
P442521,Reserve - Solar Bloom Travel Spray,CLEAN RESERVE,Fragrance,1.5714,Medium Risk,100.0,False,1,0,1,0,0,0,9,9,0,0,0,0,0,1,21
P442520,Reserve - Solar Bloom,CLEAN RESERVE,Fragrance,1.5714,Medium Risk,100.0,False,1,0,1,0,0,0,9,9,0,0,0,0,0,1,21
P504292,Mini Clean Reserve Travel Set,CLEAN RESERVE,Fragrance,1.7308,Medium Risk,100.0,False,0,0,1,0,0,0,11,10,0,0,0,0,0,0,22
P468817,Reserve - Lush Fleur Travel Spray,CLEAN RESERVE,Fragrance,1.5417,Medium Risk,100.0,False,1,0,1,0,0,0,7,7,0,0,0,0,0,1,17
P426097,Reserve - Sel Santal Travel Spray,CLEAN RESERVE,Fragrance,1.6071,Medium Risk,100.0,False,1,0,1,0,0,0,9,9,0,0,0,0,0,1,21
P504281,Mini Clean Classic Rollerball Perfume Set,CLEAN RESERVE,Fragrance,1.7188,Medium Risk,100.0,False,0,0,1,0,0,0,14,13,0,0,0,0,0,0,28
P126301,Take The Day Off Cleansing Balm Makeup Remover,CLINIQUE,Skincare,1.0714,Low Risk,77.78,False,1,0,0,0,0,0,0,1,0,0,0,0,0,1,3
P453816,Mini Take The Day Off Cleansing Balm Makeup Remover,CLINIQUE,Skincare,1.0714,Low Risk,77.78,False,1,0,0,0,0,0,0,1,0,0,0,0,0,1,3
P122900,Dramatically Different Moisturizing Gel,CLINIQUE,Skincare,1.0741,Low Risk,77.14,False,1,0,0,0,0,0,0,3,0,0,1,0,0,1,6
P122751,Almost Lipstick,CLINIQUE,Makeup,1.0588,Low Risk (Limited Data),68.0,False,2,0,0,0,0,0,0,0,0,0,0,0,0,0,2
P384996,Cheek Pop Blush,CLINIQUE,Makeup,1.0345,Low Risk,87.88,False,1,0,0,0,1,0,0,1,0,1,0,0,0,0,4
P139000,All About Clean Liquid Facial Soap,CLINIQUE,Skincare,1.125,Low Risk (Limited Data),69.57,False,1,0,0,0,0,0,0,1,2,0,0,0,0,1,5
P381030,Dramatically Different Moisturizing Lotion+,CLINIQUE,Skincare,1.1389,Low Risk,81.82,False,3,1,0,0,0,0,0,3,0,0,1,0,0,1,9
P393325,Beyond Perfecting Foundation + Concealer,CLINIQUE,Makeup,1.0139,Low Risk,94.74,False,1,0,0,0,0,0,0,1,0,0,0,0,0,1,3
P479734,Smart Clinical Repair Wrinkle Correcting Eye Cream,CLINIQUE,Skincare,1.0227,Low Risk (Limited Data),62.86,False,0,0,0,1,0,0,0,1,0,0,0,0,0,0,2
P279113,Chubby Stick Moisturizing Lip Colour Balm,CLINIQUE,Makeup,1.0625,Low Risk,80.0,False,3,0,0,0,0,0,0,0,0,0,0,0,0,0,3
P500718,Smart Clinical Repair Wrinkle Correcting Cream,CLINIQUE,Skincare,1.0429,Low Risk,79.55,False,1,0,0,0,0,0,0,2,0,0,1,0,0,1,5
P468351,Moisture Surge 100H Auto-Replenishing Hydrator Moisturizer,CLINIQUE,Skincare,1.0806,Low Risk,72.09,False,1,0,0,1,0,0,0,2,0,0,1,0,0,1,6
P473267,Smart Clinical Repair Wrinkle Correcting Serum,CLINIQUE,Skincare,1.0366,Low Risk,77.36,False,2,0,0,0,0,0,0,2,0,0,0,0,0,1,5
P122735,"Take The Day Off Makeup Remover For Lids, Lashes & Lips",CLINIQUE,Makeup,1.0833,Low Risk (Limited Data),46.15,False,0,0,0,0,0,0,0,0,0,0,0,0,0,0,0
P122774,All About Eyes Eye Cream,CLINIQUE,Skincare,1.04,Low Risk,71.43,False,1,0,0,0,0,0,0,1,0,0,0,0,0,1,3
P174502,All About Eyes Rich Eye Cream,CLINIQUE,Skincare,1.0385,Low Risk (Limited Data),68.42,False,1,0,0,0,0,0,0,2,0,0,1,0,0,1,5
P234967,Even Better Makeup Broad Spectrum SPF 15 Foundation,CLINIQUE,Makeup,1.0143,Low Risk,81.4,False,1,0,0,0,0,0,0,1,0,0,0,0,0,1,3
P122882,Clarifying Lotion 2,CLINIQUE,Skincare,1.15,Low Risk,83.33,False,2,0,1,0,0,0,0,0,0,0,0,0,0,0,3
P122718,Exfoliating Face Scrub,CLINIQUE,Skincare,1.2143,Low Risk (Limited Data),46.67,False,2,0,0,0,0,0,0,2,0,0,0,0,0,1,5
P385432,Acne Solutions Clinical Clearing Gel,CLINIQUE,Skincare,1.1,Low Risk (Limited Data),62.5,False,0,0,1,0,0,0,0,0,0,0,0,0,0,0,1
P188309,Acne Solutions Cleansing Foam,CLINIQUE,Skincare,1.075,Low Risk,74.07,False,1,0,0,0,0,0,0,1,1,0,0,0,0,1,4
P188307,Acne Solutions Clarifying Lotion,CLINIQUE,Skincare,1.0417,Low Risk,70.59,False,0,0,1,0,0,0,0,0,0,0,0,0,0,0,1
P403817,Pep-Start Eye Cream,CLINIQUE,Skincare,1.0172,Low Risk (Limited Data),65.91,False,1,0,0,0,0,0,0,1,0,0,0,0,0,1,3
P122881,Clarifying Lotion 3,CLINIQUE,Skincare,1.3,Low Risk,88.24,False,4,0,1,2,0,0,0,2,0,0,0,0,0,1,10
P384505,All About Shadow 8-Pan Palette,CLINIQUE,Makeup,1.0469,Low Risk,96.97,False,2,0,0,0,1,0,0,1,0,1,0,0,0,1,6
P257537,All About Eyes Serum De-Puffing Eye Massage,CLINIQUE,Skincare,1.025,Low Risk (Limited Data),58.82,False,1,0,0,0,0,0,0,1,0,0,0,0,0,1,3
P122912,High Impact Mascara,CLINIQUE,Makeup,1.0385,Low Risk,82.98,False,3,0,0,0,0,0,0,2,0,0,0,0,0,1,6
P206900,Lash Power Mascara Long-Wearing Formula,CLINIQUE,Makeup,1.1071,Low Risk,73.68,False,3,0,1,0,0,0,0,2,0,0,1,0,0,1,8
P122762,Rinse-Off Foaming Cleanser,CLINIQUE,Skincare,1.1,Low Risk (Limited Data),58.82,False,2,0,0,0,0,0,0,1,0,0,0,0,0,1,4
P122661,7 Day Face Scrub Cream Rinse-Off Formula,CLINIQUE,Skincare,1.0789,Low Risk,76.0,False,2,1,0,0,0,0,0,1,0,0,1,0,0,1,6
P122748,Stay-Matte Sheer Pressed Powder,CLINIQUE,Makeup,1.0278,Low Risk,78.26,False,1,0,0,0,0,0,0,1,0,0,0,0,0,1,3
P310726,Stay-Matte Oil-Free Makeup Foundation,CLINIQUE,Makeup,1.0357,Low Risk,91.3,False,2,0,1,0,0,0,0,1,0,0,0,0,0,1,5
P279510,Bottom Lash Mascara,CLINIQUE,Makeup,1.1071,Low Risk,73.68,False,3,0,1,0,0,0,0,2,0,0,1,0,0,1,8
P432241,Dramatically Different Hydrating Jelly,CLINIQUE,Skincare,1.0476,Low Risk,70.0,False,1,0,0,0,0,0,0,3,0,0,0,0,0,1,5
P188306,Acne Solutions All-Over Clearing Treatment Oil-Free,CLINIQUE,Skincare,1.0517,Low Risk (Limited Data),64.44,False,1,0,0,0,0,0,0,2,0,0,0,0,0,1,4
P378639,Moisture Surge CC Cream Hydrating Colour Corrector Broad Spectrum SPF 30,CLINIQUE,Makeup,1.0152,Low Risk,82.5,False,1,0,0,0,0,0,0,1,0,0,0,0,0,1,3
P305114,Quickliner For Eyes Intense Eyeliner,CLINIQUE,Makeup,1.0167,Low Risk,83.33,False,1,0,0,0,0,0,0,0,0,0,0,0,0,0,1
P393633,Chubby Stick Sculpting Contour,CLINIQUE,Makeup,1.0294,Low Risk,80.95,False,1,0,0,0,0,0,0,1,0,0,0,0,0,0,2
P432242,Blackhead Solutions 7 Day Deep Pore Cleanse & Face Scrub,CLINIQUE,Skincare,1.0455,Low Risk,91.67,False,2,0,0,0,0,0,0,1,0,0,0,0,0,1,4
P384821,Take The Day Off  Cleansing Oil Makeup Remover,CLINIQUE,Skincare,1.0,Low Risk (Limited Data),53.85,False,0,0,0,0,0,0,0,0,0,0,0,0,0,0,0
P122736,Superpowder Double Face Makeup Foundation,CLINIQUE,Makeup,1.025,Low Risk,86.96,False,1,0,0,0,0,0,0,1,0,0,0,0,0,1,3
P501008,Pop Plush Creamy Lip Gloss,CLINIQUE,Makeup,1.0588,Low Risk,82.93,False,4,0,0,0,0,0,0,1,0,0,0,0,0,1,6
P196542,City Block Sheer Oil-Free Daily Face Protector Broad Spectrum SPF 25 Primer,CLINIQUE,Skincare,1.0676,Low Risk (Limited Data),60.66,False,1,0,0,1,0,0,0,2,0,0,0,0,0,1,5
P387634,Chubby Stick Cheek Colour Balm Blush,CLINIQUE,Makeup,1.05,Low Risk,81.63,False,3,0,0,0,0,0,0,1,0,0,0,0,0,0,4
P428662,Pop Splash Lip Gloss,CLINIQUE,Makeup,1.0921,Low Risk,82.61,False,5,0,0,1,0,0,0,1,0,0,0,0,0,1,8
P377577,Moisture Surge Overnight Face Mask,CLINIQUE,Skincare,1.0312,Low Risk,76.19,False,2,0,0,0,0,0,0,1,0,0,0,0,0,1,4
P196524,Acne Solutions Cleansing Bar For Face and Body,CLINIQUE,Skincare,1.0556,Low Risk (Limited Data),47.37,False,1,0,0,0,0,0,0,0,0,0,0,0,0,0,1
P122866,Lash Building Primer,CLINIQUE,Makeup,1.0714,Low Risk,87.5,False,2,0,0,0,0,0,0,2,0,0,0,0,0,1,5
P406924,Take The Day Off Micellar Cleansing Towelettes for Face & Eyes Makeup Remover,CLINIQUE,Makeup,1.0,Low Risk (Limited Data),69.23,False,0,0,0,0,0,0,0,1,0,0,0,0,0,0,1
P425860,Mini Dramatically Different Moisturizing Gel,CLINIQUE,Mini Size,1.0741,Low Risk,77.14,False,1,0,0,0,0,0,0,3,0,0,1,0,0,1,6
P122765,Quickliner For Eyes Eyeliner,CLINIQUE,Makeup,1.1111,Low Risk,85.71,False,1,0,0,1,0,0,0,0,0,0,0,0,0,0,2
P122740,Superbalanced Makeup Foundation,CLINIQUE,Makeup,1.037,Low Risk,77.14,False,1,0,0,0,0,0,0,1,0,0,0,0,0,1,3
P282920,Pore Refining Solutions Correcting Serum,CLINIQUE,Skincare,1.0556,Low Risk,76.6,False,2,0,1,0,0,0,0,2,0,0,0,0,0,1,6
P122641,Clinique Happy,CLINIQUE,Fragrance,1.75,Medium Risk,83.33,True,0,0,1,0,0,1,7,7,0,0,0,0,1,0,17
P393634,Chubby Stick Sculpting Highlight,CLINIQUE,Makeup,1.0294,Low Risk,80.95,False,1,0,0,0,0,0,0,1,0,0,0,0,0,0,2
P425857,Mini Dramatically Different Moisturizing Lotion+,CLINIQUE,Mini Size,1.1389,Low Risk,81.82,False,3,1,0,0,0,0,0,3,0,0,1,0,0,1,9
P374841,Even Better Eyes Dark Circle Corrector,CLINIQUE,Skincare,1.0143,Low Risk,72.92,False,1,0,0,0,0,0,0,1,0,0,0,0,0,1,3
P422881,Even Better Glow Light Reflecting Makeup Broad Spectrum SPF 15 Foundation,CLINIQUE,Makeup,1.0286,Low Risk,79.55,False,1,0,0,0,0,0,0,1,0,0,0,0,0,0,2
P122914,"Airbrush Concealer Illuminates, Perfects",CLINIQUE,Makeup,1.0152,Low Risk,91.67,False,1,0,0,0,0,0,0,1,0,0,0,0,0,1,3
P415773,Pep-Start Daily UV Protector Broad Spectrum SPF 50,CLINIQUE,Skincare,1.025,Low Risk (Limited Data),68.97,False,1,0,0,0,0,0,0,1,0,0,0,0,0,1,3
P468639,Even Better Clinical Serum Foundation Broad Spectrum SPF 25,CLINIQUE,Makeup,1.0385,Low Risk,81.25,False,2,0,0,0,0,0,0,2,0,0,0,0,0,2,6
P381918,All About Shadow Quad Eye Shadow,CLINIQUE,Makeup,1.0469,Low Risk,96.97,False,2,0,0,0,1,0,0,1,0,1,0,0,0,1,6
P461436,Even Better All-Over Concealer + Eraser,CLINIQUE,Makeup,1.0463,Low Risk,81.82,False,2,0,0,1,0,0,0,2,0,0,0,0,0,1,6
P122668,Blended Face Powder,CLINIQUE,Makeup,1.0294,Low Risk,89.47,False,1,0,0,0,0,0,0,0,0,0,0,0,0,0,1
P502266,Must-Have Makeup Set,CLINIQUE,Makeup,1.0486,Low Risk,74.23,False,5,0,0,0,1,0,0,2,0,1,0,0,0,1,10
P425858,Mini Acne Solutions Clinical Clearing Gel,CLINIQUE,Mini Size,1.1,Low Risk (Limited Data),62.5,False,0,0,1,0,0,0,0,0,0,0,0,0,0,0,1
P122694,Line Smoothing Concealer,CLINIQUE,Makeup,1.0476,Low Risk,70.0,False,1,0,0,0,0,0,0,1,0,0,0,0,0,1,3
P377219,High Impact Waterproof Mascara,CLINIQUE,Makeup,1.0484,Low Risk,77.5,False,2,0,0,0,1,0,0,1,0,1,0,0,0,1,6
P201439,Redness Solutions Soothing Cleanser,CLINIQUE,Skincare,1.0952,Low Risk,72.41,False,1,0,0,1,0,0,0,2,0,0,0,0,0,1,5
P122727,Repairwear Anti-Gravity Eye Cream,CLINIQUE,Skincare,1.0429,Low Risk,74.47,False,1,0,0,0,0,0,0,2,0,0,1,0,0,1,5
P244701,Acne Solutions Oil-Control Cleansing Mask,CLINIQUE,Skincare,1.0556,Low Risk,81.82,False,2,0,0,0,0,0,0,1,0,0,0,0,0,1,4
P421227,Beyond Perfecting Super Concealer Camouflage + 24-Hour Wear,CLINIQUE,Makeup,1.0139,Low Risk,92.31,False,1,0,0,0,0,0,0,1,0,0,0,0,0,1,3
P439643,Clinique iD Custom-Blend Hydrator Collection,CLINIQUE,Skincare,1.131,Low Risk,82.35,False,3,0,0,1,0,0,0,7,0,0,1,0,0,1,13
P122782,Repairwear Intensive Lip Treatment,CLINIQUE,Skincare,1.0814,Low Risk (Limited Data),58.9,False,4,0,0,1,0,0,0,3,0,0,0,0,0,1,9
P385631,"Great Skin, Great Deal Set for Combination Oily Skin",CLINIQUE,Skincare,1.1977,Low Risk,74.14,False,4,0,1,2,0,0,0,5,2,0,1,0,0,2,17
P503747,Take The Day Off Charcoal Cleansing Balm Makeup Remover,CLINIQUE,Skincare,1.0556,Low Risk,75.0,False,1,0,0,0,0,0,0,1,0,0,0,0,0,1,3
P293010,Age Defense BB Cream Broad Spectrum SPF 30,CLINIQUE,Makeup,1.0286,Low Risk (Limited Data),68.63,False,2,0,0,0,0,0,0,1,0,0,0,0,0,1,4
P417984,Moisture Surge Hydrating Supercharged Concentrate,CLINIQUE,Skincare,1.1034,Low Risk,80.56,False,3,0,0,2,0,0,0,1,0,0,0,0,0,1,7
P232327,Broad Spectrum SPF 50 Sunscreen Face Cream,CLINIQUE,Skincare,1.02,Low Risk (Limited Data),55.56,False,1,0,0,0,0,0,0,2,0,0,0,0,0,1,4
P122876,Clarifying Lotion 4,CLINIQUE,Skincare,1.3636,Low Risk,78.57,False,3,0,1,2,0,0,0,2,0,0,0,0,0,1,9
P283304,Pore Refining Solutions Instant Perfector,CLINIQUE,Makeup,1.0435,Low Risk,92.0,False,1,0,0,0,0,0,0,2,0,0,0,0,0,1,4
P411552,Superbalanced Silk Makeup Broad Spectrum SPF 15 Foundation,CLINIQUE,Makeup,1.0484,Low Risk,83.78,False,1,0,1,0,0,0,0,1,0,0,0,0,0,2,5
P122651,Clarifying Lotion 1,CLINIQUE,Skincare,1.25,Low Risk,87.5,False,4,0,1,1,0,0,0,2,0,0,0,0,0,1,9
P432243,Blackhead Solutions Self-heating Blackhead Extractor,CLINIQUE,Skincare,1.0,Low Risk,75.0,False,0,0,0,0,0,0,0,0,0,0,0,0,0,0,0
P411531,Clinique Pop Liquid Matte Lip Colour + Primer Lipstick,CLINIQUE,Makeup,1.0484,Low Risk,88.57,False,3,0,0,0,0,0,0,0,0,0,0,0,0,0,3
P385632,"Great Skin, Great Deal Set for Dry Combination Skin",CLINIQUE,Skincare,1.1622,Low Risk,71.15,False,4,1,1,0,0,0,0,4,2,0,1,0,0,2,15
P433652,The Best of Black Honey All About Shadow Palette,CLINIQUE,Makeup,1.0323,Low Risk,96.88,False,1,0,0,0,1,0,0,0,0,1,0,0,0,0,3
P122767,All About Lips,CLINIQUE,Skincare,1.0455,Low Risk (Limited Data),59.46,False,1,0,0,0,0,0,0,1,0,0,0,0,0,0,2
P398717,Dramatically Different Moisturizing Cream,CLINIQUE,Skincare,1.1053,Low Risk,76.0,False,1,0,0,0,0,0,0,3,0,0,1,0,0,1,6
P416824,Fresh Pressed Daily Booster with Pure Vitamin C 10%,CLINIQUE,Skincare,1.0862,Low Risk (Limited Data),65.91,False,1,0,0,0,0,0,0,3,0,0,1,0,0,0,5
P122654,Deep Comfort Body Butter,CLINIQUE,Bath & Body,1.06,Low Risk,78.12,False,1,0,0,0,0,0,0,2,0,0,1,0,0,1,5
P377576,Repairwear Laser Focus Wrinkle Correcting Eye Cream,CLINIQUE,Skincare,1.0488,Low Risk (Limited Data),66.13,False,1,0,0,0,0,0,0,4,0,0,1,0,0,1,7
P457692,Moisture Surge Sheertint Hydrator Broad Spectrum SPF 25 Tinted Moisturizer,CLINIQUE,Makeup,1.0921,Low Risk,84.44,False,3,0,0,2,0,0,0,3,0,0,0,0,0,1,9
P443383,Moisture Surge Eye 96-Hour Hydro-Filler Concentrate,CLINIQUE,Skincare,1.0676,Low Risk,71.15,False,3,0,0,1,0,0,0,1,0,0,0,0,0,1,6
P122807,True Bronze Pressed Powder Bronzer,CLINIQUE,Makeup,1.0556,Low Risk,94.74,False,1,0,0,0,0,0,0,1,0,0,0,0,0,1,3
P302900,Turnaround Revitalizing Serum,CLINIQUE,Skincare,1.0714,Low Risk (Limited Data),63.64,False,2,0,0,0,0,0,0,3,0,0,0,0,0,1,6
P223704,"Mini Take The Day Off Makeup Remover For Lids, Lashes & Lips",CLINIQUE,Mini Size,1.0833,Low Risk (Limited Data),46.15,False,0,0,0,0,0,0,0,0,0,0,0,0,0,0,0
P382504,Superprimer Face Primer - Universal Face Primer,CLINIQUE,Makeup,1.027,Low Risk,80.43,False,1,0,0,0,0,0,0,1,0,0,0,0,0,1,3
P122834,Lash Doubling Mascara,CLINIQUE,Makeup,1.0172,Low Risk,80.56,False,1,0,0,0,0,0,0,2,0,0,0,0,0,1,4
P392472,All About Clean Foaming Facial Soap,CLINIQUE,Skincare,1.0882,Low Risk,80.95,False,1,0,0,0,0,0,0,1,1,0,0,0,0,1,4
P407040,Acne Solutions Acne + Line Correcting Serum,CLINIQUE,Skincare,1.0,Low Risk (Limited Data),67.5,False,0,0,0,0,0,0,0,0,0,0,0,0,0,0,0
P122749,Sparkle Skin Body Exfoliator,CLINIQUE,Bath & Body,1.1538,Low Risk,76.47,False,2,0,0,0,0,0,0,2,1,0,0,0,0,1,6
P122739,Superbalm Lip Treatment,CLINIQUE,Makeup,1.0833,Low Risk (Limited Data),69.23,False,2,0,0,0,0,0,0,1,0,0,0,0,0,1,4
P122763,Rinse-Off Eye Makeup Solvent,CLINIQUE,Makeup,1.0,Low Risk (Limited Data),42.86,False,0,0,0,0,0,0,0,0,0,0,0,0,0,0,0
P374580,High Impact Extreme Volume Mascara,CLINIQUE,Makeup,1.0385,Low Risk,82.98,False,3,0,0,0,0,0,0,2,0,0,0,0,0,1,6
P393501,Acne Solutions Cleansing Gel,CLINIQUE,Skincare,1.2059,Low Risk,77.27,False,3,0,0,2,0,0,0,1,1,0,0,0,0,1,8
P463613,Moisture Surge Intense 72H Lipid-Replenishing Hydrator Moisturizer,CLINIQUE,Skincare,1.0556,Low Risk (Limited Data),69.23,False,1,0,0,1,0,0,0,1,0,0,0,0,0,1,4
P374115,Pore Refining Solutions Stay-Matte Hydrator,CLINIQUE,Skincare,1.0577,Low Risk,70.27,False,2,0,1,0,0,0,0,1,0,0,0,0,0,1,5
P455622,Even Better Clinical Radical Dark Spot Corrector + Interrupter Serum,CLINIQUE,Skincare,1.1143,Low Risk,71.43,False,2,0,0,0,0,0,0,4,0,0,1,0,0,2,9
P474940,Mini Even Better Clinical Radical Dark Spot Corrector + Interrupter Serum,CLINIQUE,Skincare,1.1143,Low Risk,71.43,False,2,0,0,0,0,0,0,4,0,0,1,0,0,2,9
P456991,Superdefense City Block Broad Spectrum SPF 50 Daily Energy + Face Protector Primer,CLINIQUE,Skincare,1.0577,Low Risk,74.29,False,1,0,0,1,0,0,0,1,0,0,0,0,0,1,4
P410101,Broad Spectrum SPF 50 Mineral Sunscreen Fluid for Face,CLINIQUE,Skincare,1.025,Low Risk (Limited Data),68.97,False,1,0,0,0,0,0,0,1,0,0,0,0,0,1,3
P277401,Redness Solutions Instant Relief Mineral Pressed Powder,CLINIQUE,Makeup,1.0217,Low Risk,82.14,False,1,0,0,0,0,0,0,0,0,0,0,0,0,0,1
P400708,Quickliner For Lips Intense Lip Liner,CLINIQUE,Makeup,1.08,Low Risk,78.12,False,4,0,0,0,0,0,0,0,0,0,0,0,0,0,4
P407381,Sun-Kissed Face Gelee Complexion Multitasker Bronzer,CLINIQUE,Skincare,1.1818,Low Risk,78.57,False,2,0,0,0,0,0,0,2,0,0,1,0,0,1,6
P381916,All About Shadow Single Eye Shadow,CLINIQUE,Makeup,1.0469,Low Risk,96.97,False,2,0,0,0,1,0,0,1,0,1,0,0,0,1,6
P446874,Even Better Refresh Hydrating and Repairing Makeup Foundation,CLINIQUE,Makeup,1.0465,Low Risk,75.44,False,1,0,0,1,0,0,0,1,0,0,0,0,0,0,3
P426374,Beyond Perfecting Powder Foundation + Concealer,CLINIQUE,Makeup,1.0333,Low Risk,90.91,False,2,0,0,0,0,0,0,0,0,0,0,0,0,0,2
P122675,Naturally Gentle Eye Makeup Remover,CLINIQUE,Makeup,1.0455,Low Risk (Limited Data),68.75,False,1,0,0,0,0,0,0,1,0,0,0,0,0,1,3
P468818,Mini Moisture Surge 100H Auto-Replenishing Hydrator Moisturizer,CLINIQUE,Skincare,1.0806,Low Risk,72.09,False,1,0,0,1,0,0,0,2,0,0,1,0,0,1,6
P407483,Stay-Matte Universal Blotting Powder,CLINIQUE,Makeup,1.0,Low Risk,72.73,False,0,0,0,0,0,0,0,0,0,0,0,0,0,0,0
P448563,Clinique Smart Clinical MD Multi-Dimensional Age Transformer Revolumize,CLINIQUE,Skincare,1.0745,Low Risk (Limited Data),69.12,False,3,0,0,1,0,0,0,2,0,0,1,0,0,1,8
P433472,Clinique Happy Heart,CLINIQUE,Fragrance,1.75,Medium Risk,94.74,True,4,0,1,1,0,1,11,11,0,0,0,0,1,0,30
P409920,Clarifying Lotion 1.0 Twice A Day Exfoliator,CLINIQUE,Skincare,1.0667,Low Risk,83.33,False,1,0,0,0,0,0,0,1,0,0,0,0,0,0,2
P309409,Repairwear Uplifting Firming Cream,CLINIQUE,Skincare,1.0161,Low Risk (Limited Data),67.39,False,1,0,0,0,0,0,0,2,0,0,0,0,0,1,4
P417323,Fresh Pressed Renewing Powder Cleanser with Pure Vitamin C,CLINIQUE,Skincare,1.1111,Low Risk (Limited Data),60.0,False,1,0,0,0,0,0,0,1,0,0,0,0,0,0,2
P122665,Face Scrub,CLINIQUE,Men,1.2222,Low Risk (Limited Data),52.94,False,1,0,0,0,0,0,0,2,0,0,0,0,0,1,4
P385254,Clinique For Men Anti-Age Moisturizer,CLINIQUE,Men,1.0517,Low Risk,82.86,False,1,0,0,0,1,0,0,2,0,1,0,0,0,1,6
P405286,Smart Broad Spectrum SPF 15 Custom-Repair Moisturizer for Dry Combination Skin,CLINIQUE,Skincare,1.0143,Low Risk (Limited Data),68.63,False,1,0,0,0,0,0,0,1,0,0,0,0,0,1,3
P398713,Charcoal Face Wash,CLINIQUE,Men,1.0385,Low Risk (Limited Data),59.09,False,1,0,0,0,0,0,0,1,0,0,0,0,0,1,3
P257804,Clinique For Men Anti-Age Eye Cream,CLINIQUE,Men,1.0366,Low Risk,71.93,False,1,0,0,0,0,0,0,2,0,0,1,0,0,1,5
P431738,Clinique For Men Anti-Aging Starter Kit,CLINIQUE,Men,1.1042,Low Risk,70.59,False,2,0,0,0,1,0,0,4,2,1,0,0,0,2,12
P479715,High Impact Mascara Mini,CLINIQUE,Mini Size,1.0395,Low Risk,82.61,False,3,0,0,0,0,0,0,2,0,0,0,0,0,1,6
P439648,Clinique iD:  Moisturizer + Concentrate for Pores & Uneven Texture,CLINIQUE,Skincare,1.131,Low Risk,82.35,False,3,0,0,1,0,0,0,7,0,0,1,0,0,1,13
P481065,High Impact Lash Amplifying Serum,CLINIQUE,Makeup,1.0429,Low Risk,71.43,False,1,0,0,1,0,0,0,2,0,0,0,0,0,1,5
P481064,High Impact Easy Liquid Eyeliner,CLINIQUE,Makeup,1.1,Low Risk (Limited Data),69.44,False,2,0,1,0,0,0,0,3,0,0,1,0,0,1,8
P469451,All About Clean 2-in-1 Cleansing + Exfoliating Jelly,CLINIQUE,Skincare,1.125,Low Risk,72.73,False,2,0,0,1,0,0,0,2,1,0,0,0,0,1,7
P122699,Aromatics Elixir,CLINIQUE,Fragrance,1.8158,Medium Risk,82.61,True,0,0,1,0,0,1,16,16,0,0,0,0,1,0,35
P122635,Clinique Happy for Men,CLINIQUE,Fragrance,1.75,Medium Risk,80.0,True,0,0,1,0,0,1,5,5,0,0,0,0,1,0,13
P435207,Clinique For Men Super Energizer Anti-Fatigue Depuffing Eye Gel,CLINIQUE,Men,1.0238,Low Risk (Limited Data),63.64,False,1,0,0,0,0,0,0,1,0,0,0,0,0,1,3
P122806,Broad Spectrum SPF 21 Moisturizer,CLINIQUE,Men,1.1406,Low Risk,76.19,False,5,0,0,1,0,0,0,3,0,0,1,0,0,1,11
P122761,Exfoliating Tonic,CLINIQUE,Men,1.3636,Low Risk,73.33,False,3,0,1,2,0,0,0,2,0,0,0,0,0,1,9
P471011,Take The Day Off Cleansing Balm Makeup Remover Duo,CLINIQUE,Skincare,1.0714,Low Risk,77.78,False,1,0,0,0,0,0,0,1,0,0,0,0,0,1,3
P122770,Post-Shave Soother,CLINIQUE,Men,1.0476,Low Risk,91.3,False,2,0,0,0,0,0,0,1,0,0,0,0,0,1,4
P456992,Superdefense SPF 25 Fatigue + 1st Signs of Age Multi-Correcting Cream,CLINIQUE,Skincare,1.1136,Low Risk (Limited Data),60.27,False,4,0,0,1,0,0,0,5,0,0,1,0,0,1,12
P500771,Smart Clinical Repair Wrinkle Correcting Rich Cream,CLINIQUE,Skincare,1.0625,Low Risk,80.0,False,1,0,0,1,0,0,0,2,0,0,1,0,0,1,6
P448564,Clinique Smart Clinical MD Multi-Dimensional Age Transformer Resculpt,CLINIQUE,Skincare,1.0417,Low Risk (Limited Data),57.14,False,1,0,1,0,0,0,0,2,0,0,0,0,0,1,5
P122683,Oil Control Mattifying Moisturizer,CLINIQUE,Men,1.0769,Low Risk,74.29,False,1,0,0,0,0,0,0,3,0,0,1,0,0,1,6
P376946,Repairwear Uplifting Firming Cream Broad Spectrum SPF 15,CLINIQUE,Skincare,1.0132,Low Risk (Limited Data),63.33,False,1,0,0,0,0,0,0,2,0,0,0,0,0,1,4
P503737,Mini Take The Day Off Charcoal Cleansing Balm Makeup Remover,CLINIQUE,Mini Size,1.0556,Low Risk,75.0,False,1,0,0,0,0,0,0,1,0,0,0,0,0,1,3
P385256,Oil Control Face Wash,CLINIQUE,Men,1.1875,Low Risk (Limited Data),69.57,False,1,0,0,0,0,0,0,2,2,0,0,0,0,2,7
P448561,Clinique For Men Maximum Hydrator 72-Hour Auto-Replenishing Hydrator,CLINIQUE,Men,1.0893,Low Risk,70.0,False,1,0,0,1,0,0,0,2,0,0,1,0,0,1,6
P501526,Even Better All-Over Primer + Color Corrector,CLINIQUE,Makeup,1.0446,Low Risk,82.35,False,2,0,0,1,0,0,0,2,0,0,0,0,0,1,6
P122809,Moisturizing Lotion,CLINIQUE,Men,1.1471,Low Risk,77.27,False,3,1,0,0,0,0,0,3,0,0,1,0,0,1,9
P448565,Clinique Smart Clinical MD Multi-Dimensional Age Transformer Duo Resculpt + Revolumize,CLINIQUE,Skincare,1.0714,Low Risk (Limited Data),61.76,False,3,0,1,1,0,0,0,3,0,0,1,0,0,1,10
P122772,Non-Streak Bronzer,CLINIQUE,Bath & Body,1.1818,Low Risk,91.67,False,2,0,0,0,0,0,0,2,0,0,1,0,0,1,6
P474942,Refresh in 5,CLINIQUE,Skincare,1.0538,Low Risk,71.43,False,2,0,0,1,0,0,0,2,0,0,1,0,0,1,7
P448560,Clinique For Men Maximum Hydrator Eye 96-Hour Hydro-Filler Concentrate,CLINIQUE,Men,1.0676,Low Risk,72.55,False,3,0,0,1,0,0,0,1,0,0,0,0,0,1,6
P122682,Aloe Shave Gel,CLINIQUE,Men,1.2,Low Risk (Limited Data),50.0,False,2,0,0,0,0,0,0,1,1,0,0,0,0,1,5
P467608,Smart Night Clinical MD Multi-Dimensional Repair Treatment Retinol Serum,CLINIQUE,Skincare,1.0789,Low Risk,77.55,False,2,0,0,1,0,0,0,0,0,0,0,0,1,1,5
P469452,All About Clean 2-in-1 Charcoal Face Mask + Scrub,CLINIQUE,Skincare,1.05,Low Risk,90.91,False,2,0,0,0,0,0,0,1,0,0,0,0,0,1,4
P405825,Repairwear Laser Focus Line Smoothing Cream Broad Spectrum SPF 15 for Very Dry to Dry Combination Skin,CLINIQUE,Skincare,1.0116,Low Risk (Limited Data),55.84,False,0,0,0,0,0,0,0,2,0,0,0,0,0,0,2
P483653,Light Up Your Eyes Set,CLINIQUE,Makeup,1.0246,Low Risk,82.43,False,3,0,0,0,0,0,0,2,0,0,0,0,0,1,6
P439099,Clarifying Lotion 2,CLINIQUE,Skincare,1.2273,Low Risk,84.62,False,2,0,1,0,0,0,0,1,0,0,0,0,0,1,5
P405285,Smart Broad Spectrum SPF 15 Custom-Repair Moisturizer for Very Dry to Dry Skin,CLINIQUE,Skincare,1.0139,Low Risk,72.0,False,1,0,0,0,0,0,0,1,0,0,0,0,0,1,3
P439098,Clarifying Lotion 3,CLINIQUE,Skincare,1.3,Low Risk,88.24,False,4,0,1,2,0,0,0,2,0,0,0,0,0,1,10
P480289,Mini Acne Solutions Cleansing Foam,CLINIQUE,Skincare,1.075,Low Risk,74.07,False,1,0,0,0,0,0,0,1,1,0,0,0,0,1,4
P481668,Clarifying Do-Over Peel,CLINIQUE,Skincare,1.1923,Low Risk (Limited Data),65.0,False,1,0,1,0,0,0,0,3,0,0,0,0,0,0,5
P481062,"Clean Skin, Fresh Start Acne Solutions Kit",CLINIQUE,Skincare,1.1094,Low Risk (Limited Data),68.09,False,2,0,1,0,0,0,0,3,1,0,0,0,0,1,8
P500790,Mini Smart Clinical Repair Wrinkle Correcting Cream,CLINIQUE,Mini Size,1.0429,Low Risk,79.55,False,1,0,0,0,0,0,0,2,0,0,1,0,0,1,5
P122626,Cream Shave,CLINIQUE,Men,1.1176,Low Risk (Limited Data),68.0,False,1,0,0,0,0,0,0,2,0,0,0,0,0,1,4
P481066,High Impact Zero Gravity Mascara,CLINIQUE,Makeup,1.1071,Low Risk,73.68,False,3,0,1,0,0,0,0,2,0,0,1,0,0,1,8
P406656,Repairwear Laser Focus Line Smoothing Cream Broad Spectrum SPF 15 for Combination Oily to Oily Skin,CLINIQUE,Skincare,1.027,Low Risk (Limited Data),58.73,False,1,0,0,0,0,0,0,2,0,0,0,0,0,0,3
P474941,3 Step Intro Kit Type II,CLINIQUE,Skincare,1.1667,Low Risk,73.47,False,4,1,1,0,0,0,0,4,2,0,1,0,0,2,15
P501164,Hydrate & Glow Skincare Set,CLINIQUE,Skincare,1.0583,Low Risk (Limited Data),67.42,False,2,0,0,1,0,0,0,2,0,0,1,0,0,1,7
P504674,Even Better Brightening Moisturizer SPF 20,CLINIQUE,Skincare,1.0806,Low Risk,72.09,False,1,0,0,1,0,0,0,2,0,0,1,0,0,1,6
P433827,"Take The Day Off Makeup Remover For Lids, Lashes & Lips Jumbo",CLINIQUE,Makeup,1.1429,Low Risk (Limited Data),53.85,False,1,0,0,0,0,0,0,1,0,0,0,0,0,1,3
P469065,Dream Coat Supernatural Spray Anti-Frizz Treatment,COLOR WOW,Hair,1.0833,Low Risk,75.0,False,2,0,0,0,0,0,0,1,0,0,0,0,0,1,4
P469067,Mini Dream Coat Supernatural Spray Anti-Frizz Treatment,COLOR WOW,Hair,1.125,Low Risk (Limited Data),44.44,False,1,0,0,0,0,0,0,2,0,0,0,0,0,1,4
P469131,Money Mask Deep Hydrating & Strengthening Hair Treatment,COLOR WOW,Hair,1.22,Low Risk (Limited Data),67.57,False,2,0,1,0,0,0,3,6,0,0,0,0,0,1,13
P469149,Raise the Root Thicken and Lift Spray,COLOR WOW,Hair,1.3333,Low Risk,75.0,False,1,0,1,0,0,0,4,5,0,0,0,0,0,1,12
P474314,Xtra Large Bombshell Volumizer,COLOR WOW,Hair,1.0714,Low Risk (Limited Data),63.64,False,1,0,0,0,0,0,0,1,0,0,0,0,0,1,3
P469143,Pop + Lock Frizz Control + Glossing Serum,COLOR WOW,Hair,1.2647,Low Risk,89.47,False,2,0,0,0,0,0,4,5,0,0,0,0,0,1,12
P469154,Root Coverup Powder,COLOR WOW,Hair,1.0333,Low Risk,88.24,False,1,0,0,0,0,0,0,1,0,0,0,0,0,1,3
P469066,Dream Coat Anti-Frizz Treatment for Curly Hair,COLOR WOW,Hair,1.1,Low Risk (Limited Data),52.63,False,1,0,0,0,0,0,0,2,0,0,0,0,0,1,4
P469139,One Minute Transformation Anti Frizz Styling Cream,COLOR WOW,Hair,1.1,Low Risk (Limited Data),66.67,False,1,0,0,0,0,0,0,3,0,0,0,0,0,1,5
P469083,Extra Mist-ical Shine Spray,COLOR WOW,Hair,1.25,Low Risk (Limited Data),57.14,False,0,0,1,0,0,0,1,0,0,0,0,0,0,0,2
P469058,Cult Favorite Firm + Flexible Hairspray,COLOR WOW,Hair,1.4444,Low Risk (Limited Data),64.29,False,2,0,1,1,0,0,2,3,0,0,0,0,0,1,10
P469184,Speed Dry Blow Dry Spray,COLOR WOW,Hair,1.25,Low Risk,85.71,False,1,0,0,0,0,0,4,6,0,0,0,0,0,1,12
P469070,Dream Cocktail Coconut-Infused Hydrating Leave In Treatment,COLOR WOW,Hair,1.2105,Low Risk,76.0,False,1,0,0,0,0,0,3,4,0,0,0,0,0,1,9
P469187,Style on Steroids Color-Safe Texture Spray,COLOR WOW,Hair,1.3,Low Risk (Limited Data),45.45,False,0,0,1,0,0,0,1,0,0,0,0,0,0,0,2
P469072,Dream Cocktail Kale-Infused Strengthening Leave In Treatment,COLOR WOW,Hair,1.1667,Low Risk,78.26,False,1,0,0,0,0,0,3,5,0,0,0,0,0,1,10
P469054,Color Security Shampoo,COLOR WOW,Hair,1.1905,Low Risk (Limited Data),63.64,False,2,0,0,0,0,0,4,5,0,0,0,0,0,1,12
P501981,Mini Xtra Large Bombshell Volumizer,COLOR WOW,Mini Size,1.0714,Low Risk (Limited Data),63.64,False,1,0,0,0,0,0,0,1,0,0,0,0,0,1,3
P469068,Dream Cocktail Carb-Infused Thickening Leave In Treatment,COLOR WOW,Hair,1.1579,Low Risk,76.0,False,1,0,0,0,0,0,3,3,0,0,0,0,0,1,8
P469071,Mini Dream Cocktail Coconut-Infused Hydrating Leave In Treatment,COLOR WOW,Hair,1.1667,Low Risk,72.0,False,1,0,0,0,0,0,2,3,0,0,0,0,0,1,7
P469074,Dream Filter Pre-shampoo Mineral Remover,COLOR WOW,Hair,1.1,Low Risk (Limited Data),55.56,False,1,0,0,0,0,0,0,2,0,0,0,0,0,1,4
P501976,Mini Dream Coat Anti-Frizz Treatment for Curly Hair,COLOR WOW,Mini Size,1.1,Low Risk (Limited Data),52.63,False,1,0,0,0,0,0,0,2,0,0,0,0,0,1,4
P469073,Mini Dream Cocktail Kale-Infused Strengthening Leave In Treatment,COLOR WOW,Hair,1.3333,Low Risk,80.77,True,1,0,0,0,0,1,5,6,0,0,0,0,1,1,15
P469075,Mini Dream Filter Pre-shampoo Mineral Remover,COLOR WOW,Hair,1.1,Low Risk (Limited Data),55.56,False,1,0,0,0,0,0,0,2,0,0,0,0,0,1,4
P469069,Mini Dream Cocktail Carb-Infused Thickening Leave In Treatment,COLOR WOW,Hair,1.1389,Low Risk (Limited Data),62.07,False,1,0,0,0,0,0,2,2,0,0,0,0,0,1,6
P469052,Color Security Conditioner for Fine Hair,COLOR WOW,Hair,1.2581,Low Risk,93.94,False,1,0,1,0,0,0,5,10,1,0,0,0,0,1,19
P469051,Color Control Purple Toning + Styling Foam for Blonde Hair,COLOR WOW,Hair,1.3333,Low Risk (Limited Data),52.94,False,0,0,0,0,0,0,1,1,1,0,0,0,0,1,4
P469053,Color Security Conditioner for Thick Hair,COLOR WOW,Hair,1.1818,Low Risk,89.19,False,1,0,1,0,0,0,3,9,1,0,0,0,0,1,16
P502271,Curl Wow FLO-ETRY Vital Natural Serum,COLOR WOW,Hair,1.15,Low Risk,80.0,False,1,0,0,0,0,0,2,3,0,0,0,0,0,1,7
P469050,Color Control Blue Toning + Styling Foam for Dark Hair,COLOR WOW,Hair,1.3182,Low Risk (Limited Data),55.0,False,0,0,0,0,0,0,2,2,1,0,0,0,0,1,6
P502281,Curl Wow COCO-MOTION Lubricating Conditioner,COLOR WOW,Hair,1.12,Low Risk,78.12,False,1,0,0,0,0,0,1,2,1,0,0,0,0,1,6
P502259,Curl Wow HOOKED Shampoo,COLOR WOW,Hair,1.1,Low Risk (Limited Data),60.61,False,2,0,0,0,0,0,1,1,0,0,0,0,0,1,5
P502252,Curl Wow SHOOK Mix & Fix Bundling Spray,COLOR WOW,Hair,1.1053,Low Risk (Limited Data),67.86,False,2,0,0,0,0,0,0,2,0,0,0,0,0,1,5
P502258,Curl Wow SNAG-FREE Pre-Shampoo Detangler,COLOR WOW,Hair,1.125,Low Risk,75.0,False,1,0,0,0,0,0,1,1,0,0,0,0,0,1,4
P395022,Gold Expressive Travel Spray,Commodity,Fragrance,1.625,Medium Risk,100.0,False,0,0,1,0,0,0,6,5,0,0,0,0,0,0,12
P395000,Gold Expressive,Commodity,Fragrance,1.625,Medium Risk,100.0,False,0,0,1,0,0,0,6,5,0,0,0,0,0,0,12
P502280,Milk Expressive Travel Spray,Commodity,Fragrance,1.6667,Medium Risk,100.0,False,0,0,1,0,0,0,4,3,0,0,0,0,0,0,8
P502242,Milk Expressive,Commodity,Fragrance,1.6667,Medium Risk,100.0,False,0,0,1,0,0,0,4,3,0,0,0,0,0,0,8
P501573,Discovery Set,Commodity,Fragrance,1.7353,Medium Risk,94.44,False,0,0,2,0,0,0,14,13,0,0,0,0,0,0,29
P395032,Book Expressive Travel Spray,Commodity,Fragrance,1.6875,Medium Risk,100.0,False,0,0,1,0,0,0,6,5,0,0,0,0,0,0,12
P501326,Exploration Set,Commodity,Fragrance,1.7353,Medium Risk,89.47,False,0,0,2,0,0,0,14,13,0,0,0,0,0,0,29
P395002,Rain,Commodity,Fragrance,1.7083,Medium Risk,100.0,False,0,0,1,0,0,0,10,9,0,0,0,0,0,0,20
P395008,Book Expressive,Commodity,Fragrance,1.6875,Medium Risk,100.0,False,0,0,1,0,0,0,6,5,0,0,0,0,0,0,12
P502255,Milk- Personal Travel Spray,Commodity,Fragrance,1.625,Medium Risk,100.0,False,0,0,1,0,0,0,2,1,0,0,0,0,0,0,4
P428440,Velvet Expressive Travel Spray,Commodity,Fragrance,1.75,Medium Risk,100.0,False,0,0,1,0,0,0,6,5,0,0,0,0,0,0,12
P428439,Nectar,Commodity,Fragrance,1.65,Medium Risk,100.0,False,0,0,1,0,0,0,8,7,0,0,0,0,0,0,16
P502315,Milk+ Bold,Commodity,Fragrance,1.6429,Medium Risk,100.0,False,0,0,1,0,0,0,5,4,0,0,0,0,0,0,10
P399961,Wool,Commodity,Fragrance,1.6923,Medium Risk,100.0,False,0,0,1,0,0,0,11,10,0,0,0,0,0,0,22
P502251,Milk+ Bold Travel Spray,Commodity,Fragrance,1.6429,Medium Risk,100.0,False,0,0,1,0,0,0,5,4,0,0,0,0,0,0,10
P395028,Moss Expressive Travel Spray,Commodity,Fragrance,1.6429,Medium Risk,100.0,False,0,0,1,0,0,0,5,4,0,0,0,0,0,0,10
P428441,Velvet Expressive,Commodity,Fragrance,1.75,Medium Risk,100.0,False,0,0,1,0,0,0,6,5,0,0,0,0,0,0,12
P395006,W*****y,Commodity,Fragrance,1.7273,Medium Risk,100.0,False,0,0,1,0,0,0,9,8,0,0,0,0,0,0,18
P394998,Mimosa,Commodity,Fragrance,1.75,Medium Risk,93.33,False,0,0,0,0,0,0,13,12,0,0,0,0,0,0,25
P501965,Archive Kit Sampler Set,Commodity,Fragrance,1.7381,Medium Risk,100.0,False,0,0,2,0,0,0,18,17,0,0,0,0,0,0,37
P501228,EXPRESSIVE Scent Space Set,Commodity,Fragrance,1.7353,Medium Risk,94.44,False,0,0,2,0,0,0,14,13,0,0,0,0,0,0,29
P402666,Magnolia Eau de Parfum,Commodity,Fragrance,1.7188,Medium Risk,100.0,False,0,0,1,0,0,0,14,13,0,0,0,0,0,0,28
P395004,Moss Expressive,Commodity,Fragrance,1.6429,Medium Risk,100.0,False,0,0,1,0,0,0,5,4,0,0,0,0,0,0,10
P501233,BOLD + Scent Space Set,Commodity,Fragrance,1.7353,Medium Risk,94.44,False,0,0,2,0,0,0,14,13,0,0,0,0,0,0,29
P502304,Milk- Personal,Commodity,Fragrance,1.625,Medium Risk,100.0,False,0,0,1,0,0,0,2,1,0,0,0,0,0,0,4
P501954,Book - Personal Travel Spray,Commodity,Fragrance,1.6,Medium Risk,100.0,False,0,0,1,0,0,0,3,2,0,0,0,0,0,0,6
P501985,Book - Personal,Commodity,Fragrance,1.6,Medium Risk,100.0,False,0,0,1,0,0,0,3,2,0,0,0,0,0,0,6
P501222,PERSONAL - Scent Space Set,Commodity,Fragrance,1.7333,Medium Risk,100.0,False,0,0,2,0,0,0,12,11,0,0,0,0,0,0,25
P502351,Gold+ Bold,Commodity,Fragrance,1.625,Medium Risk,88.89,False,0,0,1,0,0,0,6,5,0,0,0,0,0,0,12
P502226,Gold- Personal Travel Spray,Commodity,Fragrance,1.5714,Medium Risk,100.0,False,0,0,1,0,0,0,5,4,0,0,0,0,0,0,10
P502316,Velvet+ Bold Travel Spray,Commodity,Fragrance,1.7143,Medium Risk,100.0,False,0,0,1,0,0,0,5,4,0,0,0,0,0,0,10
P502287,Gold- Personal,Commodity,Fragrance,1.5714,Medium Risk,100.0,False,0,0,1,0,0,0,5,4,0,0,0,0,0,0,10
P502256,Gold+ Bold Travel Spray,Commodity,Fragrance,1.625,Medium Risk,88.89,False,0,0,1,0,0,0,6,5,0,0,0,0,0,0,12
P502328,Moss+ Bold Travel Spray,Commodity,Fragrance,1.6429,Medium Risk,100.0,False,0,0,1,0,0,0,5,4,0,0,0,0,0,0,10
P502283,Paper- Personal Travel Spray,Commodity,Fragrance,1.5,Medium Risk,100.0,False,0,0,1,0,0,0,1,0,0,0,0,0,0,0,2
P502347,Velvet- Personal,Commodity,Fragrance,1.6667,Medium Risk,100.0,False,0,0,1,0,0,0,4,3,0,0,0,0,0,0,8
P502260,Book+ Bold Travel Spray,Commodity,Fragrance,1.6875,Medium Risk,100.0,False,0,0,1,0,0,0,6,5,0,0,0,0,0,0,12
P502282,Moss+ Bold,Commodity,Fragrance,1.6429,Medium Risk,100.0,False,0,0,1,0,0,0,5,4,0,0,0,0,0,0,10
P502274,Paper- Personal,Commodity,Fragrance,1.5,Medium Risk,100.0,False,0,0,1,0,0,0,1,0,0,0,0,0,0,0,2
P502268,Moss- Personal Travel Spray,Commodity,Fragrance,1.625,Medium Risk,100.0,False,0,0,1,0,0,0,6,5,0,0,0,0,0,0,12
P502262,Velvet+ Bold,Commodity,Fragrance,1.7143,Medium Risk,100.0,False,0,0,1,0,0,0,5,4,0,0,0,0,0,0,10
P502279,Paper Expressive Travel Spray,Commodity,Fragrance,1.5,Medium Risk,100.0,False,0,0,1,0,0,0,1,0,0,0,0,0,0,0,2
P502278,Velvet- Personal Travel Spray,Commodity,Fragrance,1.6667,Medium Risk,100.0,False,0,0,1,0,0,0,4,3,0,0,0,0,0,0,8
P502294,Paper+ Bold,Commodity,Fragrance,1.5,Medium Risk,100.0,False,0,0,1,0,0,0,1,0,0,0,0,0,0,0,2
P502230,Book+ Bold,Commodity,Fragrance,1.6875,Medium Risk,100.0,False,0,0,1,0,0,0,6,5,0,0,0,0,0,0,12
P502263,Paper+ Bold Travel Spray,Commodity,Fragrance,1.5,Medium Risk,100.0,False,0,0,1,0,0,0,1,0,0,0,0,0,0,0,2
P502340,Paper Expressive,Commodity,Fragrance,1.5,Medium Risk,100.0,False,0,0,1,0,0,0,1,0,0,0,0,0,0,0,2
P502269,Moss- Personal,Commodity,Fragrance,1.625,Medium Risk,100.0,False,0,0,1,0,0,0,6,5,0,0,0,0,0,0,12
P500098,Makeup Melting Balm Cleanser,Community Sixty-Six,Skincare,1.0286,Low Risk (Limited Data),67.31,False,0,0,0,0,0,0,0,1,0,0,1,0,0,0,2
P500114,Retinol Resurfacing Night Moisturizer,Community Sixty-Six,Skincare,1.0972,Low Risk,72.0,False,2,0,0,1,0,0,0,2,0,0,1,0,1,1,8
P500094,Hydrating Oil-Free Gel Moisturizer,Community Sixty-Six,Skincare,1.0625,Low Risk (Limited Data),63.16,False,0,0,0,0,0,0,0,2,0,0,1,0,0,0,3
P500113,Detoxifying AHA/BHA Gel Cleanser,Community Sixty-Six,Skincare,1.0833,Low Risk,72.0,False,1,0,0,0,0,0,0,2,0,0,0,0,0,0,3
P500109,Hydrating Caffeine Eye Cream,Community Sixty-Six,Skincare,1.0972,Low Risk,72.0,False,2,0,0,1,0,0,0,2,0,0,1,0,1,1,8
P500096,Oil Control Moisturizer with Niacinamide,Community Sixty-Six,Skincare,1.0606,Low Risk (Limited Data),66.0,False,0,0,0,0,0,0,0,2,0,0,1,1,0,0,4
P500106,Everyday Mineral Moisturizer SPF 30 Sunscreen,Community Sixty-Six,Skincare,1.0345,Low Risk (Limited Data),61.7,False,0,0,0,0,0,0,0,1,0,0,1,0,0,0,2
P500120,Nourishing Rich Moisturizer with Hyaluronic Acid,Community Sixty-Six,Skincare,1.0294,Low Risk (Limited Data),69.39,False,0,0,0,0,0,0,0,1,0,0,1,0,0,0,2
P500116,Hydrating Cream Cleanser with Hyaluronic Acid,Community Sixty-Six,Skincare,1.0303,Low Risk (Limited Data),67.35,False,0,0,0,0,0,0,0,1,0,0,1,0,0,0,2
P429516,Full Spectrum 360° Sun Silk Drops Organic Sunscreen SPF 30,COOLA,Skincare,1.0,Low Risk (Limited Data),62.07,False,0,0,0,0,0,0,0,0,0,0,0,0,0,0,0
P396623,Makeup Setting Spray Organic Sunscreen SPF 30,COOLA,Skincare,1.0,Insufficient Data,27.27,False,0,0,0,0,0,0,0,0,0,0,0,0,0,0,0
P418221,Organic Sunless Tan Anti-Aging Face Serum,COOLA,Skincare,1.1154,Low Risk (Limited Data),46.43,False,0,0,0,0,0,0,1,1,0,0,0,1,0,1,4
P455618,Full Spectrum 360° Refreshing Water Mist Organic Face Sunscreen SPF 18,COOLA,Skincare,1.05,Insufficient Data,30.3,False,0,0,0,0,0,0,1,1,0,0,0,0,0,0,2
P395723,Classic Body Organic Sunscreen Spray SPF 50 Fragrance-Free,COOLA,Skincare,1.0,Insufficient Data,22.22,False,0,0,0,0,0,0,0,0,0,0,0,0,0,0,0
P455341,Classic Body Organic Sunscreen Spray SPF 70 Peach Blossom,COOLA,Skincare,1.0,Insufficient Data,24.0,False,0,0,0,0,0,0,0,0,0,0,0,0,0,0,0
P452002,Classic Face Sunscreen SPF 50 White Tea,COOLA,Skincare,1.0,Low Risk (Limited Data),46.15,False,0,0,0,0,0,0,0,0,0,0,0,0,0,0,0
P441645,Sunless Tan Firming Lotion,COOLA,Skincare,1.0625,Low Risk (Limited Data),59.26,False,0,0,0,0,0,0,1,0,0,0,0,0,0,0,1
P442267,Sunless Tan Express Sculpting Mousse,COOLA,Skincare,1.1111,Low Risk (Limited Data),58.06,False,0,0,1,0,0,0,1,1,0,0,0,1,0,1,5
P429508,Sunless Tan Dry Body Oil Mist,COOLA,Skincare,1.1071,Low Risk (Limited Data),58.33,False,0,0,2,0,0,0,0,1,0,0,0,1,0,1,5
P483057,COOLA Organic Liplux Classic Sunscreen Lip Oil SPF 30,COOLA,Skincare,1.0,Insufficient Data,37.5,False,0,0,0,0,0,0,0,0,0,0,0,0,0,0,0
P482257,Classic Body Organic Sunscreen Lotion SPF 50,COOLA,Bath & Body,1.0,Low Risk (Limited Data),61.11,False,0,0,0,0,0,0,0,0,0,0,0,0,0,0,0
P482259,Dew Good Illuminating Serum SPF 30,COOLA,Skincare,1.0,Low Risk (Limited Data),62.96,False,0,0,0,0,0,0,0,0,0,0,0,0,0,0,0
P483078,COOLA Scalp & Hair Mist Organic Sunscreen SPF 30,COOLA,Skincare,1.1,Low Risk (Limited Data),52.63,False,0,0,1,0,0,0,0,1,0,0,0,1,0,1,4
P482258,Mineral Face Sunscreen Sheer Matte SPF 30,COOLA,Skincare,1.0345,Low Risk (Limited Data),69.05,False,0,0,0,0,0,0,1,1,0,0,0,0,0,0,2
P482256,Classic Face Organic Sunscreen Lotion SPF 30,COOLA,Skincare,1.0,Low Risk (Limited Data),66.67,False,0,0,0,0,0,0,0,0,0,0,0,0,0,0,0
P500880,Classic Face Organic Sunscreen Lotion SPF 50,COOLA,Skincare,1.0,Low Risk (Limited Data),60.61,False,0,0,0,0,0,0,0,0,0,0,0,0,0,0,0
P504987,Refreshing Water Sunscreen Stick SPF 50,COOLA,Skincare,1.0,Low Risk (Limited Data),57.14,False,0,0,0,0,0,0,0,0,0,0,0,0,0,0,0
P480589,The Dry Shampoo,Crown Affair,Hair,1.3125,Low Risk (Limited Data),53.33,False,0,0,0,0,0,0,2,2,0,0,0,0,0,0,4
P480590,The Hair Oil,Crown Affair,Hair,1.3333,Low Risk (Limited Data),60.0,False,0,0,0,0,0,0,1,0,0,0,0,0,0,0,1
P480594,The Ritual Shampoo,Crown Affair,Hair,1.125,Low Risk (Limited Data),53.33,False,0,0,0,0,0,0,1,0,0,0,0,0,0,0,1
P480591,The Renewal Hydrating Hair Mask,Crown Affair,Hair,1.2857,Low Risk,77.78,False,0,0,1,0,0,0,2,4,0,0,0,0,0,0,7
P500779,The Cleansing Scalp Scrub Shampoo,Crown Affair,Hair,1.1111,Low Risk (Limited Data),64.29,False,0,0,0,0,0,0,1,0,0,0,0,0,0,0,1
P480595,The Ritual Conditioner,Crown Affair,Hair,1.3462,Low Risk (Limited Data),68.42,False,0,0,1,0,0,0,2,5,0,0,0,0,0,0,8
P504592,The Flexible Hold Finishing Hair Gel,Crown Affair,Hair,1.125,Low Risk (Limited Data),53.33,False,0,0,0,0,0,0,1,0,0,0,0,0,0,0,1
P502003,Weightless Air Dry Curly Hair Cream,Curlsmith,Hair,1.1538,Low Risk,86.67,False,1,0,0,0,0,0,4,6,0,0,0,0,0,1,12
P502005,Mini Weightless Air Dry Curly Hair Cream,Curlsmith,Hair,1.1538,Low Risk,86.67,False,1,0,0,0,0,0,4,6,0,0,0,0,0,1,12
P501966,Bouncy Strength Volume Hair Foam,Curlsmith,Hair,1.275,Low Risk (Limited Data),68.97,False,1,0,0,0,0,0,5,6,1,0,0,0,0,2,15
P501997,Curly Hair Strength Styling Set for Damaged Hair,Curlsmith,Hair,1.1951,Low Risk,73.21,False,1,0,0,0,0,0,6,9,1,0,1,0,0,2,20
P502031,Transitioning Curly Hair Set,Curlsmith,Hair,1.1857,Low Risk,77.78,False,1,0,0,0,0,0,3,7,1,0,1,0,0,2,15
P501960,Bond Curl Rehab Hair Salve,Curlsmith,Hair,1.275,Low Risk (Limited Data),64.52,False,1,0,0,0,0,0,5,7,0,0,0,0,0,1,14
P501982,Curl Defining Styling Hair Souffle Gel,Curlsmith,Hair,1.125,Low Risk (Limited Data),64.0,False,0,0,0,0,0,0,3,2,0,0,0,0,0,0,5
P501989,Mini Bond Curl Rehab Hair Salve,Curlsmith,Hair,1.275,Low Risk (Limited Data),64.52,False,1,0,0,0,0,0,5,7,0,0,0,0,0,1,14
P502011,High Definition Curls 3- Step Hair Set,Curlsmith,Hair,1.197,Low Risk,71.74,False,1,0,0,0,0,0,3,7,1,0,1,0,0,2,15
P502022,Hold Me Softly Curly Hair Styling Cream Balm,Curlsmith,Hair,1.1667,Low Risk,75.0,False,1,0,0,0,0,0,3,5,0,0,0,0,0,1,10
P501949,Curl Quenching Conditoning Hair Wash,Curlsmith,Hair,1.1667,Low Risk,77.42,False,0,0,0,0,0,0,3,3,1,0,0,0,0,1,8
P501983,Hydro Style Flexi Hair Jelly,Curlsmith,Hair,1.2105,Low Risk,82.61,False,1,0,0,0,0,0,4,6,0,0,1,0,0,1,13
P502017,Clarifying Detox Microbiome Scalp Hair Set,Curlsmith,Hair,1.1842,Low Risk (Limited Data),62.3,False,1,0,0,0,0,0,4,8,1,0,0,0,0,4,18
P501961,Bonding Hair Oil,Curlsmith,Hair,1.4091,Low Risk (Limited Data),68.75,False,0,0,0,0,0,0,6,5,0,0,0,0,0,0,11
P501958,Double Hair Cream Deep Conditioner,Curlsmith,Hair,1.1458,Low Risk,80.0,False,1,0,0,0,0,0,3,5,0,0,0,0,0,1,10
P502026,Mini Hold Me Softly Curly Hair Styling Cream Balm,Curlsmith,Hair,1.1667,Low Risk,75.0,False,1,0,0,0,0,0,3,5,0,0,0,0,0,1,10
P501977,Mini Curl Defining Styling Hair Souffle,Curlsmith,Hair,1.125,Low Risk (Limited Data),64.0,False,0,0,0,0,0,0,3,2,0,0,0,0,0,0,5
P501995,Multi-Tasking Conditoner,Curlsmith,Hair,1.2222,Low Risk,71.05,False,1,0,0,0,0,0,6,8,0,0,0,0,0,1,16
P502019,In-Shower Style Fixer Curly Hair Gel,Curlsmith,Hair,1.1842,Low Risk,73.08,False,1,0,0,0,0,0,3,5,0,0,1,0,0,1,11
P501972,Miracle Shield Heat Protectant Leave In Teatment,Curlsmith,Hair,1.225,Low Risk (Limited Data),64.52,False,1,0,0,0,0,0,4,6,0,0,1,0,0,1,13
P501968,Feather- Light Protein Hair Cream,Curlsmith,Hair,1.2174,Low Risk,74.19,False,1,0,0,0,0,0,6,7,0,0,0,0,0,1,15
P502068,Mini Hydro Style Flexi Hair Jelly,Curlsmith,Hair,1.2105,Low Risk,82.61,False,1,0,0,0,0,0,4,6,0,0,1,0,0,1,13
P502001,Full Body Thickening Hair Lotion,Curlsmith,Hair,1.225,Low Risk,76.92,False,1,0,1,0,0,0,4,7,0,0,0,0,0,1,14
P502014,Wash & Scrub Clarifying Detox Shampoo,Curlsmith,Hair,1.1842,Low Risk,73.08,False,1,0,0,0,0,0,3,3,1,0,0,0,0,2,10
P501979,Moisture Memory Recativator Hair Leave-In,Curlsmith,Hair,1.2045,Low Risk,73.33,False,1,0,0,0,0,0,3,6,0,0,1,0,0,1,12
P502000,Core Strength Shampoo,Curlsmith,Hair,1.25,Low Risk (Limited Data),62.07,False,1,0,0,0,0,0,4,4,1,0,0,0,0,2,12
P501974,Hydro Cream Soothing Deep Conditioner Hair Mask,Curlsmith,Hair,1.1667,Low Risk,77.78,False,1,0,0,0,0,0,3,5,0,0,0,0,0,1,10
P503312,Scalp Stimulating Booster,Curlsmith,Hair,1.1944,Low Risk (Limited Data),60.0,False,1,0,0,0,0,0,4,6,0,0,0,0,0,1,12
P501963,Curly Hair Styling Set - Shine,Curlsmith,Hair,1.1061,Low Risk,82.5,False,1,0,0,0,0,0,0,4,1,0,1,0,0,2,9
P502033,Mini In-Shower Style Fixer Curly Hair Gel,Curlsmith,Hair,1.1842,Low Risk,73.08,False,1,0,0,0,0,0,3,5,0,0,1,0,0,1,11
P501986,Mini Double Hair Cream Deep Conditioner,Curlsmith,Hair,1.1458,Low Risk,80.0,False,1,0,0,0,0,0,3,5,0,0,0,0,0,1,10
P502024,Curl Conditioning Hair Oil-In-Cream,Curlsmith,Hair,1.1304,Low Risk (Limited Data),69.7,False,0,0,0,0,0,0,3,3,0,0,0,0,0,0,6
P503303,Full Lengths Density Elixir,Curlsmith,Hair,1.0833,Low Risk (Limited Data),52.94,False,1,0,0,0,0,0,0,2,0,0,0,0,0,2,5
P501967,Mini Curl Conditoning Hair Oil-In-Cream,Curlsmith,Hair,1.1304,Low Risk (Limited Data),69.7,False,0,0,0,0,0,0,3,3,0,0,0,0,0,0,6
P501962,Mini Shine Strong Hold Hair Gel,Curlsmith,Hair,1.15,Low Risk (Limited Data),66.67,False,1,0,0,0,0,0,0,3,0,0,1,0,0,1,6
P502027,Mini Shine Hair Cream Leave In Conditioner,Curlsmith,Hair,1.075,Low Risk,83.33,False,1,0,0,0,0,0,0,3,0,0,0,0,0,1,5
P501992,Shine Hair Cream Leave In Conditioner,Curlsmith,Hair,1.075,Low Risk,83.33,False,1,0,0,0,0,0,0,3,0,0,0,0,0,1,5
P502020,Intense Treatment Hair Serum,Curlsmith,Hair,1.1538,Low Risk (Limited Data),59.09,False,0,0,0,0,0,0,3,2,0,0,0,0,0,0,5
P503296,Ultimate Lengths 30-Day Therapy Supplements,Curlsmith,Hair,1.1667,Low Risk,75.0,False,1,0,0,0,0,0,1,1,1,0,0,0,0,2,6
P501970,Shape Up Aqua Hair Gel,Curlsmith,Hair,1.275,Low Risk (Limited Data),66.67,False,1,0,0,0,0,0,5,7,0,0,1,0,0,1,15
P501993,Shine Strong Hold Hair Gel,Curlsmith,Hair,1.15,Low Risk (Limited Data),66.67,False,1,0,0,0,0,0,0,3,0,0,1,0,0,1,6
P501971,Mini Shine Flexible Hold Hair Jelly,Curlsmith,Hair,1.1154,Low Risk,81.25,False,1,0,0,0,0,0,0,3,0,0,1,0,0,1,6
P502007,Glow Perfecting Conditoner,Curlsmith,Hair,1.1333,Low Risk,71.43,False,0,0,0,0,0,0,1,1,0,0,0,0,0,0,2
P501978,Post-Wash Calming Conditoner,Curlsmith,Hair,1.1458,Low Risk,72.73,False,1,0,0,0,0,0,1,6,0,0,0,0,0,3,11
P501975,Shine Conditoner,Curlsmith,Hair,1.0625,Low Risk,72.73,False,0,0,0,0,0,0,0,1,0,0,0,0,0,0,1
P501980,Mini Shine Shampoo,Curlsmith,Hair,1.1071,Low Risk,77.78,False,1,0,0,0,0,0,0,1,1,0,0,0,0,2,5
P502060,Mini Shine Conditoner,Curlsmith,Hair,1.0625,Low Risk,72.73,False,0,0,0,0,0,0,0,1,0,0,0,0,0,0,1
P501987,Shine Flexible Hold Hair Jelly,Curlsmith,Hair,1.1154,Low Risk,81.25,False,1,0,0,0,0,0,0,3,0,0,1,0,0,1,6
P501953,Shine Shampoo,Curlsmith,Hair,1.1071,Low Risk,77.78,False,1,0,0,0,0,0,0,1,1,0,0,0,0,2,5
P501952,Vivid Tones Vibrancy Shampoo,Curlsmith,Hair,1.1667,Low Risk,75.0,False,1,0,0,0,0,0,1,1,1,0,0,0,0,2,6
P462672,Prickly Pear Hair Oil,dae,Hair,1.0625,Low Risk (Limited Data),61.54,False,0,0,0,0,0,0,0,0,0,0,0,0,0,0,0
P482668,Cactus Fruit 3-in-1 Styling Cream,dae,Hair,1.2083,Low Risk (Limited Data),61.54,False,1,0,0,0,0,0,2,6,0,0,0,1,0,1,11
P457410,Signature Shampoo,dae,Hair,1.1591,Low Risk (Limited Data),68.75,False,2,0,0,0,0,0,0,2,2,0,0,0,0,2,8
P474035,Monsoon Moisture Mask,dae,Hair,1.0645,Low Risk,70.45,False,2,0,0,0,0,0,1,1,0,0,0,0,0,1,5
P457409,Signature Conditioner,dae,Hair,1.0758,Low Risk (Limited Data),67.35,False,2,0,0,0,0,0,0,3,0,0,0,0,0,1,6
P469453,Cactus Flower Leave In Conditioner,dae,Hair,1.175,Low Risk,71.43,False,2,0,0,0,0,0,1,3,0,0,0,1,0,1,8
P457411,Deep Conditioning Hair Treatment,dae,Hair,1.06,Low Risk (Limited Data),69.44,False,2,0,0,0,0,0,0,2,0,0,0,1,0,1,6
P500289,Hibiscus Wave Spray,dae,Hair,1.1053,Low Risk (Limited Data),67.86,False,1,0,1,0,0,0,1,3,0,0,0,0,0,1,7
P501553,Monsoon Moisture Milk Hydrating Shampoo,dae,Hair,1.1053,Low Risk (Limited Data),67.86,False,1,0,1,0,0,0,1,3,0,0,0,0,0,1,7
P501418,Monsoon Moisture Hydrating Conditioner,dae,Hair,1.1053,Low Risk (Limited Data),67.86,False,1,0,1,0,0,0,1,3,0,0,0,0,0,1,7
P467610,Mini Signature Shampoo,dae,Hair,1.1591,Low Risk (Limited Data),68.75,False,2,0,0,0,0,0,0,2,2,0,0,0,0,2,8
P467612,Deep Conditioning Treatment Hair Mask Travel,dae,Hair,1.06,Low Risk (Limited Data),69.44,False,2,0,0,0,0,0,0,2,0,0,0,1,0,1,6
P467611,Mini Signature Conditioner,dae,Hair,1.0758,Low Risk (Limited Data),67.35,False,2,0,0,0,0,0,0,3,0,0,0,0,0,1,6
P500876,Mini Hibiscus Wave Spray,dae,Hair,1.1053,Low Risk (Limited Data),67.86,False,1,0,1,0,0,0,1,3,0,0,0,0,0,1,7
P504787,Violet Hour Purple Shampoo,dae,Hair,1.25,Low Risk,70.97,False,3,0,0,0,0,0,1,3,2,0,0,1,0,2,12
P505032,Monsoon Moisture & Cactus Fruit 3-in-1 Styling Cream Hair Set,dae,Hair,1.1571,Low Risk (Limited Data),63.64,False,1,0,1,0,0,0,2,7,0,0,0,1,0,1,13
P472021,Mochi Mochi Luminous Plumping & Hydrating Moisturizer,DAMDAM,Skincare,1.0,Low Risk,76.19,False,0,0,0,0,0,0,0,1,0,0,0,0,0,0,1
P472023,Nomad’s Cream Purifying & Exfoliating AHA Cleanser,DAMDAM,Skincare,1.0294,Low Risk,80.95,False,0,0,0,0,0,0,0,2,0,0,0,1,0,0,3
P472025,Silk Rice Makeup-Removing Cleansing Oil,DAMDAM,Skincare,1.0,Low Risk (Limited Data),66.67,False,0,0,0,0,0,0,0,0,0,0,0,0,0,0,0
P482260,Rice Drops Face Oil Hydrating Serum,DAMDAM,Skincare,1.0,Low Risk (Limited Data),40.0,False,0,0,0,0,0,0,0,0,0,0,0,0,0,0,0
P504988,Snow Mushroom Pore Cleanser with Exfoliating Glove,DAMDAM,Skincare,1.0,Low Risk (Limited Data),42.86,False,0,0,0,0,0,0,0,0,0,0,0,0,0,0,0
P472024,Skin Mud Pure Vitamin C Brightening Mask,DAMDAM,Skincare,1.0,Low Risk,81.82,False,0,0,0,0,0,0,0,1,0,0,0,0,0,0,1
P472022,Paradisi Hydrating Essence Mist,DAMDAM,Skincare,1.0,Low Risk (Limited Data),61.54,False,0,0,0,0,0,0,0,1,0,0,0,0,0,0,1
P481342,Cleansing & Hydrating Bestseller Set Bento Box,DAMDAM,Skincare,1.0208,Low Risk (Limited Data),48.0,False,0,0,0,0,0,0,0,2,0,0,0,1,0,0,3
P481075,Arousal Serum,Dame,Bath & Body,1.0,Insufficient Data,35.29,False,0,0,0,0,0,0,0,0,0,0,0,0,0,0,0
P500862,Body Wipes- Aloe Infused,Dame,Bath & Body,1.0,Low Risk,80.0,False,0,0,0,0,0,0,0,0,0,0,0,0,0,0,0
P501762,Desire Gummies,Dame,Bath & Body,1.0,Insufficient Data,14.29,False,0,0,0,0,0,0,0,0,0,0,0,0,0,0,0
P468353,"Colorfix Eye, Cheek & Lip Cream Pigment",Danessa Myricks Beauty,Makeup,1.0769,Low Risk,76.47,False,1,0,0,0,0,0,0,0,0,0,0,0,0,0,1
P484039,Yummy Skin Blurring Balm Powder,Danessa Myricks Beauty,Makeup,1.0,Low Risk (Limited Data),69.57,False,0,0,0,0,0,0,0,0,0,0,0,0,0,0,0
P479311,Twin Flames Liquid Eyeshadow,Danessa Myricks Beauty,Makeup,1.0455,Low Risk,78.57,False,1,0,0,0,0,0,0,2,0,0,0,0,0,1,4
P481694,Yummy Skin Serum Foundation,Danessa Myricks Beauty,Makeup,1.0789,Low Risk (Limited Data),67.86,False,0,0,1,0,0,0,1,0,0,0,0,0,0,0,2
P469461,"Vision Flush Blush, Eyeshadow and Lip Color",Danessa Myricks Beauty,Makeup,1.3261,Low Risk,92.0,True,0,0,0,0,1,1,6,5,0,0,0,0,1,0,14
P501512,Lightwork Vol. IV: Transcendence Palette - Illuminating Eye & Face Pigments,Danessa Myricks Beauty,Makeup,1.0227,Low Risk (Limited Data),59.46,False,1,0,0,0,0,0,0,2,0,0,0,0,0,1,4
P482522,Infinite Chrome Waterproof Micropencil Eyeliner,Danessa Myricks Beauty,Makeup,1.0333,Low Risk (Limited Data),53.57,False,1,0,0,0,0,0,0,2,0,0,0,0,0,1,4
P504051,Yummy Skin Blurring Balm Powder Flushed - Matte Color for Cheek & Lip,Danessa Myricks Beauty,Makeup,1.05,Low Risk,76.92,False,2,0,0,0,0,0,0,0,0,0,0,0,0,0,2
P469455,Dew Wet Hydrating and Highlighting Balm,Danessa Myricks Beauty,Makeup,1.0,Low Risk,82.35,False,0,0,0,0,0,0,0,0,0,0,0,0,0,0,0
P473701,Balm Contour,Danessa Myricks Beauty,Makeup,1.0,Low Risk,80.0,False,0,0,0,0,0,0,0,0,0,0,0,0,0,0,0
P481696,Yummy Skin Glow Serum with Hyaluronic Acid,Danessa Myricks Beauty,Makeup,1.0952,Low Risk (Limited Data),53.85,False,1,0,0,0,0,0,1,3,0,0,0,0,0,1,6
P469460,Vision Cream Cover Adjustable Foundation & Concealer,Danessa Myricks Beauty,Makeup,1.0714,Low Risk,100.0,False,0,0,0,0,0,0,1,0,0,0,0,0,0,0,1
P469458,Lightwork Highlighting Palette,Danessa Myricks Beauty,Makeup,1.0455,Low Risk,100.0,False,1,0,0,0,0,0,0,2,0,0,0,0,0,1,4
P501014,Mini Lightwork Vol. III The Experience Eye & Face Palette,Danessa Myricks Beauty,Makeup,1.0238,Low Risk (Limited Data),67.74,False,1,0,0,0,0,0,0,2,0,0,0,0,0,1,4
P502023,Infinite Chrome Holiday Kit - Eye & Face Multichrome Pigments,Danessa Myricks Beauty,Makeup,1.1111,Low Risk (Limited Data),69.23,False,3,1,0,0,0,0,0,2,0,0,1,0,0,1,8
P475525,"Colorfix Eye, Cheek & Lip Cream Pigment Rose Dream Set",Danessa Myricks Beauty,Makeup,1.0769,Low Risk,76.47,False,1,0,0,0,0,0,0,0,0,0,0,0,0,0,1
P469459,Power Bronzer Cream Bronzer,Danessa Myricks Beauty,Makeup,1.05,Low Risk,80.0,False,0,0,0,0,1,0,0,0,0,0,0,0,0,0,1
P469456,Evolution Setting Powder,Danessa Myricks Beauty,Makeup,1.05,Low Risk,90.91,False,1,0,0,0,0,0,0,2,0,0,0,0,0,1,4
P469457,Illuminating Veil Liquid Highlighter,Danessa Myricks Beauty,Makeup,1.025,Low Risk,83.33,False,0,0,0,0,0,0,0,2,0,0,0,0,0,0,2
P504669,Vision Flush Glow - Hyper Radiant Liquid Highlighter,Danessa Myricks Beauty,Makeup,1.0,Low Risk,100.0,False,0,0,0,0,0,0,0,0,0,0,0,0,0,0,0
P469454,Beauty Oil with Gold Leaf,Danessa Myricks Beauty,Skincare,1.0,Low Risk (Limited Data),60.0,False,0,0,0,0,0,0,0,0,0,0,0,0,0,0,0
P481695,Yummy Skin Serum Foundation Refill,Danessa Myricks Beauty,Makeup,1.0789,Low Risk (Limited Data),67.86,False,0,0,1,0,0,0,1,0,0,0,0,0,0,0,2
P396014,Cuticle Lab - Nail Treatment Set,Deborah Lippmann,Makeup,1.1053,Low Risk,73.08,False,3,0,0,0,0,0,2,3,0,0,0,0,0,1,9
P381211,Deborah Lippmann - Exfoliating Cuticle Remover Nail Treatment,Deborah Lippmann,Makeup,1.0833,Low Risk (Limited Data),60.0,False,1,0,0,0,0,0,0,0,0,0,0,0,0,0,1
P381210,Cuticle Oil - Nail Cuticle Treatment,Deborah Lippmann,Makeup,1.3,Low Risk,71.43,False,0,0,0,0,0,0,2,1,0,0,0,0,0,0,3
P416422,Bed of Roses Nail Polish Set,Deborah Lippmann,Makeup,1.0385,Low Risk (Limited Data),43.33,False,0,0,1,0,0,0,0,1,0,0,0,0,0,0,2
P385341,The Cure - Nail Cuticle Repair Cream Treatment,Deborah Lippmann,Makeup,1.0968,Low Risk,77.5,False,2,0,0,0,0,0,1,2,0,0,0,0,0,1,6
P430966,Deborah Lippmann Hyper Vibes - Gel Lab Pro Color,Deborah Lippmann,Makeup,1.0556,Low Risk (Limited Data),50.0,False,1,0,1,0,0,0,0,1,0,0,0,0,0,0,3
P381312,Hard Rock - Nail Strengthening Top and Base Coat,Deborah Lippmann,Makeup,1.1429,Insufficient Data,35.0,False,0,0,2,0,0,0,0,1,0,0,0,0,0,0,3
P381311,The Stripper - Nail Polish Remover,Deborah Lippmann,Makeup,1.0,Insufficient Data,20.0,False,0,0,0,0,0,0,0,0,0,0,0,0,0,0,0
P381213,Rich Girl - Broad Spectrum SPF 25 Hand Cream,Deborah Lippmann,Makeup,1.1053,Low Risk (Limited Data),67.86,False,1,0,0,0,0,0,1,3,0,0,0,0,0,1,6
P438934,Get Off Callus Softener Intensive Treatment,Deborah Lippmann,Bath & Body,1.375,Low Risk,88.89,False,3,0,0,0,0,0,0,4,0,0,0,0,0,1,8
P500119,Happier Than Ever 6 Piece Nail Polish Set,Deborah Lippmann,Makeup,1.0625,Low Risk (Limited Data),43.24,False,1,0,1,0,0,0,0,1,0,0,0,0,0,0,3
P477418,High & Dry Super Quick-Drying Hemp + UVA/UVB  Top Coat,Deborah Lippmann,Makeup,1.1,Insufficient Data,33.33,False,0,0,1,0,0,0,0,0,0,0,0,0,0,0,1
P501231,Discovery Set,DedCool,Fragrance,1.6136,Medium Risk (Limited Data),44.0,True,0,0,1,0,0,2,11,11,0,0,0,1,1,2,29
P500792,"01 ""Taunt"" Eau de Parfum Travel Spray",DedCool,Fragrance,1.5556,Insufficient Data,33.33,True,0,0,1,0,0,1,3,2,0,0,0,0,1,0,8
P501232,Milk Eau de Parfum Travel Spray,DedCool,Fragrance,1.2143,Insufficient Data,29.17,False,0,0,1,0,0,0,1,0,0,0,0,0,0,0,2
P500766,"01 ""Taunt"" Eau de Parfum",DedCool,Fragrance,1.5556,Insufficient Data,33.33,True,0,0,1,0,0,1,3,2,0,0,0,0,1,0,8
P501152,"Dedtergent 01 ""Taunt""",DedCool,Fragrance,1.2143,Low Risk,70.0,False,1,0,0,0,0,0,1,0,0,0,0,0,0,0,2
P501218,Milk Eau de Parfum,DedCool,Fragrance,1.2143,Insufficient Data,29.17,False,0,0,1,0,0,0,1,0,0,0,0,0,0,0,2
P501263,Red Dakota Eau de Parfum Travel Spray,DedCool,Fragrance,1.5,Medium Risk (Limited Data),41.94,True,0,0,1,0,0,1,5,5,0,0,0,1,1,1,15
P501257,"01 ""Taunt"" Air Freshener",DedCool,Fragrance,1.5625,Insufficient Data,29.63,True,0,0,0,0,0,1,3,2,0,0,0,0,1,0,7
P501287,"03 ""Blonde"" Eau de Parfum Travel Spray",DedCool,Fragrance,1.7,Medium Risk (Limited Data),44.12,True,0,0,1,0,0,2,8,7,0,0,0,0,1,1,20
P501266,Red Dakota Eau de Parfum,DedCool,Fragrance,1.5,Medium Risk (Limited Data),41.94,True,0,0,1,0,0,1,5,5,0,0,0,1,1,1,15
P501297,"01 ""Taunt"" Massage Candle",DedCool,Fragrance,1.25,Low Risk (Limited Data),44.44,False,0,0,0,0,0,0,1,0,0,0,0,0,0,0,1
P501252,Madonna Lilly Eau de Parfum Travel Spray,DedCool,Fragrance,1.5357,Medium Risk (Limited Data),42.42,True,0,0,1,0,0,1,7,6,0,0,0,0,0,1,16
P501220,02 Eau de Parfum Travel Spray,DedCool,Fragrance,1.4,Insufficient Data,35.71,False,0,0,1,0,0,0,5,4,0,0,0,0,0,0,10
P501303,"03 ""Blonde"" Eau de Parfum",DedCool,Fragrance,1.7,Medium Risk (Limited Data),44.12,True,0,0,1,0,0,2,8,7,0,0,0,0,1,1,20
P501291,Madonna Lilly Eau de Parfum,DedCool,Fragrance,1.5357,Medium Risk (Limited Data),42.42,True,0,0,1,0,0,1,7,6,0,0,0,0,0,1,16
P501227,02 Eau de Parfum,DedCool,Fragrance,1.4,Insufficient Data,35.71,False,0,0,1,0,0,0,5,4,0,0,0,0,0,0,10
P429043,LUXE+ Advanced Sonic Dermaplaning + Peach Fuzz Removal,DERMAFLASH,Skincare,1.5,Medium Risk (Limited Data),40.0,False,1,0,0,0,0,0,0,1,0,0,0,0,0,0,2
P430809,THE ESSENTIALS Sonic Dermaplaning Refill Kit,DERMAFLASH,Skincare,1.5,Medium Risk (Limited Data),40.0,False,1,0,0,0,0,0,0,1,0,0,0,0,0,0,2
P443352,Mini Daily Microfoliant Exfoliator,Dermalogica,Skincare,1.1154,Low Risk (Limited Data),44.83,False,1,0,0,0,0,0,1,2,0,0,0,0,0,0,4
P423688,Daily Microfoliant Exfoliator,Dermalogica,Skincare,1.1154,Low Risk (Limited Data),44.83,False,1,0,0,0,0,0,1,2,0,0,0,0,0,0,4
P423148,Precleanse Cleansing Oil,Dermalogica,Skincare,1.1923,Low Risk (Limited Data),54.17,False,0,0,0,0,0,0,3,4,0,0,0,0,0,1,8
P443350,Mini Precleanse Cleansing Oil,Dermalogica,Skincare,1.1923,Low Risk (Limited Data),54.17,False,0,0,0,0,0,0,3,4,0,0,0,0,0,1,8
P453930,Biolumin-C Vitamin C Eye Serum,Dermalogica,Skincare,1.0526,Low Risk (Limited Data),69.09,False,1,0,0,0,0,0,1,5,0,0,1,0,0,1,9
P423136,Special Cleansing Gel,Dermalogica,Skincare,1.175,Low Risk,80.0,False,0,0,0,0,0,0,0,4,1,0,0,2,0,3,10
P443700,Mini Special Cleansing Gel,Dermalogica,Skincare,1.175,Low Risk,80.0,False,0,0,0,0,0,0,0,4,1,0,0,2,0,3,10
P443370,BioLumin-C Vitamin C Serum,Dermalogica,Skincare,1.0625,Low Risk,72.73,False,1,0,0,0,0,0,1,5,0,0,0,0,0,1,8
P500240,Daily Milkfoliant Exfoliator,Dermalogica,Skincare,1.0577,Low Risk (Limited Data),40.62,False,0,0,0,0,0,0,2,4,0,0,0,1,0,1,8
P445832,Acne Clearing Skin Wash Cleanser,Dermalogica,Skincare,1.1667,Low Risk (Limited Data),58.93,False,2,0,0,0,0,0,0,6,1,0,1,1,0,3,14
P443359,Skin Smoothing Cream Moisturizer,Dermalogica,Skincare,1.0778,Low Risk,71.43,False,1,0,0,1,0,0,3,5,0,0,0,0,0,1,11
P423142,Active Moist Moisturizer,Dermalogica,Skincare,1.1212,Low Risk,78.57,False,0,0,0,0,0,0,3,7,0,0,1,1,0,0,12
P460624,Discover Healthy Skin Kit,Dermalogica,Skincare,1.1296,Low Risk (Limited Data),64.29,False,2,0,0,1,0,0,5,14,1,0,1,2,0,4,30
P423130,MultiVitamin Power Recovery Mask,Dermalogica,Skincare,1.0946,Low Risk (Limited Data),69.81,False,2,0,0,0,0,0,0,4,0,0,1,0,0,1,8
P456582,Invisible Physical Defense Mineral Sunscreen SPF30,Dermalogica,Skincare,1.0323,Low Risk,83.78,False,0,0,0,0,0,0,2,4,0,0,0,0,0,0,6
P481697,Circular Hydration Serum with Hyaluronic Acid,Dermalogica,Skincare,1.0638,Low Risk (Limited Data),67.14,False,0,0,0,0,0,0,2,6,0,0,0,2,0,1,11
P474822,Daily Glycolic Cleanser,Dermalogica,Skincare,1.125,Low Risk,80.0,False,0,0,0,0,0,0,0,1,0,0,0,0,0,0,1
P472810,Smart Response Serum,Dermalogica,Skincare,1.2381,Low Risk (Limited Data),42.0,False,0,0,0,0,0,0,6,7,0,0,0,1,0,0,14
P503814,Dynamic Skin Retinol Serum,Dermalogica,Skincare,1.1452,Low Risk,72.09,False,1,0,0,1,0,0,3,4,0,0,0,0,1,0,10
P445833,AGE Bright Clearing Serum,Dermalogica,Skincare,1.3,Low Risk (Limited Data),62.5,False,2,0,0,0,0,0,5,10,0,0,0,1,0,2,20
P462344,Hydro Masque Exfoliant,Dermalogica,Skincare,1.0488,Low Risk (Limited Data),63.08,False,0,0,1,0,0,0,0,5,0,0,1,0,0,0,7
P423150,Multi-Active Toner,Dermalogica,Skincare,1.1324,Low Risk,70.83,False,1,0,0,0,0,0,4,7,0,0,0,1,0,1,14
P443351,Mini Multi-Active Toner,Dermalogica,Skincare,1.1324,Low Risk,70.83,False,1,0,0,0,0,0,4,7,0,0,0,1,0,1,14
P467111,Retinol Acne Clearing Oil,Dermalogica,Skincare,1.1818,Low Risk (Limited Data),52.38,False,1,0,0,1,0,0,0,1,0,0,0,0,0,0,3
P423123,Daily Superfoliant Exfoliator,Dermalogica,Skincare,1.2222,Low Risk (Limited Data),43.9,False,0,0,0,0,0,0,2,6,0,0,0,1,0,1,10
P469118,Melting Moisture Mask,Dermalogica,Skincare,1.1452,Low Risk,70.45,False,0,0,0,0,0,0,4,6,0,0,0,1,0,1,12
P479692,Awaken Peptide Depuffing Eye Gel,Dermalogica,Skincare,1.0227,Low Risk (Limited Data),64.71,False,0,0,0,0,0,0,0,3,0,0,0,0,0,0,3
P475086,BioLumin-C Vitamin-C Gel Moisturizer,Dermalogica,Skincare,1.0227,Low Risk (Limited Data),67.69,False,0,0,0,0,0,0,1,4,0,0,0,1,0,1,7
P500243,Mini Daily Milkfoliant Exfoliator,Dermalogica,Mini Size,1.0577,Low Risk (Limited Data),40.62,False,0,0,0,0,0,0,2,4,0,0,0,1,0,1,8
P502326,Dynamic Skin Recovery SPF50 Moisturizer,Dermalogica,Skincare,1.2024,Low Risk,73.68,False,0,0,0,0,0,0,9,13,0,0,1,1,0,0,24
P423135,Super Rich Repair Moisturizer,Dermalogica,Skincare,1.1296,Low Risk (Limited Data),56.25,False,1,0,0,0,0,0,4,6,0,0,0,0,0,1,12
P428240,Calm Water Gel Moisturizer,Dermalogica,Skincare,1.0588,Low Risk (Limited Data),68.0,False,0,0,0,0,0,0,2,2,0,0,0,0,0,0,4
P423134,MultiVitamin Power Firm Eye Cream,Dermalogica,Skincare,1.1667,Low Risk,71.43,False,1,0,0,0,0,0,1,1,0,0,0,0,0,0,3
P423127,Ultracalming Cleanser,Dermalogica,Skincare,1.1333,Low Risk (Limited Data),51.72,False,0,0,0,0,0,0,0,3,0,0,1,0,0,0,4
P505139,Phyto Nature Oxygen Cream,Dermalogica,Skincare,1.0484,Low Risk (Limited Data),57.41,False,0,0,0,0,0,0,0,4,0,0,0,2,0,1,7
P443369,Sound Sleep Cocoon Night Gel-Cream,Dermalogica,Skincare,1.0789,Low Risk (Limited Data),65.52,False,1,0,0,0,0,0,2,4,0,0,0,0,0,1,8
P423125,Ultracalming Serum Concentrate,Dermalogica,Skincare,1.0682,Low Risk,73.33,False,0,0,0,0,0,0,2,3,0,0,0,0,0,0,5
P443358,Intensive Moisture Balance Moisturizer,Dermalogica,Skincare,1.0667,Low Risk,78.95,False,1,0,0,0,0,0,0,4,0,0,1,0,0,1,7
P449177,AGE Smart Phyto-Nature Firming Serum,Dermalogica,Skincare,1.0921,Low Risk (Limited Data),58.46,False,1,0,0,0,0,0,4,6,0,0,0,0,0,1,12
P443366,Prisma Protect SPF 30 Moisturizer,Dermalogica,Skincare,1.1389,Low Risk,73.47,False,3,0,0,0,0,0,4,6,0,0,0,0,0,1,14
P446638,Power Cleanse Duo,Dermalogica,Skincare,1.1522,Low Risk (Limited Data),47.92,False,1,0,0,0,0,0,3,5,0,0,0,0,0,1,10
P443361,Skinperfect Primer SPF 30,Dermalogica,Makeup,1.0263,Low Risk (Limited Data),54.29,False,1,0,0,0,0,0,0,2,0,0,0,0,0,1,4
P423143,Stress Positive Eye Lift Mask,Dermalogica,Skincare,1.125,Low Risk,70.0,False,1,0,0,0,0,0,2,7,0,0,1,0,0,2,13
P503820,Daily Brightness Boosters Kit,Dermalogica,Skincare,1.0508,Low Risk (Limited Data),61.46,False,1,0,0,0,0,0,1,8,0,0,0,2,0,2,14
P423690,Skin Resurfacing Lactic Acid Cleanser,Dermalogica,Skincare,1.3158,Low Risk (Limited Data),63.33,False,1,0,0,0,0,0,5,7,2,0,0,0,0,2,17
P456569,Active Clay Prebiotic Cleanser,Dermalogica,Skincare,1.0833,Low Risk,78.95,False,0,0,0,0,0,0,2,4,1,0,0,0,0,1,8
P423145,Age Reversal Eye Complex,Dermalogica,Skincare,1.08,Low Risk (Limited Data),64.94,False,2,0,0,1,0,0,0,4,0,0,1,0,1,1,10
P502441,Mini Dynamic Skin Recovery SPF50 Moisturizer,Dermalogica,Mini Size,1.2024,Low Risk,73.68,False,0,0,0,0,0,0,9,13,0,0,1,1,0,0,24
P467112,Daily Microfoliant Exfoliator Refill Pack,Dermalogica,Skincare,1.1154,Low Risk (Limited Data),44.83,False,1,0,0,0,0,0,1,2,0,0,0,0,0,0,4
P445822,Intensive Moisture Cleanser,Dermalogica,Skincare,1.1528,Low Risk (Limited Data),57.14,False,1,0,0,0,0,0,2,9,0,0,1,3,0,1,17
P455915,Mini MultiVitamin Power Recovery Mask,Dermalogica,Skincare,1.1591,Low Risk (Limited Data),57.89,False,2,0,0,0,0,0,0,4,0,0,1,0,0,1,8
P453814,Lip Glow Oil,Dior,Makeup,1.1515,Low Risk (Limited Data),68.75,False,6,0,0,0,0,0,2,1,0,0,0,0,0,0,9
P186805,Dior Addict Lip Maximizer Plumping Gloss,Dior,Makeup,1.0882,Low Risk (Limited Data),58.62,False,1,0,0,0,0,0,1,0,0,0,0,0,0,0,2
P432500,BACKSTAGE Face & Body Foundation,Dior,Makeup,1.2037,Low Risk,90.0,False,2,0,1,1,0,0,4,4,0,0,0,0,0,1,13
P454762,BACKSTAGE Rosy Glow Blush,Dior,Makeup,1.0938,Low Risk,88.89,False,3,0,0,0,0,0,2,2,0,0,0,0,0,0,7
P432502,BACKSTAGE Glow Face Palette,Dior,Makeup,1.0385,Low Risk,88.64,False,3,0,0,0,0,0,0,1,0,0,0,0,0,0,4
P432504,BACKSTAGE Eyeshadow Palette,Dior,Makeup,1.0526,Low Risk,84.44,False,2,0,0,1,0,0,0,2,0,0,0,0,0,1,6
P467760,Rouge Dior Refillable Lipstick,Dior,Makeup,1.1026,Low Risk,70.91,False,6,0,0,0,0,0,1,0,0,0,0,0,0,0,7
P482262,Backstage Concealer,Dior,Makeup,1.0303,Low Risk,89.19,False,0,0,0,0,0,0,1,0,0,0,0,0,0,0,1
P439941,Dior Forever Skin Glow Foundation SPF 15,Dior,Makeup,1.0938,Low Risk,78.05,False,1,0,1,0,0,0,1,1,0,0,1,0,0,0,5
P456596,Dior Addict Stellar Lip Gloss,Dior,Makeup,1.1571,Low Risk (Limited Data),66.04,False,6,0,0,0,0,0,3,2,0,0,0,0,0,0,11
P385477,Miss Dior Blooming Bouquet,Dior,Fragrance,1.6591,Medium Risk,100.0,True,4,0,1,2,0,1,11,10,0,0,0,0,1,0,30
P474316,Miss Dior Eau de Parfum,Dior,Fragrance,1.6458,Medium Risk,96.0,False,4,0,1,2,0,0,14,13,0,0,0,0,0,0,34
P6430,J'adore Eau de Parfum,Dior,Fragrance,1.6731,Medium Risk,100.0,True,4,0,1,2,0,1,15,14,0,0,0,0,1,0,38
P439940,Dior Forever Matte Foundation SPF 15,Dior,Makeup,1.1071,Low Risk,75.68,False,1,0,1,0,0,0,1,1,0,0,1,0,0,0,5
P500997,Rouge Dior Forever Transfer-Proof Lipstick,Dior,Makeup,1.0682,Low Risk (Limited Data),68.75,False,1,0,0,0,0,0,1,0,0,0,0,0,0,0,2
P396240,Diorshow 24h Buildable Volume Mascara,Dior,Makeup,1.0227,Low Risk,70.97,False,1,0,0,0,0,0,0,0,0,0,0,0,0,0,1
P481969,Dior Addict Refillable Shine Lipstick,Dior,Makeup,1.1071,Low Risk (Limited Data),51.85,False,1,0,0,0,0,0,1,0,0,0,0,0,0,0,2
P415619,Dreamskin Skin Perfector,Dior,Skincare,1.1667,Low Risk,84.78,False,1,0,1,0,0,0,6,6,0,0,0,0,0,2,16
P4484,Hypnotic Poison,Dior,Fragrance,1.5625,Medium Risk,100.0,False,0,0,1,1,0,0,4,3,0,0,0,0,0,0,9
P483654,Dior Addict Lip Tint,Dior,Makeup,1.0893,Low Risk,73.68,False,2,0,1,0,0,0,1,0,0,0,0,0,0,0,4
P400057,Sauvage Eau de Toilette,Dior,Fragrance,1.5588,Medium Risk,89.47,False,4,0,1,2,0,0,7,6,0,0,0,0,0,0,20
P377821,Diorshow Iconic Overcurl Mascara,Dior,Makeup,1.0345,Low Risk,78.38,False,2,0,0,0,0,0,0,2,0,0,0,0,0,1,5
P472028,Capture Totale Super Potent Eye Serum,Dior,Skincare,1.0862,Low Risk,70.73,False,1,0,1,0,0,0,1,1,0,0,0,0,0,1,5
P463032,5 Couleurs Couture Eyeshadow Palette,Dior,Makeup,1.0426,Low Risk,82.46,False,2,0,0,1,0,0,0,3,0,0,0,0,0,1,7
P475090,Dior Forever Couture Luminizer Highlighter Powder,Dior,Makeup,1.04,Low Risk,92.59,False,0,0,0,0,0,0,1,1,0,0,0,0,0,0,2
P238433,Diorshow Brow Styler Ultra-Fine Precision Brow Pencil,Dior,Makeup,1.0789,Low Risk,79.17,False,1,0,0,1,0,0,0,0,0,0,0,0,0,0,2
P444597,BACKSTAGE Face & Body Primer,Dior,Makeup,1.1452,Low Risk,96.88,False,2,0,0,0,0,0,4,4,0,0,0,0,0,2,12
P99901,Diorshow Waterproof Mascara,Dior,Makeup,1.0345,Low Risk,87.88,False,2,0,0,0,0,0,0,1,0,0,0,0,0,1,4
P450457,Rouge Dior Ultra Care Liquid Lipstick,Dior,Makeup,1.1852,Low Risk,72.97,False,1,0,0,0,0,0,6,5,0,0,0,0,0,0,12
P437018,Miss Dior Blooming Bouquet Roller-pearl,Dior,Fragrance,1.6111,Medium Risk,100.0,False,2,0,1,0,0,0,12,11,0,0,0,0,0,0,26
P467945,Capture Totale Super Potent Rich Cream,Dior,Skincare,1.0676,Low Risk,74.0,False,1,0,0,0,0,0,3,2,0,0,0,0,0,0,6
P379408,Nail Glow,Dior,Makeup,1.1667,Insufficient Data,21.43,False,0,0,1,0,0,0,0,1,0,0,0,0,0,0,2
P454806,Capture Totale Firming & Wrinkle-Correcting Cream,Dior,Skincare,1.0694,Low Risk,76.6,False,1,0,1,0,0,0,1,1,0,0,0,0,0,0,4
P428500,Sauvage Eau de Parfum,Dior,Fragrance,1.5556,Medium Risk,94.74,False,5,0,1,2,0,0,7,6,0,0,0,0,0,0,21
P480162,Cica Recover & Repair Multi-Use Balm,Dior,Skincare,1.025,Low Risk,76.92,False,1,0,0,0,0,0,0,1,0,0,0,0,0,0,2
P297404,Forever Natural Velvet Matte Compact Foundation,Dior,Makeup,1.0417,Low Risk,70.59,False,0,0,0,0,0,0,1,2,0,0,0,0,0,0,3
P442793,Rouge Blush,Dior,Makeup,1.1429,Low Risk,85.37,False,3,0,0,1,0,0,4,4,0,0,0,0,0,0,12
P481972,La Mousse OFF/ON Foaming Face Cleanser,Dior,Skincare,1.1053,Low Risk,73.08,False,2,0,0,0,0,0,1,0,0,0,0,0,0,0,3
P416366,Dior Addict Lip Sugar Scrub,Dior,Makeup,1.1897,Low Risk (Limited Data),63.04,False,3,0,0,1,0,0,4,3,0,0,0,0,0,0,11
P410469,Miss Dior Absolutely Blooming,Dior,Fragrance,1.6458,Medium Risk,96.0,False,3,0,1,2,0,0,15,14,0,0,0,0,0,0,35
P435806,Dreamskin Fresh & Perfect Cushion Broad Spectrum SPF 50,Dior,Makeup,1.1951,Low Risk,83.67,True,1,0,1,1,1,1,4,5,0,0,0,0,1,1,16
P416731,Poison Girl,Dior,Fragrance,1.5714,Medium Risk,95.45,False,4,0,1,2,0,0,11,10,0,0,0,0,0,0,28
P503999,Capture Totale Le Sérum Anti-Aging Serum,Dior,Skincare,1.0625,Low Risk,74.42,False,1,0,1,0,0,0,1,1,0,0,0,0,0,0,4
P501542,Mini Rouge Dior Lipstick Set,Dior,Makeup,1.1053,Low Risk,73.08,False,6,0,0,0,0,0,1,0,0,0,0,0,0,0,7
P395905,Miss Dior Hair Mist,Dior,Fragrance,1.5652,Medium Risk,95.83,False,5,0,1,2,0,0,11,11,0,0,0,0,0,0,30
P76000,Pure Poison,Dior,Fragrance,1.6667,Medium Risk,95.45,False,3,0,1,2,0,0,13,12,0,0,0,0,0,0,31
P429720,Diorshow On Stage Waterproof Liquid Eyeliner,Dior,Makeup,1.0556,Low Risk,78.26,False,1,0,1,0,0,0,0,3,0,0,0,0,0,1,6
P471544,Diorshow Maximizer 3D Triple Volume Plumping Lash Primer,Dior,Makeup,1.0278,Low Risk,85.71,False,2,0,0,0,0,0,0,1,0,0,0,0,0,0,3
P502013,J'adore Parfum d'Eau,Dior,Fragrance,1.44,Low Risk,86.21,False,1,0,0,0,0,0,14,14,0,0,0,0,0,0,29
P480599,Lip Maximizer Serum,Dior,Makeup,1.0682,Low Risk (Limited Data),62.86,False,0,0,1,0,0,0,1,1,0,0,0,0,0,0,3
P99902,Crayon Eyeliner - Waterproof,Dior,Makeup,1.05,Low Risk,86.96,False,1,0,0,0,0,0,0,0,0,0,0,0,0,0,1
P454106,Miss Dior Rose N'Roses Eau de Toilette,Dior,Fragrance,1.65,Medium Risk,90.91,False,5,0,1,2,0,0,10,9,0,0,0,0,0,0,27
P423548,Miss Dior Moisturizing Body Milk,Dior,Bath & Body,1.3548,Low Risk,81.58,False,2,0,1,1,0,0,11,12,0,0,0,0,0,1,28
P457667,J'adore Eau de Parfum Roller-pearl,Dior,Mini Size,1.6731,Medium Risk,100.0,True,4,0,1,2,0,1,15,14,0,0,0,0,1,0,38
P375238,Dior Addict Eau Fraîche,Dior,Fragrance,1.6,Medium Risk,93.75,True,2,0,1,2,0,1,5,4,0,0,0,0,1,0,16
P440916,Miss Dior Eau de Toilette Roller-pearl,Dior,Fragrance,1.5909,Medium Risk,91.67,False,3,0,1,2,0,0,12,11,0,0,0,0,0,0,29
P435915,JOY by Dior,Dior,Fragrance,1.6429,Medium Risk,100.0,False,6,0,1,2,0,0,16,15,0,0,0,0,0,0,40
P408407,Sauvage Deodorant Stick,Dior,Bath & Body,1.5,Medium Risk,87.5,False,0,0,0,1,0,0,7,8,0,0,0,0,0,0,16
P375237,Dior Addict Eau de Parfum,Dior,Fragrance,1.6818,Medium Risk,95.65,False,3,0,1,2,0,0,14,13,0,0,0,0,0,0,33
P467944,Miss Dior Rose N'Roses Roller-pearl,Dior,Fragrance,1.65,Medium Risk,90.91,False,5,0,1,2,0,0,10,9,0,0,0,0,0,0,27
P386816,Diorshow Iconic Overcurl Waterproof Mascara,Dior,Makeup,1.0667,Low Risk,90.91,False,2,0,0,1,0,0,0,1,0,0,0,0,0,1,5
P435807,Dreamskin Fresh & Perfect Cushion Broad Spectrum SPF 50 Refill,Dior,Makeup,1.1951,Low Risk,83.67,True,1,0,1,1,1,1,4,5,0,0,0,0,1,1,16
P475091,Dior Forever Loose Cushion Powder,Dior,Makeup,1.1111,Low Risk,85.71,False,0,0,0,0,0,0,1,2,0,0,0,0,0,1,4
P379931,Poison,Dior,Fragrance,1.6591,Medium Risk,100.0,False,1,0,1,1,0,0,15,14,0,0,0,0,0,0,32
P441312,Diorshow Pump 'N' Volume Mascara,Dior,Makeup,1.0192,Low Risk,81.25,False,1,0,0,0,0,0,0,0,0,0,0,0,0,0,1
P501414,Miss Dior Blooming Bouquet Lifestyle Gift Set,Dior,Makeup,1.2687,Low Risk,79.76,True,7,0,1,2,0,1,12,12,0,0,1,0,1,0,37
P500313,Mini Diorshow Mascara Duo Set,Dior,Makeup,1.0233,Low Risk,76.79,False,2,0,0,0,0,0,0,1,0,0,0,0,0,0,3
P449122,Sauvage Parfum,Dior,Fragrance,1.6087,Medium Risk,95.83,False,5,0,1,2,0,0,12,11,0,0,0,0,0,0,31
P406640,J'adore Eau Lumière Eau de Toilette,Dior,Fragrance,1.6296,Medium Risk,90.0,False,4,0,1,2,0,0,16,15,0,0,0,0,0,0,38
P475526,Sauvage Elixir,Dior,Fragrance,1.6053,Medium Risk,95.0,False,3,0,1,0,0,0,11,10,0,0,0,0,0,0,25
P428255,Capture Youth Serum Collection,Dior,Skincare,1.25,Low Risk,85.71,False,1,0,0,1,0,0,1,3,0,0,1,0,0,2,9
P380621,J'adore Body Milk,Dior,Bath & Body,1.3387,Low Risk,81.58,False,1,0,1,1,0,0,11,12,0,0,0,0,0,1,27
P380620,J'adore Soap,Dior,Bath & Body,1.4773,Low Risk,70.97,True,0,0,0,1,0,1,9,8,1,0,0,0,1,1,22
P440915,Miss Dior Eau de Toilette,Dior,Fragrance,1.6136,Medium Risk,100.0,False,4,0,1,2,0,0,12,11,0,0,0,0,0,0,30
P457662,J'adore Hair Mist,Dior,Fragrance,1.6154,Medium Risk,96.3,True,4,0,1,2,0,1,13,13,0,0,0,0,1,0,35
P457666,J'adore Eau Lumière Eau de Toilette Roller-pearl,Dior,Mini Size,1.6296,Medium Risk,90.0,False,4,0,1,2,0,0,16,15,0,0,0,0,0,0,38
P4490,Fahrenheit,Dior,Fragrance,1.7632,Medium Risk,95.0,True,3,0,1,2,0,1,11,10,0,0,0,0,0,1,29
P444194,J'adore Huile Divine - Dry Silky Body & Hair Oil,Dior,Bath & Body,1.5682,Medium Risk,91.67,False,1,0,0,2,0,0,13,13,0,0,0,0,0,0,29
P455023,Homme Eau de Toilette,Dior,Fragrance,1.5789,Medium Risk,90.48,False,4,0,1,2,0,0,9,8,0,0,0,0,0,0,24
P504675,Dior Forever Glow Veil Makeup Primer,Dior,Makeup,1.0741,Low Risk,81.82,False,1,0,1,0,0,0,1,1,0,0,0,0,0,0,4
P504426,Miss Dior Eau de Parfum Set,Dior,Fragrance,1.8077,Medium Risk,81.25,False,0,0,0,0,0,0,13,13,0,0,0,0,0,0,26
P470214,Forever Perfect Fix Setting Spray,Dior,Makeup,1.1786,Low Risk,93.33,False,2,0,1,0,0,0,1,1,0,0,0,0,0,0,5
P427729,Capture Youth Age-Delay Advanced Crème,Dior,Skincare,1.1406,Low Risk,78.05,False,1,0,0,1,0,0,1,4,1,0,1,0,0,1,10
P463845,J'adore eau de parfum infinissime,Dior,Fragrance,1.6842,Medium Risk,82.61,False,2,0,1,0,0,0,14,13,0,0,0,0,0,0,30
P431440,Miss Dior Body Oil,Dior,Bath & Body,1.371,Low Risk,88.57,False,3,0,1,2,0,0,10,10,0,0,0,0,0,2,28
P463033,Diorshow Stylo Waterproof Eyeliner,Dior,Makeup,1.0179,Low Risk,84.85,False,1,0,0,0,0,0,0,0,0,0,0,0,0,0,1
P400061,Sauvage Deodorant Spray,Dior,Bath & Body,1.5,Medium Risk,100.0,False,0,0,1,1,0,0,7,7,0,0,0,0,0,0,16
P423264,One Essential Skin Boosting Super Serum,Dior,Skincare,1.2931,Low Risk (Limited Data),60.42,True,1,0,1,1,0,1,5,6,0,0,0,0,1,2,18
P375354,Capture Totale Intensive Night Restorative Crème,Dior,Skincare,1.186,Low Risk (Limited Data),66.15,True,1,0,1,1,0,1,5,7,0,0,0,0,1,2,19
P397673,Dior Homme Cologne,Dior,Fragrance,1.5882,Medium Risk,89.47,False,3,0,1,2,0,0,9,8,0,0,0,0,0,0,23
P500247,Diorshow OnSet Brow Gel,Dior,Makeup,1.0417,Low Risk,88.89,False,1,0,1,0,0,0,0,0,0,0,0,0,0,0,2
P416728,Dreamskin Skin Perfector Refill,Dior,Skincare,1.1667,Low Risk,84.78,False,1,0,1,0,0,0,6,6,0,0,0,0,0,2,16
P471543,J'adore eau de parfum infinissime Roller-Pearl,Dior,Fragrance,1.6842,Medium Risk,82.61,False,2,0,1,0,0,0,14,13,0,0,0,0,0,0,30
P481078,Sauvage Shower Wash,Dior,Bath & Body,1.1,Low Risk,83.33,False,0,0,0,0,0,0,1,0,1,0,0,0,0,1,3
P417604,Hydra Life Deep Hydration Sorbet Water Essence,Dior,Skincare,1.1923,Low Risk (Limited Data),60.47,False,2,0,1,1,0,0,2,2,0,0,0,0,0,2,10
P429676,Hydra Life Cooling Hydration Sorbet Eye Gel,Dior,Skincare,1.1957,Low Risk,71.88,False,2,0,1,1,0,0,2,2,0,0,0,0,0,1,9
P440923,Capture Youth Age-Delay Advanced Eye Treatment,Dior,Skincare,1.1207,Low Risk,74.36,False,1,0,0,1,0,0,1,3,0,0,1,0,0,1,8
P500408,Dior Addict Shine Lipstick Refill,Dior,Makeup,1.125,Low Risk,77.42,False,0,0,0,0,0,0,4,3,0,0,0,0,0,0,7
P504694,Dior Forever Velvet Veil Matte Primer,Dior,Makeup,1.0741,Low Risk,81.82,False,1,0,1,0,0,0,1,1,0,0,0,0,0,0,4
P408542,One Essential Eye Serum,Dior,Skincare,1.2576,Low Risk,70.21,True,1,0,1,1,0,1,5,5,0,0,0,0,1,2,17
P467761,Rouge Dior Lipstick Refill,Dior,Makeup,1.1026,Low Risk (Limited Data),69.64,False,6,0,0,0,0,0,1,0,0,0,0,0,0,0,7
P429430,Diorshow Pump'N'Volume Waterproof Mascara,Dior,Makeup,1.0536,Low Risk,100.0,False,2,0,1,0,0,0,0,1,0,0,0,0,0,1,5
P504692,Diorshow 10 Couleurs Eye Makeup Palette – Mitzah Limited Edition,Dior,Makeup,1.0,Low Risk,80.0,False,0,0,0,0,0,0,0,1,0,0,0,0,0,0,1
P503196,Sauvage Eau de Toilette Gift Set,Dior,Fragrance,1.3088,Low Risk,82.93,False,5,0,1,2,0,0,7,9,0,0,0,0,0,1,25
P4489,Eau Sauvage,Dior,Fragrance,1.5909,Medium Risk,100.0,False,3,0,1,2,0,0,12,11,0,0,0,0,0,0,29
P454807,Capture Totale Firming & Wrinkle-Correcting Eye Cream,Dior,Skincare,1.05,Low Risk (Limited Data),67.8,False,1,0,0,0,0,0,1,2,0,0,0,0,0,0,4
P469465,Rouge Dior Lip Balm Refill,Dior,Makeup,1.0556,Low Risk (Limited Data),69.23,False,0,0,0,0,0,0,1,0,0,0,0,0,0,0,1
P427731,Capture Youth Glow Booster Age-Delay Illuminating Serum,Dior,Skincare,1.25,Low Risk,85.71,False,1,0,0,1,0,0,1,3,0,0,1,0,0,2,9
P429675,Hydra Life Balancing Hydration 2 in 1 Sorbet Water,Dior,Skincare,1.2778,Low Risk (Limited Data),66.67,False,3,0,1,1,0,0,2,3,0,0,0,0,0,1,11
P427732,Capture Youth Plump Filler Age-Delay Plumping Serum,Dior,Skincare,1.1389,Low Risk,78.26,False,1,0,0,1,0,0,1,1,0,0,0,0,0,1,5
P420536,Sauvage Very Cool Spray,Dior,Fragrance,1.6364,Medium Risk,100.0,False,0,0,1,1,0,0,7,6,0,0,0,0,0,0,15
P476432,Capture Totale Super Potent Cleanser,Dior,Skincare,1.0714,Low Risk,70.0,False,2,0,0,0,0,0,1,0,0,0,0,0,0,0,3
P400059,Sauvage After-Shave Lotion,Dior,Bath & Body,1.6,Medium Risk,93.75,False,3,0,1,2,0,0,7,6,0,0,0,0,0,0,19
P480163,Dior Homme Sport,Dior,Fragrance,1.5312,Medium Risk,84.21,False,2,0,1,0,0,0,9,8,0,0,0,0,0,0,20
P418122,Dior Homme Sport,Dior,Fragrance,1.5833,Medium Risk,94.74,False,4,0,1,2,0,0,8,7,0,0,0,0,0,0,22
P500623,Eye and Lip Makeup Remover,Dior,Makeup,1.0714,Low Risk,82.35,False,0,0,0,0,0,0,1,0,0,0,0,0,0,0,1
P444987,Capture Youth Age-Delay Progressive Peeling Crème,Dior,Skincare,1.1406,Low Risk,78.05,False,1,0,0,1,0,0,1,4,1,0,1,0,0,1,10
P481970,Hydra Life Fresh Sorbet Crème Moisturizer,Dior,Skincare,1.0952,Low Risk,77.78,False,1,0,1,0,0,0,1,1,0,0,0,0,0,0,4
P455022,Homme Deodorant Stick,Dior,Bath & Body,1.5,Medium Risk,87.5,False,0,0,0,1,0,0,7,6,0,0,0,0,0,0,14
P455584,Sauvage Shaving Gel,Dior,Bath & Body,1.275,Low Risk,86.96,False,1,0,0,1,0,0,4,5,1,0,0,0,0,2,14
P440922,Capture Youth Intense Rescue Age-Delay Revitalizing Oil-Serum,Dior,Skincare,1.1136,Low Risk,78.57,False,1,0,0,1,0,0,1,2,0,0,0,0,0,1,6
P481971,Hydra Life Intense Sorbet Crème Moisturizer,Dior,Skincare,1.0517,Low Risk,93.55,False,1,0,0,0,0,0,1,1,0,0,0,0,0,0,3
P481077,Capture Totale Intensive Essence Lotion,Dior,Skincare,1.0833,Low Risk (Limited Data),66.67,False,1,0,1,0,0,0,1,1,0,0,0,0,0,0,4
P481079,Sauvage After Shave Balm,Dior,Men,1.0682,Low Risk,88.0,False,1,0,0,0,0,0,1,1,0,0,0,0,0,0,3
P504053,Capture Dreamskin 1-Minute Mask,Dior,Skincare,1.0806,Low Risk,83.78,False,1,0,1,0,0,0,1,2,0,0,0,0,0,0,5
P12420,Light Blue Eau de Toilette,Dolce&Gabbana,Fragrance,1.7222,Medium Risk,90.0,False,1,0,1,2,0,0,5,4,0,0,0,0,0,0,13
P195321,The One,Dolce&Gabbana,Fragrance,1.6053,Medium Risk,95.0,False,1,0,1,2,0,0,12,11,0,0,0,0,0,0,27
P245901,L’IMPERATRICE Eau de Toilette,Dolce&Gabbana,Fragrance,1.55,Medium Risk,90.91,False,2,0,1,2,0,0,3,3,0,0,0,0,0,0,11
P418849,Light Blue Eau Intense,Dolce&Gabbana,Fragrance,1.625,Medium Risk,94.12,False,3,0,1,2,0,0,9,8,0,0,0,0,0,0,23
P377485,Light Blue Eau de Toilette Travel Spray,Dolce&Gabbana,Fragrance,1.7222,Medium Risk,90.0,False,1,0,1,2,0,0,5,4,0,0,0,0,0,0,13
P385301,Dolce Eau de Parfum,Dolce&Gabbana,Fragrance,1.675,Medium Risk,95.24,False,3,0,1,2,0,0,13,12,0,0,0,0,0,0,31
P429971,Dolce Garden,Dolce&Gabbana,Fragrance,1.6875,Medium Risk,94.12,False,2,0,1,2,0,0,10,9,0,0,0,0,0,0,24
P186402,Light Blue Pour Homme Eau de Toilette,Dolce&Gabbana,Fragrance,1.625,Medium Risk,94.12,False,3,0,1,2,0,0,9,8,0,0,0,0,0,0,23
P376951,Pour Femme,Dolce&Gabbana,Fragrance,1.6579,Medium Risk,95.0,False,4,0,1,2,0,0,11,10,0,0,0,0,0,0,28
P224300,The One For Men,Dolce&Gabbana,Fragrance,1.5588,Medium Risk,94.44,False,3,0,1,2,0,0,8,7,0,0,0,0,0,0,21
P406330,The One For Men Eau De Parfum,Dolce&Gabbana,Fragrance,1.5882,Medium Risk,94.44,False,2,0,1,2,0,0,9,8,0,0,0,0,0,0,22
P419011,Light Blue Eau Intense Pour Homme,Dolce&Gabbana,Fragrance,1.625,Medium Risk,94.12,False,3,0,1,2,0,0,9,8,0,0,0,0,0,0,23
P382515,Pour Femme Intense,Dolce&Gabbana,Fragrance,1.6944,Medium Risk,94.74,False,4,0,1,2,0,0,11,10,0,0,0,0,0,0,28
P429970,Dolce Garden Travel Spray,Dolce&Gabbana,Fragrance,1.6875,Medium Risk,94.12,False,2,0,1,2,0,0,10,9,0,0,0,0,0,0,24
P449367,K by Dolce & Gabbana,Dolce&Gabbana,Men,1.6316,Medium Risk,95.0,False,4,0,1,2,0,0,10,9,0,0,0,0,0,0,26
P377775,Pour Femme Rollerball,Dolce&Gabbana,Fragrance,1.6579,Medium Risk,95.0,False,4,0,1,2,0,0,11,10,0,0,0,0,0,0,28
P480295,Dolce Lily Eau De Toilette,Dolce&Gabbana,Fragrance,1.65,Medium Risk,100.0,False,3,0,1,0,0,0,14,13,0,0,0,0,0,0,31
P456715,The One Eau de Parfum Travel Spray,Dolce&Gabbana,Fragrance,1.6053,Medium Risk,95.0,False,1,0,1,2,0,0,12,11,0,0,0,0,0,0,27
P0901,Pour Homme,Dolce&Gabbana,Fragrance,1.7143,Medium Risk,93.33,False,1,0,1,2,0,0,10,9,0,0,0,0,0,0,23
P306859,Light Blue Pour Homme Deodorant,Dolce&Gabbana,Bath & Body,1.4062,Low Risk,100.0,False,0,0,1,0,0,0,8,9,0,0,0,0,0,0,18
P505167,The Essential Eye Shadow Palette,DOMINIQUE COSMETICS,Makeup,1.0156,Low Risk,94.12,False,1,0,0,0,0,0,0,1,0,0,0,0,0,1,3
P380541,Cashmere Mist Deodorant,Donna Karan,Bath & Body,1.4737,Low Risk,82.61,False,0,0,0,1,0,0,10,10,0,0,0,0,0,0,21
P41391,Cashmere Mist Eau de Parfum,Donna Karan,Fragrance,1.7895,Medium Risk,95.0,True,0,0,1,0,0,1,16,16,0,0,0,0,1,0,35
P440445,Cashmere Mist Travel Spray,Donna Karan,Fragrance,1.7895,Medium Risk,95.0,True,0,0,1,0,0,1,16,16,0,0,0,0,1,0,35
P503730,Cashmere Mist Aluminum Free/Alcohol Free Deodorant,Donna Karan,Bath & Body,1.5,Medium Risk,94.44,False,0,0,0,0,0,0,11,10,0,0,0,0,0,0,21
P380539,Cashmere Mist Body Creme,Donna Karan,Bath & Body,1.2955,Low Risk,73.33,False,2,0,0,1,0,0,6,7,0,0,0,0,0,1,17
P447212,Hyaluronic Serum,Dr. Barbara Sturm,Skincare,1.0714,Low Risk,87.5,False,1,0,0,0,0,0,0,2,0,0,0,0,0,1,4
P454936,Mini Hyaluronic Serum,Dr. Barbara Sturm,Skincare,1.0714,Low Risk,87.5,False,1,0,0,0,0,0,0,2,0,0,0,0,0,1,4
P447782,Glow Drops,Dr. Barbara Sturm,Skincare,1.0345,Low Risk,80.56,False,1,0,1,0,0,0,0,2,0,0,0,0,0,1,5
P454935,Mini Glow Drops,Dr. Barbara Sturm,Skincare,1.0345,Low Risk,80.56,False,1,0,1,0,0,0,0,2,0,0,0,0,0,1,5
P447781,Face Cream,Dr. Barbara Sturm,Skincare,1.04,Low Risk,78.12,False,1,0,1,0,0,0,0,2,0,0,0,0,0,1,5
P464233,Mini Face Cream,Dr. Barbara Sturm,Skincare,1.04,Low Risk,78.12,False,1,0,1,0,0,0,0,2,0,0,0,0,0,1,5
P447785,Eye Cream,Dr. Barbara Sturm,Skincare,1.0294,Low Risk,73.91,False,1,0,0,0,0,0,0,3,0,0,0,0,0,1,5
P447783,Cleanser,Dr. Barbara Sturm,Skincare,1.1786,Low Risk,73.68,False,2,0,0,0,0,0,1,3,0,0,0,0,0,1,7
P447789,Sun Drops SPF 50,Dr. Barbara Sturm,Skincare,1.0556,Low Risk (Limited Data),66.67,False,1,0,0,0,0,0,0,3,0,0,0,0,0,1,5
P448554,Enzyme Cleanser,Dr. Barbara Sturm,Skincare,1.0,Low Risk (Limited Data),66.67,False,0,0,0,0,0,0,0,0,0,0,0,0,0,0,0
P448711,Face Mask,Dr. Barbara Sturm,Skincare,1.0357,Low Risk,87.5,False,1,0,0,0,0,0,0,2,0,0,0,0,0,1,4
P447790,Anti-Pollution Drops,Dr. Barbara Sturm,Skincare,1.0556,Low Risk (Limited Data),69.23,False,1,0,0,0,0,0,0,2,0,0,0,0,0,1,4
P456997,Night Serum,Dr. Barbara Sturm,Skincare,1.0833,Low Risk (Limited Data),63.16,False,1,0,1,0,0,0,0,2,0,0,0,0,0,1,5
P447787,Super Anti-Aging Serum,Dr. Barbara Sturm,Skincare,1.0714,Low Risk,70.0,False,1,0,0,0,0,0,0,2,0,0,0,0,0,1,4
P454937,Mini Super Anti-Aging Serum,Dr. Barbara Sturm,Skincare,1.0714,Low Risk,70.0,False,1,0,0,0,0,0,0,2,0,0,0,0,0,1,4
P481973,The Better B Niacinamide Serum,Dr. Barbara Sturm,Skincare,1.0526,Low Risk,79.17,False,1,0,1,0,0,0,0,2,0,0,0,0,0,1,5
P448715,Balancing Toner,Dr. Barbara Sturm,Skincare,1.0556,Low Risk (Limited Data),60.0,False,1,0,0,0,0,0,0,2,0,0,0,0,0,1,4
P469200,The Good C Vitamin C Serum,Dr. Barbara Sturm,Skincare,1.0263,Low Risk,73.08,False,1,0,0,0,0,0,0,2,0,0,0,0,0,1,4
P448553,Face Cream Rich,Dr. Barbara Sturm,Skincare,1.0385,Low Risk,74.29,False,1,0,1,0,0,0,0,2,0,0,0,0,0,1,5
P448558,Clarifying Face Cream,Dr. Barbara Sturm,Skincare,1.0429,Low Risk,71.43,False,1,0,1,0,0,0,0,3,0,0,0,0,0,1,6
P447788,Calming Serum,Dr. Barbara Sturm,Skincare,1.0312,Low Risk (Limited Data),69.57,False,1,0,0,0,0,0,0,2,0,0,0,0,0,1,4
P448557,Clarifying Serum,Dr. Barbara Sturm,Skincare,1.0417,Low Risk,75.0,False,1,0,0,0,0,0,0,2,0,0,0,0,0,1,4
P448542,Clarifying Mask,Dr. Barbara Sturm,Skincare,1.0556,Low Risk,75.0,False,1,0,2,0,0,0,0,2,0,0,0,0,0,1,6
P449601,Face Cream Light,Dr. Barbara Sturm,Skincare,1.0238,Low Risk,72.41,False,1,0,0,0,0,0,0,2,0,0,0,0,0,1,4
P454375,Clarifying Acne Spot Treatment,Dr. Barbara Sturm,Skincare,1.1111,Low Risk (Limited Data),64.29,False,1,0,0,0,0,0,1,2,0,0,0,0,0,1,5
P448716,Anti-Aging Body Cream,Dr. Barbara Sturm,Bath & Body,1.2241,Low Risk (Limited Data),69.05,False,1,0,1,0,0,0,5,8,0,0,0,0,0,1,16
P481414,V Wash,Dr. Barbara Sturm,Bath & Body,1.0769,Low Risk,76.47,False,1,0,0,0,0,0,0,2,0,0,0,0,0,1,4
P448548,Darker Skin Tones Hyaluronic Serum,Dr. Barbara Sturm,Skincare,1.0556,Low Risk,75.0,False,1,0,0,0,0,0,0,2,0,0,0,0,0,1,4
P481413,V Drops,Dr. Barbara Sturm,Bath & Body,1.1,Low Risk (Limited Data),60.0,False,1,0,1,0,0,0,0,4,0,0,0,0,0,1,7
P448545,Darker Skin Tones Foam Cleanser,Dr. Barbara Sturm,Skincare,1.2692,Low Risk,72.22,False,2,0,1,0,0,0,0,3,1,0,0,0,0,2,9
P475926,The SturmGlow Kit,Dr. Barbara Sturm,Skincare,1.0238,Low Risk,76.36,False,1,0,1,0,0,0,0,2,0,0,0,0,0,1,5
P448546,Darker Skin Tones Enzyme Cleanser,Dr. Barbara Sturm,Skincare,1.0,Low Risk (Limited Data),66.67,False,0,0,0,0,0,0,0,0,0,0,0,0,0,0,0
P448549,Brightening Serum,Dr. Barbara Sturm,Skincare,1.0455,Low Risk,73.33,False,1,0,1,0,0,0,0,2,0,0,0,0,0,1,5
P448544,Darker Skin Tones Face Cream,Dr. Barbara Sturm,Skincare,1.0484,Low Risk (Limited Data),65.96,False,1,0,1,0,0,0,0,3,0,0,0,0,0,1,6
P474036,Aloe Vera Gel,Dr. Barbara Sturm,Skincare,1.0455,Low Risk,73.33,False,1,0,0,0,0,0,0,2,0,0,0,0,0,1,4
P471017,Super Anti-Aging Face Cream,Dr. Barbara Sturm,Skincare,1.02,Low Risk,78.12,False,1,0,0,0,0,0,0,3,0,0,0,0,0,1,5
P448713,Clarifying Spot Treatment,Dr. Barbara Sturm,Skincare,1.06,Low Risk,73.53,False,1,0,0,0,0,0,1,3,0,0,0,0,0,1,6
P448551,Brightening Face Lotion,Dr. Barbara Sturm,Skincare,1.037,Low Risk (Limited Data),69.23,False,1,0,1,0,0,0,0,2,0,0,0,0,0,1,5
P477150,Super Anti-Aging Eye Cream,Dr. Barbara Sturm,Skincare,1.0323,Low Risk (Limited Data),68.89,False,1,0,1,0,0,0,0,3,0,0,0,0,0,1,6
P448550,Brightening Face Cream,Dr. Barbara Sturm,Skincare,1.0345,Low Risk,70.73,False,1,0,1,0,0,0,0,2,0,0,0,0,0,1,5
P448547,Darker Skin Tones Face Cream Rich,Dr. Barbara Sturm,Skincare,1.0435,Low Risk (Limited Data),60.53,False,1,0,1,0,0,0,0,2,0,0,0,0,0,1,5
P504011,Super Anti-Aging Night Cream,Dr. Barbara Sturm,Skincare,1.0238,Low Risk,80.77,False,1,0,0,0,0,0,0,2,0,0,0,0,0,1,4
P139005,pores no more pore refiner primer,Dr. Brandt Skincare,Makeup,1.125,Low Risk,80.0,False,3,0,0,0,0,0,0,4,0,0,0,0,0,2,9
P427397,Hydro Biotic Recovery Sleeping Mask,Dr. Brandt Skincare,Skincare,1.0294,Low Risk (Limited Data),50.0,False,1,0,0,0,0,0,0,1,0,0,0,0,0,1,3
P391802,Needles No More Wrinkle Smoothing Cream,Dr. Brandt Skincare,Skincare,1.1129,Low Risk (Limited Data),63.27,False,2,0,0,0,0,0,1,6,0,0,1,0,0,1,11
P397310,PoreDermabrasion Pore Perfecting Exfoliator,Dr. Brandt Skincare,Skincare,1.2045,Low Risk (Limited Data),68.75,False,2,0,1,0,0,0,0,7,0,0,0,2,0,4,16
P411254,MAGNETIGHT Age-Defier Mask,Dr. Brandt Skincare,Skincare,1.1538,Low Risk (Limited Data),59.09,False,0,0,0,0,0,0,1,3,0,0,0,1,0,2,7
P435209,Radiance Resurfacing Foam,Dr. Brandt Skincare,Skincare,1.0676,Low Risk (Limited Data),58.73,False,0,0,1,0,0,0,0,2,0,0,1,1,0,0,5
P429662,pores no more Vacuum Cleaner Pore Purifying Mask,Dr. Brandt Skincare,Skincare,1.1667,Low Risk,75.0,False,1,0,1,0,0,0,1,4,0,0,0,0,0,1,8
P417002,pores no more Luminizer Primer,Dr. Brandt Skincare,Makeup,1.0323,Low Risk,73.81,False,1,0,0,0,0,0,1,3,0,0,0,0,0,1,6
P470217,Liquid Sun Shield Daily Brightening Mineral Sunscreen SPF 50,Dr. Brandt Skincare,Skincare,1.1034,Low Risk,70.73,False,1,0,0,0,0,0,1,6,0,0,1,1,0,2,12
P467614,C Scription Vitamin C Brightening Serum,Dr. Brandt Skincare,Skincare,1.1731,Low Risk (Limited Data),68.42,False,1,0,0,0,0,0,4,8,0,0,1,0,0,2,16
P383053,Do Not Age with Dr. Brandt Triple Peptide Eye Cream,Dr. Brandt Skincare,Skincare,1.1296,Low Risk (Limited Data),58.7,False,2,0,0,1,0,0,0,3,0,0,0,0,0,1,7
P460758,Cool Biotic Prebiotic Redness Relief Cream,Dr. Brandt Skincare,Skincare,1.0714,Low Risk (Limited Data),60.0,False,0,0,0,0,0,0,1,3,0,0,0,0,0,0,4
P417625,24/7 Retinol Eye Cream,Dr. Brandt Skincare,Skincare,1.1,Low Risk,83.33,False,2,0,0,0,0,0,1,3,0,0,0,0,1,1,8
P444225,Clean Biotic pH-balanced yogurt cleanser with chlorophyll,Dr. Brandt Skincare,Skincare,1.0833,Low Risk (Limited Data),66.67,False,0,0,0,0,0,0,1,2,0,0,0,0,0,0,3
P429661,pores no more Mattifying Hydrator Pore Minimizing Gel,Dr. Brandt Skincare,Skincare,1.1111,Low Risk,72.97,False,2,0,1,0,0,0,0,3,0,0,1,0,0,1,8
P383052,Do Not Age with Dr. Brandt Moisturizing Neck Cream,Dr. Brandt Skincare,Skincare,1.0484,Low Risk,79.49,False,1,0,0,0,0,0,0,5,0,0,0,0,0,1,7
P383051,Do Not Age with Dr. Brandt Time Defying Cream,Dr. Brandt Skincare,Skincare,1.1471,Low Risk (Limited Data),48.57,False,2,0,0,1,0,0,0,1,0,0,0,0,0,1,5
P453822,Dark Spots No More Triple Acid Spot Minimizing Concentrate,Dr. Brandt Skincare,Skincare,1.0667,Low Risk (Limited Data),65.22,False,2,0,0,0,0,0,0,2,0,0,0,0,0,1,5
P448710,pores no more Pore Purifying Cleanser,Dr. Brandt Skincare,Skincare,1.2273,Low Risk (Limited Data),47.83,False,2,0,0,0,0,0,0,3,1,0,0,0,0,2,8
P502640,Microdermabrasion Renewing Age-Defying Face Exfoliator,Dr. Brandt Skincare,Skincare,1.25,Low Risk (Limited Data),66.67,False,0,0,0,0,0,0,1,5,0,0,0,1,0,1,8
P383054,Do Not Age with Dr. Brandt Transforming Pearl Serum,Dr. Brandt Skincare,Skincare,1.14,Low Risk (Limited Data),65.79,False,1,0,1,1,0,0,2,5,0,0,0,1,0,1,12
P442001,Hyaluronic Facial Cream,Dr. Brandt Skincare,Skincare,1.125,Low Risk (Limited Data),63.16,False,3,0,0,0,0,0,1,8,0,0,1,0,0,1,14
P442263,needles no more 3-D LIP PLUMPFIX,Dr. Brandt Skincare,Skincare,1.0111,Low Risk (Limited Data),63.38,False,1,0,0,0,0,0,0,3,0,0,0,0,0,1,5
P440302,needles no more Neck Sculpting Cream,Dr. Brandt Skincare,Skincare,1.1167,Low Risk (Limited Data),69.77,False,1,0,1,0,0,0,1,6,0,0,0,1,0,2,12
P476570,Triple Active Retinol Gentle Overnight Renewal Cream,Dr. Brandt Skincare,Skincare,1.069,Low Risk (Limited Data),67.44,False,1,0,0,0,0,0,1,3,0,0,0,0,1,0,6
P435790,Radiance Revitalizing Foam,Dr. Brandt Skincare,Skincare,1.0676,Low Risk (Limited Data),58.73,False,0,0,1,0,0,0,0,2,0,0,1,1,0,0,5
P502592,Mini Microdermabrasion Renewing Age-Defying Face Exfoliator,Dr. Brandt Skincare,Mini Size,1.25,Low Risk (Limited Data),66.67,False,0,0,0,0,0,0,1,5,0,0,0,1,0,1,8
P504411,Microdermabrasion Smoothing Lip Scrub,Dr. Brandt Skincare,Skincare,1.0,Low Risk (Limited Data),60.0,False,0,0,0,0,0,0,0,0,0,0,0,0,0,0,0
P500151,Drop of Strength All Day Strengthening Serum,Dr. Brandt Skincare,Skincare,1.0,Low Risk (Limited Data),61.9,False,0,0,0,0,0,0,0,1,0,0,0,0,0,0,1
P460622,25 Years of Dr. Brandt Kit,Dr. Brandt Skincare,Skincare,1.1076,Low Risk (Limited Data),63.2,False,3,0,0,0,0,0,4,11,0,0,1,0,0,2,21
P504423,Microdermbrasion Hydrating Body Exfoliator,Dr. Brandt Skincare,Bath & Body,1.0909,Low Risk,73.33,False,0,0,0,0,0,0,1,0,0,0,0,0,0,0,1
P269122,Alpha Beta Extra Strength Daily Peel Pads,Dr. Dennis Gross Skincare,Skincare,1.1667,Low Risk (Limited Data),69.77,False,3,0,2,0,0,0,1,3,0,0,0,0,1,1,11
P425868,Mini Alpha Beta Extra Strength Daily Peel Pads,Dr. Dennis Gross Skincare,Mini Size,1.1667,Low Risk (Limited Data),69.77,False,3,0,2,0,0,0,1,3,0,0,0,0,1,1,11
P447592,Alpha Beta Pore Perfecting & Refining Serum,Dr. Dennis Gross Skincare,Skincare,1.1667,Low Risk (Limited Data),58.93,False,4,0,0,0,0,0,1,6,0,0,0,0,1,1,13
P377533,Alpha Beta Universal Daily Peel Pads,Dr. Dennis Gross Skincare,Skincare,1.1786,Low Risk,71.79,False,3,0,2,0,0,0,1,3,0,0,0,0,1,1,11
P425869,Mini Alpha Beta Universal Daily Peel Pads,Dr. Dennis Gross Skincare,Mini Size,1.1786,Low Risk,71.79,False,3,0,2,0,0,0,1,3,0,0,0,0,1,1,11
P461439,Hyaluronic Marine Makeup Removing Meltaway Cleanser,Dr. Dennis Gross Skincare,Skincare,1.0526,Low Risk,70.37,False,1,0,0,0,0,0,0,2,0,0,0,0,0,1,4
P481340,Alpha Beta AHA/BHA Daily Cleansing Gel,Dr. Dennis Gross Skincare,Skincare,1.0714,Low Risk,70.0,False,1,0,0,0,0,0,1,3,0,0,0,0,0,1,6
P474825,Advanced Retinol + Ferulic Triple Correction Eye Serum,Dr. Dennis Gross Skincare,Skincare,1.1429,Low Risk,70.0,False,4,0,0,0,0,0,0,4,0,0,0,0,1,1,10
P474826,Advanced Retinol + Ferulic Texture Renewal Serum,Dr. Dennis Gross Skincare,Skincare,1.1552,Low Risk,70.73,False,4,0,0,0,0,0,0,5,0,0,0,0,1,1,11
P466877,Alpha Beta Exfoliating Body Treatment Peel,Dr. Dennis Gross Skincare,Bath & Body,1.1042,Low Risk (Limited Data),61.54,False,2,0,1,0,0,0,0,3,0,0,0,0,0,1,7
P501190,Vitamin C Lactic Dewy Deep Cream,Dr. Dennis Gross Skincare,Skincare,1.0488,Low Risk (Limited Data),64.06,False,2,0,0,0,0,0,0,4,0,0,0,0,0,1,7
P474824,Advanced Retinol + Ferulic Overnight Wrinkle Treatment,Dr. Dennis Gross Skincare,Skincare,1.0926,Low Risk (Limited Data),62.79,False,2,0,0,0,0,0,0,4,0,0,0,0,1,1,8
P398761,Alpha Beta Ultra Gentle Daily Peel Pads for Sensitive Skin,Dr. Dennis Gross Skincare,Skincare,1.0806,Low Risk (Limited Data),58.49,False,2,0,0,0,0,0,0,3,0,0,0,1,0,1,7
P501169,Vitamin C Lactic 15% Firm & Bright Serum,Dr. Dennis Gross Skincare,Skincare,1.1923,Low Risk,81.25,False,1,0,0,0,0,0,0,4,0,0,1,0,0,1,7
P501157,Vitamin C Lactic Firm & Bright Eye Treatment,Dr. Dennis Gross Skincare,Skincare,1.0455,Low Risk (Limited Data),67.35,False,2,0,0,0,0,0,0,2,0,0,0,0,0,1,5
P427393,Hyaluronic Marine Dew It Right Eye Gel,Dr. Dennis Gross Skincare,Skincare,1.0769,Low Risk,70.27,False,1,0,0,0,0,0,1,3,0,0,0,0,0,1,6
P474823,Advanced Retinol + Ferulic Overnight Texture Renewal Peel,Dr. Dennis Gross Skincare,Skincare,1.1207,Low Risk (Limited Data),65.91,False,2,0,1,0,0,0,1,4,0,0,0,0,1,1,10
P416755,Hyaluronic Marine Oil-Free Moisture Cushion,Dr. Dennis Gross Skincare,Skincare,1.1029,Low Risk,75.56,False,1,0,0,0,0,0,1,6,0,0,0,1,0,1,10
P479313,Advanced Retinol + Ferulic Intense Wrinkle Cream,Dr. Dennis Gross Skincare,Skincare,1.0833,Low Risk (Limited Data),65.62,False,2,0,0,0,0,0,1,6,0,0,0,0,1,1,11
P385773,Hyaluronic Marine Hydration Booster,Dr. Dennis Gross Skincare,Skincare,1.1053,Low Risk,73.08,False,3,0,0,0,0,0,1,4,0,0,0,0,1,1,10
P503927,Vitamin C Lactic Biocellulose Brightening Treatment Mask,Dr. Dennis Gross Skincare,Skincare,1.1176,Low Risk,85.0,False,0,0,0,0,0,0,0,4,0,0,0,2,0,1,7
P501166,Vitamin C Lactic Oil-Free Radiant Moisturizer,Dr. Dennis Gross Skincare,Skincare,1.0488,Low Risk (Limited Data),58.57,False,2,0,0,0,0,0,0,4,0,0,0,0,0,1,7
P481341,Alpha Beta Daily Moisturizer,Dr. Dennis Gross Skincare,Skincare,1.0976,Low Risk (Limited Data),64.06,False,3,0,0,0,0,0,1,5,0,0,0,0,0,1,10
P411360,Hyaluronic Marine Hydrating Modeling Mask,Dr. Dennis Gross Skincare,Skincare,1.3529,Low Risk,70.83,False,1,0,0,0,0,0,7,6,0,0,0,0,0,0,14
P481975,Alpha Beta Daily Essentials - Universal,Dr. Dennis Gross Skincare,Skincare,1.1,Low Risk (Limited Data),65.42,False,4,0,2,0,0,0,2,5,0,0,0,0,1,1,15
P481339,Alpha Beta Daily Essentials - Extra Strength,Dr. Dennis Gross Skincare,Skincare,1.1,Low Risk (Limited Data),64.22,False,4,0,2,0,0,0,2,5,0,0,0,0,1,1,15
P466878,Mini Alpha Beta Exfoliating Body Treatment Peel,Dr. Dennis Gross Skincare,Skincare,1.1042,Low Risk (Limited Data),61.54,False,2,0,1,0,0,0,0,3,0,0,0,0,0,1,7
P481376,Mini Alpha Beta AHA/BHA Daily Cleansing Gel,Dr. Dennis Gross Skincare,Skincare,1.0714,Low Risk,70.0,False,1,0,0,0,0,0,1,3,0,0,0,0,0,1,6
P474943,Mini Alpha Beta Ultra Gentle Daily Peel Pads for Sensitive Skin,Dr. Dennis Gross Skincare,Skincare,1.0806,Low Risk (Limited Data),58.49,False,2,0,0,0,0,0,0,3,0,0,0,1,0,1,7
P503912,Firm + Bright + Glow Vitamin C Lactic Set,Dr. Dennis Gross Skincare,Skincare,1.1016,Low Risk (Limited Data),60.95,False,3,0,2,0,0,0,1,6,0,0,1,0,1,1,15
P411540,Cicapair Tiger Grass Color Correcting Treatment SPF 30,Dr. Jart+,Skincare,1.0811,Low Risk (Limited Data),52.86,False,0,0,1,1,1,0,0,1,0,0,0,0,0,1,5
P471546,Mini Cicapair Tiger Grass Color Correcting Treatment SPF 30,Dr. Jart+,Skincare,1.0811,Low Risk (Limited Data),52.86,False,0,0,1,1,1,0,0,1,0,0,0,0,0,1,5
P411539,Cicapair Tiger Grass Cream,Dr. Jart+,Skincare,1.0476,Low Risk (Limited Data),65.62,False,0,0,0,0,0,0,0,5,0,0,1,1,0,2,9
P423259,Cicapair Tiger Grass Serum,Dr. Jart+,Skincare,1.0909,Low Risk (Limited Data),57.89,False,0,0,0,0,0,0,0,4,0,0,1,1,0,2,8
P467615,Cicapair Tiger Grass Sleepair Intensive Mask,Dr. Jart+,Skincare,1.04,Low Risk (Limited Data),43.86,False,0,0,0,0,0,0,0,1,0,0,1,0,0,0,2
P448185,Cicapair Tiger Grass Calming Gel Cream,Dr. Jart+,Skincare,1.0625,Low Risk (Limited Data),65.31,False,0,0,0,0,0,0,0,5,0,0,1,1,0,2,9
P454019,Teatreement Moisturizer,Dr. Jart+,Skincare,1.0345,Low Risk (Limited Data),56.86,False,1,0,0,0,0,0,0,2,0,0,0,0,0,0,3
P501005,Premium BB Tinted Moisturizer with Niacinamide and SPF 40,Dr. Jart+,Skincare,1.15,Low Risk,76.92,False,1,0,0,1,1,0,1,5,0,0,0,2,0,2,13
P442857,Focuspot Micro Tip Patches,Dr. Jart+,Skincare,1.0,Low Risk (Limited Data),62.5,False,0,0,0,0,0,0,0,0,0,0,0,0,0,0,0
P457008,Cryo Rubber Masks,Dr. Jart+,Skincare,1.0111,Low Risk,70.31,False,0,0,0,0,0,0,0,1,0,0,0,0,0,1,2
P448184,Cicapair Tiger Grass Calming Mist,Dr. Jart+,Skincare,1.0833,Low Risk (Limited Data),61.54,False,0,0,0,0,0,0,0,5,0,0,1,1,0,2,9
P454086,Teatreement Cleansing Foam,Dr. Jart+,Skincare,1.0588,Low Risk (Limited Data),47.22,False,1,0,0,0,0,0,0,1,0,0,0,0,0,0,2
P457521,Every Sun Day Mineral Sunscreen SPF 50+,Dr. Jart+,Skincare,1.0294,Low Risk,70.83,False,0,0,0,0,0,0,0,1,0,0,0,0,0,0,1
P429250,Cicapair  Tiger Grass Camo Drops Color Corrector SPF 35,Dr. Jart+,Skincare,1.0444,Low Risk (Limited Data),59.21,False,1,0,1,0,0,0,0,4,0,0,0,0,0,2,8
P454085,Teatreement Toner,Dr. Jart+,Skincare,1.0714,Low Risk (Limited Data),50.0,False,1,0,0,0,0,0,0,2,0,0,0,0,0,0,3
P473828,Ceramidin  Eye Cream with Niacinamide,Dr. Jart+,Skincare,1.0667,Low Risk,73.17,False,0,0,0,0,1,0,1,3,0,0,0,1,0,1,7
P429529,Sheet Masks,Dr. Jart+,Skincare,1.1111,Low Risk,77.14,False,1,0,1,0,1,0,1,1,0,0,0,0,0,0,5
P479632,Pore Remedy PHA Exfoliating Serum,Dr. Jart+,Skincare,1.1923,Low Risk,72.22,False,0,0,1,0,0,0,1,4,0,0,1,0,0,1,8
P504007,Ceramidin Skin Barrier Moisturizing Cream,Dr. Jart+,Skincare,1.0625,Low Risk,74.42,False,0,0,0,0,0,0,2,3,0,0,0,1,0,1,7
P504042,Ceramidin Skin Barrier Moisturizing Mask,Dr. Jart+,Skincare,1.0625,Low Risk,85.71,False,0,0,0,0,0,0,0,3,0,0,1,1,0,1,6
P504001,Ceramidin Skin Barrier Serum Toner,Dr. Jart+,Skincare,1.1346,Low Risk,74.29,False,0,0,1,0,0,0,2,6,0,0,1,1,0,1,12
P504064,Ceramidin Cream-Infused Mask,Dr. Jart+,Skincare,1.0417,Low Risk,70.59,False,0,0,0,0,0,0,1,4,0,0,0,1,0,1,7
P457522,Every Sun Day Sun Fluid SPF 50+,Dr. Jart+,Skincare,1.2353,Low Risk,73.91,False,3,0,1,2,0,0,0,3,0,0,0,0,0,1,10
P397624,Dermask Micro Jet Clearing Solution,Dr. Jart+,Skincare,1.1316,Low Risk (Limited Data),65.52,False,3,1,0,0,0,0,0,3,0,0,1,0,0,1,9
P479633,Pore Remedy Purifying Mud Mask,Dr. Jart+,Skincare,1.0263,Low Risk (Limited Data),65.52,False,1,0,0,0,0,0,0,1,0,0,0,0,0,0,2
P397623,Dermask Water Jet Vital Hydra Solution,Dr. Jart+,Skincare,1.1111,Low Risk,77.14,False,1,0,1,0,1,0,1,1,0,0,0,0,0,0,5
P481700,Cicapair Redness Rescue Kit,Dr. Jart+,Skincare,1.0417,Low Risk (Limited Data),56.69,False,1,0,1,0,0,0,0,6,0,0,1,1,0,3,13
P397622,Dermask Water Jet Soothing Hydra Solution,Dr. Jart+,Skincare,1.0962,Low Risk (Limited Data),63.41,False,2,0,1,0,1,0,0,1,0,0,0,0,0,1,6
P442854,Focuspot Dark Spot Micro Tip Patch,Dr. Jart+,Skincare,1.0,Low Risk,87.5,False,0,0,0,0,0,0,0,0,0,0,0,0,0,0,0
P501031,Pore Remedy 5% Multi-Acid Radiance Peel,Dr. Jart+,Skincare,1.1705,Low Risk,83.02,False,2,0,0,1,0,0,6,8,0,0,0,0,0,1,18
P457523,BB Dis-A-Pore Broad Spectrum SPF 50+ Sunscreen,Dr. Jart+,Makeup,1.1143,Low Risk,83.33,False,2,0,1,2,0,0,0,2,0,0,0,1,0,1,9
P442853,Focuspot Blemish Micro Tip Patch,Dr. Jart+,Skincare,1.0,Low Risk (Limited Data),62.5,False,0,0,0,0,0,0,0,0,0,0,0,0,0,0,0
P462860,Ceramidin Body Lotion,Dr. Jart+,Bath & Body,1.0806,Low Risk,72.09,False,0,0,0,0,0,0,1,5,0,0,1,1,0,1,9
P397625,Dermask Micro Jet Brightening Solution,Dr. Jart+,Skincare,1.1552,Low Risk,82.86,False,2,1,0,0,0,0,0,6,0,0,1,3,0,4,17
P433884,Dermask Ultra Jet Peeling Solution,Dr. Jart+,Skincare,1.0714,Low Risk (Limited Data),63.64,False,0,0,0,0,0,0,0,2,0,0,0,1,0,0,3
P397626,Dermask Intra Jet Wrinkless Solution,Dr. Jart+,Skincare,1.0833,Low Risk (Limited Data),57.14,False,1,0,0,0,0,0,0,1,0,0,0,0,0,0,2
P397627,Dermask Intra Jet Firming Solution,Dr. Jart+,Skincare,1.0833,Low Risk (Limited Data),57.14,False,1,0,0,0,0,0,0,1,0,0,0,0,0,0,2
P481699,Cicapair Tiger Grass Calming Serum Mask,Dr. Jart+,Skincare,1.0526,Low Risk (Limited Data),65.52,False,0,0,0,0,0,0,0,2,0,0,1,0,0,0,3
P457011,Cryo Rubber Mask with Firming Collagen,Dr. Jart+,Skincare,1.0122,Low Risk (Limited Data),69.49,False,0,0,0,0,0,0,0,1,0,0,0,0,0,1,2
P457012,Cryo Rubber Mask with Brightening Vitamin C,Dr. Jart+,Skincare,1.0,Low Risk (Limited Data),64.06,False,0,0,0,0,0,0,0,1,0,0,0,0,0,0,1
P457010,Cryo Rubber Mask with Soothing Allantoin,Dr. Jart+,Skincare,1.0122,Low Risk (Limited Data),65.08,False,0,0,0,0,0,0,0,1,0,0,0,0,0,1,2
P457009,Cryo Rubber Mask with Moisturizing Hyaluronic Acid,Dr. Jart+,Skincare,1.0111,Low Risk,70.31,False,0,0,0,0,0,0,0,1,0,0,0,0,0,1,2
P459127,Platinum Lip Plump SPF 30,Dr. Lara Devgan Scientific Beauty,Skincare,1.0,Low Risk (Limited Data),52.94,False,0,0,0,0,0,0,0,0,0,0,0,0,0,0,0
P459130,Hyaluronic Serum,Dr. Lara Devgan Scientific Beauty,Skincare,1.0556,Low Risk (Limited Data),60.0,False,1,0,0,0,0,0,0,2,0,0,0,0,0,1,4
P459128,Vitamin C+B+E Ferulic Serum,Dr. Lara Devgan Scientific Beauty,Skincare,1.2,Low Risk (Limited Data),58.82,False,2,1,0,0,0,0,0,1,0,0,1,0,0,2,7
P459129,Peptide Eye Cream,Dr. Lara Devgan Scientific Beauty,Skincare,1.06,Low Risk,89.29,False,2,1,0,0,0,0,0,2,0,0,1,0,0,1,7
P459126,Platinum Long Lash Serum,Dr. Lara Devgan Scientific Beauty,Makeup,1.0455,Low Risk,73.33,False,1,0,0,0,0,0,0,2,0,0,0,0,0,1,4
P469121,Microdermabrasion Scrub,Dr. Lara Devgan Scientific Beauty,Skincare,1.0526,Low Risk (Limited Data),61.29,False,0,0,0,0,0,0,1,0,0,0,0,0,0,0,1
P476849,Platinum Lip Plump,Dr. Lara Devgan Scientific Beauty,Makeup,1.0,Low Risk (Limited Data),51.52,False,0,0,0,0,0,0,0,0,0,0,0,0,0,0,0
P475930,Extreme Lengthening Mascara,Dr. Lara Devgan Scientific Beauty,Makeup,1.0,Insufficient Data,27.27,False,0,0,0,0,0,0,0,0,0,0,0,0,0,0,0
P480441,Retinol + Bakuchiol Serum 2.5x,Dr. Lara Devgan Scientific Beauty,Skincare,1.1111,Low Risk (Limited Data),69.23,False,1,0,0,0,0,0,0,0,0,0,0,0,1,0,2
P480440,Advanced Revitalizing Cleanser,Dr. Lara Devgan Scientific Beauty,Skincare,1.0769,Low Risk (Limited Data),43.33,False,0,0,0,0,0,0,0,0,1,0,0,0,0,1,2
P464238,Peptide + Ceramide Repairing Moisturizer,Dr. Zenovia Skincare,Skincare,1.069,Low Risk (Limited Data),64.44,False,1,0,0,0,0,0,1,1,0,0,0,0,0,1,4
P464243,10% Benzoyl Peroxide Acne Cleanser,Dr. Zenovia Skincare,Skincare,1.1667,Low Risk (Limited Data),63.16,False,1,0,0,0,0,0,1,2,0,0,0,0,0,1,5
P464239,Aloe Vera Blemish Soothing Moisturizer,Dr. Zenovia Skincare,Skincare,1.2083,Low Risk (Limited Data),57.14,False,2,1,0,0,0,0,1,2,0,0,1,0,0,1,8
P464245,Bakuchiol Hydrating Cleanser,Dr. Zenovia Skincare,Skincare,1.1591,Low Risk (Limited Data),66.67,False,1,0,0,0,0,0,1,2,2,0,0,0,0,3,9
P467617,Clear Complexion Acne Solutions System,Dr. Zenovia Skincare,Skincare,1.2,Low Risk (Limited Data),58.82,False,2,1,0,0,0,0,2,3,0,0,1,0,0,1,10
P464241,5% Benzoyl Peroxide Acne Spot Treatment,Dr. Zenovia Skincare,Skincare,1.0,Low Risk (Limited Data),46.67,False,0,0,0,0,0,0,0,0,0,0,0,0,0,0,0
P464234,Advanced Retinol Night Repair Treatment,Dr. Zenovia Skincare,Skincare,1.125,Low Risk (Limited Data),60.0,False,1,0,0,0,0,0,0,0,0,0,0,0,1,0,2
P464235,Inflam-Aging Night Repair Treatment,Dr. Zenovia Skincare,Skincare,1.06,Low Risk,75.76,False,2,0,0,0,0,0,0,1,0,0,0,0,0,1,4
P483128,Scar Gel Treatment,Dr. Zenovia Skincare,Skincare,1.05,Low Risk (Limited Data),50.0,False,1,0,0,0,0,0,0,1,0,0,0,0,0,1,3
P464242,Hyaluronic Acid + Peptide Serum,Dr. Zenovia Skincare,Skincare,1.0455,Low Risk (Limited Data),52.38,False,1,0,0,0,0,0,0,1,0,0,0,0,0,1,3
P464244,Vitamin C Brightening Toner,Dr. Zenovia Skincare,Skincare,1.0625,Low Risk (Limited Data),64.0,False,1,0,0,0,0,0,0,2,0,0,0,0,0,2,5
P464240,10% Glycolic Acne Control Peel Pads,Dr. Zenovia Skincare,Skincare,1.05,Low Risk (Limited Data),55.56,False,0,0,0,0,0,0,0,1,0,0,0,0,0,0,1
P464237,Retinol Recovery Eye Cream,Dr. Zenovia Skincare,Skincare,1.0469,Low Risk (Limited Data),54.24,False,2,0,0,0,0,0,0,1,0,0,0,0,1,1,5
P427421,Protini Polypeptide Firming Refillable Moisturizer,Drunk Elephant,Skincare,1.0238,Low Risk,72.41,False,2,0,0,0,0,0,0,1,0,0,0,0,0,1,4
P392246,T.L.C. Framboos Glycolic Resurfacing Night Serum,Drunk Elephant,Skincare,1.1,Low Risk,73.53,False,2,0,0,0,0,0,0,6,0,0,0,0,0,1,9
P426836,Beste No. 9 Jelly Cleanser,Drunk Elephant,Skincare,1.0833,Low Risk,78.26,False,1,0,0,0,0,0,0,1,1,0,0,0,0,2,5
P406712,B-Hydra Intensive Hydration Serum with Hyaluronic Acid,Drunk Elephant,Skincare,1.0455,Low Risk,78.57,False,2,0,0,0,0,0,0,3,0,0,0,0,0,1,6
P415777,T.L.C. Sukari Babyfacial AHA + BHA Mask,Drunk Elephant,Skincare,1.1111,Low Risk (Limited Data),69.23,False,3,0,0,0,0,0,0,4,0,0,0,0,0,1,8
P432668,D-Bronzi Anti-Pollution Bronzing Drops with Peptides,Drunk Elephant,Skincare,1.037,Low Risk,75.0,False,1,0,0,0,0,0,0,4,0,0,0,0,0,1,6
P446938,Lala Retro Whipped Refillable Moisturizer with Ceramides,Drunk Elephant,Skincare,1.0435,Low Risk (Limited Data),65.71,False,2,0,0,0,0,0,0,3,0,0,0,0,0,1,6
P403818,Lippe Balm,Drunk Elephant,Skincare,1.0238,Low Risk (Limited Data),67.74,False,1,0,0,0,0,0,0,1,0,0,0,0,0,1,3
P392245,Virgin Marula Luxury Face Oil,Drunk Elephant,Skincare,,Insufficient Data,0.0,False,0,0,0,0,0,0,0,0,0,0,0,0,0,0,0
P400259,C-Firma Fresh Vitamin-C Day Serum,Drunk Elephant,Skincare,1.0227,Low Risk (Limited Data),66.67,False,1,0,0,0,0,0,0,3,0,0,0,0,0,1,5
P442566,Slaai  Makeup-Melting Butter Cleanser,Drunk Elephant,Skincare,1.0,Insufficient Data,39.13,False,0,0,0,0,0,0,0,0,0,0,0,0,0,0,0
P429515,C-Tango Vitamin C Eye Cream,Drunk Elephant,Skincare,1.0196,Low Risk (Limited Data),65.38,False,2,0,0,0,0,0,0,3,0,0,0,0,0,1,6
P419222,Umbra Sheer Physical Daily Defense SPF 30,Drunk Elephant,Skincare,1.0286,Low Risk,85.37,False,2,0,0,0,0,0,0,2,0,0,0,0,0,1,5
P439926,A-Passioni Retinol Cream,Drunk Elephant,Skincare,1.0476,Low Risk (Limited Data),66.67,False,3,0,0,0,0,0,0,3,0,0,0,0,1,1,8
P454120,F-Balm Electrolyte Waterfacial Mask,Drunk Elephant,Skincare,1.0286,Low Risk (Limited Data),61.4,False,2,0,0,0,0,0,0,3,0,0,0,0,0,1,6
P419223,Shaba Complex Firming Eye Serum,Drunk Elephant,Skincare,1.0333,Low Risk (Limited Data),68.18,False,2,0,0,0,0,0,0,1,0,0,0,0,0,1,4
P460515,E-Rase Milki Micellar Water,Drunk Elephant,Skincare,1.0294,Low Risk (Limited Data),62.96,False,1,0,0,0,0,0,0,2,0,0,0,0,0,1,4
P462347,E-Rase Milki Micellar Water Mini,Drunk Elephant,Skincare,1.0294,Low Risk (Limited Data),62.96,False,1,0,0,0,0,0,0,2,0,0,0,0,0,1,4
P419221,Umbra Tinte Physical Daily Defense SPF 30,Drunk Elephant,Skincare,1.0395,Low Risk,86.36,False,2,0,0,0,0,0,0,3,0,0,0,0,0,1,6
P470024,Protini Powerpeptide Resurfacing Serum with Lactic Acid,Drunk Elephant,Skincare,1.0306,Low Risk (Limited Data),63.64,False,2,0,0,0,0,0,0,4,0,0,0,0,0,1,7
P466117,Sweet Biome Fermented Sake Hydrating Spray,Drunk Elephant,Skincare,1.0244,Low Risk,74.55,False,1,0,0,0,0,0,0,4,0,0,0,0,0,1,6
P405584,Baby Pekee Bar + Juju Bar Travel Duo,Drunk Elephant,Skincare,1.0,Low Risk (Limited Data),43.75,False,0,0,0,0,0,0,0,0,0,0,0,0,0,0,0
P457687,Sili Body Lotion,Drunk Elephant,Bath & Body,1.0213,Low Risk (Limited Data),69.12,False,2,0,0,0,0,0,0,3,0,0,0,0,0,1,6
P457205,T.L.C. Happi Scalp Scrub,Drunk Elephant,Hair,1.061,Low Risk,85.42,False,2,0,0,0,0,0,0,6,0,0,0,0,0,1,9
P457685,Sweet Pitti Deodorant Cream,Drunk Elephant,Bath & Body,1.0526,Low Risk,76.0,False,2,0,0,0,0,0,0,1,0,0,0,0,0,1,4
P476671,T.L.C Glycolic Body Lotion,Drunk Elephant,Bath & Body,1.0541,Low Risk,75.51,False,2,0,0,0,0,0,0,5,0,0,0,0,0,1,8
P477985,A-Gloei Retinol Oil,Drunk Elephant,Skincare,1.2,Low Risk,83.33,False,1,0,0,0,0,0,0,0,0,0,0,0,1,0,2
P392248,Pekee Cleansing Bar,Drunk Elephant,Skincare,1.0,Low Risk (Limited Data),54.55,False,0,0,0,0,0,0,0,0,0,0,0,0,0,0,0
P501028,Ceramighty  AF Eye Cream with Ceramides,Drunk Elephant,Skincare,1.0323,Low Risk,72.09,False,2,0,0,0,0,0,0,3,0,0,0,0,0,1,6
P503693,Bouncy Brightfacial Brightening Mask with 10% Azelaic Acid + 1% Salicylic Acid,Drunk Elephant,Skincare,1.08,Low Risk (Limited Data),48.08,False,3,0,0,0,0,0,0,4,0,0,0,0,0,1,8
P457202,Cocomino Glossing Shampoo,Drunk Elephant,Hair,1.0789,Low Risk,82.61,False,2,0,0,0,0,0,0,1,2,0,0,0,0,2,7
P475535,T.L.C. Sukari Babyfacial AHA + BHA Mask Mini,Drunk Elephant,Mini Size,1.1111,Low Risk (Limited Data),67.5,False,3,0,0,0,0,0,0,4,0,0,0,0,0,1,8
P457204,Wild Marula Tangle Spray,Drunk Elephant,Hair,1.0167,Low Risk,85.71,False,1,0,0,0,0,0,0,3,0,0,0,0,0,1,5
P392249,JuJu Exfoliating Bar,Drunk Elephant,Skincare,1.0,Low Risk (Limited Data),46.15,False,0,0,0,0,0,0,0,0,0,0,0,0,0,0,0
P457686,Kamili Cream Body Cleanser,Drunk Elephant,Bath & Body,1.0469,Low Risk,82.05,False,1,0,0,0,0,0,0,1,1,0,0,0,0,2,5
P472160,Sugared Koffie Almond Milk Body Scrub,Drunk Elephant,Bath & Body,1.0,Low Risk (Limited Data),60.87,False,0,0,0,0,0,0,0,0,0,0,0,0,0,0,0
P457203,Cocomino Marula Cream Conditioner,Drunk Elephant,Hair,1.0161,Low Risk (Limited Data),62.0,False,0,0,0,0,0,0,0,1,0,0,0,0,0,0,1
P424378,Mini Virgin Marula LuxuryFace Oil,Drunk Elephant,Skincare,,Insufficient Data,0.0,False,0,0,0,0,0,0,0,0,0,0,0,0,0,0,0
P465752,Mini Protini Polypeptide Moisturizer,Drunk Elephant,Skincare,1.0238,Low Risk,72.41,False,2,0,0,0,0,0,0,1,0,0,0,0,0,1,4
P473304,O-Bloos Rosi Glow Drops,Drunk Elephant,Skincare,1.0152,Low Risk,82.5,False,1,0,0,0,0,0,0,3,0,0,0,0,0,1,5
P440658,Baby Bar Travel Duo with Case,Drunk Elephant,Skincare,1.0,Insufficient Data,38.89,False,0,0,0,0,0,0,0,0,0,0,0,0,0,0,0
P471761,Call It A Night Glycolic Serum + Moisturizer duo,Drunk Elephant,Skincare,1.0811,Low Risk (Limited Data),66.07,False,3,0,0,0,0,0,0,6,0,0,0,0,0,1,10
P450947,Mini A-Passioni Retinol Cream,Drunk Elephant,Skincare,1.0476,Low Risk (Limited Data),66.67,False,3,0,0,0,0,0,0,3,0,0,0,0,1,1,8
P482669,Wonderwild Miracle Butter,Drunk Elephant,Bath & Body,1.0,Low Risk,70.59,False,0,0,0,0,0,0,0,0,0,0,0,0,0,0,0
P500601,Sili Whipped Body Lotion,Drunk Elephant,Bath & Body,1.0152,Low Risk,71.74,False,1,0,0,0,0,0,0,2,0,0,0,0,0,1,4
P500617,Scrubbi Bamboes  Body Cleanser,Drunk Elephant,Bath & Body,1.0303,Low Risk,80.49,False,0,0,0,0,0,0,0,0,1,0,0,0,0,1,2
P500600,Silkamino  Mega-Moisturizing Shampoo,Drunk Elephant,Hair,1.1136,Low Risk (Limited Data),68.75,False,1,0,0,0,0,0,1,3,1,0,0,0,0,1,7
P502964,Mini A-Gloei Retinol Oil,Drunk Elephant,Mini Size,1.2,Low Risk,83.33,False,1,0,0,0,0,0,0,0,0,0,0,0,1,0,2
P471547,Mini Beste No. 9 Jelly Cleanser,Drunk Elephant,Skincare,1.0833,Low Risk,78.26,False,1,0,0,0,0,0,0,1,1,0,0,0,0,2,5
P500605,Silkamino  Mega-Moisturizing Masker,Drunk Elephant,Hair,1.1591,Low Risk (Limited Data),68.75,False,1,0,0,0,0,0,1,5,0,0,0,0,0,1,8
P500603,Silkamino Conditioning Leave-In Milk,Drunk Elephant,Hair,1.0488,Low Risk,87.23,False,2,0,0,0,0,0,1,2,0,0,0,0,0,1,6
P503294,Day Dream Vitamin C + Hydration Serum Duo 2.0,Drunk Elephant,Skincare,1.0286,Low Risk (Limited Data),67.31,False,2,0,0,0,0,0,0,3,0,0,0,0,0,1,6
P501591,The Littles Skincare Travel Set,Drunk Elephant,Skincare,1.0417,Low Risk (Limited Data),68.09,False,3,0,0,0,0,0,0,6,1,0,0,0,0,2,12
P500983,"Anytime, Anyface Lactic Acid Serum + Protini Moisturizer Duo",Drunk Elephant,Skincare,1.0268,Low Risk (Limited Data),65.88,False,2,0,0,0,0,0,0,4,0,0,0,0,0,1,7
P505120,Early Bird Hydrate + Brighten Set,Drunk Elephant,Skincare,1.0156,Low Risk (Limited Data),65.98,False,2,0,0,0,0,0,0,3,0,0,0,0,0,1,6
P378169,Detox Dry Shampoo,Drybar,Hair,1.3158,Low Risk (Limited Data),65.52,False,1,0,1,2,0,0,4,4,0,0,0,0,0,0,12
P388515,Triple Sec 3-in-1 Texturizing Finishing Spray,Drybar,Hair,1.375,Low Risk (Limited Data),66.67,False,1,0,1,2,0,0,2,1,0,0,0,0,0,0,7
P411585,Prep Rally Prime & Prep Detangler,Drybar,Hair,1.3958,Low Risk,75.0,False,3,0,0,2,0,0,6,8,0,0,0,0,0,2,21
P434224,Hot Toddy Heat Protectant Mist,Drybar,Hair,1.3333,Low Risk (Limited Data),68.18,False,0,0,1,0,0,0,3,4,0,0,1,0,0,0,9
P462678,Liquid Glass Miracle Smoothing Sealant,Drybar,Hair,1.2632,Low Risk (Limited Data),61.29,False,1,0,0,1,0,0,3,4,0,0,0,0,0,1,10
P399335,Blonde Ale Brightening Shampoo,Drybar,Hair,1.2581,Low Risk,81.58,False,7,0,0,2,0,0,0,3,2,0,0,1,0,2,17
P479950,Liquid Glass Instant Glossing Rinse,Drybar,Hair,1.22,Low Risk,84.75,False,2,0,1,1,0,0,7,11,0,0,0,0,0,2,24
P378171,Southern Belle Volume-Boosting Mousse,Drybar,Hair,1.2115,Low Risk,70.27,False,2,0,0,2,0,0,3,7,0,0,0,0,0,1,15
P422243,On The Rocks Clarifying Charcoal Shampoo,Drybar,Hair,1.3382,Low Risk,73.91,True,4,0,0,2,0,1,5,7,1,0,0,0,0,3,23
P395399,Sparkling Soda Shine Mist,Drybar,Hair,1.4615,Low Risk (Limited Data),61.9,False,3,0,1,2,0,0,2,2,0,0,0,0,0,1,11
P448866,Jump Start Quick Dry Blowout Serum,Drybar,Hair,1.3065,Low Risk,77.5,False,3,0,0,2,0,0,9,9,0,0,0,0,0,0,23
P440278,Mini Prep Rally Prime & Prep Detangler,Drybar,Hair,1.3958,Low Risk,75.0,False,3,0,0,2,0,0,6,8,0,0,0,0,0,2,21
P399336,Blonde Ale Brightening Conditioner,Drybar,Hair,1.3043,Low Risk,85.19,True,6,0,0,2,0,1,5,9,0,0,0,1,0,2,26
P378170,Money Maker Flexible Hold Hairspray,Drybar,Hair,1.4062,Low Risk (Limited Data),61.54,False,1,0,1,2,0,0,4,5,0,0,1,0,0,0,14
P426202,Mini Triple Sec 3-in-1,Drybar,Mini Size,1.3333,Low Risk,75.0,False,1,0,1,2,0,0,4,3,0,0,0,0,0,0,11
P454055,Liquid Glass Smoothing Conditioner,Drybar,Hair,1.1463,Low Risk,71.93,False,2,0,1,1,0,0,2,6,0,0,0,0,0,1,13
P479951,Liquid Glass Moisture-Rich Miracle Smoothing Sealant,Drybar,Hair,1.28,Low Risk,73.53,False,1,0,0,1,0,0,5,7,0,0,0,0,0,1,15
P454054,Liquid Glass Smoothing Shampoo,Drybar,Hair,1.1571,Low Risk (Limited Data),63.64,False,1,0,0,1,0,0,2,4,1,0,0,0,0,1,10
P429007,Southern Belle Volume-Boosting Root Lifter,Drybar,Hair,1.2273,Low Risk,75.86,False,1,0,0,0,0,0,5,6,1,0,0,0,0,2,15
P428060,Mini Detox Dry Shampoo,Drybar,Mini Size,1.3158,Low Risk (Limited Data),65.52,False,1,0,1,2,0,0,4,4,0,0,0,0,0,0,12
P422244,On The Rocks Lightweight Conditioner,Drybar,Hair,1.3049,Low Risk,74.55,True,4,0,0,2,0,1,6,9,0,0,0,0,0,2,24
P384469,Detox Dry Shampoo For Brunettes,Drybar,Hair,1.1429,Low Risk (Limited Data),56.0,False,0,0,1,0,0,0,1,1,0,0,0,0,0,0,3
P467114,Mini Hot Toddy Heat Protectant Mist,Drybar,Hair,1.3333,Low Risk (Limited Data),68.18,False,0,0,1,0,0,0,3,4,0,0,1,0,0,0,9
P443757,Detox Clear Invisible Dry Shampoo,Drybar,Hair,1.2692,Low Risk (Limited Data),52.0,False,2,0,1,0,0,0,2,2,0,0,0,0,0,1,8
P440678,On the Rocks Charcoal Scalp Scrub,Drybar,Hair,1.3077,Low Risk,74.29,False,1,0,0,0,0,0,5,10,1,0,0,1,0,2,20
P457238,Blonde Ale Color-Enhancing Brightening Hair Mask,Drybar,Hair,1.2222,Low Risk,70.59,False,2,0,1,2,0,0,5,7,0,0,0,1,0,1,19
P501758,Agua Fresca Leave-In Conditioning Milk,Drybar,Hair,1.1324,Low Risk,79.07,False,3,0,0,0,0,0,2,5,0,0,0,0,0,1,11
P461443,Seashore Spritzer Wave Spray,Drybar,Hair,1.2391,Low Risk (Limited Data),69.7,False,2,0,1,1,0,0,2,4,0,0,1,0,0,1,12
P476852,Gin Twist Leave-In Conditioning Styler,Drybar,Hair,1.2283,Low Risk (Limited Data),66.67,False,2,0,1,0,1,0,10,11,0,0,0,0,0,1,26
P475093,Cure Liqueur Restorative Pre-Shampoo Treatment Oil,Drybar,Hair,1.1875,Low Risk (Limited Data),61.54,False,0,0,0,0,0,0,2,2,0,0,0,0,0,0,4
P475094,Cure Liqueur Strengthening Shampoo,Drybar,Hair,1.0645,Low Risk,77.5,False,1,0,0,0,0,0,2,3,0,0,0,0,0,1,7
P472465,One-Two Punch Water-Activated 2-in-1 Hair Wash,Drybar,Hair,1.0,Low Risk,88.24,False,0,0,0,0,0,0,0,0,0,0,0,0,0,0,0
P475095,Cure Liqueur Strengthening Conditioner,Drybar,Hair,1.1282,Low Risk,76.47,False,2,0,1,1,0,0,2,5,0,0,0,0,0,1,12
P501799,Agua Fresca Hydrating Shampoo,Drybar,Hair,1.0714,Low Risk,74.47,False,2,0,0,0,0,0,1,2,0,0,0,0,0,1,6
P501786,Agua Fresca Hydrating Conditioner,Drybar,Hair,1.1078,Low Risk,73.91,False,3,0,1,1,0,0,1,5,0,0,0,0,0,1,12
P476853,Gin Twist Edge Control Gelée,Drybar,Hair,1.1429,Low Risk,70.0,False,1,0,0,0,0,0,1,3,0,0,0,0,0,1,6
P504589,Crown Tonic Pre-Shampoo Scalp Balancing Cleanser,Drybar,Hair,1.2692,Low Risk,78.79,False,4,0,0,0,0,0,4,6,1,0,0,0,0,2,17
P476850,Gin Twist Curl-Quenching Shampoo,Drybar,Hair,1.2195,Low Risk,75.93,False,5,0,0,2,0,0,4,6,1,0,0,1,0,1,20
P476851,Gin Twist Curl-Quenching Conditioner,Drybar,Hair,1.1667,Low Risk,78.95,False,5,0,0,2,0,0,1,2,0,0,0,0,0,1,11
P504608,Detox Gentle Dry Shampoo Sensitive Scalp,Drybar,Hair,1.3261,Low Risk,79.31,False,1,0,1,0,0,0,7,7,1,0,0,0,0,2,19
P505044,The Half Shot Small Round Blow Dryer Brush Value Set,Drybar,Hair,1.2755,Low Risk (Limited Data),69.01,False,5,0,1,2,0,0,8,11,0,0,0,0,0,2,29
P465753,Detox Dry Shampoo,Drybar,Hair,1.3158,Low Risk (Limited Data),65.52,False,1,0,1,2,0,0,4,4,0,0,0,0,0,0,12
P475932,Milk Marvel Dark Spot Serum with Niacinamide and Vitamin C,EADEM,Skincare,1.0263,Low Risk (Limited Data),65.52,False,1,0,0,0,0,0,0,1,0,0,0,0,0,1,3
P481701,Cloud Cushion Plush Moisturizer with Ceramides + Peptides,EADEM,Skincare,1.0167,Low Risk,73.17,False,1,0,0,0,0,0,0,2,0,0,0,0,0,1,4
P501421,Dew Dream- Hydrating Makeup Removing Cleansing Balm with Tiger Grass,EADEM,Skincare,1.1667,Low Risk (Limited Data),50.0,False,1,0,0,0,0,0,3,5,0,0,0,0,0,2,11
P412047,MYTH Eau de Parfum,Ellis Brooklyn,Fragrance,1.7188,Medium Risk,88.89,False,0,0,1,0,0,0,13,12,0,0,0,0,0,0,26
P482527,Scent DIARY Fragrance Discovery Set,Ellis Brooklyn,Fragrance,1.6875,Medium Risk,84.21,True,4,0,1,0,0,1,21,19,0,0,0,0,1,0,47
P457892,SALT Eau de Parfum,Ellis Brooklyn,Fragrance,1.7778,Medium Risk,90.0,False,0,0,1,0,0,0,16,15,0,0,0,0,0,0,32
P482673,SUN FRUIT Eau de Parfum Travel Spray,Ellis Brooklyn,Fragrance,1.7143,Medium Risk,93.33,False,0,0,1,0,0,0,11,10,0,0,0,0,0,0,22
P471021,BEE Eau de Parfum Travel Spray,Ellis Brooklyn,Fragrance,1.7,Medium Risk,100.0,False,0,0,1,0,0,0,9,8,0,0,0,0,0,0,18
P457894,SALT Eau de Parfum Travel Spray,Ellis Brooklyn,Mini Size,1.7778,Medium Risk,90.0,False,0,0,1,0,0,0,16,15,0,0,0,0,0,0,32
P482672,SUN FRUIT Eau de Parfum,Ellis Brooklyn,Fragrance,1.7143,Medium Risk,93.33,False,0,0,1,0,0,0,11,10,0,0,0,0,0,0,22
P471020,BEE Eau de Parfum,Ellis Brooklyn,Fragrance,1.7,Medium Risk,100.0,False,0,0,1,0,0,0,9,8,0,0,0,0,0,0,18
P457891,SWEET Eau de Parfum,Ellis Brooklyn,Fragrance,1.7308,Medium Risk,100.0,False,0,0,1,0,0,0,11,10,0,0,0,0,0,0,22
P502030,VANILLA MILK Eau de Parfum Travel Spray,Ellis Brooklyn,Fragrance,1.75,Medium Risk,100.0,False,0,0,1,0,0,0,5,4,0,0,0,0,0,0,10
P501984,VANILLA MILK Eau de Parfum,Ellis Brooklyn,Fragrance,1.75,Medium Risk,100.0,False,0,0,1,0,0,0,5,4,0,0,0,0,0,0,10
P412046,RROSE Eau de Parfum,Ellis Brooklyn,Fragrance,1.6333,Medium Risk,93.75,False,2,0,0,0,0,0,11,10,0,0,0,0,0,0,23
P457893,SWEET Eau de Parfum Travel Spray,Ellis Brooklyn,Mini Size,1.7308,Medium Risk,100.0,False,0,0,1,0,0,0,11,10,0,0,0,0,0,0,22
P475934,SUPER AMBER Eau de Parfum Travel Spray,Ellis Brooklyn,Fragrance,1.5,Medium Risk,100.0,False,0,0,1,0,0,0,1,0,0,0,0,0,0,0,2
P470525,SALT or SWEET Perfume Gift Set,Ellis Brooklyn,Fragrance,1.7895,Medium Risk,90.48,False,0,0,1,0,0,0,17,16,0,0,0,0,0,0,34
P431155,MYTH Eau de Parfum Travel Spray,Ellis Brooklyn,Fragrance,1.7188,Medium Risk,88.89,False,0,0,1,0,0,0,13,12,0,0,0,0,0,0,26
P479315,APRÈS Eau de Parfum Travel Spray,Ellis Brooklyn,Fragrance,1.75,Medium Risk,94.12,False,0,0,1,0,0,0,14,13,0,0,0,0,0,0,28
P421215,SCI FI Eau de Parfum,Ellis Brooklyn,Fragrance,1.625,Medium Risk,85.71,False,3,0,0,0,0,0,8,7,0,0,0,0,0,0,18
P475933,SUPER AMBER Eau de Parfum,Ellis Brooklyn,Fragrance,1.5,Medium Risk,100.0,False,0,0,1,0,0,0,1,0,0,0,0,0,0,0,2
P444199,WEST Eau de Parfum,Ellis Brooklyn,Fragrance,1.7222,Medium Risk,85.71,False,1,0,1,0,0,0,14,13,0,0,0,0,0,0,29
P441730,SCI FI Eau de Parfum Travel Spray,Ellis Brooklyn,Fragrance,1.625,Medium Risk,85.71,False,3,0,0,0,0,0,8,7,0,0,0,0,0,0,18
P479314,APRÈS Eau de Parfum,Ellis Brooklyn,Fragrance,1.75,Medium Risk,94.12,False,0,0,1,0,0,0,14,13,0,0,0,0,0,0,28
P473306,MYTH Spectacular Scented Body Oil,Ellis Brooklyn,Bath & Body,1.5227,Medium Risk,91.67,False,0,0,0,0,0,0,14,13,0,0,0,0,0,0,27
P444417,Marvelous CBD Massage and Body Oil,Ellis Brooklyn,Bath & Body,1.3889,Insufficient Data,36.0,False,0,0,0,0,0,0,5,5,0,0,0,0,0,0,10
P476672,Fully Booked Rollerball Perfume Gift set,Ellis Brooklyn,Fragrance,1.7692,Medium Risk,89.66,True,3,0,1,0,0,1,19,18,0,0,0,0,1,0,43
P449551,WEST Eau de Parfum Travel Spray,Ellis Brooklyn,Fragrance,1.7222,Medium Risk,85.71,False,1,0,1,0,0,0,14,13,0,0,0,0,0,0,29
P501769,Ellis Brooklyn BOOKLET Perfume Discovery Set,Ellis Brooklyn,Fragrance,1.7381,Medium Risk,84.0,False,0,0,1,0,0,0,18,17,0,0,0,0,0,0,36
P454971,Marvelous CBD Massage & Body Oil Rollerball,Ellis Brooklyn,Bath & Body,1.3889,Insufficient Data,36.0,False,0,0,0,0,0,0,5,5,0,0,0,0,0,0,10
P501447,APRÈS Essentials Gift Set,Ellis Brooklyn,Fragrance,1.75,Medium Risk,94.12,False,0,0,1,0,0,0,14,13,0,0,0,0,0,0,28
P501348,MYTH Maker Gift Set,Ellis Brooklyn,Fragrance,1.7188,Medium Risk,88.89,False,0,0,1,0,0,0,13,12,0,0,0,0,0,0,26
P418546,RIVES Eau de Parfum,Ellis Brooklyn,Fragrance,1.9091,Medium Risk,84.62,True,0,0,0,0,0,1,9,8,0,0,0,0,1,0,19
P463287,ISO GAMMA SUPER Eau de Parfum Travel Spray,Ellis Brooklyn,Fragrance,1.75,Medium Risk,100.0,False,0,0,1,0,0,0,1,0,0,0,0,0,0,0,2
P453911,ISO GAMMA SUPER Eau de Parfum,Ellis Brooklyn,Fragrance,1.75,Medium Risk,100.0,False,0,0,1,0,0,0,1,0,0,0,0,0,0,0,2
P461158,Marvelous CBD Extra Rich Body Lotion Cream,Ellis Brooklyn,Bath & Body,1.0,Low Risk (Limited Data),57.5,False,0,0,0,0,0,0,0,0,0,0,0,0,0,0,0
P505218,FLORIST Eau de Parfum,Ellis Brooklyn,Fragrance,1.7188,Medium Risk,88.89,False,0,0,1,0,0,0,13,12,0,0,0,0,0,0,26
P505235,FLORIST Eau de Parfum Travel Spray,Ellis Brooklyn,Fragrance,1.7188,Medium Risk,88.89,False,0,0,1,0,0,0,13,12,0,0,0,0,0,0,26
P431156,RROSE Eau de Parfum Travel Spray,Ellis Brooklyn,Fragrance,1.6333,Medium Risk,93.75,False,2,0,0,0,0,0,11,10,0,0,0,0,0,0,23
P478260,Break from the Burnout Skin Wellness Set,Erno Laszlo,Skincare,1.1228,Low Risk (Limited Data),55.34,False,3,0,0,0,0,0,5,8,0,0,0,0,0,1,17
P478270,Big Break Soap Set,Erno Laszlo,Skincare,1.2424,Low Risk,70.21,False,1,0,0,0,0,0,7,8,0,0,0,1,0,0,17
P478269,Rising Star Sleep Travel Set,Erno Laszlo,Skincare,1.125,Low Risk (Limited Data),68.29,False,3,0,0,0,0,0,2,3,0,0,0,0,0,1,9
P378284,Double Wear Stay-in-Place Foundation,Estée Lauder,Makeup,1.04,Low Risk,100.0,False,1,0,0,0,0,0,0,1,0,0,0,0,0,1,3
P479839,Revitalizing Supreme+ Youth Power Creme Moisturizer,Estée Lauder,Skincare,1.075,Low Risk,70.18,False,1,0,0,1,0,0,1,3,0,0,0,0,0,1,7
P481084,Mini Revitalizing Supreme+ Youth Power Creme Moisturizer,Estée Lauder,Skincare,1.075,Low Risk,70.18,False,1,0,0,1,0,0,1,3,0,0,0,0,0,1,7
P461159,Estee Lauder Advanced Night Repair Synchronized Multi-Recovery Complex Serum,Estée Lauder,Skincare,1.0926,Low Risk (Limited Data),62.79,False,2,1,0,1,0,0,0,1,0,0,1,0,0,1,7
P461160,Mini Advanced Night Repair Synchronized Multi-Recovery Complex,Estée Lauder,Skincare,1.0926,Low Risk (Limited Data),62.79,False,2,1,0,1,0,0,0,1,0,0,1,0,0,1,7
P461933,Advanced Night Repair Synchronized Multi-Recovery Complex Duo,Estée Lauder,Skincare,1.0926,Low Risk (Limited Data),62.79,False,2,1,0,1,0,0,0,1,0,0,1,0,0,1,7
P500701,Advanced Night Repair Eye Gel-Cream,Estée Lauder,Skincare,1.0641,Low Risk,70.91,False,1,0,0,1,0,0,0,3,0,0,1,0,0,1,7
P473820,Advanced Night Repair Eye Concentrate Matrix Synchronized Multi-Recovery Complex,Estée Lauder,Skincare,1.0541,Low Risk (Limited Data),63.79,False,1,0,0,1,0,0,0,3,0,0,0,0,0,1,6
P454063,Futurist Hydra Rescue Moisturizing Foundation SPF 45,Estée Lauder,Makeup,1.0727,Low Risk (Limited Data),67.9,False,1,0,0,1,0,0,1,3,0,0,1,0,0,1,8
P379951,Double Wear Stay-In-Place Flawless Wear Concealer,Estée Lauder,Makeup,1.0667,Low Risk,96.77,False,2,0,0,0,0,0,0,2,0,0,0,0,0,2,6
P501176,Soft Clean Infusion Hydrating Treatment Lotion,Estée Lauder,Skincare,1.0976,Low Risk,71.93,False,2,0,0,1,0,0,1,3,0,0,1,0,0,1,9
P475536,Double Wear Sheer Long-Wear Makeup SPF 19,Estée Lauder,Makeup,1.0319,Low Risk,83.93,False,1,0,0,1,0,0,0,1,0,0,0,0,0,1,4
P441306,Double Wear Stay-in-Place Matte Refillable Powder Foundation,Estée Lauder,Makeup,1.02,Low Risk,86.21,False,1,0,0,0,0,0,0,1,0,0,0,0,0,1,3
P380000,"DayWear Advanced Multi-Protection Anti-Oxidant Moisturizer, Normal/Combination",Estée Lauder,Skincare,1.1977,Low Risk (Limited Data),55.13,True,2,0,0,1,0,2,3,5,0,0,0,0,1,2,16
P384114,Double Wear Zero-Smudge Lengthening Mascara,Estée Lauder,Makeup,1.0833,Low Risk (Limited Data),66.67,False,3,0,1,0,0,0,0,3,0,0,1,0,0,1,9
P482529,Micro Essence Treatment Lotion with Bio-Ferment,Estée Lauder,Skincare,1.0682,Low Risk,84.62,False,1,0,0,0,0,0,0,3,0,0,1,0,0,1,6
P422280,The Mattifier Shine Control Perfecting Primer + Finisher,Estée Lauder,Makeup,1.027,Low Risk,80.43,False,1,0,0,0,0,0,0,1,0,0,0,0,0,1,3
P379945,Sumptuous Extreme Lash Multiplying Volume Mascara,Estée Lauder,Makeup,1.0676,Low Risk,72.55,False,4,0,0,0,1,0,0,1,0,1,0,0,0,1,8
P380027,Perfectly Clean Multi-Action Foam Cleanser/Purifying Mask,Estée Lauder,Skincare,1.1,Low Risk (Limited Data),62.5,False,1,0,0,0,0,0,1,0,0,0,0,0,0,0,2
P379995,Perfectionist CP+R Wrinkle Lifting/Firming Serum,Estée Lauder,Skincare,1.0698,Low Risk (Limited Data),59.72,False,1,0,0,1,0,0,1,4,0,0,0,0,0,1,8
P460732,Futurist Aqua Brilliance Watery Glow Primer,Estée Lauder,Makeup,1.03,Low Risk,81.97,False,2,0,0,0,0,0,0,2,0,0,0,0,0,1,5
P406529,Advanced Night Micro Cleansing Balm,Estée Lauder,Skincare,1.1667,Low Risk (Limited Data),52.94,False,0,0,0,1,0,0,1,1,0,0,0,0,0,0,3
P422648,DayWear Matte Oil-Control Anti-Oxidant Moisturizer Gel Creme,Estée Lauder,Skincare,1.2027,Low Risk,74.0,True,1,0,0,1,0,1,3,5,0,0,1,0,1,1,14
P399934,NightWear Plus Anti-Oxidant Night Detox Moisturizer Creme,Estée Lauder,Skincare,1.1961,Low Risk (Limited Data),63.75,True,3,0,0,1,0,2,3,5,0,0,0,1,1,2,18
P446908,Advanced Night Repair Treatment Intense Reset Concentrate,Estée Lauder,Skincare,1.0946,Low Risk (Limited Data),66.07,False,2,0,0,1,0,0,1,5,0,0,0,0,0,2,11
P380030,Perfectly Clean Multi-Action Toning Lotion/Refiner,Estée Lauder,Skincare,1.0532,Low Risk,72.31,False,2,0,0,1,0,0,0,2,0,0,0,0,0,1,6
P422649,Resilience Multi-Effect Night Tri-Peptide Face and Neck Moisturizer Creme,Estée Lauder,Skincare,1.1042,Low Risk (Limited Data),69.57,False,3,0,0,1,0,0,1,3,0,0,1,0,0,1,10
P408273,Advanced Night Micro Cleansing Foam,Estée Lauder,Skincare,1.0962,Low Risk (Limited Data),68.42,False,1,0,0,1,0,0,1,4,0,0,0,0,0,2,9
P405032,Micro Essence Infusion Mask,Estée Lauder,Skincare,1.0625,Low Risk,72.73,False,1,0,0,0,0,0,0,2,0,0,1,0,0,0,4
P454939,Perfectionist Pro Rapid Brightening Serum with Ferment² + Vitamin C,Estée Lauder,Skincare,1.0897,Low Risk (Limited Data),66.1,False,2,0,0,1,0,0,1,3,0,0,0,0,0,1,8
P380001,"DayWear Advanced Multi-Protection Anti-Oxidant Creme, Dry",Estée Lauder,Skincare,1.0732,Low Risk (Limited Data),53.95,False,2,0,0,1,0,0,1,2,0,0,0,0,0,1,7
P392891,Nutritious Super-Pomegranate Radiant Energy Night Moisturizer Creme/Mask,Estée Lauder,Skincare,1.1081,Low Risk (Limited Data),69.81,False,1,0,0,1,0,0,2,3,0,0,0,0,0,1,8
P379947,Gentle Eye Makeup Remover,Estée Lauder,Makeup,1.0,Low Risk (Limited Data),42.86,False,0,0,0,0,0,0,0,0,0,0,0,0,0,0,0
P417359,Advanced Night Repair Concentrated Eye Treatment Mask,Estée Lauder,Skincare,1.02,Low Risk (Limited Data),60.98,False,1,0,0,0,0,0,0,1,0,0,0,0,0,1,3
P427513,Perfectionist Pro Rapid Firm + Lift Treatment,Estée Lauder,Skincare,1.0673,Low Risk (Limited Data),59.09,False,1,0,0,1,0,0,1,5,0,0,0,0,0,1,9
P482263,Double Wear Stay-in-Place Matte Powder Foundation Refill,Estée Lauder,Makeup,1.0208,Low Risk,82.76,False,1,0,0,0,0,0,0,1,0,0,0,0,0,1,3
P446102,"Mini DayWear Advanced Multi-Protection Anti-Oxidant Creme, Normal/Combination",Estée Lauder,Skincare,1.1977,Low Risk (Limited Data),55.13,True,2,0,0,1,0,2,3,5,0,0,0,0,1,2,16
P427640,DayWear Eye Cooling Anti-Oxidant Moisture GelCreme,Estée Lauder,Skincare,1.0926,Low Risk (Limited Data),65.85,False,1,0,0,1,0,0,0,2,0,0,1,0,0,1,6
P481081,Revitalizing Supreme+ Night Intensive Restorative Crème,Estée Lauder,Skincare,1.0588,Low Risk (Limited Data),68.92,False,1,0,0,1,0,0,1,2,0,0,0,0,0,1,6
P481082,Revitalizing Supreme+ Youth Power Eye Balm,Estée Lauder,Skincare,1.0532,Low Risk,72.31,False,2,0,0,1,0,0,0,2,0,0,0,0,0,1,6
P501153,Major Eye Impact Repair + Brighten Skincare Set,Estée Lauder,Skincare,1.0686,Low Risk (Limited Data),65.38,False,2,1,0,1,0,0,0,3,0,0,2,0,0,1,10
P481397,Revitalizing Supreme+ Bright Soft Creme Moisturizer,Estée Lauder,Skincare,1.0682,Low Risk,73.33,False,1,0,0,1,0,0,1,4,0,0,0,0,0,1,8
P505174,Soft Clean Moisture Rich Foaming Cleanser,Estée Lauder,Skincare,1.0938,Low Risk (Limited Data),64.0,False,1,0,0,0,0,0,1,2,0,0,0,0,0,1,5
P504017,Nighttime Necessities Repair + Lift + Hydrate,Estée Lauder,Skincare,1.0,Low Risk,70.49,False,0,0,0,0,0,0,0,1,0,0,0,0,0,0,1
P418861,The Mattifier Shine Control Perfecting Primer + Finisher,Estée Lauder,Makeup,1.027,Low Risk,80.43,False,1,0,0,0,0,0,0,1,0,0,0,0,0,1,3
P456953,HoliRoots Pre-wash Hair Treatment Oil,Fable & Mane,Hair,1.3077,Low Risk (Limited Data),44.83,False,1,0,0,0,0,0,4,4,0,0,0,0,0,1,10
P474945,Mini HoliRoots Pre-wash Hair Treatment Oil,Fable & Mane,Mini Size,1.3077,Low Risk (Limited Data),44.83,False,1,0,0,0,0,0,4,4,0,0,0,0,0,1,10
P456950,HoliRoots Repairing Hair Mask,Fable & Mane,Hair,1.1481,Low Risk (Limited Data),46.55,False,1,0,1,0,0,0,1,5,0,0,0,1,0,1,10
P475935,SahaScalp Amla Soothing Serum,Fable & Mane,Hair,1.1538,Low Risk,72.22,False,0,0,0,0,0,0,4,5,0,0,0,0,0,1,10
P456952,HoliRoots Hydrating Shampoo,Fable & Mane,Hair,1.0962,Low Risk (Limited Data),48.15,False,1,0,0,0,0,0,1,2,1,0,0,0,0,1,6
P477816,SahaScalp Wild Ginger Purifying Scrub,Fable & Mane,Hair,1.1364,Low Risk,81.48,False,1,0,0,0,0,0,1,3,1,0,0,0,0,2,8
P456951,HoliRoots Hydrating Conditioner,Fable & Mane,Hair,1.1364,Low Risk (Limited Data),44.9,False,1,0,1,0,0,0,1,4,0,0,0,0,0,1,8
P504117,MahaMane Smooth & Shine Hair Oil,Fable & Mane,Hair,1.1154,Low Risk (Limited Data),50.0,False,1,0,0,0,0,0,1,1,0,0,0,0,0,1,4
P484042,HoliRoots Hibiscus Hydrating Hair Oil Mist,Fable & Mane,Hair,1.1053,Low Risk (Limited Data),65.52,False,0,0,0,0,0,0,1,0,1,0,0,0,0,1,3
P501424,SahaScalp Hydrating Cooling Scalp Mud Mask,Fable & Mane,Hair,1.2667,Low Risk,71.43,False,0,0,0,0,0,0,2,3,0,0,0,0,0,1,6
P504601,SahaScalp Scalp Reset Kit,Fable & Mane,Hair,1.1754,Low Risk,70.37,False,1,0,0,0,0,0,6,12,1,0,0,0,0,4,24
P476683,Full Face Sculpt Kit - 14-Day Challenge,FaceGym,Skincare,1.0556,Low Risk (Limited Data),58.06,False,1,0,0,0,0,0,2,4,0,0,0,0,0,1,8
P482675,Active Blast Concentrated Collagen Daily Treatment,FaceGym,Skincare,1.0312,Low Risk (Limited Data),69.57,False,1,0,0,0,0,0,0,1,0,0,0,0,0,1,3
P481086,Liftwear Brightening Vitamin C Gel-Cream,FaceGym,Skincare,1.0441,Low Risk,79.07,False,1,0,0,0,0,0,1,1,0,0,0,0,0,1,4
P476678,Face Coach Lifting Squalane Face Oil,FaceGym,Skincare,1.1429,Insufficient Data,38.89,False,0,0,0,0,0,0,1,0,0,0,0,0,0,0,1
P476674,Electro-Lite Enzyme Brightening Gel Cleanser,FaceGym,Skincare,1.0278,Low Risk (Limited Data),56.25,False,1,0,0,0,0,0,0,1,0,0,0,0,0,1,3
P476675,Hydro-Bound Hyaluronic Acid + Niacinamide Serum,FaceGym,Skincare,1.0455,Low Risk (Limited Data),68.75,False,1,0,0,0,0,0,0,1,0,0,0,0,0,1,3
P500705,Skin Changer Succinic Acid Essence-Toner,FaceGym,Skincare,1.0238,Low Risk,70.0,False,1,0,0,0,0,0,0,2,0,0,0,0,0,1,4
P476676,Youth Reformer Firming Vitamin C Oil Serum,FaceGym,Skincare,1.1,Low Risk (Limited Data),45.45,False,0,0,0,0,0,0,1,1,0,0,0,0,0,0,2
P501004,Youthful Active Roller with Niacinamide,FaceGym,Skincare,1.0,Low Risk,85.71,False,0,0,0,0,0,0,0,1,0,0,0,0,0,0,1
P480300,Faceshot Electric Microneedling Device + Vitamin Ampoules,FaceGym,Skincare,1.125,Low Risk,80.0,False,0,0,0,0,0,0,0,1,0,0,0,0,0,0,1
P476681,Hyaluronic Acid Roller Dissolving Microneedling Tool,FaceGym,Skincare,1.0,Low Risk,80.0,False,0,0,0,0,0,0,0,1,0,0,0,0,0,0,1
P501024,Hydrating Active Roller with Hyaluronic Acid,FaceGym,Skincare,1.0,Low Risk,81.25,False,0,0,0,0,0,0,0,1,0,0,0,0,0,0,1
P476677,Supreme Restructure Collagen-Boosting Cermide Cream,FaceGym,Skincare,1.0488,Low Risk,78.85,False,1,0,0,0,0,0,1,4,0,0,0,0,0,1,7
P481085,Faceshot Vitamin Ampoules Refill,FaceGym,Skincare,1.125,Low Risk,80.0,False,0,0,0,0,0,0,0,1,0,0,0,0,0,0,1
P417238,Green Clean Makeup Removing Cleansing Balm,Farmacy,Skincare,1.1739,Low Risk (Limited Data),69.7,False,1,0,0,0,0,0,3,6,0,0,0,2,0,3,15
P450271,Green Clean Makeup Meltaway Cleansing Balm Limited Edition Jumbo,Farmacy,Skincare,1.7308,Medium Risk,100.0,False,0,0,1,0,0,0,11,10,0,0,0,0,0,0,22
P434548,Honeymoon Glow AHA Resurfacing Night Serum,Farmacy,Skincare,1.0972,Low Risk (Limited Data),69.23,False,1,0,0,0,0,0,1,4,0,0,0,1,0,0,7
P458209,Daily Greens Oil-Free Gel Moisturizer with Moringa and Papaya,Farmacy,Skincare,1.0263,Low Risk,80.85,False,1,0,0,0,0,0,1,3,0,0,0,0,0,0,5
P463036,Honey Halo Ultra-Hydrating Ceramide Moisturizer,Farmacy,Skincare,1.0,Low Risk,70.73,False,0,0,0,0,0,0,0,0,0,0,0,0,0,0,0
P479318,10% Niacinamide Night Mask,Farmacy,Skincare,1.0,Low Risk,83.78,False,0,0,0,0,0,0,0,1,0,0,0,0,0,0,1
P431187,Clean Bee Ultra Gentle Facial Cleanser,Farmacy,Skincare,1.037,Low Risk (Limited Data),58.7,False,0,0,0,0,0,0,1,2,0,0,0,0,0,1,4
P428416,Honey Butter Beeswax Lip Balm,Farmacy,Skincare,1.2188,Low Risk,72.73,False,0,0,0,0,0,0,3,5,0,0,0,2,0,1,11
P482676,10% Waterless Vitamin C Serum,Farmacy,Skincare,1.0714,Low Risk (Limited Data),58.33,False,0,0,0,0,0,0,0,2,0,0,0,0,0,0,2
P459141,Deep Sweep 2% BHA Pore Cleaning Toner with Moringa + Papaya,Farmacy,Skincare,1.1,Low Risk (Limited Data),68.18,False,1,0,0,0,0,0,0,2,0,0,0,0,0,0,3
P480301,Mini Deep Sweep 2% BHA Pore Cleaning Toner with Moringa + Papaya,Farmacy,Skincare,1.1,Low Risk (Limited Data),68.18,False,1,0,0,0,0,0,0,2,0,0,0,0,0,0,3
P433616,Mini Green Clean Makeup Meltaway Cleansing Balm,Farmacy,Mini Size,1.1739,Low Risk (Limited Data),69.7,False,1,0,0,0,0,0,3,6,0,0,0,2,0,3,15
P477157,Clearly Clean Makeup Removing Cleansing Balm,Farmacy,Skincare,1.0357,Low Risk (Limited Data),53.85,False,0,0,0,0,0,0,0,1,0,0,0,0,0,1,2
P503879,Wake Up Honey Eye Cream with Brightening Vitamin C,Farmacy,Skincare,1.0,Low Risk (Limited Data),60.53,False,0,0,0,0,0,0,0,1,0,0,0,0,0,0,1
P414293,Honey Savior All-in-One Skin Repair Salve,Farmacy,Skincare,1.0,Low Risk (Limited Data),57.89,False,0,0,0,0,0,0,0,0,0,0,0,0,0,0,0
P466661,Whipped Greens Oil-Free Foaming Cleanser with Moringa and Papaya,Farmacy,Skincare,1.1346,Low Risk (Limited Data),52.0,False,0,0,0,0,0,0,3,5,0,0,0,1,0,0,9
P500288,1% Vitamin A Retinol Serum,Farmacy,Skincare,1.0517,Low Risk (Limited Data),65.91,False,1,0,0,0,0,0,0,1,0,0,0,0,1,0,3
P473307,Honeymoon Glow Body 12% AHA/BHA Bump-Smoothing Night Serum,Farmacy,Bath & Body,1.0893,Low Risk (Limited Data),65.12,False,2,0,0,0,0,0,1,3,0,0,0,0,0,0,6
P444226,Honey Grail Ultra-Hydrating Face Oil,Farmacy,Skincare,,Insufficient Data,0.0,False,0,0,0,0,0,0,0,0,0,0,0,0,0,0,0
P449188,Green Defense Daily Mineral Sunscreen SPF 30,Farmacy,Skincare,1.0,Low Risk (Limited Data),66.67,False,0,0,0,0,0,0,0,1,0,0,0,0,0,0,1
P450942,Honey Body Butter Ultra-Hydrating Body Cream,Farmacy,Bath & Body,1.04,Low Risk,71.43,False,0,0,0,0,0,0,1,2,0,0,0,1,0,1,5
P480302,Mini Clearly Clean Makeup Removing Cleansing Balm,Farmacy,Mini Size,1.0357,Low Risk (Limited Data),53.85,False,0,0,0,0,0,0,0,1,0,0,0,0,0,1,2
P475540,Honey Halo Moisturizer Jumbo,Farmacy,Skincare,1.0,Low Risk,70.73,False,0,0,0,0,0,0,0,0,0,0,0,0,0,0,0
P480165,Healthy Skin Starter Kit,Farmacy,Skincare,1.1071,Low Risk (Limited Data),60.87,False,3,0,0,0,0,0,3,10,0,0,0,3,0,3,22
P504022,Mini 10% Niacinamide Night Mask,Farmacy,Mini Size,1.0,Low Risk,83.78,False,0,0,0,0,0,0,0,1,0,0,0,0,0,0,1
P480444,Honey Potion Plus Ceramide Hydration Mask,Farmacy,Skincare,1.0417,Low Risk (Limited Data),54.55,False,1,0,0,0,0,0,0,1,0,0,0,0,0,1,3
P504003,Mini Whipped Greens Oil-Free Foaming Cleanser with Moringa and Papaya,Farmacy,Mini Size,1.1346,Low Risk (Limited Data),52.0,False,0,0,0,0,0,0,3,5,0,0,0,1,0,0,9
P503997,"Cleanse + Treat Duo Nighttime Routine for Clean, Smooth Skin",Farmacy,Skincare,1.0244,Low Risk,75.93,False,1,0,0,0,0,0,0,2,0,0,0,0,0,2,5
P504614,Brighten Up 3% TXA Dark Spot Toner with Azelaic Acid,Farmacy,Skincare,1.0312,Low Risk (Limited Data),66.67,False,0,0,0,0,0,0,0,2,0,0,0,0,0,0,2
P476493,Iconic Lipstick,Fashion Fair,Makeup,1.06,Low Risk,86.21,False,2,0,0,0,0,0,0,1,0,0,0,0,0,0,3
P476444,Crème to Powder Skin Foundation,Fashion Fair,Makeup,1.0,Low Risk (Limited Data),53.85,False,0,0,0,0,0,0,0,0,0,0,0,0,0,0,0
P476556,SkinFlex Stick Foundation,Fashion Fair,Makeup,1.0,Low Risk,73.91,False,0,0,0,0,0,0,0,0,0,0,0,0,0,0,0
P476550,Set It Loose Setting Powder,Fashion Fair,Makeup,1.025,Low Risk,86.96,False,1,0,0,0,0,0,0,1,0,0,0,0,0,1,3
P476494,Iconic Pressed Setting Powder,Fashion Fair,Makeup,1.0263,Low Risk,82.61,False,1,0,0,0,0,0,0,1,0,0,0,0,0,1,3
P503002,Lush Blush Duo,Fashion Fair,Makeup,1.027,Low Risk,78.72,False,0,0,0,0,0,0,1,1,0,0,0,0,0,0,2
P476456,Fabulous Face Priming Serum,Fashion Fair,Makeup,1.0152,Low Risk,75.0,False,1,0,0,0,0,0,0,1,0,0,0,0,0,1,3
P502223,Lip Teasers Lip Gloss,Fashion Fair,Makeup,1.0556,Low Risk (Limited Data),69.23,False,1,0,0,0,0,0,0,0,0,0,0,0,0,0,1
P503003,Luxe Highlighter Duo,Fashion Fair,Makeup,1.0,Low Risk,88.89,False,0,0,0,0,0,0,0,0,0,0,0,0,0,0,0
P67988453,Gloss Bomb Universal Lip Luminizer,Fenty Beauty by Rihanna,Makeup,1.0758,Low Risk,86.84,False,0,0,0,0,0,0,3,3,0,0,0,0,0,0,6
P87985432,Pro Filt’r Soft Matte Longwear Liquid Foundation,Fenty Beauty by Rihanna,Makeup,1.0484,Low Risk,86.11,False,1,0,0,0,0,0,1,2,0,0,0,0,0,1,5
P39787544,Stunna Lip Paint Longwear Fluid Lip Color,Fenty Beauty by Rihanna,Makeup,1.0,Low Risk,90.0,False,0,0,0,0,0,0,0,0,0,0,0,0,0,0,0
P18975403,Match Stix Matte Contour Skinstick,Fenty Beauty by Rihanna,Makeup,1.0385,Low Risk,81.25,False,0,0,0,1,0,0,0,0,0,0,0,0,0,0,1
P64879845,Killawatt Freestyle Highlighter,Fenty Beauty by Rihanna,Makeup,1.0238,Low Risk,95.45,False,1,0,0,0,0,0,0,1,0,0,0,0,0,1,3
P470025,Eaze Drop Blurring Skin Tint,Fenty Beauty by Rihanna,Makeup,1.0135,Low Risk,88.1,False,1,0,0,0,0,0,0,3,0,0,0,0,0,1,5
P85225585,Diamond Bomb All-Over Diamond Veil,Fenty Beauty by Rihanna,Makeup,1.0,Low Risk,100.0,False,0,0,0,0,0,0,0,1,0,0,0,0,0,0,1
P19700127,Cheeks Out Freestyle Cream Blush,Fenty Beauty by Rihanna,Makeup,1.0652,Low Risk,95.83,False,1,0,0,1,0,0,0,0,0,0,0,0,0,0,2
P88779809,Pro Filt’r Instant Retouch Longwear Liquid Concealer,Fenty Beauty by Rihanna,Makeup,1.0192,Low Risk,81.25,False,0,0,1,0,0,0,0,0,0,0,0,0,0,0,1
P73124556,Match Stix Shimmer Skinstick,Fenty Beauty by Rihanna,Makeup,1.0217,Low Risk,76.67,False,1,0,0,0,0,0,0,1,0,0,0,0,0,1,3
P473708,Gloss Bomb Heat Universal Lip Luminizer + Plumper,Fenty Beauty by Rihanna,Makeup,1.0758,Low Risk,80.49,False,0,0,0,0,0,0,3,3,0,0,0,0,0,0,6
P55978864,Sun Stalk'r Instant Warmth Bronzer,Fenty Beauty by Rihanna,Makeup,1.0156,Low Risk,88.89,False,1,0,0,0,0,0,0,2,0,0,0,0,0,1,4
P465757,Gloss Bomb Cream Color Drip Lip Cream,Fenty Beauty by Rihanna,Makeup,1.1154,Low Risk,96.3,False,2,0,0,0,0,0,1,2,0,0,0,0,0,1,6
P45433019,Snap Shadows Mix & Match Eyeshadow Palette,Fenty Beauty by Rihanna,Makeup,1.0,Low Risk,96.3,False,0,0,0,0,0,0,0,1,0,0,0,0,0,0,1
P88779810,Pro Filt'r Instant Retouch Setting Powder,Fenty Beauty by Rihanna,Makeup,1.0714,Low Risk,100.0,False,0,0,0,0,0,0,1,1,0,0,0,0,0,0,2
P448702,Pro Filt'r Hydrating Longwear Foundation,Fenty Beauty by Rihanna,Makeup,1.0441,Low Risk,97.14,False,1,0,0,0,0,0,1,2,0,0,0,0,0,1,5
P39784685,Invisimatte Instant Setting + Blotting Powder,Fenty Beauty by Rihanna,Makeup,1.0312,Low Risk,88.89,False,1,0,0,0,0,0,0,1,0,0,0,0,0,1,3
P04546871,Body Lava Body Luminizer,Fenty Beauty by Rihanna,Bath & Body,1.0769,Low Risk,100.0,False,0,0,0,0,0,0,1,0,0,0,0,0,0,0,1
P04897543,Pro Filt'r Instant Retouch Primer,Fenty Beauty by Rihanna,Makeup,1.0536,Low Risk,96.55,False,1,0,0,0,0,0,1,2,0,0,0,0,0,1,5
P67339785,Slip Shine Sheer Shiny Lipstick,Fenty Beauty by Rihanna,Makeup,1.15,Low Risk,74.07,False,3,0,0,0,0,0,2,2,0,0,0,0,0,1,8
P31870457,Cheeks Out Freestyle Cream Bronzer,Fenty Beauty by Rihanna,Makeup,1.0714,Low Risk,95.45,False,1,0,0,1,0,0,0,0,0,0,0,0,0,0,2
P443790,Mini Pro Filt’r Instant Retouch Setting Powder,Fenty Beauty by Rihanna,Makeup,1.0714,Low Risk,100.0,False,0,0,0,0,0,0,1,1,0,0,0,0,0,0,2
P472161,Bright Fix Eye Brightener Concealer,Fenty Beauty by Rihanna,Makeup,1.0139,Low Risk,92.31,False,1,0,0,0,0,0,0,2,0,0,0,0,0,1,4
P444149,Pro Kiss'r Luscious Lip Balm,Fenty Beauty by Rihanna,Makeup,1.0,Low Risk,80.0,False,0,0,0,0,0,0,0,0,0,0,0,0,0,0,0
P466829,Pro Filt’r Soft Matte Longwear Powder Foundation,Fenty Beauty by Rihanna,Makeup,1.0227,Low Risk,88.0,False,1,0,0,0,0,0,0,1,0,0,0,0,0,1,3
P500061,Poutsicle Hydrating Lip Stain,Fenty Beauty by Rihanna,Makeup,1.0909,Low Risk,100.0,False,4,0,0,0,0,0,0,2,0,0,0,0,0,1,7
P34908923,Killawatt Foil Freestyle Highlighter,Fenty Beauty by Rihanna,Makeup,1.0263,Low Risk,95.0,False,1,0,0,0,0,0,0,1,0,0,0,0,0,1,3
P442531,Lil' Bronze Duo,Fenty Beauty by Rihanna,Makeup,1.0125,Low Risk,78.43,False,1,0,0,0,0,0,0,2,0,0,0,0,0,1,4
P455193,Flypencil Longwear Pencil Eyeliner,Fenty Beauty by Rihanna,Makeup,1.0333,Low Risk,88.24,False,1,0,0,0,0,0,0,0,0,0,0,0,0,0,1
P17876556,Flyliner Longwear Liquid Eyeliner,Fenty Beauty by Rihanna,Makeup,1.0714,Low Risk,73.68,False,1,0,1,0,0,0,0,3,0,0,0,0,0,1,6
P448703,Pro Filt'r Hydrating Primer,Fenty Beauty by Rihanna,Makeup,1.0862,Low Risk,90.62,False,2,0,0,1,0,0,1,2,0,0,0,0,0,1,7
P448878,Brow MVP Ultra Fine Brow Pencil & Styler,Fenty Beauty by Rihanna,Makeup,1.0,Low Risk,70.59,False,0,0,0,0,0,0,0,0,0,0,0,0,0,0,0
P502222,Gloss Bomb Ice,Fenty Beauty by Rihanna,Makeup,1.2368,Low Risk,79.17,False,2,0,0,1,0,0,2,5,0,0,0,0,0,3,13
P501462,Glossy Posse Volume 5.0 Lip Gloss Bomb Trio,Fenty Beauty by Rihanna,Makeup,1.0889,Low Risk,83.33,False,2,0,0,0,0,0,3,4,0,0,0,0,0,1,10
P45432919,"Full Frontal Volume, Lift & Curl Mascara",Fenty Beauty by Rihanna,Makeup,1.0625,Low Risk,82.76,False,1,0,0,1,0,0,0,1,0,0,0,0,0,1,4
P66879899,Mini Pro Filt’r Instant Retouch Primer,Fenty Beauty by Rihanna,Mini Size,1.0536,Low Risk,96.55,False,1,0,0,0,0,0,1,2,0,0,0,0,0,1,5
P480303,Fenty Icon The Fill Semi-Matte Refillable Lipstick,Fenty Beauty by Rihanna,Makeup,1.0588,Low Risk,87.18,False,0,0,0,0,0,0,3,2,0,0,0,0,0,0,5
P97832786,Pro Filt'r Amplifying Eye Primer,Fenty Beauty by Rihanna,Makeup,1.0476,Low Risk,95.45,False,0,0,0,0,1,0,0,0,0,0,0,0,0,0,1
P37544587,Fairy Bomb Shimmer Powder,Fenty Beauty by Rihanna,Makeup,1.1,Low Risk,90.91,False,0,0,0,0,0,0,1,0,0,0,0,0,0,0,1
P447718,Fly Baby Mini Eye Primer and Liner Set,Fenty Beauty by Rihanna,Makeup,1.0571,Low Risk,85.37,False,1,0,1,0,1,0,0,3,0,0,0,0,0,1,7
P447551,Pro Filt'r Mattifying Primer,Fenty Beauty by Rihanna,Makeup,1.075,Low Risk,83.33,False,1,0,0,0,0,0,1,3,0,0,0,0,0,1,6
P504872,Fenty Icon Velvet Liquid Lipstick,Fenty Beauty by Rihanna,Makeup,1.0,Low Risk,100.0,False,0,0,0,0,0,0,0,0,0,0,0,0,0,0,0
P503757,Fenty Eau de Parfum,Fenty Beauty by Rihanna,Fragrance,1.6333,Medium Risk,93.75,False,1,0,1,0,0,0,10,8,0,0,0,0,0,0,20
P444926,Pro Kiss’r Lip-Loving Scrubstick,Fenty Beauty by Rihanna,Makeup,1.0312,Low Risk (Limited Data),69.57,False,0,0,0,0,0,0,1,1,0,0,0,0,0,0,2
P476525,Mini Pro Filt'r Soft Matte Foundation,Fenty Beauty by Rihanna,Mini Size,1.0536,Low Risk,82.35,False,1,0,0,0,0,0,1,2,0,0,0,0,0,1,5
P461934,Brow MVP Sculpting Wax Pencil & Styler,Fenty Beauty by Rihanna,Makeup,1.075,Low Risk,90.91,False,1,0,0,1,0,0,0,2,0,0,0,0,0,1,5
P463037,Mini Pro Filt'r Hydrating Primer,Fenty Beauty by Rihanna,Mini Size,1.0862,Low Risk,90.62,False,2,0,0,1,0,0,1,2,0,0,0,0,0,1,7
P471236,Gloss Bomb Dip Clip-On Luminizer,Fenty Beauty by Rihanna,Makeup,1.0758,Low Risk,86.84,False,0,0,0,0,0,0,3,3,0,0,0,0,0,0,6
P458193,"Mini Full Frontal Volume, Lift & Curl Mascara",Fenty Beauty by Rihanna,Makeup,1.0625,Low Risk,82.76,False,1,0,0,1,0,0,0,1,0,0,0,0,0,1,4
P455188,What it Dew Makeup Refreshing Spray,Fenty Beauty by Rihanna,Makeup,1.2632,Low Risk,76.0,False,1,0,1,0,0,0,5,6,0,0,0,0,0,1,14
P469816,Body Sauce Body Luminizing Tint,Fenty Beauty by Rihanna,Bath & Body,1.0323,Low Risk,86.11,False,0,0,0,0,0,0,1,1,0,0,0,0,0,0,2
P479634,Liquid Killawatt Fluid Freestyle Highlighter,Fenty Beauty by Rihanna,Makeup,1.0,Low Risk,96.15,False,0,0,0,0,0,0,0,0,0,0,0,0,0,0,0
P501312,Eaze Drop'lit All-Over Glow Enhancer,Fenty Beauty by Rihanna,Makeup,1.0536,Low Risk,77.78,False,1,0,0,0,0,0,0,2,0,0,1,0,0,1,5
P456148,Match Stix Glow Skinstick,Fenty Beauty by Rihanna,Makeup,1.0,Low Risk (Limited Data),50.0,False,0,0,0,0,0,0,0,0,0,0,0,0,0,0,0
P503178,Mini Baby Watts Fluid Freestyle Highlighter Duo,Fenty Beauty by Rihanna,Mini Size,1.0,Low Risk,95.65,False,0,0,0,0,0,0,0,0,0,0,0,0,0,0,0
P463038,Mini Pro Filt'r Mattifying Primer,Fenty Beauty by Rihanna,Mini Size,1.075,Low Risk,83.33,False,1,0,0,0,0,0,1,3,0,0,0,0,0,1,6
P503158,Double Cheek'd Up: Freestyle Cream Blush Duo,Fenty Beauty by Rihanna,Makeup,1.0476,Low Risk,95.45,False,2,0,0,0,0,0,0,0,0,0,0,0,0,0,2
P501436,Match Stix Corrector Skinstick,Fenty Beauty by Rihanna,Makeup,1.0385,Low Risk,81.25,False,0,0,0,1,0,0,0,0,0,0,0,0,0,0,1
P504069,"The Navy Collection: 5-Piece Lip, Eye + Accessories Set",Fenty Beauty by Rihanna,Makeup,1.0543,Low Risk,83.64,False,1,0,0,0,0,0,3,2,0,0,0,0,0,0,6
P501262,Invisimatte Refill Instant Setting + Blotting Powder,Fenty Beauty by Rihanna,Makeup,1.0312,Low Risk,88.89,False,1,0,0,0,0,0,0,1,0,0,0,0,0,1,3
P428901,Custom Match Stix Trio,Fenty Beauty by Rihanna,Makeup,1.0217,Low Risk,76.67,False,1,0,0,0,0,0,0,1,0,0,0,0,0,1,3
P472162,Butta Drop Whipped Oil Body Cream with Tropical Oils + Butters,Fenty Skin,Bath & Body,1.0758,Low Risk,78.57,False,1,0,0,0,0,0,1,3,0,0,1,0,0,1,7
P467249,Hydra Vizor Invisible Moisturizer Broad Spectrum SPF 30 Sunscreen with Niacinamide + Kalahari Melon,Fenty Skin,Skincare,1.1667,Low Risk,82.5,False,2,0,0,0,0,0,6,8,0,0,0,0,0,1,17
P500307,Cherry Treat Conditioning + Strengthening Lip Oil,Fenty Skin,Skincare,1.1154,Low Risk (Limited Data),65.0,False,0,0,0,0,0,0,2,2,0,0,0,0,0,0,4
P467248,Fat Water Niacinamide Pore-Refining Toner Serum with Barbados Cherry,Fenty Skin,Skincare,1.1333,Low Risk (Limited Data),68.18,False,2,0,0,0,0,0,1,1,0,0,0,0,0,1,5
P467247,Total Cleans'r Makeup-Removing Cleanser with Barbados Cherry,Fenty Skin,Skincare,1.2391,Low Risk,71.88,False,2,0,0,0,0,0,2,2,2,0,0,0,0,3,11
P482264,Cookies N Clean Whipped Clay Pore Detox Face Mask with Salicylic Acid + Charcoal,Fenty Skin,Skincare,1.1111,Low Risk,72.0,False,3,0,0,0,0,0,0,2,0,0,0,0,0,1,6
P503692,Plush Puddin’ Intensive Recovery Lip Mask With Pomegranate Sterols + Vitamin E,Fenty Skin,Skincare,1.0278,Low Risk,78.26,False,1,0,0,0,0,0,0,1,0,0,0,0,0,1,3
P477763,Hydra'Reset Intensive Recovery Glycerin Hand Mask,Fenty Skin,Bath & Body,1.16,Low Risk,83.33,False,1,0,0,0,0,0,5,5,0,0,0,0,0,1,12
P476516,Butta Drop Whipped Oil Hydrating Body Cream Mini,Fenty Skin,Bath & Body,1.0758,Low Risk,78.57,False,1,0,0,0,0,0,1,3,0,0,1,0,0,1,7
P474038,Buff Ryder Exfoliating Body Scrub With Superfine Sand + Fruit Enzymes,Fenty Skin,Bath & Body,1.1765,Low Risk (Limited Data),62.96,False,1,0,0,0,0,0,3,3,0,0,0,0,0,1,8
P501581,Cocoa Cleans'r Soothing All-Over Cleansing Bar,Fenty Skin,Skincare,1.1818,Low Risk (Limited Data),50.0,False,0,0,0,0,0,0,2,1,0,0,0,0,0,0,3
P500894,Fat Water Hydrating Milky Toner Essence with Hyaluronic Acid + Tamarind,Fenty Skin,Skincare,1.1212,Low Risk,76.74,False,1,0,0,0,0,0,5,6,0,0,0,0,0,1,13
P467251,Fenty Skin Travel Size Start'r Set,Fenty Skin,Skincare,1.1909,Low Risk,71.43,False,5,0,0,0,0,0,7,8,2,0,0,0,0,3,25
P503250,Watch Ya Tone 5% Niacinamide Dark Spot Serum with Vitamin C,Fenty Skin,Skincare,1.0263,Low Risk,73.08,False,1,0,0,0,0,0,0,2,0,0,0,0,0,1,4
P479319,Pre-Show Glow Instant Retexturizing 10% AHA Treatment + Reusable Applicator,Fenty Skin,Skincare,1.2812,Low Risk (Limited Data),64.0,False,2,0,0,0,0,0,1,4,1,0,0,0,0,2,10
P467250,Instant Reset Brightening Overnight Recovery Gel-Cream With Niacinamide + Kalahari Melon Oil,Fenty Skin,Skincare,1.1154,Low Risk,81.25,False,2,0,0,0,0,0,5,6,0,0,0,0,0,1,14
P484044,The Body Duo Mini Body Scrub + Moisturizer Essentials,Fenty Skin,Bath & Body,1.15,Low Risk (Limited Data),67.8,False,1,0,0,0,0,0,6,8,0,0,1,0,0,1,17
P504240,Mini Instant Reset Brightening Overnight Recovery Gel-Cream With Niacinamide + Kalahari Melon Oil,Fenty Skin,Skincare,1.1154,Low Risk,81.25,False,2,0,0,0,0,0,5,6,0,0,0,0,0,1,14
P469087,Flash Nap Instant Revival Priming Eye Gel-Cream With Green Tea + Persian Silk Tree,Fenty Skin,Skincare,1.1923,Low Risk,72.22,False,2,0,0,0,0,0,5,5,0,0,0,0,0,2,14
P476485,Hydra Vizor Invisible Moisturizer Broad Spectrum SPF 30 Sunscreen with Niacinamide Refill,Fenty Skin,Skincare,1.1667,Low Risk,82.5,False,2,0,0,0,0,0,6,8,0,0,0,0,0,1,17
P504237,Mini Hydra'Reset Intensive Recovery Glycerin Hand Mask,Fenty Skin,Bath & Body,1.16,Low Risk,83.33,False,1,0,0,0,0,0,5,5,0,0,0,0,0,1,12
P472311,Mini Total Cleans'r Makeup Removing Cleanser,Fenty Skin,Skincare,1.2391,Low Risk,71.88,False,2,0,0,0,0,0,2,2,2,0,0,0,0,3,11
P476430,Butta Drop Whipped Oil Hydrating Body Cream,Fenty Skin,Bath & Body,1.0758,Low Risk,78.57,False,1,0,0,0,0,0,1,3,0,0,1,0,0,1,7
P480166,Mini Hydra Vizor Invisible Moisturizer Broad Spectrum SPF 30 Sunscreen with Niacinamide,Fenty Skin,Skincare,1.1667,Low Risk,82.5,False,2,0,0,0,0,0,6,8,0,0,0,0,0,1,17
P504880,Melt Awf Jelly Oil Makeup-Melting Cleanser,Fenty Skin,Skincare,1.1471,Low Risk,73.91,False,1,0,0,0,0,0,3,3,0,0,0,0,0,1,8
P476496,Instant Reset Brightening Overnight Recovery Gel-Cream with Niacinamide Refill,Fenty Skin,Skincare,1.1154,Low Risk,81.25,False,2,0,0,0,0,0,5,6,0,0,0,0,0,1,14
P501886,The Glow Around 4-Piece Travel Skincare Essentials Set,Fenty Skin,Skincare,1.2105,Low Risk (Limited Data),66.28,False,5,0,0,0,0,0,7,11,2,0,0,0,0,3,28
P503110,Mini Cleansing Bar Duo + Case,Fenty Skin,Skincare,1.1818,Low Risk (Limited Data),50.0,False,0,0,0,0,0,0,2,1,0,0,0,0,0,0,3
P501574,Renew + Recover Face + Eye Hydration Essentials,Fenty Skin,Skincare,1.1154,Low Risk,81.25,False,2,0,0,0,0,0,5,6,0,0,0,0,0,1,14
P248407,Ultra Repair Cream Intense Hydration,First Aid Beauty,Skincare,1.025,Low Risk,86.96,False,1,0,0,0,0,0,0,1,0,0,0,0,0,1,3
P248404,Pure Skin Face Cleanser,First Aid Beauty,Skincare,1.0238,Low Risk,77.78,False,1,0,0,0,0,0,0,1,0,0,0,0,0,1,3
P444989,KP Bump Eraser Body Scrub with 10% AHA,First Aid Beauty,Bath & Body,1.06,Low Risk,80.65,False,1,0,0,0,0,0,0,3,0,0,0,0,0,1,5
P278317,Facial Radiance Pads,First Aid Beauty,Skincare,1.1333,Low Risk (Limited Data),68.18,False,2,0,0,0,0,0,0,3,0,0,0,0,0,1,6
P415237,Hello FAB Coconut Skin Smoothie Priming Moisturizer,First Aid Beauty,Skincare,1.0156,Low Risk (Limited Data),69.57,False,1,0,0,0,0,0,0,2,0,0,0,0,0,1,4
P425872,Mini Ultra Repair Cream Intense Hydration,First Aid Beauty,Mini Size,1.025,Low Risk,86.96,False,1,0,0,0,0,0,0,1,0,0,0,0,0,1,3
P456995,Mini KP Bump Eraser Body Scrub with 10% AHA,First Aid Beauty,Bath & Body,1.06,Low Risk,80.65,False,1,0,0,0,0,0,0,3,0,0,0,0,0,1,5
P479320,Ingrown Hair Pads with BHA & AHA,First Aid Beauty,Bath & Body,1.1053,Low Risk,95.0,False,2,0,0,0,0,0,0,3,0,0,0,0,0,1,6
P426707,Hello FAB Coconut Water Cream,First Aid Beauty,Skincare,1.0263,Low Risk (Limited Data),61.29,False,1,0,0,0,0,0,0,1,0,0,0,0,0,1,3
P384539,Deep Cleanser with Red Clay,First Aid Beauty,Skincare,1.1111,Low Risk,78.26,False,2,0,0,0,0,0,0,1,1,0,0,0,0,2,6
P375534,Ultra Repair Face Moisturizer,First Aid Beauty,Skincare,1.0217,Low Risk,92.0,False,1,0,0,0,0,0,0,1,0,0,0,0,0,1,3
P293008,Ultra Repair Lip Therapy,First Aid Beauty,Makeup,1.1176,Low Risk (Limited Data),56.67,False,1,0,0,0,0,0,2,3,0,0,0,0,0,1,7
P425873,Mini Pure Skin Face Cleanser,First Aid Beauty,Mini Size,1.0238,Low Risk,77.78,False,1,0,0,0,0,0,0,1,0,0,0,0,0,1,3
P393076,Ultra Repair Hydra-Firm Night Cream,First Aid Beauty,Skincare,1.0167,Low Risk,78.95,False,1,0,0,0,0,0,0,1,0,0,0,0,0,1,3
P468821,Ultra Repair Firming Collagen Cream with Peptides and Niacinamide,First Aid Beauty,Skincare,1.0185,Low Risk,87.1,False,1,0,0,0,0,0,0,1,0,0,0,0,0,1,3
P447603,Ultra Repair Wild Oat Hydrating Toner,First Aid Beauty,Skincare,1.075,Low Risk (Limited Data),68.97,False,3,0,0,0,0,0,0,2,0,0,0,0,0,1,6
P434551,Hello FAB Bendy Avocado Concealer,First Aid Beauty,Makeup,1.0312,Low Risk,84.21,False,1,0,0,0,0,0,0,1,0,0,0,0,0,1,3
P441220,Ultra Repair Oat & Hemp Seed Dry Oil,First Aid Beauty,Skincare,1.0789,Low Risk (Limited Data),67.86,False,1,0,0,0,0,0,2,3,0,0,0,0,0,1,7
P456994,Eye Duty Niacinamide Brightening Eye Cream,First Aid Beauty,Skincare,1.0,Low Risk (Limited Data),62.0,False,0,0,0,0,0,0,0,0,0,0,0,0,0,0,0
P500756,10% Vitamin C Brightening Serum,First Aid Beauty,Skincare,1.0312,Low Risk,80.0,False,1,0,0,0,0,0,0,1,0,0,0,0,0,1,3
P455894,Ultra Repair Oil-Control Moisturizer,First Aid Beauty,Skincare,1.0208,Low Risk,72.73,False,1,0,0,0,0,0,0,1,0,0,0,0,0,1,3
P472811,KP Smoothing Body Lotion with 10% AHA,First Aid Beauty,Bath & Body,1.037,Low Risk,93.1,False,1,0,0,0,0,0,0,2,0,0,0,0,0,1,4
P483658,Mineral Sunscreen Zinc Oxide Broad Spectrum SPF 30,First Aid Beauty,Skincare,1.0714,Low Risk,77.78,False,0,0,0,0,0,0,1,1,0,0,0,0,0,0,2
P467115,Facial Radiance Niacinamide Dark Spot Serum,First Aid Beauty,Skincare,1.0833,Low Risk,72.0,False,1,0,0,0,0,0,0,2,0,0,1,0,0,1,5
P442713,FAB Skin Lab Retinol Eye Cream with Triple Hyaluronic Acid,First Aid Beauty,Skincare,1.0778,Low Risk,77.59,False,3,0,0,1,0,0,0,2,0,0,0,0,1,2,9
P416825,FAB Skin Lab Retinol Serum 0.25% Pure Concentrate,First Aid Beauty,Skincare,1.0484,Low Risk,88.57,False,2,0,0,0,0,0,0,1,0,0,0,0,1,1,5
P474040,Anti-Dandruff Scalp Serum with 2% Salicylic Acid,First Aid Beauty,Hair,1.0909,Low Risk (Limited Data),59.46,False,2,0,0,0,0,0,1,3,0,0,0,0,0,1,7
P500746,Hydrating Serum with Hyaluronic Acid,First Aid Beauty,Skincare,1.025,Low Risk,90.91,False,1,0,0,0,0,0,0,2,0,0,0,0,0,1,4
P474829,Sculpting Body Lotion,First Aid Beauty,Bath & Body,1.0185,Low Risk,87.1,False,1,0,0,0,0,0,0,1,0,0,0,0,0,1,3
P503809,Bounce-Boosting Serum with Collagen + Peptides,First Aid Beauty,Skincare,1.0139,Low Risk,75.0,False,1,0,0,0,0,0,0,1,0,0,0,0,0,1,3
P399656,Fab Faves To Go Kit,First Aid Beauty,Skincare,1.0517,Low Risk,70.73,False,1,0,0,0,0,0,0,3,0,0,0,0,0,1,5
P474039,Anti-Dandruff Shampoo with 1% Pyrithione Zinc (ZPT),First Aid Beauty,Hair,1.08,Low Risk (Limited Data),51.02,False,1,0,0,0,0,0,1,3,1,0,0,0,0,2,8
P461161,FAB Pharma BHA Acne Spot Treatment Gel 2% Salicylic Acid,First Aid Beauty,Skincare,1.0526,Low Risk,76.0,False,1,0,0,0,0,0,0,2,0,0,0,0,0,1,4
P480603,2-in-1 Cleansing Oil + Makeup Remover,First Aid Beauty,Skincare,1.0357,Low Risk,77.78,False,1,0,0,0,0,0,0,1,0,0,0,0,0,1,3
P479840,Hydrating Eye Cream with Hyaluronic Acid,First Aid Beauty,Skincare,1.0476,Low Risk (Limited Data),63.64,False,2,0,0,0,0,0,0,1,0,0,0,0,0,1,4
P461162,FAB Pharma White Clay Acne Treatment Pads 2% Salicylic Acid,First Aid Beauty,Skincare,1.0625,Low Risk (Limited Data),59.26,False,1,0,0,0,0,0,1,2,0,0,0,0,0,1,5
P472031,FAB Pharma Calamine Pore Purging Mask,First Aid Beauty,Skincare,1.06,Low Risk,80.65,False,2,0,0,0,0,0,0,2,0,0,0,0,0,1,5
P504890,Anti-Chafe Stick with Shea Butter + Colloidal Oatmeal,First Aid Beauty,Bath & Body,1.0,Low Risk (Limited Data),54.55,False,0,0,0,0,0,0,0,0,0,0,0,0,0,0,0
P468354,Hydrating Ultra Repair Cream Duo,First Aid Beauty,Skincare,1.025,Low Risk,86.96,False,1,0,0,0,0,0,0,1,0,0,0,0,0,1,3
P480604,FAB Faves Trio,First Aid Beauty,Skincare,1.0349,Low Risk,76.79,False,1,0,0,0,0,0,0,3,0,0,0,0,0,1,5
P480445,Smooth + FAB Travel Size Duo,First Aid Beauty,Skincare,1.0429,Low Risk,79.55,False,1,0,0,0,0,0,0,3,0,0,0,0,0,1,5
P504882,Bye Bye Bumps - Best of Body Kit,First Aid Beauty,Skincare,1.0568,Low Risk,86.27,False,2,0,0,0,0,0,0,4,0,0,0,0,0,1,7
P440981,Age Adapting CBD Serum,Flora + Bast,Skincare,,Insufficient Data,0.0,False,0,0,0,0,0,0,0,0,0,0,0,0,0,0,0
P476860,APHRODISIA Intimate Arousal Cannabis Oil,Flora + Bast,Skincare,,Insufficient Data,0.0,False,0,0,0,0,0,0,0,0,0,0,0,0,0,0,0
P500998,Soothe + Hydrate Barrier Building Hydrosol Mist,Flora + Bast,Skincare,,Insufficient Data,0.0,False,0,0,0,0,0,0,0,0,0,0,0,0,0,0,0
P477160,Mini Age Adapting CBD Serum,Flora + Bast,Skincare,,Insufficient Data,0.0,False,0,0,0,0,0,0,0,0,0,0,0,0,0,0,0
P448120,Wonderland Peony Eau De Parfum,Floral Street,Fragrance,1.6923,Medium Risk,100.0,False,0,0,1,0,0,0,11,10,0,0,0,0,0,0,22
P473709,Perfume Discovery Set,Floral Street,Fragrance,1.7857,Medium Risk,95.45,False,0,0,1,0,0,0,19,18,0,0,0,0,0,0,38
P448122,Wonderland Peony Eau De Parfum Travel Spray,Floral Street,Fragrance,1.6923,Medium Risk,100.0,False,0,0,1,0,0,0,11,10,0,0,0,0,0,0,22
P448129,Wild Vanilla Orchid Eau De Parfum,Floral Street,Fragrance,1.625,Medium Risk,100.0,False,0,0,1,0,0,0,6,5,0,0,0,0,0,0,12
P474946,Sunflower Pop Eau De Parfum,Floral Street,Fragrance,1.7,Medium Risk,100.0,False,0,0,1,0,0,0,8,7,0,0,0,0,0,0,16
P448131,Wild Vanilla Orchid Eau De Parfum  Travel Spray,Floral Street,Fragrance,1.625,Medium Risk,100.0,False,0,0,1,0,0,0,6,5,0,0,0,0,0,0,12
P474947,Sunflower Pop Eau De Parfum Travel Spray,Floral Street,Fragrance,1.7,Medium Risk,100.0,False,0,0,1,0,0,0,8,7,0,0,0,0,0,0,16
P462688,Arizona Bloom Eau de Parfum Travel Spray,Floral Street,Fragrance,1.6,Medium Risk,100.0,False,0,0,1,0,0,0,3,2,0,0,0,0,0,0,6
P448117,Neon Rose Eau De Parfum,Floral Street,Fragrance,1.7083,Medium Risk,100.0,False,0,0,1,0,0,0,10,9,0,0,0,0,0,0,20
P462687,Arizona Bloom Eau de Parfum,Floral Street,Fragrance,1.6,Medium Risk,100.0,False,0,0,1,0,0,0,3,2,0,0,0,0,0,0,6
P448138,Black Lotus Eau De Parfum,Floral Street,Fragrance,1.75,Medium Risk,94.74,False,0,0,1,0,0,0,16,15,0,0,0,0,0,0,32
P448140,Black Lotus Eau De Parfum Travel Spray,Floral Street,Fragrance,1.75,Medium Risk,94.74,False,0,0,1,0,0,0,16,15,0,0,0,0,0,0,32
P448141,Ylang Ylang Espresso Eau De Parfum,Floral Street,Fragrance,1.75,Medium Risk,100.0,False,0,0,1,0,0,0,12,11,0,0,0,0,0,0,24
P483152,Wonderland Bloom Candle,Floral Street,Fragrance,2.0,Insufficient Data,25.0,False,0,0,0,0,0,0,1,1,0,0,0,0,0,0,2
P448459,Fireplace Candle,Floral Street,Fragrance,,Insufficient Data,0.0,False,0,0,0,0,0,0,0,0,0,0,0,0,0,0,0
P483153,Wonderland Bloom Scent Diffuser,Floral Street,Fragrance,2.0,Insufficient Data,25.0,False,0,0,0,0,0,0,1,1,0,0,0,0,0,0,2
P448456,Lipstick Candle,Floral Street,Fragrance,,Insufficient Data,0.0,False,0,0,0,0,0,0,0,0,0,0,0,0,0,0,0
P448458,Santal Mysore Candle,Floral Street,Fragrance,,Insufficient Data,0.0,False,0,0,0,0,0,0,0,0,0,0,0,0,0,0,0
P448457,Spring Bouquet Candle,Floral Street,Fragrance,2.0,Insufficient Data,33.33,False,0,0,0,0,0,0,4,4,0,0,0,0,0,0,8
P461935,BEAR Facial Toning Device,FOREO,Skincare,1.0606,Low Risk,73.33,False,1,1,0,0,0,0,0,3,0,0,1,0,0,0,6
P461936,BEAR mini Facial Toning Device,FOREO,Skincare,1.0606,Low Risk,73.33,False,1,1,0,0,0,0,0,3,0,0,1,0,0,0,6
P433466,Call It A Night Activated Mask,FOREO,Skincare,1.0556,Low Risk,90.0,False,0,0,0,0,0,0,1,0,0,0,0,0,0,0,1
P436346,Youth Junkie Activated Mask,FOREO,Skincare,1.0741,Low Risk,84.38,False,0,0,0,0,0,0,1,2,0,0,1,0,0,0,4
P433465,Make My Day Activated Mask,FOREO,Skincare,1.1111,Low Risk,75.0,False,0,0,0,0,0,0,1,0,0,0,0,0,0,0,1
P461937,Serum Serum Serum,FOREO,Skincare,1.0606,Low Risk,73.33,False,1,1,0,0,0,0,0,3,0,0,1,0,0,0,6
P436343,H2Overdose Activated Mask,FOREO,Skincare,1.0741,Low Risk,81.82,False,0,0,0,0,0,0,1,2,0,0,1,0,0,0,4
P436347,Glow Addict Activated Mask,FOREO,Skincare,1.0714,Low Risk,82.35,False,0,0,0,0,0,0,1,2,0,0,1,0,0,0,4
P474322,Mini Candle Gift Set- Time to Get Lit,FORVR Mood,Fragrance,,Insufficient Data,0.0,False,0,0,0,0,0,0,0,0,0,0,0,0,0,0,0
P473142,Left On Read Candle,FORVR Mood,Fragrance,,Insufficient Data,0.0,False,0,0,0,0,0,0,0,0,0,0,0,0,0,0,0
P473127,Cuffing Season Candle,FORVR Mood,Fragrance,,Insufficient Data,0.0,False,0,0,0,0,0,0,0,0,0,0,0,0,0,0,0
P475542,Candle Duo Set,FORVR Mood,Fragrance,,Insufficient Data,0.0,False,0,0,0,0,0,0,0,0,0,0,0,0,0,0,0
P481377,Mini Candle Gift Set- Your Sign To Shine,FORVR Mood,Fragrance,2.0,Insufficient Data,16.67,False,0,0,0,0,0,0,1,0,0,0,0,0,0,0,1
P474321,Grown Folks Business Candle,FORVR Mood,Fragrance,,Insufficient Data,0.0,False,0,0,0,0,0,0,0,0,0,0,0,0,0,0,0
P501448,Apres Ski Holiday Mini Candle Gift Set,FORVR Mood,Fragrance,2.0,Insufficient Data,25.0,False,0,0,0,0,0,0,1,0,0,0,0,0,0,0,1
P483442,Mini Candle Gift Set- Tropic Like It’s Hot,FORVR Mood,Fragrance,2.0,Insufficient Data,16.67,False,0,0,0,0,0,0,1,0,0,0,0,0,0,0,1
P481985,Chasing Waterfalls Candle,FORVR Mood,Fragrance,2.0,Insufficient Data,16.67,False,0,0,0,0,0,0,1,0,0,0,0,0,0,0,1
P483441,Thirst Trapping Candle,FORVR Mood,Fragrance,2.0,Insufficient Data,16.67,False,0,0,0,0,0,0,1,0,0,0,0,0,0,0,1
P503946,Mallow Dramatic Candle,FORVR Mood,Fragrance,2.0,Insufficient Data,25.0,False,0,0,0,0,0,0,1,0,0,0,0,0,0,0,1
P481987,Burning Bridges Candle,FORVR Mood,Fragrance,2.0,Insufficient Data,16.67,False,0,0,0,0,0,0,1,0,0,0,0,0,0,0,1
P483440,Sun Kiss & Tell Candle,FORVR Mood,Fragrance,2.0,Insufficient Data,16.67,False,0,0,0,0,0,0,1,0,0,0,0,0,0,0,1
P481984,NOT Down To Earth Candle,FORVR Mood,Fragrance,2.0,Insufficient Data,16.67,False,0,0,0,0,0,0,1,0,0,0,0,0,0,0,1
P481986,Musta Been The Wind Candle,FORVR Mood,Fragrance,2.0,Insufficient Data,16.67,False,0,0,0,0,0,0,1,0,0,0,0,0,0,0,1
P500865,Spice of Life Candle,FORVR Mood,Fragrance,2.0,Insufficient Data,25.0,False,0,0,0,0,0,0,1,0,0,0,0,0,0,0,1
P501507,Holly Berry Candle,FORVR Mood,Fragrance,2.0,Insufficient Data,25.0,False,0,0,0,0,0,0,1,0,0,0,0,0,0,0,1
P501502,Burr Candle,FORVR Mood,Fragrance,2.0,Insufficient Data,25.0,False,0,0,0,0,0,0,1,0,0,0,0,0,0,0,1
P501432,State of Pine Candle,FORVR Mood,Fragrance,2.0,Insufficient Data,25.0,False,0,0,0,0,0,0,1,0,0,0,0,0,0,0,1
P483438,Leaf Me Be Candle,FORVR Mood,Fragrance,2.0,Insufficient Data,16.67,False,0,0,0,0,0,0,1,0,0,0,0,0,0,0,1
P483439,Sweet Wave Candle,FORVR Mood,Fragrance,2.0,Insufficient Data,16.67,False,0,0,0,0,0,0,1,0,0,0,0,0,0,0,1
P501446,No Wahala Candle,FORVR Mood,Fragrance,2.0,Insufficient Data,25.0,False,0,0,0,0,0,0,1,0,0,0,0,0,0,0,1
P468653,Freck The Original Freckle,Freck Beauty,Makeup,1.0556,Low Risk,75.0,False,1,0,0,0,0,0,0,0,0,0,0,0,0,0,1
P469819,Cheekslime Blush + Lip Tint with Plant Collagen,Freck Beauty,Makeup,1.0179,Low Risk,87.5,False,1,0,0,0,0,0,0,2,0,0,0,0,0,1,4
P502850,MAKEOUT CLUB Soft Blur Lipstick,Freck Beauty,Makeup,1.1429,Low Risk,80.77,False,2,0,0,0,0,0,3,3,0,0,0,0,0,0,8
P469862,Rich Bitch Cactus + Vitamin C Moisturizer,Freck Beauty,Skincare,1.0435,Low Risk,74.19,False,2,0,0,0,0,0,0,2,0,0,0,0,0,1,5
P469818,Cactus Water Cleansing Lactic Acid Toner,Freck Beauty,Skincare,1.2273,Low Risk (Limited Data),68.75,False,2,0,0,0,0,0,0,4,0,0,0,0,0,2,8
P504127,Rich Bitch Nourishing Plant and Peptide Lip Balm,Freck Beauty,Makeup,1.0,Low Risk (Limited Data),60.0,False,0,0,0,0,0,0,0,0,0,0,0,0,0,0,0
P474831,SLIMELIGHT Highlighter,Freck Beauty,Makeup,1.02,Low Risk,75.76,False,1,0,0,0,0,0,0,3,0,0,0,0,0,1,5
P481819,LASHROCKET MASCARA with Lash Enhancing Peptides,Freck Beauty,Makeup,1.025,Low Risk (Limited Data),68.97,False,1,0,0,0,0,0,0,0,0,0,0,0,0,0,1
P502970,Best of Freck Holiday Set,Freck Beauty,Makeup,1.037,Low Risk (Limited Data),65.85,False,2,0,0,0,0,0,0,0,0,0,0,0,0,0,2
P481088,Lashrocket Liquid Liner with Lash Enhancing Peptides,Freck Beauty,Makeup,1.0,Low Risk,70.59,False,0,0,0,0,0,0,0,0,0,0,0,0,0,0,0
P504894,RICH BITCH Hydrating Face Primer Serum,Freck Beauty,Makeup,1.1667,Low Risk,84.38,False,0,0,0,0,0,0,6,5,0,0,0,0,0,0,11
P7880,Soy Hydrating Gentle Face Cleanser,fresh,Skincare,1.0,Low Risk,76.67,False,0,0,0,0,0,0,0,1,0,0,0,0,0,0,1
P302103,Sugar Advanced Lip Balm Intense Hydration Treatment,fresh,Skincare,1.2632,Low Risk (Limited Data),65.52,False,0,0,0,0,0,0,6,5,0,0,0,0,0,0,11
P12336,Rose Face Mask,fresh,Skincare,1.0952,Low Risk (Limited Data),65.62,False,1,0,0,0,0,0,2,4,0,0,0,0,0,1,8
P421243,Sugar Hydrating Lip Balm,fresh,Skincare,1.2857,Low Risk (Limited Data),53.85,False,1,0,0,1,0,0,6,6,0,0,0,0,0,1,15
P500633,Tea Elixir Niacinamide & Hyaluronic Acid Anti-Aging Serum,fresh,Skincare,1.129,Low Risk,86.11,False,1,0,0,0,0,0,5,5,0,0,0,0,0,0,11
P471237,Rose & Hyaluronic Acid Deep Hydration Moisturizer,fresh,Skincare,1.0882,Low Risk,73.91,False,1,0,0,0,0,0,2,4,0,0,1,0,0,0,8
P274001,Sugar Lip Polish Exfoliator,fresh,Makeup,1.2778,Low Risk,94.74,False,1,0,0,1,0,0,4,4,0,0,0,0,0,1,11
P440312,Lotus Anti-Aging Night Moisturizer,fresh,Skincare,1.2097,Low Risk,79.49,False,1,0,0,1,0,0,4,7,0,0,0,1,0,2,16
P503936,Black Tea Anti-Aging Moisturizer with Retinol-Alternative BT Matrix,fresh,Skincare,1.1522,Low Risk,85.19,False,1,0,0,0,0,0,4,4,0,0,0,0,0,0,9
P417936,Rose & Hyaluronic Acid Deep Hydration Toner,fresh,Skincare,1.2857,Low Risk,70.0,False,1,0,0,1,0,0,3,3,0,0,0,0,0,1,9
P445827,Sugar Strawberry Exfoliating Face Wash,fresh,Skincare,1.3235,Low Risk,77.27,False,1,0,0,1,0,0,5,5,0,0,0,0,0,1,13
P442858,Rose Deep Hydration Sleeping Mask,fresh,Skincare,1.0556,Low Risk,78.26,False,1,0,0,0,0,0,2,3,0,0,0,0,0,0,6
P425894,Mini Soy pH-Balanced Hydrating Face Wash,fresh,Mini Size,1.0,Low Risk,76.67,False,0,0,0,0,0,0,0,1,0,0,0,0,0,0,1
P500777,Sugar Lip Balm Hydrating Treatment,fresh,Skincare,1.2857,Low Risk,75.0,False,0,0,0,0,0,0,6,6,0,0,0,1,0,0,13
P479841,Floral Recovery Overnight Mask with Squalane,fresh,Skincare,1.0625,Low Risk,80.0,False,1,0,0,0,0,0,1,0,0,0,0,0,0,0,2
P12295,Sugar Face Polish Exfoliator,fresh,Skincare,1.2222,Low Risk,81.82,False,0,0,0,1,0,0,3,3,0,0,0,0,0,0,7
P454378,Lotus Anti- Aging Daily Moisturizer,fresh,Skincare,1.1471,Low Risk,89.47,False,1,0,0,0,0,0,2,7,0,0,1,1,0,2,14
P457005,Rose & Squalane Deep Hydration Oil-Infused Serum,fresh,Skincare,1.1,Low Risk (Limited Data),68.97,False,0,0,0,0,0,0,2,4,0,0,0,0,0,1,7
P39970,Rose Floral Toner,fresh,Skincare,1.25,Low Risk (Limited Data),54.55,False,0,0,0,0,0,0,2,3,0,0,0,0,0,0,5
P217513,Black Tea Instant Perfecting Mask,fresh,Skincare,1.1034,Low Risk (Limited Data),61.7,False,1,0,0,1,0,0,2,3,0,0,0,0,0,1,8
P7844,Brown Sugar Body Polish Exfoliator,fresh,Bath & Body,1.3182,Low Risk (Limited Data),55.0,False,0,0,0,1,0,0,3,4,0,0,0,1,0,1,10
P454396,Lotus Youth Preserve Eye Cream,fresh,Skincare,1.1,Low Risk,85.37,False,1,0,0,0,0,0,2,4,0,0,0,1,0,1,9
P466122,Kombucha 2-in-1 No-Rinse Cleanser & Prebiotic Treatment,fresh,Skincare,1.1154,Low Risk,76.47,False,0,0,0,0,0,0,1,1,0,0,0,0,0,1,3
P457517,Rose Petal-Soft Deep Hydration Lip Balm,fresh,Skincare,1.2222,Low Risk (Limited Data),60.0,False,0,0,0,1,0,0,4,3,0,0,0,0,0,0,8
P384778,Black Tea Firming and De-Puffing Eye Cream,fresh,Skincare,1.1047,Low Risk,82.69,False,1,0,0,1,0,0,2,6,0,0,1,0,0,1,12
P474832,Sugar Recovery Lip Mask Advanced Therapy,fresh,Skincare,1.1875,Low Risk,80.0,False,0,0,0,0,0,0,6,5,0,0,0,0,0,0,11
P442003,Sugar Mint Rush Freshening Lip Treatment,fresh,Skincare,1.2778,Low Risk (Limited Data),62.07,False,1,0,0,0,0,0,4,5,0,0,0,0,0,2,12
P426080,Lotus Youth Preserve Rescue Mask,fresh,Skincare,1.1296,Low Risk (Limited Data),52.94,False,1,0,0,1,0,0,2,5,0,0,0,0,0,1,10
P391799,Black Tea Firming Overnight Mask,fresh,Skincare,1.1154,Low Risk,73.58,False,1,0,0,1,0,0,4,5,0,0,0,0,0,1,12
P420158,Vitamin C Glow Moisturizer,fresh,Skincare,1.197,Low Risk,73.33,False,1,0,0,1,0,0,5,7,0,0,1,0,0,1,16
P436353,Mini Rose & Hyaluronic Acid Deep Hydration Toner,fresh,Skincare,1.2857,Low Risk,70.0,False,1,0,0,1,0,0,3,3,0,0,0,0,0,1,9
P12857,Rice Sake Bath,fresh,Bath & Body,1.2941,Low Risk (Limited Data),65.38,False,1,0,0,1,0,0,3,3,1,0,0,0,0,2,11
P213013,Sugar Lemon Body Lotion,fresh,Bath & Body,1.2273,Low Risk,81.48,False,1,0,0,0,0,0,6,6,0,0,0,0,0,1,14
P7827,Sugar Lychee Body Lotion,fresh,Bath & Body,1.3393,Low Risk,84.85,False,1,0,0,1,0,0,9,9,0,0,0,0,0,1,21
P448192,Mini Sugar Strawberry Exfoliating Face Wash,fresh,Skincare,1.3235,Low Risk,77.27,False,1,0,0,1,0,0,5,5,0,0,0,0,0,1,13
P500400,Milk Body Cleanser,fresh,Bath & Body,1.0417,Low Risk,82.76,False,0,0,0,0,0,0,1,0,0,0,0,0,0,0,1
P500398,Milk Body Lotion,fresh,Bath & Body,1.0789,Low Risk,73.08,False,1,0,0,0,0,0,1,1,0,0,0,0,0,0,3
P449158,Mini Lotus Anti-Aging Night Moisturizer,fresh,Skincare,1.2097,Low Risk,79.49,False,1,0,0,1,0,0,4,7,0,0,0,1,0,2,16
P481703,Black Tea Corset Cream Firming Moisturizer,fresh,Skincare,1.0789,Low Risk,77.55,False,1,0,0,0,0,0,2,3,0,0,1,0,0,0,7
P450211,Mini Vitamin Nectar Glow Juice Antioxidant Face Serum,fresh,Skincare,1.2308,Low Risk,70.27,False,2,0,0,0,0,0,5,8,0,0,0,1,0,1,17
P403748,Black Tea Corset Firming Serum,fresh,Skincare,1.1379,Low Risk (Limited Data),67.44,False,1,0,0,0,0,0,4,6,0,0,0,0,0,1,12
P500406,Milk Hydrating Hand Cream,fresh,Bath & Body,1.0469,Low Risk,82.05,False,1,0,0,0,0,0,1,1,0,0,0,0,0,0,3
P426821,Mini Rose Face Mask,fresh,Mini Size,1.0952,Low Risk (Limited Data),65.62,False,1,0,0,0,0,0,2,4,0,0,0,0,0,1,8
P426824,Mini Sugar Face Polish Exfoliato,fresh,Mini Size,1.2222,Low Risk,81.82,False,0,0,0,1,0,0,3,3,0,0,0,0,0,0,7
P454395,Mini Lotus Youth Preserve Moisturizer,fresh,Skincare,1.1471,Low Risk,89.47,False,1,0,0,0,0,0,2,7,0,0,1,1,0,2,14
P450210,Vitamin Nectar Glow Juice Antioxidant Face Serum,fresh,Skincare,1.2308,Low Risk,70.27,False,2,0,0,0,0,0,5,8,0,0,0,1,0,1,17
P454817,Hesperides Grapefruit Body Lotion,fresh,Bath & Body,1.2391,Low Risk,79.31,False,1,0,0,1,0,0,4,5,0,0,0,1,0,1,13
P439626,Black Tea Firming Eye Serum,fresh,Skincare,1.1333,Low Risk,71.43,False,1,0,0,0,0,0,4,5,0,0,0,0,0,2,12
P472466,Mini Rose & Hyaluronic Acid Deep Hydration Moisturizer,fresh,Skincare,1.0882,Low Risk,73.91,False,1,0,0,0,0,0,2,4,0,0,1,0,0,0,8
P388687,Fresh Life Body Lotion,fresh,Bath & Body,1.225,Low Risk,86.96,False,1,0,0,1,0,0,4,4,0,0,0,0,0,1,11
P193706,Freesia Oval Soap,fresh,Bath & Body,1.3889,Low Risk,75.0,False,0,0,0,1,0,0,7,6,0,0,0,0,0,0,14
P432256,Mini Black Tea Instant Perfecting Mask,fresh,Skincare,1.1034,Low Risk (Limited Data),61.7,False,1,0,0,1,0,0,2,3,0,0,0,0,0,1,8
P500012,Rose Hydration Pore-Minimizing Mist,fresh,Skincare,1.1667,Low Risk,75.0,False,1,0,0,0,0,0,2,3,0,0,0,0,0,0,6
P193705,Verbena Oval Soap,fresh,Bath & Body,1.3929,Low Risk (Limited Data),66.67,False,0,0,0,1,0,0,6,5,0,0,0,0,0,0,12
P429538,Lotus Youth Preseve Rescue Mask Mini,fresh,Skincare,1.1296,Low Risk (Limited Data),52.94,False,1,0,0,1,0,0,2,5,0,0,0,0,0,1,10
P435387,Mini Rose Floral Toner,fresh,Skincare,1.25,Low Risk (Limited Data),54.55,False,0,0,0,0,0,0,2,3,0,0,0,0,0,0,5
P504272,Hydrating Skincare Gift Set,fresh,Skincare,1.07,Low Risk (Limited Data),68.49,False,1,0,0,0,0,0,2,5,0,0,1,0,0,1,10
P503226,Sugar Triple-Action Lip Serum Advanced Therapy,fresh,Skincare,1.1571,Low Risk,79.55,False,1,0,0,1,0,0,5,5,0,0,0,0,0,1,13
P481704,Umbrian Clay Pore Purifying Face Mask,fresh,Skincare,1.0789,Low Risk,77.55,False,1,0,0,0,0,0,2,3,0,0,1,0,0,0,7
P432255,Mini Black Tea Firming Overnight Mask,fresh,Skincare,1.1154,Low Risk,73.58,False,1,0,0,1,0,0,4,5,0,0,0,0,0,1,12
P504289,Prep & Treat Lip Care Gift Set,fresh,Skincare,1.175,Low Risk,74.07,False,1,0,0,1,0,0,7,7,0,0,0,0,0,1,17
P503915,Mini Floral Recovery Overnight Mask with Squalane,fresh,Skincare,1.0625,Low Risk,80.0,False,1,0,0,0,0,0,1,0,0,0,0,0,0,0,2
P481705,Mini Umbrian Clay Pore Purifying Face Mask,fresh,Mini Size,1.2143,Low Risk (Limited Data),63.64,False,1,0,0,0,0,0,2,3,1,0,0,0,0,1,8
P505493,Mini Kombucha Antioxidant Facial Treatment Essence,fresh,Skincare,1.1905,Low Risk (Limited Data),67.74,False,1,0,0,0,0,0,4,3,0,0,0,0,0,1,9
P505509,Kombucha Antioxidant Facial Treatment Essence,fresh,Skincare,1.1905,Low Risk (Limited Data),67.74,False,1,0,0,0,0,0,4,3,0,0,0,0,0,1,9
P385017,Bodyguard - Heat Protect Spray,ghd,Hair,1.3043,Low Risk,85.19,False,1,0,0,0,0,0,9,9,0,0,0,0,0,1,20
P504613,Sleek Talker Wet to Sleek Styling Oil,ghd,Hair,1.5,Medium Risk,100.0,False,0,0,0,0,0,0,8,7,0,0,0,0,0,0,15
P462353,Mini Honey Infused Hair Oil,Gisou,Hair,1.2917,Low Risk (Limited Data),66.67,False,0,0,0,0,0,0,5,4,0,0,0,0,0,0,9
P462352,Honey Infused Hair Oil,Gisou,Hair,1.2917,Low Risk (Limited Data),66.67,False,0,0,0,0,0,0,5,4,0,0,0,0,0,0,9
P462356,Mini Honey Infused Hair Perfume,Gisou,Hair,1.2143,Low Risk (Limited Data),43.75,False,0,0,1,0,0,0,1,0,0,0,0,0,0,0,2
P473838,Honey Infused Leave-In Conditioner,Gisou,Hair,1.2273,Low Risk (Limited Data),44.0,False,0,0,0,0,0,0,2,2,0,0,0,0,0,0,4
P462354,Honey Infused Hair Mask,Gisou,Hair,1.175,Low Risk (Limited Data),68.97,False,0,0,1,0,0,0,3,6,0,0,0,0,0,0,10
P481821,Honey Infused Scalp Treatment Serum,Gisou,Hair,1.1842,Low Risk (Limited Data),51.35,False,0,0,0,0,0,0,5,4,0,0,0,0,0,0,9
P474833,Mini Honey Infused Hair Mask,Gisou,Hair,1.175,Low Risk (Limited Data),68.97,False,0,0,1,0,0,0,3,6,0,0,0,0,0,0,10
P462357,Honey Infused Hair Wash Shampoo,Gisou,Hair,1.125,Low Risk (Limited Data),66.67,False,0,0,0,0,0,0,2,1,1,0,0,0,0,1,5
P462361,Propolis Infused Heat Protecting Spray,Gisou,Hair,1.4773,Low Risk (Limited Data),68.75,True,2,0,1,1,0,1,8,9,0,0,0,0,1,1,24
P501808,Honey Infused Hair Perfume Floral Edition,Gisou,Hair,1.0833,Insufficient Data,37.5,False,0,0,1,0,0,0,0,0,0,0,0,0,0,0,1
P462355,Honey Infused Hair Perfume,Gisou,Hair,1.2143,Low Risk (Limited Data),43.75,False,0,0,1,0,0,0,1,0,0,0,0,0,0,0,2
P462359,Honey Infused Conditioner,Gisou,Hair,1.2174,Low Risk,82.14,False,0,0,1,0,0,0,3,8,0,0,0,0,0,0,12
P462362,Propolis Infused Polishing Primer,Gisou,Hair,1.35,Low Risk,76.92,False,0,0,0,0,0,0,8,9,0,0,0,0,0,0,17
P462363,Propolis Infused Texturizing Wave Spray,Gisou,Hair,1.3824,Low Risk (Limited Data),68.0,False,2,0,1,1,0,0,6,9,0,0,0,0,0,1,20
P462360,Mini Honey Infused Conditioner,Gisou,Hair,1.26,Low Risk,86.21,False,1,0,1,0,0,0,4,9,0,0,0,0,0,1,16
P504813,Honey Infused Cleanse & Care Routine Hair Set,Gisou,Hair,1.2065,Low Risk (Limited Data),65.71,False,0,0,1,0,0,0,6,11,1,0,0,0,0,1,20
P505233,Honey Infused Lip Oil,Gisou,Skincare,1.25,Low Risk (Limited Data),51.85,False,0,0,0,0,0,0,5,5,0,0,0,0,0,0,10
P390722,Prisme Libre Loose Setting and Finishing Powder,Givenchy,Makeup,1.2391,Low Risk,100.0,True,0,0,0,1,0,1,2,2,0,0,0,0,1,1,8
P377755,Rouge Interdit Intense Silk Satin Matte Lipstick,Givenchy,Makeup,1.2,Low Risk,78.12,False,3,0,0,1,0,0,3,3,0,0,0,0,0,1,11
P457245,Rose Perfecto Tinted Liquid Balm,Givenchy,Makeup,1.0556,Low Risk (Limited Data),66.67,False,0,0,0,0,0,0,1,0,0,0,0,0,0,0,1
P405231,Rouge Interdit Vinyl Color Enhancing Lipstick,Givenchy,Makeup,1.2105,Low Risk,70.37,False,1,0,0,1,0,0,3,2,0,0,0,0,0,0,7
P474948,Le Rouge Sheer Velvet Matte Lipstick,Givenchy,Makeup,1.1176,Low Risk,73.91,False,2,0,0,0,0,0,1,0,0,0,0,0,0,0,3
P472700,Rose Perfecto Lip Balm 24H Hydration,Givenchy,Makeup,1.0833,Low Risk (Limited Data),62.07,False,1,0,0,0,0,0,1,0,0,0,0,0,0,0,2
P448881,Le Rouge Deep Velvet Matte Lipstick,Givenchy,Makeup,1.1875,Low Risk,77.42,False,2,0,0,1,0,0,3,2,0,0,0,0,0,0,8
P469469,Prisme Libre Skin-Caring Glow Foundation,Givenchy,Makeup,1.04,Low Risk,78.12,False,0,0,0,0,0,0,1,2,0,0,0,0,0,0,3
P459156,Irresistible Eau de Parfum,Givenchy,Fragrance,1.5588,Medium Risk,89.47,False,3,0,1,2,0,0,8,7,0,0,0,0,0,0,21
P457669,L'Interdit Eau de Parfum,Givenchy,Fragrance,1.619,Medium Risk,100.0,False,4,0,1,2,0,0,11,10,0,0,0,0,0,0,28
P475946,L’Interdit Rouge Eau De Parfum,Givenchy,Fragrance,1.7143,Medium Risk,100.0,False,1,0,1,0,0,0,11,10,0,0,0,0,0,0,23
P416205,Mini Prisme Libre Loose Powder,Givenchy,Makeup,1.175,Low Risk,90.91,False,0,0,0,1,0,0,2,2,0,0,0,0,0,1,6
P481706,Prisme Libre Skin-Caring Matte Foundation,Givenchy,Makeup,1.0484,Low Risk,81.58,False,0,0,1,0,0,0,1,1,0,0,0,0,0,0,3
P183916,Lip Liner,Givenchy,Makeup,1.0789,Low Risk (Limited Data),67.86,False,3,0,0,0,0,0,0,0,0,0,0,0,0,0,3
P258016,Ange ou Demon Le Secret Eau de Parfum,Givenchy,Fragrance,1.5294,Medium Risk,100.0,False,3,0,1,2,0,0,7,6,0,0,0,0,0,0,19
P45600,Very Irrésistible Eau de Toilette,Givenchy,Fragrance,1.8056,Medium Risk,90.0,True,0,0,1,1,0,1,14,13,0,0,0,0,1,0,31
P459171,L'Interdit Eau de Parfum Rollerball,Givenchy,Fragrance,1.619,Medium Risk,100.0,False,4,0,1,2,0,0,11,10,0,0,0,0,0,0,28
P473308,Irresistible Eau de Parfum Rollerball,Givenchy,Fragrance,1.5588,Medium Risk,89.47,False,3,0,1,2,0,0,8,7,0,0,0,0,0,0,21
P471764,Le Rouge Universal 24H Hydration Lip Balm,Givenchy,Makeup,1.0667,Low Risk (Limited Data),68.18,False,0,0,0,0,0,0,1,0,0,0,0,0,0,0,1
P505129,Prisme Libre Skin-Caring 24H Hydrating + Radiant + Correcting Creamy Concealer,Givenchy,Makeup,1.0,Low Risk,75.68,False,0,0,0,0,0,0,0,1,0,0,0,0,0,0,1
P0956,Pi Eau de Toilette,Givenchy,Fragrance,1.5625,Medium Risk,84.21,False,2,0,1,2,0,0,8,7,0,0,0,0,0,0,20
P410767,Mister Brow Groom Universal Brow Setter,Givenchy,Makeup,1.1429,Low Risk,100.0,False,1,0,1,0,0,0,0,1,0,0,0,0,0,1,4
P481707,Gentleman Eau de Parfum Réserve Privée,Givenchy,Fragrance,1.6316,Medium Risk,95.0,False,2,0,1,0,0,0,14,13,0,0,0,0,0,0,30
P446334,Volume Disturbia Mascara,Givenchy,Makeup,1.1964,Low Risk,80.0,False,1,0,0,1,0,0,5,5,0,0,0,0,0,1,13
P463625,Rouge Interdit Intense Silk Satin Matte Lipstick Refills,Givenchy,Makeup,1.2,Low Risk,78.12,False,3,0,0,1,0,0,3,3,0,0,0,0,0,1,11
P423431,Gentleman Eau de Toilette,Givenchy,Fragrance,1.5,Medium Risk,85.71,False,4,0,1,2,0,0,7,6,0,0,0,0,0,0,20
P501179,Pink Collection Le Rouge Sheer Velvet Matte Lipstick,Givenchy,Makeup,1.1,Low Risk,71.43,False,1,0,0,0,0,0,1,0,0,0,0,0,0,0,2
P458220,Gentleman Boisee Eau de Parfum,Givenchy,Fragrance,1.6765,Medium Risk,100.0,False,3,0,1,2,0,0,10,9,0,0,0,0,0,0,25
P430174,Gentleman Eau de Parfum,Givenchy,Fragrance,1.5882,Medium Risk,94.44,False,2,0,1,2,0,0,10,9,0,0,0,0,0,0,24
P504276,Irresistible Eau de Parfum Rose Velvet,Givenchy,Fragrance,1.6389,Medium Risk,100.0,False,2,0,1,0,0,0,12,11,0,0,0,0,0,0,26
P474949,Le Rouge Sheer Velvet Matte Lipstick Customized Refills,Givenchy,Makeup,1.1176,Low Risk,73.91,False,2,0,0,0,0,0,1,0,0,0,0,0,0,0,3
P481090,Irresistible Eau de Toilette Fraiche,Givenchy,Fragrance,1.5769,Medium Risk,92.86,False,2,0,1,0,0,0,8,7,0,0,0,0,0,0,18
P446827,Liner Disturbia Felt Tip Eyeliner,Givenchy,Makeup,1.0625,Low Risk (Limited Data),57.14,False,1,0,0,0,0,0,0,1,0,0,0,0,0,1,3
P501783,L'Interdit Eau de Toilette,Givenchy,Fragrance,1.5938,Medium Risk,94.12,False,2,0,1,0,0,0,10,9,0,0,0,0,0,0,22
P504939,Prisme Libre Skin-Caring Corrector,Givenchy,Makeup,1.0,Low Risk,82.35,False,0,0,0,0,0,0,0,1,0,0,0,0,0,0,1
P419605,Rouge Interdit Vinyl Color Enhancing Lipstick - 16 Noir Revelateur,Givenchy,Makeup,1.2105,Low Risk,70.37,False,1,0,0,1,0,0,3,2,0,0,0,0,0,0,7
P500496,Irresistible Eau De Toilette Fraiche,Givenchy,Fragrance,1.5769,Medium Risk,92.86,False,2,0,1,0,0,0,8,7,0,0,0,0,0,0,18
P500416,Magnetic Half Lashes,Glamnetic,Makeup,,Insufficient Data,0.0,False,0,0,0,0,0,0,0,0,0,0,0,0,0,0,0
P503068,Brush On Nail Glue,Glamnetic,Makeup,1.0,Low Risk (Limited Data),50.0,False,0,0,0,0,0,0,0,0,0,0,0,0,0,0,0
P500394,Magnetic False Lashes - Brown,Glamnetic,Makeup,,Insufficient Data,0.0,False,0,0,0,0,0,0,0,0,0,0,0,0,0,0,0
P505234,Lash Extension Kit,Glamnetic,Makeup,1.1429,Low Risk,77.78,False,1,0,0,0,0,0,0,2,0,0,0,0,0,1,4
P281835,GLO Brilliant White Smile - At Home Teeth Whitening Device,GLO Science,Skincare,1.1667,Insufficient Data,36.0,False,0,0,0,0,0,0,0,2,0,0,0,0,0,2,4
P404465,GLO Lit Teeth Whitening Vials 3 Pack,GLO Science,Skincare,1.0,Insufficient Data,30.0,False,0,0,0,0,0,0,0,0,0,0,0,0,0,0,0
P395389,GLO Brilliant Teeth Whitening GLO Vials 10 Pack plus Lip Care,GLO Science,Skincare,1.125,Low Risk (Limited Data),52.17,False,0,0,1,0,0,0,0,1,0,0,0,0,0,1,3
P399755,GLO Lit Teeth Whitening Vials 7 Pack + Lip Care,GLO Science,Skincare,1.125,Low Risk (Limited Data),52.17,False,0,0,1,0,0,0,0,1,0,0,0,0,0,1,3
P472467,GLO to Go Teeth Whitening Pen,GLO Science,Skincare,1.25,Insufficient Data,35.29,False,0,0,0,0,0,0,0,2,0,0,0,0,0,1,3
P500156,Teeth Whitening GLO Vials,GLO Science,Tools & Brushes,1.25,Insufficient Data,35.29,False,0,0,0,0,0,0,0,2,0,0,0,0,0,1,3
P504525,Balm Dotcom Lip Balm and Skin Salve,Glossier,Makeup,1.1579,Low Risk,82.61,False,1,0,0,0,0,0,3,3,0,0,0,0,0,0,7
P504521,Cloud Paint Gel Cream Blush,Glossier,Makeup,1.0323,Low Risk,96.88,False,1,0,0,0,0,0,0,3,0,0,0,0,0,1,5
P504823,Ultralip High Shine Lipstick with Hyaluronic Acid,Glossier,Makeup,1.0429,Low Risk,81.4,False,2,0,0,0,0,0,0,1,0,0,0,0,0,0,3
P504364,Glossier You Eau de Parfum,Glossier,Fragrance,1.6667,Medium Risk,100.0,False,0,0,1,0,0,0,4,3,0,0,0,0,0,0,8
P504526,Boy Brow Volumizing Eyebrow Gel-Pomade,Glossier,Makeup,1.069,Low Risk,80.56,False,1,0,0,0,0,0,0,3,0,0,1,0,0,1,6
P504782,Perfecting Skin Tint for Dewy Sheer Coverage,Glossier,Makeup,1.0952,Low Risk,84.0,False,1,0,1,0,1,0,0,0,0,0,0,0,0,0,3
P504829,Glassy High-Shine Lip Gloss,Glossier,Makeup,1.0,Low Risk,90.91,False,0,0,0,0,0,0,0,0,0,0,0,0,0,0,0
P504802,Generation G Sheer Matte Lipstick,Glossier,Makeup,1.0667,Low Risk,71.43,False,1,0,1,0,1,0,0,2,0,0,0,0,0,1,6
P504831,Stretch Concealer for Dewy Buildable Coverage,Glossier,Makeup,1.0263,Low Risk,90.48,False,1,0,0,0,0,0,0,1,0,0,0,0,0,1,3
P504834,Lash Slick Lift and Lengthening Mascara,Glossier,Makeup,1.1176,Low Risk (Limited Data),65.38,False,1,0,1,0,0,0,0,2,0,0,1,0,0,1,6
P504522,Glossier You Solid Perfume,Glossier,Fragrance,1.35,Low Risk,83.33,False,0,0,0,0,0,0,4,3,0,0,0,0,0,0,7
P504775,Monochromes Essential Eyeshadow Trio Palette,Glossier,Makeup,1.0,Low Risk (Limited Data),51.16,False,0,0,0,0,0,0,0,1,0,0,0,0,0,0,1
P504814,Haloscope Balm Dewy Highlighter Stick,Glossier,Makeup,1.0,Low Risk,86.67,False,0,0,0,0,0,0,0,0,0,0,0,0,0,0,0
P504803,Lidstar Long-Wearing Shimmer Cream Eyeshadow,Glossier,Makeup,1.0,Low Risk,90.91,False,0,0,0,0,0,0,0,0,0,0,0,0,0,0,0
P504527,No 1. Pencil Creamy Long-Wearing Eyeliner,Glossier,Makeup,1.025,Low Risk,83.33,False,1,0,0,0,0,0,0,0,0,0,0,0,0,0,1
P504807,Solar Paint Luminious Gel-Cream Bronzer,Glossier,Makeup,1.0,Low Risk (Limited Data),64.71,False,0,0,0,0,0,0,0,0,0,0,0,0,0,0,0
P504789,Brow Flick Microfine Detailing Eyebrow Pen,Glossier,Makeup,1.0833,Low Risk,70.59,False,1,0,1,0,0,0,0,2,0,0,0,0,0,1,5
P504800,Skywash Liquid-to-Powder Sheer Matte Eyeshadow Tint,Glossier,Makeup,1.0,Low Risk,85.0,False,0,0,0,0,0,0,0,0,0,0,0,0,0,0,0
P504523,Futuredew Facial Oil-Serum Hybrid,Glossier,Skincare,1.0,Low Risk,79.31,False,0,0,0,0,0,0,0,0,0,0,0,0,0,0,0
P504524,Milky Jelly Gentle Gel Face Cleanser,Glossier,Skincare,1.0714,Low Risk,84.0,False,0,0,0,0,0,0,2,3,0,0,0,0,0,0,5
P504788,Pro Tip Long-Wearing Liquid Eyeliner Pen,Glossier,Makeup,1.1111,Low Risk (Limited Data),64.29,False,1,0,1,0,0,0,0,2,0,0,0,0,0,1,5
P504794,After Baume Moisture Barrier Recovery Cream,Glossier,Skincare,1.0294,Low Risk (Limited Data),68.0,False,0,0,0,0,0,0,0,1,0,0,0,0,0,0,1
P504786,Solution Skin-Perfecting Daily Chemical Exfoliator,Glossier,Skincare,1.1316,Low Risk,76.0,False,1,0,0,0,0,0,1,4,0,0,0,0,0,0,6
P504773,Priming Moisturizer Rich Face Cream with Ceramides,Glossier,Skincare,1.037,Low Risk,77.14,False,1,0,0,0,0,0,0,2,0,0,0,0,0,0,3
P504774,Super Pure Clarifying Face Serum with Niacinamide + Zinc,Glossier,Skincare,1.0,Low Risk,76.92,False,0,0,0,0,0,0,0,0,0,0,0,0,0,0,0
P504795,Super Bounce Hyaluronic Acid + Vitamin B5 Hydrating Face Serum,Glossier,Skincare,1.0357,Low Risk,87.5,False,1,0,0,0,0,0,0,0,0,0,0,0,0,0,1
P504919,Milky Oil Dual-Phase Waterproof Makeup Remover,Glossier,Skincare,1.0,Low Risk,90.91,False,0,0,0,0,0,0,0,0,0,0,0,0,0,0,0
P504784,Priming Moisturizer Lightweight Buildable Face Cream,Glossier,Skincare,1.0,Low Risk,78.57,False,0,0,0,0,0,0,0,2,0,0,0,0,0,0,2
P504778,Invisible Shield Water-Gel Transparent Sunscreen SPF 35,Glossier,Skincare,1.0962,Low Risk,70.27,False,2,0,0,0,0,0,0,5,0,0,1,1,0,1,10
P504780,Super Glow Vitamin C Brightening Face Serum,Glossier,Skincare,1.0,Low Risk,83.33,False,0,0,0,0,0,0,0,0,0,0,0,0,0,0,0
P504810,Priming Moisturizer Balance Oil-Control Gel-Cream,Glossier,Skincare,1.0217,Low Risk,71.88,False,1,0,0,0,0,0,0,1,0,0,0,0,0,0,2
P504815,Universal Pro-Retinol Overnight Renewing Treatment,Glossier,Skincare,1.0,Low Risk,80.65,False,0,0,0,0,0,0,0,1,0,0,0,0,0,0,1
P504790,Cleanser Concentrate AHA Clarifying and Exfoliating Face Wash,Glossier,Skincare,1.0833,Low Risk (Limited Data),66.67,False,0,0,0,0,0,0,0,3,1,0,0,0,0,1,5
P458219,Watermelon Glow PHA + BHA Pore-Tight Toner,Glow Recipe,Skincare,1.1111,Low Risk (Limited Data),40.91,False,0,0,0,0,0,0,1,0,0,0,0,0,0,0,1
P467762,Mini Watermelon Glow PHA + BHA Pore-Tight Toner,Glow Recipe,Skincare,1.1111,Low Risk (Limited Data),40.91,False,0,0,0,0,0,0,1,0,0,0,0,0,0,0,1
P466123,Watermelon Glow Niacinamide Dew Drops,Glow Recipe,Skincare,1.1389,Low Risk,78.26,False,0,0,0,0,0,0,2,3,0,0,1,0,0,0,6
P428819,Watermelon Pink Juice Oil-Free Moisturizer,Glow Recipe,Skincare,1.1,Low Risk (Limited Data),41.67,False,0,0,0,0,0,0,1,0,0,0,0,0,0,0,1
P462699,Plum Plump Hyaluronic Acid Serum,Glow Recipe,Skincare,1.119,Low Risk (Limited Data),60.0,False,2,0,0,0,0,0,1,4,0,0,0,0,0,1,8
P447791,Avocado Fine Line Eye Cream with Retinol,Glow Recipe,Skincare,1.0385,Low Risk (Limited Data),67.24,False,2,0,0,0,0,0,0,2,0,0,0,0,1,1,6
P469211,Watermelon Glow AHA Pink Dream Body Cream,Glow Recipe,Bath & Body,1.0909,Low Risk,71.74,False,2,0,0,0,0,0,3,5,0,0,0,0,0,1,11
P479327,Plum Plump Hyaluronic Acid Moisturizer,Glow Recipe,Skincare,1.0111,Low Risk,70.31,False,1,0,0,0,0,0,0,3,0,0,0,0,0,1,5
P460516,Papaya Sorbet Smoothing Enzyme Cleansing Balm & Makeup Remover,Glow Recipe,Skincare,1.0556,Low Risk (Limited Data),42.86,False,0,0,0,0,0,0,0,1,0,0,0,0,0,1,2
P470529,Avocado Soothing Skin Barrier Serum with Ceramides,Glow Recipe,Skincare,1.0125,Low Risk (Limited Data),60.61,False,1,0,0,0,0,0,0,2,0,0,0,0,0,1,4
P481989,Watermelon Glow Niacinamide Sunscreen SPF 50,Glow Recipe,Skincare,1.0758,Low Risk,71.74,False,2,0,0,0,0,0,1,2,0,0,0,0,0,1,6
P436359,Blueberry Bounce Gentle Cleanser,Glow Recipe,Skincare,1.25,Low Risk (Limited Data),40.0,False,0,0,0,0,0,0,1,2,0,0,0,0,0,0,3
P455236,Glow Lip Pop Lip Balm,Glow Recipe,Skincare,1.0714,Low Risk (Limited Data),66.67,False,1,0,0,0,0,0,1,1,0,0,0,0,0,0,3
P482535,Strawberry Smooth BHA + AHA Salicylic Acid Serum,Glow Recipe,Skincare,1.0909,Low Risk (Limited Data),61.11,False,1,0,0,0,0,0,0,3,0,0,1,0,0,0,5
P442744,Watermelon Glow Ultra-Fine Mist,Glow Recipe,Skincare,1.1667,Insufficient Data,25.0,False,0,0,0,0,0,0,1,0,0,0,0,0,0,0,1
P472468,Watermelon Glow Hyaluronic Clay Pore-Tight Facial Mask,Glow Recipe,Skincare,1.0517,Low Risk,74.36,False,1,0,0,0,0,0,1,1,0,0,0,0,0,1,4
P501760,Guava Vitamin C Bright-Eye Gel Cream,Glow Recipe,Skincare,1.0152,Low Risk (Limited Data),68.75,False,1,0,0,0,0,0,0,2,0,0,0,0,0,1,4
P475543,Guava Vitamin C Dark Spot Treatment Serum,Glow Recipe,Skincare,1.0152,Low Risk,70.21,False,1,0,0,0,0,0,0,2,0,0,0,0,0,1,4
P501254,Watermelon Glow AHA Night Treatment,Glow Recipe,Skincare,1.0,Low Risk,70.0,False,0,0,0,0,0,0,0,0,0,0,0,0,0,0,0
P503634,Avocado Ceramide Moisture Barrier Cleanser,Glow Recipe,Skincare,1.0,Low Risk (Limited Data),52.08,False,0,0,0,0,0,0,0,0,0,0,0,0,0,0,0
P504125,Strawberry BHA Pore-Smooth Blur Drops,Glow Recipe,Skincare,1.125,Low Risk (Limited Data),64.52,False,2,0,0,0,0,0,1,4,0,0,0,0,0,1,8
P501570,Mini Watermelon Glow AHA Night Treatment,Glow Recipe,Mini Size,1.0,Low Risk,70.0,False,0,0,0,0,0,0,0,0,0,0,0,0,0,0,0
P435386,Mini Watermelon Pink Juice Oil-Free Moisturizer,Glow Recipe,Skincare,1.1,Low Risk (Limited Data),41.67,False,0,0,0,0,0,0,1,0,0,0,0,0,0,0,1
P441323,Mini Blueberry Bounce Gentle Cleanser,Glow Recipe,Skincare,1.25,Low Risk (Limited Data),40.0,False,0,0,0,0,0,0,1,2,0,0,0,0,0,0,3
P504171,Fruit Babies Bestsellers Kit,Glow Recipe,Skincare,1.0625,Low Risk (Limited Data),53.33,False,2,0,0,0,0,0,2,7,0,0,2,0,0,1,14
P504325,Glowy Skin Prep Besties Set,Glow Recipe,Skincare,1.0667,Low Risk (Limited Data),69.23,False,1,0,0,0,0,0,2,4,0,0,1,0,0,1,9
P504849,Plumping Power Duo,Glow Recipe,Skincare,1.0463,Low Risk (Limited Data),64.29,False,2,0,0,0,0,0,1,4,0,0,0,0,0,1,8
P504636,Mini Watermelon Glow Niacinamide Dew Drops,Glow Recipe,Skincare,1.1389,Low Risk,78.26,False,0,0,0,0,0,0,2,3,0,0,1,0,0,0,6
P437299,Semi-Permanent Hair Color,Good Dye Young,Hair,1.0,Insufficient Data,25.0,False,0,0,0,0,0,0,0,0,0,0,0,0,0,0,0
P437302,Poser Paste Temporary Hair Makeup,Good Dye Young,Hair,1.0625,Insufficient Data,32.0,False,1,0,0,0,0,0,0,2,0,0,0,0,0,1,4
P456213,GOOPGLOW Microderm Instant Glow Exfoliator,goop,Skincare,1.1481,Low Risk (Limited Data),65.85,False,0,0,0,0,0,0,3,6,0,0,0,2,0,0,11
P459299,Mini GOOPGLOW Microderm Instant Glow Exfoliator,goop,Skincare,1.1481,Low Risk (Limited Data),65.85,False,0,0,0,0,0,0,3,6,0,0,0,2,0,0,11
P456208,GOOPGLOW 15% Glycolic Acid Overnight Glow Peel,goop,Skincare,1.1471,Low Risk (Limited Data),60.71,False,0,0,1,0,0,0,2,4,0,0,0,0,0,0,7
P459301,Mini GOOPGLOW 15% Glycolic Acid Overnight Glow Peel,goop,Skincare,1.1471,Low Risk (Limited Data),60.71,False,0,0,1,0,0,0,2,4,0,0,0,0,0,0,7
P456211,GOOPGLOW Morning Skin Superpowder,goop,Skincare,1.0,Insufficient Data,18.18,False,0,0,0,0,0,0,0,0,0,0,0,0,0,0,0
P459300,Mini GOOPGLOW Morning Skin Superpowder,goop,Skincare,1.0,Insufficient Data,18.18,False,0,0,0,0,0,0,0,0,0,0,0,0,0,0,0
P471029,GOOPGLOW Glow Lotion,goop,Skincare,1.1714,Low Risk (Limited Data),66.04,False,2,0,0,0,0,0,5,9,0,0,0,2,0,1,19
P460578,GOOPGENES All-In-One Nourishing Face Cream,goop,Skincare,1.0435,Low Risk (Limited Data),57.5,False,0,0,0,0,0,0,1,2,0,0,0,0,0,0,3
P461165,GOOPGENES All-In-One Nourishing Eye Cream,goop,Skincare,1.0435,Low Risk (Limited Data),50.0,False,0,0,0,0,0,0,1,2,0,0,0,0,0,0,3
P480606,goopglow Cloudberry Exfoliating Jelly Cleanser,goop,Skincare,1.1333,Low Risk (Limited Data),45.45,False,0,0,0,0,0,0,1,3,0,0,0,2,0,0,6
P501243,GOOPGLOW Exfoliating Dark Spot Sleep Serum,goop,Skincare,1.037,Low Risk (Limited Data),67.5,False,0,0,0,0,0,0,0,4,0,0,0,0,0,0,4
P458965,G.Tox Himalayan Salt Scalp Scrub Shampoo,goop,Hair,1.2143,Low Risk,75.0,False,0,0,0,0,0,0,5,7,0,0,0,1,0,1,14
P458966,"""The Martini"" Emotional Detox Bath Soak",goop,Bath & Body,1.0,Insufficient Data,37.5,False,0,0,0,0,0,0,0,0,0,0,0,0,0,0,0
P468143,GOOPGENES All-In-One Super Nutrient Face Oil,goop,Skincare,1.2857,Low Risk (Limited Data),46.67,False,0,0,0,0,0,0,5,6,0,0,0,1,0,1,13
P469851,Mini G.Tox Himalayan Salt Scalp Scrub Shampoo,goop,Hair,1.2143,Low Risk,75.0,False,0,0,0,0,0,0,5,7,0,0,0,1,0,1,14
P456210,GOOPGLOW 20% Vitamin C and Hyaluronic Glow Serum,goop,Skincare,1.0312,Low Risk (Limited Data),69.57,False,0,0,0,0,0,0,1,3,0,0,0,0,0,0,4
P478274,GOOPGENES Clean Nourishing Lip Balm Trio,goop,Skincare,1.0,Low Risk,81.25,False,0,0,0,0,0,0,0,0,0,0,0,0,0,0,0
P505408,GOOPGLOW Vita-C Brightening Eye Cream,goop,Skincare,1.0,Low Risk (Limited Data),69.44,False,0,0,0,0,0,0,0,0,0,0,0,0,0,0,0
P464250,GOOPGENES Nourishing Repair Body Butter,goop,Skincare,1.1087,Low Risk (Limited Data),52.27,False,0,0,0,0,0,0,4,5,0,0,0,0,0,0,9
P455010,Knock Me Out Sleep Chews,goop,Skincare,,Insufficient Data,0.0,False,0,0,0,0,0,0,0,0,0,0,0,0,0,0,0
P458961,G.Tox Malachite and Fruit Acid Pore Purifying Cleanser,goop,Skincare,1.1176,Low Risk (Limited Data),54.84,False,0,0,0,0,0,0,3,5,0,0,0,0,0,1,9
P458962,G.Tox Malachite and AHA Pore Refining Tonic,goop,Skincare,1.0526,Low Risk (Limited Data),57.58,False,0,0,0,0,0,0,1,3,0,0,0,0,0,0,4
P477166,GOOPGLOW Restore + Shine Hair Treatment,goop,Hair,1.2333,Low Risk (Limited Data),48.39,False,0,0,0,0,0,0,4,5,0,0,0,1,0,1,11
P483058,GOOPGLOW Flower Acids Resurfacing Toner,goop,Skincare,1.0,Low Risk,80.0,False,0,0,0,0,0,0,0,0,0,0,0,0,0,0,0
P458963,G.Tox Detoxifying Superpowder,goop,Skincare,,Insufficient Data,0.0,False,0,0,0,0,0,0,0,0,0,0,0,0,0,0,0
P502295,GOOPGLOW Microderm Instant Glow Body Polish,goop,Bath & Body,1.2,Insufficient Data,37.5,False,0,0,0,0,0,0,4,4,0,0,0,0,0,0,8
P502388,GOOPGLOW Afterglow Body Oil,goop,Bath & Body,1.1667,Low Risk (Limited Data),46.15,False,0,0,0,0,0,0,4,4,0,0,0,0,0,0,8
P474323,GOOPGENES All-in-One Nourishing Skincare Kit,goop,Skincare,1.1389,Low Risk (Limited Data),47.37,False,0,0,0,0,0,0,6,8,0,0,0,1,0,1,16
P474978,Mini GOOPGLOW Glow Lotion,goop,Mini Size,1.1714,Low Risk (Limited Data),66.04,False,2,0,0,0,0,0,5,9,0,0,0,2,0,1,19
P407471,GrandeLIPS Hydrating Lip Plumper Gloss,Grande Cosmetics,Makeup,1.0625,Low Risk (Limited Data),59.26,False,1,0,0,0,0,0,1,2,0,0,0,0,0,1,5
P455557,GrandeREPAIR Leave-in Lash Conditioner,Grande Cosmetics,Makeup,1.1042,Low Risk,82.76,False,0,0,0,0,1,0,2,2,0,0,0,0,0,0,5
P420491,GrandeMASCARA Conditioning Peptide Mascara,Grande Cosmetics,Makeup,1.1111,Low Risk,81.82,False,2,1,0,0,0,0,0,3,0,0,1,0,0,1,8
P471548,GrandePOUT Plumping Lip Mask,Grande Cosmetics,Makeup,1.05,Low Risk (Limited Data),54.79,False,1,0,0,0,0,0,0,3,0,0,0,0,0,3,7
P420492,GrandePRIMER Pre-Mascara Lengthener & Thickener,Grande Cosmetics,Makeup,1.1429,Low Risk,70.0,False,2,1,0,0,0,0,0,2,0,0,1,0,0,1,7
P441882,GrandeDRAMA Intense Thickening Mascara,Grande Cosmetics,Makeup,1.0417,Low Risk (Limited Data),57.14,False,1,0,0,0,0,0,0,2,0,0,0,0,0,1,4
P453273,Velvet Matte Lipstick,Gucci,Makeup,1.1552,Low Risk,80.56,False,2,0,0,0,0,0,5,4,0,0,0,0,0,0,11
P452737,Rouge à Lèvres Voile Sheer Lipstick,Gucci,Makeup,1.1,Low Risk,80.0,False,2,0,0,1,0,0,0,0,0,0,0,0,0,0,3
P474051,Flora Gorgeous Gardenia Eau de Parfum,Gucci,Fragrance,1.7083,Medium Risk,100.0,False,0,0,1,0,0,0,10,9,0,0,0,0,0,0,20
P459503,Éclat Soleil Luminous Bronzer,Gucci,Makeup,1.2037,Low Risk,84.38,False,0,0,0,0,0,0,7,7,0,0,0,0,0,0,14
P422093,Bloom Eau de Parfum For Her,Gucci,Fragrance,1.7941,Medium Risk,94.44,False,1,0,1,2,0,0,13,12,0,0,0,0,0,0,29
P452736,Long Lasting Satin Lipstick,Gucci,Makeup,1.15,Low Risk,81.08,False,2,0,0,0,0,0,5,4,0,0,0,0,0,0,11
P471239,Glow & Care Shine Lipstick,Gucci,Makeup,1.1538,Low Risk,92.86,False,1,0,0,0,0,0,5,4,0,0,0,0,0,0,10
P502188,Luminous Matte Beauty Blush,Gucci,Makeup,1.1207,Low Risk,90.62,False,0,0,0,0,0,0,5,5,0,0,0,0,0,0,10
P273900,Guilty Pour Femme Eau de Toilette,Gucci,Fragrance,1.675,Medium Risk,95.24,False,2,0,1,2,0,0,13,12,0,0,0,0,0,0,30
P422094,Bloom Eau de Parfum For Her Rollerball,Gucci,Fragrance,1.7941,Medium Risk,94.44,False,1,0,1,2,0,0,13,12,0,0,0,0,0,0,29
P469858,Matte Beauty Powder,Gucci,Makeup,1.2222,Low Risk,100.0,False,1,0,0,0,0,0,7,7,0,0,0,0,0,1,16
P456588,L'Obscur Lengthening Mascara,Gucci,Makeup,1.0833,Low Risk,90.0,False,2,1,0,0,0,0,0,1,0,0,1,0,0,1,6
P501360,Mini Coffret Set,Gucci,Fragrance,1.7037,Medium Risk,96.43,False,2,0,1,2,0,0,19,17,0,0,0,0,0,0,41
P467622,Éternité De Beauté 24 Hour Full Coverage Luminous Matte Finish Foundation,Gucci,Makeup,1.1129,Low Risk,83.78,False,0,0,0,0,0,0,5,5,0,0,0,0,0,0,10
P398432,Bamboo Eau de Parfum,Gucci,Fragrance,1.6316,Medium Risk,79.17,False,3,0,1,2,0,0,11,10,0,0,0,0,0,0,27
P500471,Brume de Beauté Beauty Mist,Gucci,Skincare,1.1522,Low Risk,88.46,False,1,0,0,0,0,0,4,6,0,0,0,0,0,1,12
P457649,Luminous Face & Lip Gloss,Gucci,Makeup,,Insufficient Data,0.0,False,0,0,0,0,0,0,0,0,0,0,0,0,0,0,0
P503858,Flora Gorgeous Gardenia Eau de Parfum Mini Perfume Set,Gucci,Fragrance,1.7083,Medium Risk,100.0,False,0,0,1,0,0,0,10,9,0,0,0,0,0,0,20
P483448,Transfer-proof Matte Liquid lipstick,Gucci,Makeup,1.1774,Low Risk,79.49,False,2,0,1,1,0,0,4,4,0,0,0,0,0,1,13
P501141,Flora Gorgeous Jasmine Eau de Parfum,Gucci,Fragrance,1.75,Medium Risk,100.0,False,0,0,1,0,0,0,14,13,0,0,0,0,0,0,28
P475109,Flora Gorgeous Gardenia Eau de Parfum Rollerball & Mascara Set,Gucci,Fragrance,1.4054,Low Risk,88.1,True,5,1,1,2,0,1,10,10,0,0,1,0,0,2,33
P501988,Mini Flora Gorgeous Jasmine Perfume Set,Gucci,Fragrance,1.75,Medium Risk,100.0,False,0,0,1,0,0,0,14,13,0,0,0,0,0,0,28
P285804,Guilty Pour Homme,Gucci,Fragrance,1.6765,Medium Risk,85.0,True,2,0,1,2,0,1,9,8,0,0,0,0,1,0,24
P477749,Flora Gorgeous Gardenia Eau de Parfum Gift Set,Gucci,Fragrance,1.7105,Medium Risk,86.36,True,3,0,1,2,0,1,10,9,0,0,0,0,0,1,27
P441304,Guilty Pour Femme Eau de Parfum,Gucci,Fragrance,1.675,Medium Risk,95.24,False,2,0,1,2,0,0,13,12,0,0,0,0,0,0,30
P469821,Long Lasting Bold Lip Liner,Gucci,Makeup,1.0952,Low Risk,87.5,False,1,0,0,0,0,0,2,1,0,0,0,0,0,0,4
P501161,Flora Gorgeous Jasmine Eau de Parfum Pen Spray,Gucci,Fragrance,1.75,Medium Risk,100.0,False,0,0,1,0,0,0,14,13,0,0,0,0,0,0,28
P500476,Multipurpose Hydrating and Nourishing Balm,Gucci,Makeup,1.05,Low Risk,80.0,False,0,0,0,0,0,0,1,1,0,0,0,0,0,0,2
P377473,Guilty Pour Femme Eau de Toilette Rollerball,Gucci,Fragrance,1.675,Medium Risk,95.24,False,2,0,1,2,0,0,13,12,0,0,0,0,0,0,30
P441329,Guilty Pour Femme Eau de Parfum Rollerball,Gucci,Fragrance,1.675,Medium Risk,95.24,False,2,0,1,2,0,0,13,12,0,0,0,0,0,0,30
P467623,Hydrating Silk Priming Serum,Gucci,Makeup,1.18,Low Risk,83.33,False,2,0,0,0,0,0,5,6,0,0,0,0,0,1,14
P457650,Long Wearing Eyebrow Pencil,Gucci,Makeup,1.0417,Low Risk,92.31,False,0,0,0,0,0,0,1,3,0,0,0,0,0,0,4
P460874,Bloom Profumo di Fiori Eau de Parfum,Gucci,Fragrance,1.7632,Medium Risk,95.0,False,3,0,1,2,0,0,13,12,0,0,0,0,0,0,31
P481991,Bloom Eau De Toilette,Gucci,Fragrance,1.7857,Medium Risk,87.5,False,0,0,1,0,0,0,12,11,0,0,0,0,0,0,24
P453664,Gucci Bloom Ambrosia di Fiori Eau de Parfum Intense For Her,Gucci,Fragrance,1.7632,Medium Risk,95.0,False,3,0,1,2,0,0,13,12,0,0,0,0,0,0,31
P460875,Bloom Profumo di Fiori Eau de Parfum Rollerball,Gucci,Fragrance,1.7632,Medium Risk,95.0,False,3,0,1,2,0,0,13,12,0,0,0,0,0,0,31
P501313,Gorgeous Flora Eyeshadow Palette,Gucci,Makeup,1.0333,Low Risk,88.24,False,1,0,0,1,0,0,0,1,0,0,0,0,0,0,3
P378659,Guilty Black Pour Homme,Gucci,Fragrance,1.6875,Medium Risk,94.12,False,3,0,1,2,0,0,9,8,0,0,0,0,0,0,23
P457489,Guilty Eau de Parfum Pour Homme,Gucci,Fragrance,1.6667,Medium Risk,100.0,False,0,0,1,0,0,0,9,9,0,0,0,0,0,0,19
P481990,Bloom Eau De Toilette Travel Spray,Gucci,Fragrance,1.7857,Medium Risk,87.5,False,0,0,1,0,0,0,12,11,0,0,0,0,0,0,24
P453665,Gucci Bloom Ambrosia di Fiori Eau de Parfum Intense For Her Rollerball,Gucci,Fragrance,1.7632,Medium Risk,95.0,False,3,0,1,2,0,0,13,12,0,0,0,0,0,0,31
P480170,Guilty Pour Femme Eau de Parfum Intense,Gucci,Fragrance,1.65,Medium Risk,95.24,False,1,0,1,0,0,0,15,14,0,0,0,0,0,0,31
P480306,Gucci Matte Primer,Gucci,Makeup,1.1667,Low Risk,70.0,False,1,0,1,0,0,0,3,4,0,0,0,0,0,0,9
P504036,Mini Flora Gorgeous Gardenia Eau de Parfum Perfume Set,Gucci,Fragrance,1.7083,Medium Risk,100.0,False,0,0,1,0,0,0,10,9,0,0,0,0,0,0,20
P410305,Bamboo Eau de Toilette,Gucci,Fragrance,1.7143,Medium Risk,95.45,False,3,0,1,2,0,0,14,13,0,0,0,0,0,0,33
P224900,Gucci By Gucci Pour Homme,Gucci,Fragrance,1.7955,Medium Risk,91.67,True,3,0,1,2,0,2,13,12,0,0,0,0,1,1,35
P501329,Flora Gorgeous Jasmine Perfume Gift Set,Gucci,Fragrance,1.75,Medium Risk,100.0,False,0,0,1,0,0,0,14,13,0,0,0,0,0,0,28
P483447,L'Obscur Long Wearing Eyeliner Pen,Gucci,Makeup,1.1923,Low Risk (Limited Data),68.42,False,1,0,1,0,0,0,0,5,0,0,1,0,0,1,9
P503319,Bloom Perfume Gift Set,Gucci,Fragrance,1.7941,Medium Risk,94.44,False,1,0,1,2,0,0,13,12,0,0,0,0,0,0,29
P480171,Guilty Pour Homme Parfum,Gucci,Fragrance,1.6667,Medium Risk,100.0,False,0,0,1,0,0,0,9,9,0,0,0,0,0,0,19
P505161,Bloom Eau de Parfum Intense,Gucci,Fragrance,1.7895,Medium Risk,100.0,False,0,0,1,0,0,0,17,16,0,0,0,0,0,0,34
P417169,Guilty Absolute Pour Homme,Gucci,Fragrance,1.6316,Medium Risk,95.0,False,2,0,1,2,0,0,11,10,0,0,0,0,0,0,26
P501242,Gorgeous Flora Glow & Care Shine Lipstick,Gucci,Makeup,1.1538,Low Risk,92.86,False,1,0,0,0,0,0,5,4,0,0,0,0,0,0,10
P474953,Abeille Royale Advanced Youth Watery Oil,GUERLAIN,Skincare,1.0893,Low Risk,77.78,False,1,0,1,0,0,0,1,1,0,0,0,0,0,1,5
P476513,Mini Abeille Royale Advanced Youth Watery Oil,GUERLAIN,Skincare,1.0893,Low Risk,77.78,False,1,0,1,0,0,0,1,1,0,0,0,0,0,1,5
P266308,Météorites Illuminating Powder Pearls,GUERLAIN,Makeup,1.25,Low Risk,79.07,True,2,0,0,0,0,1,7,7,0,0,0,0,1,0,18
P197413,Parure Gold 24K Radiance Primer,GUERLAIN,Makeup,1.125,Low Risk (Limited Data),64.0,False,1,0,1,0,0,0,1,0,0,0,0,0,0,0,3
P416938,Mon Guerlain Eau de Parfum,GUERLAIN,Fragrance,1.5952,Medium Risk,91.3,False,3,0,1,2,0,0,11,10,0,0,0,0,0,0,27
P461451,Abeille Royale Anti-Aging Fortifying Lotion Toner,GUERLAIN,Skincare,1.0938,Low Risk,84.21,False,1,0,0,0,0,0,1,0,0,0,0,0,0,0,2
P284710,Terracotta Sunkissed Natural Bronzer,GUERLAIN,Makeup,1.2581,Low Risk,83.78,False,0,0,0,0,0,0,10,11,0,0,0,0,0,0,21
P501236,Abeille Royale Anti-Aging Double R Advanced Serum,GUERLAIN,Skincare,1.0682,Low Risk,77.19,False,1,0,1,0,0,0,1,3,0,0,0,0,0,0,6
P405071,Météorites Primer Perfecting Pearls,GUERLAIN,Makeup,1.22,Low Risk,86.21,False,1,0,1,1,0,0,3,5,0,0,1,0,0,1,13
P430124,Terracotta Light Healthy Glow Bronzer,GUERLAIN,Makeup,1.0435,Low Risk,82.14,False,0,0,0,0,0,0,1,2,0,0,0,0,0,0,3
P483450,KissKiss Bee Glow Lipstick Balm,GUERLAIN,Makeup,1.0893,Low Risk (Limited Data),66.67,False,2,0,0,0,0,0,1,1,0,0,0,0,0,1,5
P471240,KissKiss Shine Bloom Lipstick Balm,GUERLAIN,Makeup,1.1364,Low Risk (Limited Data),64.71,False,2,0,0,0,0,0,2,1,0,0,0,0,0,0,5
P190247,KissKiss Liplift Lipstick Primer,GUERLAIN,Makeup,1.3,Low Risk,73.53,False,1,0,0,1,0,0,9,9,0,0,0,0,0,1,21
P272652,Shalimar Eau de Parfum,GUERLAIN,Fragrance,1.6087,Medium Risk,100.0,False,3,0,1,2,0,0,13,12,0,0,0,0,0,0,31
P450557,Mon Guerlain Eau de Parfum Intense,GUERLAIN,Fragrance,1.625,Medium Risk,90.91,False,4,0,1,2,0,0,10,9,0,0,0,0,0,0,26
P456356,Terracotta Matte Bronzer,GUERLAIN,Makeup,1.2344,Low Risk,84.21,False,0,0,0,0,0,0,10,10,0,0,0,0,0,0,20
P408678,Midnight Secret Late Night Recovery Treatment Anti-Fatigue Serum,GUERLAIN,Skincare,1.2353,Low Risk,77.27,False,1,0,0,1,0,0,6,10,0,0,1,0,0,2,21
P500415,Aqua Allegoria Pera Granita Eau de Toilette,GUERLAIN,Fragrance,1.5714,Medium Risk,93.33,False,2,0,1,0,0,0,8,7,0,0,0,0,0,0,18
P500404,Aqua Allegoria Mandarine Basilic Eau de Toilette,GUERLAIN,Fragrance,1.625,Medium Risk,95.24,False,2,0,1,0,0,0,13,12,0,0,0,0,0,0,28
P501172,Ombres G Quad Eyeshadow Palette,GUERLAIN,Makeup,1.0,Low Risk,90.48,False,0,0,0,0,0,0,0,1,0,0,0,0,0,0,1
P500410,Aqua Allegoria Flora Salvaggia Eau de Toilette,GUERLAIN,Fragrance,1.5,Medium Risk,100.0,False,2,0,1,0,0,0,8,7,0,0,0,0,0,0,18
P500397,Aqua Allegoria Flora Cherrysia Eau de Toilette,GUERLAIN,Fragrance,1.5,Medium Risk,100.0,False,2,0,1,0,0,0,7,6,0,0,0,0,0,0,16
P469806,Abeille Royale Anti-Aging Eye Lifting Serum,GUERLAIN,Skincare,1.0536,Low Risk,82.35,False,1,0,0,0,0,0,1,0,0,0,0,0,0,0,2
P457272,Abeille Royale Anti-Aging Eye Cream,GUERLAIN,Skincare,1.0789,Low Risk,77.55,False,1,0,1,1,0,0,1,1,0,0,0,0,0,0,5
P450934,Abeille Royale Day Cream,GUERLAIN,Skincare,1.0735,Low Risk,77.27,False,1,0,0,1,0,0,1,1,0,0,0,0,0,1,5
P459464,Mad Eyes Mascara Long-Wearing & Volumizing,GUERLAIN,Makeup,1.1571,Low Risk,81.4,False,0,0,1,0,0,0,7,7,0,0,0,0,0,0,15
P500405,Aqua Allegoria Bergamote Calabria Eau de Toilette,GUERLAIN,Fragrance,1.5667,Medium Risk,83.33,False,2,0,1,0,0,0,9,8,0,0,0,0,0,0,20
P500419,Aqua Allegoria Rosa Rossa Eau de Toilette,GUERLAIN,Fragrance,1.6429,Medium Risk,93.33,False,2,0,1,0,0,0,9,8,0,0,0,0,0,0,20
P459466,Mad Eyes Felt Matte Waterproof Eyeliner Pen,GUERLAIN,Makeup,1.1364,Low Risk (Limited Data),57.89,False,1,0,0,1,0,0,0,1,0,0,0,0,0,1,4
P500411,Aqua Allegoria Nerolia Vetiver Eau de Toilette,GUERLAIN,Fragrance,1.5625,Medium Risk,84.21,False,2,0,1,0,0,0,10,9,0,0,0,0,0,0,22
P500432,Aqua Allegoria Orange Soleia Eau de Toilette,GUERLAIN,Fragrance,1.5938,Medium Risk,88.89,False,2,0,1,0,0,0,10,9,0,0,0,0,0,0,22
P481822,Abeille Royale Scalp & Hair Youth Oil in Serum,GUERLAIN,Hair,1.075,Low Risk,71.43,False,1,0,0,0,0,0,1,1,0,0,0,0,0,0,3
P501230,Noir G Volumizing & Curling Mascara,GUERLAIN,Makeup,1.0577,Low Risk,76.47,False,1,0,0,0,0,0,1,1,0,0,0,0,0,0,3
P450935,Abeille Royale Night Cream,GUERLAIN,Skincare,1.0676,Low Risk (Limited Data),68.52,False,1,0,0,1,0,0,1,1,0,0,0,0,0,1,5
P500433,Aqua Allegoria Pamplelune Eau de Toilette,GUERLAIN,Fragrance,1.4667,Low Risk,88.24,False,2,0,1,0,0,0,7,6,0,0,0,0,0,0,16
P504985,Abeille Royale Bestsellers Travel Set,GUERLAIN,Skincare,1.0603,Low Risk,75.32,False,1,0,1,0,0,0,1,3,0,0,0,0,0,1,7
P481993,Abeille Royale Intense Repair Youth Oil in Balm,GUERLAIN,Skincare,1.0469,Low Risk,80.0,False,1,0,0,0,0,0,1,1,0,0,0,0,0,0,3
P505377,Terracotta Le Teint Healthy Glow Foundation,GUERLAIN,Makeup,1.0517,Low Risk,70.73,False,0,0,1,0,0,0,1,0,0,0,0,0,0,0,2
P481997,Eye See in Color Clean Multidimensional Eyeshadow Palette,GXVE BY GWEN STEFANI,Makeup,1.0333,Low Risk,100.0,False,1,0,0,0,0,0,0,1,0,0,0,0,0,0,2
P481999,I’m Still Here Longwear Clean Matte Liquid Lipstick,GXVE BY GWEN STEFANI,Makeup,1.0294,Low Risk,80.95,False,1,0,0,0,0,0,0,0,0,0,0,0,0,0,1
P502289,Bubble Pop Electric High-Performance Clean Lip Gloss,GXVE BY GWEN STEFANI,Makeup,1.0769,Low Risk,78.79,False,4,0,0,0,0,0,0,0,0,0,0,0,0,0,4
P504152,Can't Stop Staring Clean Lengthening & Lifting Mascara,GXVE BY GWEN STEFANI,Makeup,1.0,Low Risk,76.0,False,0,0,0,0,0,0,0,1,0,0,0,0,0,0,1
P482000,Line It Up Clean 24-Hr Gel Pencil Waterproof Eyeliner,GXVE BY GWEN STEFANI,Makeup,1.0,Low Risk,88.24,False,0,0,0,0,0,0,0,0,0,0,0,0,0,0,0
P503357,Eye See In Sparkle Clean Multi-Dimensional Glitter Eyeshadow,GXVE BY GWEN STEFANI,Makeup,1.0,Low Risk,92.31,False,0,0,0,0,0,0,0,1,0,0,0,0,0,0,1
P481998,Hella On Point Clean Ultra-Fine Brow Pencil,GXVE BY GWEN STEFANI,Makeup,1.0,Low Risk,75.0,False,0,0,0,0,0,0,0,0,0,0,0,0,0,0,0
P482001,Most Def Clean Instant Definition Sculpting Eyebrow Pencil,GXVE BY GWEN STEFANI,Makeup,1.0,Low Risk,84.62,False,0,0,0,0,0,0,0,0,0,0,0,0,0,0,0
P502461,Pout to Get Real Clean Overlining Lip Liner,GXVE BY GWEN STEFANI,Makeup,1.0833,Low Risk,80.0,False,4,0,0,0,0,0,0,0,0,0,0,0,0,0,4
P481995,All Time Prime Clean Hydrating Prep & Smooth Face Oil,GXVE BY GWEN STEFANI,Makeup,1.4062,Low Risk,76.19,False,0,0,0,0,0,0,8,7,0,0,0,0,0,0,15
P500491,Xtra Sauce Longwear Vinyl Liquid Lipstick,GXVE BY GWEN STEFANI,Makeup,1.125,Low Risk (Limited Data),68.97,False,4,0,1,0,0,0,0,0,0,0,0,0,0,0,5
P502436,Anaheim Line Clean Waterproof Lip Liner,GXVE BY GWEN STEFANI,Makeup,1.0909,Low Risk,78.57,False,4,0,0,0,0,0,0,0,0,0,0,0,0,0,4
P503639,Double Dippin' 2-in-1 Lip Color Remover & Hydrating Lip Mask,GXVE BY GWEN STEFANI,Makeup,1.0909,Low Risk (Limited Data),68.75,False,0,0,0,0,0,0,1,0,0,0,0,0,0,0,1
P505462,Paint It Up Clean 24-Hr Cream Eyeshadow,GXVE BY GWEN STEFANI,Makeup,1.0588,Low Risk (Limited Data),68.0,False,0,0,0,1,0,0,0,0,0,0,0,0,0,0,1
P500112,N°41 Facial Sunscreen Mist with SPF 41,HABIT,Skincare,1.1667,Low Risk (Limited Data),56.25,False,0,0,1,0,0,0,1,1,0,0,0,0,0,0,3
P500778,N°39 Facial Sunscreen Mist with SPF 39,HABIT,Skincare,1.05,Low Risk (Limited Data),50.0,False,0,0,1,0,0,0,0,0,0,0,0,0,0,0,1
P500117,N°38 Facial Sunscreen Mist with SPF 38,HABIT,Skincare,1.05,Low Risk,76.92,False,0,0,1,0,0,0,0,0,0,0,0,0,0,0,1
P483453,Shave Starter Set,Hanni,Skincare,1.1667,Low Risk (Limited Data),50.0,False,0,0,0,0,0,0,1,1,0,0,0,0,0,0,2
P483457,Shave Pillow Moisturizing Body Gel,Hanni,Skincare,1.1667,Low Risk (Limited Data),50.0,False,0,0,0,0,0,0,1,1,0,0,0,0,0,0,2
P503899,Water Balm Custom Hydration Body Moisturizer Mist,Hanni,Bath & Body,1.2059,Low Risk,85.0,False,2,0,0,0,0,0,1,4,0,0,1,0,0,1,9
P504902,Splash Salve In-Shower Body Moisture Treatment,Hanni,Bath & Body,1.0769,Low Risk,100.0,False,0,0,0,0,0,0,1,0,0,0,0,0,0,0,1
P502185,Triclone Skin Tech Medium Coverage Foundation with Fermented Arnica,HAUS LABS BY LADY GAGA,Makeup,1.05,Low Risk (Limited Data),61.22,False,0,0,1,0,0,0,0,2,0,0,0,0,0,1,4
P500283,PhD Hybrid Lip Oil,HAUS LABS BY LADY GAGA,Makeup,1.0833,Low Risk (Limited Data),46.15,False,2,0,0,0,0,0,0,1,0,0,0,0,0,1,4
P500314,Bio-Radiant Gel-Powder Highlighter with Fermented Arnica,HAUS LABS BY LADY GAGA,Makeup,1.0,Low Risk (Limited Data),66.67,False,0,0,0,0,0,0,0,1,0,0,0,0,0,0,1
P500284,Le Monster Lip Crayon Lipstick,HAUS LABS BY LADY GAGA,Makeup,1.0556,Low Risk,93.1,False,2,0,0,0,0,0,0,2,0,0,0,0,0,1,5
P500336,Optic Intensity Eco Gel Eyeliner Pencil,HAUS LABS BY LADY GAGA,Makeup,1.0,Low Risk,81.25,False,0,0,0,0,0,0,0,0,0,0,0,0,0,0,0
P500298,"Hy-Power Eye, Cheek & Lip Pigment Paint",HAUS LABS BY LADY GAGA,Makeup,1.0455,Low Risk,84.62,False,2,0,0,0,0,0,0,0,0,0,0,0,0,0,2
P501271,Atomic Shake Long Lasting Liquid Lipstick,HAUS LABS BY LADY GAGA,Makeup,1.125,Low Risk (Limited Data),52.17,False,2,0,1,0,0,0,0,0,0,0,0,0,0,0,3
P500301,Power Sculpt Velvet Bronzer with Fermented Arnica,HAUS LABS BY LADY GAGA,Makeup,1.0,Low Risk,81.25,False,0,0,0,0,0,0,0,1,0,0,0,0,0,0,1
P504025,Color Fuse Talc-Free Powder Blush with Fermented Arnica,HAUS LABS BY LADY GAGA,Makeup,1.0185,Low Risk (Limited Data),51.92,False,1,0,0,0,0,0,0,1,0,0,0,0,0,0,2
P502321,Bio-Blurring Talc-Free Loose Setting Powder,HAUS LABS BY LADY GAGA,Makeup,1.0556,Low Risk,76.6,False,2,0,0,0,0,0,1,2,0,0,0,0,0,1,6
P500295,The Edge Precision Eyebrow Pencil,HAUS LABS BY LADY GAGA,Makeup,1.0,Low Risk (Limited Data),66.67,False,0,0,0,0,0,0,0,0,0,0,0,0,0,0,0
P400207,Blue Tansy BHA and Enzyme Pore Refining Mask,Herbivore,Skincare,1.0,Low Risk (Limited Data),63.64,False,0,0,0,0,0,0,0,0,0,0,0,0,0,0,0
P400211,Coco Rose Exfoliating Body Scrub,Herbivore,Bath & Body,1.0,Low Risk,88.89,False,0,0,0,0,0,0,0,0,0,0,0,0,0,0,0
P400203,Lapis Blue Tansy Face Oil - For Oily & Acne-Prone Skin,Herbivore,Skincare,1.0,Low Risk (Limited Data),50.0,False,0,0,0,0,0,0,0,0,0,0,0,0,0,0,0
P479904,Mini Lapis Blue Tansy Face Oil - For Oily & Acne-Prone Skin,Herbivore,Skincare,1.0,Low Risk (Limited Data),50.0,False,0,0,0,0,0,0,0,0,0,0,0,0,0,0,0
P460747,Pink Cloud Rosewater + Squalane Makeup Removing Face Wash,Herbivore,Skincare,1.0,Low Risk,75.0,False,0,0,0,0,0,0,0,0,0,0,0,0,0,0,0
P442564,Emerald CBD + Adaptogens Deep Moisture Glow Oil,Herbivore,Skincare,1.0,Low Risk (Limited Data),45.45,False,0,0,0,0,0,0,0,0,0,0,0,0,0,0,0
P437981,Emerald Hemp Seed Deep Moisture Glow Oil,Herbivore,Skincare,1.0,Low Risk (Limited Data),60.0,False,0,0,0,0,0,0,0,0,0,0,0,0,0,0,0
P400202,Jasmine Glowing Hydration Body Oil,Herbivore,Bath & Body,1.0,Insufficient Data,37.5,False,0,0,0,0,0,0,0,0,0,0,0,0,0,0,0
P400204,Phoenix Rosehip Anti-Aging Face Oil - For Dry Skin,Herbivore,Skincare,1.0,Insufficient Data,33.33,False,0,0,0,0,0,0,0,0,0,0,0,0,0,0,0
P479903,Mini Phoenix Rosehip Anti-Aging Face Oil - For Dry Skin,Herbivore,Skincare,1.0,Insufficient Data,33.33,False,0,0,0,0,0,0,0,0,0,0,0,0,0,0,0
P407444,Bamboo Charcoal Detoxifying Soap Bar,Herbivore,Skincare,1.0833,Low Risk (Limited Data),50.0,False,0,0,0,0,0,0,1,1,0,0,0,0,0,0,2
P442002,Amethyst Body Scrub with Epsom Salt,Herbivore,Bath & Body,1.0,Low Risk (Limited Data),52.17,False,0,0,0,0,0,0,0,0,0,0,0,0,0,0,0
P421600,Jasmine Green Tea Oil Control Toner,Herbivore,Skincare,1.0,Low Risk (Limited Data),54.55,False,0,0,0,0,0,0,0,0,0,0,0,0,0,0,0
P454100,Prism AHA + BHA Exfoliating Glow Facial,Herbivore,Skincare,1.0625,Low Risk (Limited Data),64.86,False,1,0,0,0,0,0,1,4,0,0,0,0,0,1,7
P481096,Nova 15% Vitamin C + Turmeric Brightening Serum,Herbivore,Skincare,1.0,Low Risk (Limited Data),60.61,False,0,0,0,0,0,0,0,0,0,0,0,0,0,0,0
P400205,Orchid Antioxidant Beauty Face Oil - For Combination Skin,Herbivore,Skincare,1.0,Insufficient Data,14.29,False,0,0,0,0,0,0,0,0,0,0,0,0,0,0,0
P474326,Pink Cloud Soft Moisture Cream,Herbivore,Skincare,1.0577,Low Risk,81.25,False,0,0,0,0,0,0,2,2,0,0,0,0,0,0,4
P474325,Aquarius Pore Purifying BHA Cream,Herbivore,Skincare,1.0,Low Risk,70.97,False,0,0,0,0,0,0,0,0,0,0,0,0,0,0,0
P471033,CLOUD JELLY Plumping Hydration Serum,Herbivore,Skincare,1.0,Low Risk (Limited Data),40.0,False,0,0,0,0,0,0,0,0,0,0,0,0,0,0,0
P503923,Super Nova 5% THD Vitamin C + Caffeine Brightening Eye Cream,Herbivore,Skincare,1.0,Low Risk (Limited Data),60.98,False,0,0,0,0,0,0,0,0,0,0,0,0,0,0,0
P450583,Prism AHA + BHA Exfoliating Glow Serum,Herbivore,Skincare,1.2273,Low Risk (Limited Data),61.11,False,0,0,0,0,0,0,2,3,0,0,0,1,0,0,6
P431840,Coconut Milk Bath Soak,Herbivore,Skincare,1.0952,Low Risk (Limited Data),52.5,False,0,0,0,0,0,0,0,4,0,0,0,2,0,3,9
P500988,Moon Dew 1% Bakuchiol + Peptides Retinol Alternative Eye Cream,Herbivore,Skincare,1.0156,Low Risk (Limited Data),65.31,False,0,0,1,0,0,0,0,0,0,0,0,0,0,0,1
P483661,Moon Fruit 1% Bakuchiol + Peptides Retinol Alternative Serum,Herbivore,Skincare,1.025,Low Risk (Limited Data),50.0,False,0,0,1,0,0,0,0,0,0,0,0,0,0,0,1
P473313,Coco Rose Soft Glow Body Oil,Herbivore,Bath & Body,1.3,Low Risk (Limited Data),66.67,False,0,0,0,0,0,0,4,4,0,0,0,0,0,0,8
P452004,Rose Hibiscus Hydrating Mist,Herbivore,Skincare,1.0,Low Risk,75.0,False,0,0,0,0,0,0,0,0,0,0,0,0,0,0,0
P432662,Rose Quartz Facial Roller,Herbivore,Skincare,1.2121,Low Risk (Limited Data),52.38,False,0,0,1,0,0,0,9,9,0,0,0,0,0,0,19
P505316,Aquarius BHA + Blue Tansy Clarity Cleanser,Herbivore,Skincare,1.05,Low Risk (Limited Data),66.67,False,0,0,0,0,0,0,0,0,1,0,0,0,0,1,2
P480607,Skin in the Clouds Set,Herbivore,Skincare,1.0484,Low Risk (Limited Data),64.58,False,0,0,0,0,0,0,2,2,0,0,0,0,0,0,4
P481334,Moon Fruit Retinol Alternative Sleep Mask,Herbivore,Skincare,1.0862,Low Risk (Limited Data),50.88,False,0,0,1,0,0,0,1,2,0,0,0,1,0,0,5
P480174,Waves of Clarity Skincare Set,Herbivore,Skincare,1.0,Low Risk (Limited Data),64.0,False,0,0,0,0,0,0,0,0,0,0,0,0,0,0,0
P463049,Dirty Vanilla Eau de Parfum Travel Spray,HERETIC,Fragrance,,Insufficient Data,0.0,False,0,0,0,0,0,0,0,0,0,0,0,0,0,0,0
P473131,Dirty Coconut Eau de Parfum Travel Spray,HERETIC,Fragrance,,Insufficient Data,0.0,False,0,0,0,0,0,0,0,0,0,0,0,0,0,0,0
P463048,Dirty Vanilla Eau de Parfum,HERETIC,Fragrance,,Insufficient Data,0.0,False,0,0,0,0,0,0,0,0,0,0,0,0,0,0,0
P473130,Dirty Coconut Eau de Parfum,HERETIC,Fragrance,,Insufficient Data,0.0,False,0,0,0,0,0,0,0,0,0,0,0,0,0,0,0
P481708,Bergamusk Eau de Parfum Travel Spray,HERETIC,Fragrance,,Insufficient Data,0.0,False,0,0,0,0,0,0,0,0,0,0,0,0,0,0,0
P502377,Dirty Hinoki Eau de Parfum Travel Spray,HERETIC,Fragrance,,Insufficient Data,0.0,False,0,0,0,0,0,0,0,0,0,0,0,0,0,0,0
P502427,Dirty Hinoki Eau de Parfum,HERETIC,Fragrance,,Insufficient Data,0.0,False,0,0,0,0,0,0,0,0,0,0,0,0,0,0,0
P481709,Bergamusk Eau de Parfum,HERETIC,Fragrance,,Insufficient Data,0.0,False,0,0,0,0,0,0,0,0,0,0,0,0,0,0,0
P469475,Mini Fragrance Discovery Set,HERMÈS,Fragrance,1.7083,Medium Risk,100.0,False,3,0,1,2,0,0,17,16,0,0,0,0,0,0,39
P450560,Mini Jardin Fragrance Discovery Set,HERMÈS,Fragrance,1.625,Medium Risk,85.71,False,4,0,1,2,0,0,14,13,0,0,0,0,0,0,34
P422442,Twilly d'Hermès Eau de Parfum,HERMÈS,Fragrance,1.7143,Medium Risk,100.0,False,3,0,1,2,0,0,14,13,0,0,0,0,0,0,33
P375126,Un Jardin sur le Nil Eau de Toilette,HERMÈS,Fragrance,1.6538,Medium Risk,92.86,False,3,0,1,1,0,0,8,7,0,0,0,0,0,0,20
P375127,Un Jardin sur le Toit Eau de Toilette,HERMÈS,Fragrance,1.6538,Medium Risk,92.86,False,3,0,1,1,0,0,8,7,0,0,0,0,0,0,20
P375113,Eau des Merveilles,HERMÈS,Fragrance,1.7222,Medium Risk,100.0,False,3,0,1,1,0,0,13,12,0,0,0,0,0,0,30
P375120,Terre d’Hermès Eau de Toilette,HERMÈS,Fragrance,1.6875,Medium Risk,94.12,False,3,0,1,2,0,0,10,9,0,0,0,0,0,0,25
P396476,Le Jardin de Monsieur Li Eau de Toilette,HERMÈS,Fragrance,1.6875,Medium Risk,100.0,False,3,0,1,2,0,0,10,9,0,0,0,0,0,0,25
P449366,Hermès Twilly d'Hermès Eau Poivrée,HERMÈS,Fragrance,1.7273,Medium Risk,100.0,False,3,0,1,2,0,0,15,14,0,0,0,0,0,0,35
P420118,Eau des Merveilles Bleue Eau de Toilette,HERMÈS,Fragrance,1.7188,Medium Risk,100.0,False,3,0,1,2,0,0,10,9,0,0,0,0,0,0,25
P474054,Twilly Eau Ginger Eau de Parfum,HERMÈS,Fragrance,1.6818,Medium Risk,100.0,False,3,0,1,2,0,0,14,13,0,0,0,0,0,0,33
P443789,Un Jardin sur la Lagune Eau de Toilette,HERMÈS,Fragrance,1.75,Medium Risk,100.0,False,3,0,1,2,0,0,12,11,0,0,0,0,0,0,29
P416349,Terre d’Hermès Pure Perfume,HERMÈS,Fragrance,1.55,Medium Risk,95.24,False,5,0,1,2,0,0,9,8,0,0,0,0,0,0,25
P474327,Twilly Eau Ginger Eau de Parfum Travel Size,HERMÈS,Fragrance,1.6818,Medium Risk,95.65,False,3,0,1,2,0,0,14,13,0,0,0,0,0,0,33
P407507,Eau de Rhubarbe Écarlate Eau de Cologne,HERMÈS,Fragrance,1.6667,Medium Risk,100.0,False,3,0,1,2,0,0,8,7,0,0,0,0,0,0,21
P474835,Twilly d'Hermès Eau de Parfum Travel Spray,HERMÈS,Fragrance,1.7143,Medium Risk,100.0,False,3,0,1,2,0,0,14,13,0,0,0,0,0,0,33
P375123,Voyage d’Hermès Eau de Toilette,HERMÈS,Fragrance,1.7059,Medium Risk,94.44,False,3,0,1,2,0,0,10,9,0,0,0,0,0,0,25
P375130,Eau d’orange verte,HERMÈS,Fragrance,1.6154,Medium Risk,92.86,False,1,0,1,0,0,0,9,8,0,0,0,0,0,0,19
P471034,H24 Eau de Toilette,HERMÈS,Fragrance,1.7353,Medium Risk,94.44,False,3,0,1,2,0,0,11,10,0,0,0,0,0,0,27
P375131,Eau de pamplemousse rose,HERMÈS,Fragrance,1.6071,Medium Risk,87.5,False,3,0,1,2,0,0,7,6,0,0,0,0,0,0,19
P446445,Elixir des Merveilles Eau de Parfum Spray,HERMÈS,Fragrance,1.8,Medium Risk,93.75,True,3,0,1,1,0,1,9,8,0,0,0,0,1,0,24
P380627,Terre d’Hermès Deodorant Stick,HERMÈS,Bath & Body,1.6538,Medium Risk,76.47,True,0,0,0,0,0,1,8,9,0,0,0,0,1,0,19
P435313,Terre d'Hermes Eau Intense Vétiver Eau de Parfum,HERMÈS,Fragrance,1.6944,Medium Risk,94.74,False,3,0,1,2,0,0,12,11,0,0,0,0,0,0,29
P429076,Eau de citron noir Eau de Cologne,HERMÈS,Fragrance,1.6333,Medium Risk,93.75,False,3,0,1,2,0,0,8,7,0,0,0,0,0,0,21
P379451,Eau de mandarine ambrée Eau de Cologne,HERMÈS,Fragrance,1.6667,Medium Risk,100.0,False,3,0,1,2,0,0,8,7,0,0,0,0,0,0,21
P446911,Voyage d'Hermès Pure Perfume,HERMÈS,Fragrance,1.7333,Medium Risk,93.75,False,3,0,1,2,0,0,9,8,0,0,0,0,0,0,23
P500469,Terre d'Hermès Eau Givrée Eau de Parfum,HERMÈS,Fragrance,1.6471,Medium Risk,94.44,False,3,0,1,2,0,0,10,9,0,0,0,0,0,0,25
P407506,Eau de néroli doré Eau de Cologne,HERMÈS,Fragrance,1.7,Medium Risk,88.24,False,3,0,1,2,0,0,8,7,0,0,0,0,0,0,21
P502346,H24 Eau de Parfum,HERMÈS,Fragrance,1.7647,Medium Risk,94.44,False,3,0,1,2,0,0,11,10,0,0,0,0,0,0,27
P428686,Twilly d’Hermès Body Shower Cream,HERMÈS,Bath & Body,1.4167,Low Risk,78.26,False,2,0,0,0,0,0,6,6,2,0,0,0,0,2,18
P503245,H24 Eau de Toilette Set,HERMÈS,Fragrance,1.7353,Medium Risk,94.44,False,3,0,1,2,0,0,11,10,0,0,0,0,0,0,27
P410532,Vanish Seamless Finish Foundation Stick,Hourglass,Makeup,1.1042,Low Risk,72.73,False,2,0,0,2,0,0,0,3,0,0,0,0,0,1,8
P377723,Ambient Lighting Powder,Hourglass,Makeup,1.0417,Low Risk,88.89,False,1,0,0,0,0,0,0,2,0,0,0,0,0,2,5
P384963,Ambient Lighting Blush Collection,Hourglass,Makeup,1.04,Low Risk,78.12,False,1,0,0,0,0,0,0,2,0,0,0,0,0,2,5
P210575,Veil Mineral Primer,Hourglass,Makeup,1.0625,Low Risk,72.73,False,0,0,0,0,0,0,0,0,0,0,0,0,0,0,0
P454042,Vanish Airbrush Concealer,Hourglass,Makeup,1.0517,Low Risk,85.29,False,2,0,0,0,0,0,0,1,0,0,0,0,0,1,4
P395697,Ambient Lighting Bronzer,Hourglass,Makeup,1.0385,Low Risk,89.66,False,1,0,0,0,0,0,0,2,0,0,0,0,0,2,5
P483662,Phantom Volumizing Glossy Balm,Hourglass,Makeup,1.0625,Low Risk,80.0,False,2,0,0,0,0,0,0,0,0,0,0,0,0,0,2
P433811,Scattered Light Glitter Eye Shadow,Hourglass,Makeup,1.0278,Low Risk,90.0,False,1,0,0,0,0,0,0,3,0,0,0,0,0,1,5
P430240,Veil Translucent Setting Powder - Talc Free,Hourglass,Makeup,1.0,Low Risk,83.33,False,0,0,0,0,0,0,0,0,0,0,0,0,0,0,0
P467953,Mini Vanish Airbrush Concealer,Hourglass,Makeup,1.0484,Low Risk,91.18,False,2,0,0,0,0,0,0,1,0,0,0,0,0,1,4
P424900,Mini Ambient Lighting Blush,Hourglass,Mini Size,1.0345,Low Risk,90.62,False,1,0,0,0,0,0,0,2,0,0,0,0,0,2,5
P301802,Immaculate Liquid Powder Foundation Mattifying Oil Free,Hourglass,Makeup,1.0345,Low Risk,85.29,False,1,0,0,0,0,0,0,2,0,0,0,0,0,1,4
P433813,Mini Veil Translucent Setting Powder - Talc Free,Hourglass,Mini Size,1.0,Low Risk,83.33,False,0,0,0,0,0,0,0,0,0,0,0,0,0,0,0
P501154,Ambient Soft Glow Foundation,Hourglass,Makeup,1.05,Low Risk,88.24,False,0,0,0,0,1,0,0,1,0,0,0,0,0,1,3
P433809,Caution Extreme Lash Mascara,Hourglass,Makeup,1.1176,Low Risk,80.95,False,1,1,1,0,0,0,0,2,0,0,1,0,0,0,6
P425840,Mini Ambient Lighting Powder,Hourglass,Mini Size,1.0417,Low Risk,88.89,False,1,0,0,0,0,0,0,2,0,0,0,0,0,2,5
P444425,Unreal High Shine Volumizing Lip Gloss,Hourglass,Makeup,1.1667,Low Risk (Limited Data),51.72,False,0,0,0,1,0,0,2,2,0,0,0,0,0,0,5
P404706,Ambient Strobe Lighting Powder,Hourglass,Makeup,1.037,Low Risk,90.0,False,1,0,0,0,0,0,0,2,0,0,0,0,0,2,5
P376457,Arch Brow Sculpting Pencil,Hourglass,Makeup,1.0,Low Risk (Limited Data),60.0,False,0,0,0,0,0,0,0,0,0,0,0,0,0,0,0
P427527,Vanish Flash Highlighting Stick,Hourglass,Makeup,1.0357,Low Risk,87.5,False,1,0,0,0,0,0,0,1,0,0,0,0,0,1,3
P425600,Mini Veil Mineral Primer,Hourglass,Mini Size,1.0625,Low Risk,72.73,False,0,0,0,0,0,0,0,0,0,0,0,0,0,0,0
P460829,Unlocked Instant Extensions Lengthening Mascara,Hourglass,Makeup,1.0938,Low Risk (Limited Data),57.14,False,1,0,0,0,0,0,0,3,0,0,1,0,0,1,6
P424901,Mini Ambient Lighting Bronzer,Hourglass,Mini Size,1.0385,Low Risk,86.67,False,1,0,0,0,0,0,0,2,0,0,0,0,0,2,5
P309504,N° 28 Primer Serum,Hourglass,Makeup,1.125,Insufficient Data,25.0,False,1,0,0,0,0,0,0,0,0,0,0,0,0,0,1
P480609,Vanish Airbrush Primer,Hourglass,Makeup,1.0263,Low Risk,95.0,False,1,0,0,0,0,0,0,1,0,0,0,0,0,1,3
P379096,N° 28 Lip Treatment Oil,Hourglass,Makeup,1.2857,Insufficient Data,39.62,False,1,0,0,0,0,0,7,7,0,0,0,0,0,0,15
P388106,1.5MM Mechanical Gel Eye Liner,Hourglass,Makeup,1.125,Low Risk (Limited Data),66.67,False,0,0,0,1,0,0,0,0,0,0,0,0,0,0,1
P427516,Arch Brow Volumizing Fiber Gel,Hourglass,Makeup,1.0312,Low Risk,84.21,False,1,0,0,0,0,0,0,2,0,0,0,0,0,1,4
P504297,Unlocked Satin Crème Lipstick,Hourglass,Makeup,1.0667,Low Risk,90.91,False,2,0,0,0,0,0,1,0,0,0,0,0,0,0,3
P457643,Veil Setting Spray,Hourglass,Makeup,1.05,Low Risk,76.92,False,2,0,0,0,0,0,0,2,0,0,0,0,0,1,5
P420410,Confession Ultra Slim High Intensity Lipstick Refill,Hourglass,Makeup,1.1333,Low Risk,78.95,False,2,0,0,0,0,0,1,0,0,0,0,0,0,0,3
P473833,Curator Eyeshadow Singles,Hourglass,Makeup,1.0,Low Risk,85.0,False,0,0,0,0,0,0,0,1,0,0,0,0,0,0,1
P471550,Vanish Blush Stick,Hourglass,Makeup,1.0263,Low Risk,82.61,False,0,0,1,0,0,0,0,0,0,0,0,0,0,0,1
P483663,Voyeur Waterproof Gel Eyeliner,Hourglass,Makeup,1.0833,Low Risk,80.0,False,0,0,0,1,0,0,0,0,0,0,0,0,0,0,1
P424902,Mini Ambient Strobe Lighting Powder,Hourglass,Mini Size,1.0385,Low Risk,89.66,False,1,0,0,0,0,0,0,2,0,0,0,0,0,2,5
P450905,Confession Refillable Lipstick Duo - Ghost,Hourglass,Makeup,1.0769,Low Risk,76.47,False,0,0,0,0,0,0,1,0,0,0,0,0,0,0,1
P430238,Veil Retouching Fluid,Hourglass,Makeup,1.1029,Low Risk,87.18,False,1,0,0,0,1,0,1,3,0,0,0,0,0,0,6
P471767,Velvet Story Lip Cream,Hourglass,Makeup,1.0185,Low Risk,93.1,False,1,0,0,0,0,0,0,0,0,0,0,0,0,0,1
P447359,Arch Brow Micro Sculpting Pencil,Hourglass,Makeup,1.0,Low Risk,82.35,False,0,0,0,0,0,0,0,0,0,0,0,0,0,0,0
P457644,Veil Eye Primer,Hourglass,Makeup,1.05,Low Risk,80.0,False,1,0,0,0,0,0,0,1,0,0,0,0,0,2,4
P504637,Equilibrium Resurfacing Retinoid Treatment,Hourglass,Skincare,1.1111,Low Risk,85.71,False,2,0,0,1,0,0,0,2,0,0,0,0,0,1,6
P502339,Phantom Glossy Lip Balm Duo,Hourglass,Makeup,1.0263,Low Risk,82.61,False,1,0,0,0,0,0,0,0,0,0,0,0,0,0,1
P480608,Equilibrium Instant Plumping Eye Mask,Hourglass,Skincare,1.05,Low Risk,76.92,False,1,0,0,0,0,0,0,2,0,0,0,0,0,1,4
P461167,Ambient Lighting Infinity Powder,Hourglass,Makeup,1.025,Low Risk (Limited Data),64.52,False,1,0,0,0,0,0,0,2,0,0,0,0,0,1,4
P469831,Equilibrium Intensive Hydrating Eye Balm,Hourglass,Skincare,1.0,Low Risk (Limited Data),62.5,False,0,0,0,0,0,0,0,1,0,0,0,0,0,0,1
P469832,Equilibrium Rebalancing Cream Cleanser,Hourglass,Skincare,1.2857,Low Risk,73.68,False,1,0,0,1,0,0,4,4,0,0,0,0,0,1,11
P469833,Equilibrium Restoring Essence,Hourglass,Skincare,1.0385,Low Risk (Limited Data),68.42,False,1,0,0,0,0,0,0,2,0,0,0,0,0,1,4
P454758,N° 28 Lip Treatment Oil – At Night – Lunar New Year Limited Edition,Hourglass,Makeup,1.24,Low Risk (Limited Data),43.86,False,2,0,0,0,0,0,6,6,0,0,0,0,0,0,14
P425941,Mini N° 28 Primer Serum,Hourglass,Mini Size,1.125,Insufficient Data,25.0,False,1,0,0,0,0,0,0,0,0,0,0,0,0,0,1
P415643,Voyeur Waterproof Liquid Liner,Hourglass,Makeup,1.0769,Low Risk,76.47,False,1,0,1,0,0,0,0,3,0,0,0,0,0,1,6
P427605,Arch Brow Shaping Gel,Hourglass,Makeup,1.25,Low Risk,100.0,False,2,1,1,0,0,0,0,3,0,0,1,0,0,1,9
P433812,Mini Caution Extreme Lash Mascara,Hourglass,Mini Size,1.1176,Low Risk,80.95,False,1,1,1,0,0,0,0,2,0,0,1,0,0,0,6
P469476,Confession Ultra Slim High Intensity Refillable Lipstick - Red 0,Hourglass,Makeup,1.1154,Low Risk,76.47,False,1,0,0,0,0,0,1,0,0,0,0,0,0,0,2
P454745,Mini Arch Brow Micro Sculpting Pencil,Hourglass,Makeup,1.0,Low Risk,82.35,False,0,0,0,0,0,0,0,0,0,0,0,0,0,0,0
P469830,Equilibrium Day Fluid Sunscreen Broad Spectrum SPF 30,Hourglass,Skincare,1.0833,Low Risk (Limited Data),57.14,False,2,0,0,0,0,0,0,1,0,0,0,0,0,1,4
P504339,Unlocked Satin Creme Lipstick- Red 0,Hourglass,Makeup,1.0517,Low Risk,90.62,False,1,0,0,0,0,0,1,0,0,0,0,0,0,0,2
P476685,Equilibrium Intensive Hydrating Set,Hourglass,Mini Size,1.1176,Low Risk (Limited Data),68.0,False,1,0,0,1,0,0,4,5,0,0,0,0,0,1,12
P476686,Equilibrium Restorative Hydrating Cream,Hourglass,Skincare,1.0294,Low Risk,73.91,False,1,0,0,0,0,0,0,2,0,0,0,0,0,1,4
P476687,Equilibrium The Essentials Set,Hourglass,Mini Size,1.087,Low Risk (Limited Data),60.53,False,1,0,0,1,0,0,4,5,0,0,0,0,0,1,12
P504871,Mini Unlocked Instant Extensions Mascara,Hourglass,Makeup,1.087,Low Risk,82.14,False,1,0,1,0,0,0,0,3,0,0,1,0,0,1,7
P469801,Mini Equilibrium Rebalancing Cream Cleanser,Hourglass,Skincare,1.2857,Low Risk,73.68,False,1,0,0,1,0,0,4,4,0,0,0,0,0,1,11
P469829,Equilibrium Biomimetic Skin Active Serum,Hourglass,Skincare,1.0333,Low Risk (Limited Data),60.0,False,1,0,0,0,0,0,0,1,0,0,0,0,0,1,3
P469850,Mini Equilibrium Biomimetic Skin Active Serum,Hourglass,Skincare,1.0333,Low Risk (Limited Data),60.0,False,1,0,0,0,0,0,0,1,0,0,0,0,0,1,3
P483686,House of Lashes Iconic False Eyelashes,House of Lashes,Makeup,,Insufficient Data,0.0,False,0,0,0,0,0,0,0,0,0,0,0,0,0,0,0
P502508,Iconic False Lashes and Adhesive Set,House of Lashes,Makeup,1.0,Low Risk (Limited Data),50.0,False,0,0,0,0,0,0,0,0,0,0,0,0,0,0,0
P502324,Stuck on you Lash Adhesive Value Set,House of Lashes,Makeup,1.0,Low Risk (Limited Data),50.0,False,0,0,0,0,0,0,0,0,0,0,0,0,0,0,0
P433402,Easy Bake Loose Baking & Setting Powder,HUDA BEAUTY,Makeup,1.2609,Low Risk,95.83,False,0,0,0,0,0,0,7,7,0,0,0,0,0,1,15
P43818047,The New Nude Eyeshadow Palette,HUDA BEAUTY,Makeup,1.0189,Low Risk (Limited Data),57.61,False,1,0,0,0,0,0,0,1,0,0,0,0,0,1,3
P450887,Nude Obsessions Eyeshadow Palette,HUDA BEAUTY,Makeup,1.0152,Low Risk,82.5,False,1,0,0,0,0,0,0,2,0,0,0,0,0,1,4
P441880,Power Bullet Matte Lipstick,HUDA BEAUTY,Makeup,1.0476,Low Risk,84.0,False,2,0,0,0,0,0,0,0,0,0,0,0,0,0,2
P440102,Matte & Metal Melted Double Ended Liquid Eyeshadows,HUDA BEAUTY,Makeup,1.0606,Low Risk,84.62,False,1,0,1,0,0,0,1,2,0,0,0,0,0,0,5
P471242,Mini Easy Bake Loose Baking & Setting Powder,HUDA BEAUTY,Makeup,1.2609,Low Risk,95.83,False,0,0,0,0,0,0,7,7,0,0,0,0,0,1,15
P450511,Power Bullet Matte Lipstick - Throwback Collection,HUDA BEAUTY,Makeup,1.0263,Low Risk,79.17,False,1,0,0,0,0,0,0,0,0,0,0,0,0,0,1
P471243,Lip Contour 2.0 Automatic Matte Lip Pencil,HUDA BEAUTY,Makeup,1.0208,Low Risk (Limited Data),68.57,False,1,0,0,0,0,0,0,0,0,0,0,0,0,0,1
P500309,#FauxFilter Luminous Matte Buildable Coverage Crease Proof Concealer,HUDA BEAUTY,Makeup,1.0333,Low Risk,96.77,False,1,0,0,0,0,0,0,2,0,0,0,0,0,1,4
P432059,Rose Gold REMASTERED Eyeshadow Palette,HUDA BEAUTY,Makeup,1.0541,Low Risk,71.15,False,1,0,0,1,0,0,0,1,0,0,0,0,0,0,3
P465324,#FauxFilter Skin Finish Buildable Coverage Foundation Stick,HUDA BEAUTY,Makeup,1.0652,Low Risk,92.0,False,1,0,0,1,0,0,0,1,0,0,0,0,0,0,3
P479843,Liquid Matte Ultra-Comfort Transfer-proof Lipstick,HUDA BEAUTY,Makeup,1.1071,Low Risk,84.85,False,3,0,1,0,0,0,0,0,0,0,0,0,0,0,4
P463061,Naughty Nude Eyeshadow Palette,HUDA BEAUTY,Makeup,1.0244,Low Risk (Limited Data),56.16,False,1,0,0,0,0,0,0,0,0,0,0,0,0,1,2
P444605,Tantour Contour & Bronzer Cream,HUDA BEAUTY,Makeup,1.0,Low Risk,90.0,False,0,0,0,0,0,0,0,0,0,0,0,0,0,0,0
P54654321,Demi Matte Cream Liquid Lipstick,HUDA BEAUTY,Makeup,1.0962,Low Risk,96.3,False,2,0,0,0,0,0,0,2,0,0,0,0,0,1,5
P489310288,Pastel Obsessions Eyeshadow Palette,HUDA BEAUTY,Makeup,1.0217,Low Risk,76.67,False,1,0,0,0,0,0,0,2,0,0,0,0,0,1,4
P467625,#FauxFilter Luminous Matte Foundation,HUDA BEAUTY,Makeup,1.0167,Low Risk (Limited Data),68.18,False,1,0,0,0,0,0,0,1,0,0,0,0,0,1,3
P463062,Haze Obsessions Eyeshadow Palette,HUDA BEAUTY,Makeup,1.02,Low Risk,83.33,False,1,0,0,0,0,0,0,2,0,0,0,0,0,1,4
P471244,Power Bullet Cream Glow Hydrating Lipstick,HUDA BEAUTY,Makeup,1.0694,Low Risk,75.0,False,2,0,0,1,0,0,0,1,0,0,0,0,0,0,4
P477474,Rose Quartz Eyeshadow Palette,HUDA BEAUTY,Makeup,1.0179,Low Risk,70.89,False,1,0,0,0,0,0,0,2,0,0,0,0,0,2,5
P501327,Empowered Eyeshadow Palette,HUDA BEAUTY,Makeup,1.0078,Low Risk,72.73,False,0,0,0,0,0,0,0,1,0,0,0,0,0,1,2
P472816,GloWish Soft Radiance Vegan Bronzing Powder,HUDA BEAUTY,Makeup,1.0217,Low Risk,74.19,False,0,0,0,0,0,0,0,1,0,0,0,0,0,1,2
P98466189,LEGIT LASHES Double-Ended Volumizing and Lengthening Mascara,HUDA BEAUTY,Makeup,1.0192,Low Risk (Limited Data),60.47,False,1,0,0,0,0,0,0,1,0,0,0,0,0,1,3
P472815,GloWish Multidew Vegan Skin Tint Foundation,HUDA BEAUTY,Makeup,1.0,Low Risk (Limited Data),65.71,False,0,0,0,0,0,0,0,1,0,0,0,0,0,0,1
P482003,Cheeky Tint Cream Blush Stick,HUDA BEAUTY,Makeup,1.0,Low Risk (Limited Data),61.54,False,0,0,0,0,0,0,0,0,0,0,0,0,0,0,0
P444142,N.Y.M.P.H. Not Your Mama’s Panty Hose All Over Body Highlighter,HUDA BEAUTY,Makeup,1.0476,Low Risk,84.0,False,1,0,0,0,0,0,1,4,0,0,0,0,0,1,7
P469477,#BombBrows Microshade Brow Pencil,HUDA BEAUTY,Makeup,1.0,Low Risk,77.78,False,0,0,0,0,0,0,0,0,0,0,0,0,0,0,0
P459256,Silk Balm Hydrating and Nourishing Lip Balm,HUDA BEAUTY,Makeup,1.025,Low Risk,80.0,False,1,0,0,0,0,0,0,1,0,0,0,0,0,1,3
P444607,Resting Boss Face Waterproof Setting Spray,HUDA BEAUTY,Makeup,1.4706,Low Risk,80.95,False,0,0,2,0,0,0,8,8,0,0,0,0,0,1,19
P477988,GloWish Cheeky Vegan Soft Glow Powder Blush,HUDA BEAUTY,Makeup,1.0208,Low Risk (Limited Data),64.86,False,0,0,0,0,0,0,0,1,0,0,0,0,0,1,2
P475948,Wild Obsessions Eyeshadow Palette,HUDA BEAUTY,Mini Size,1.0395,Low Risk,79.17,False,3,0,0,0,0,0,0,2,0,0,0,0,0,1,6
P477989,GloWish Lightweight Blurring Pressed Powder,HUDA BEAUTY,Makeup,1.0,Low Risk,82.76,False,0,0,0,0,0,0,0,1,0,0,0,0,0,0,1
P502306,Glowish Blur Jam Silicone Free Smoothing Primer,HUDA BEAUTY,Makeup,1.05,Low Risk,71.43,False,0,0,0,0,0,0,0,2,0,0,1,0,0,0,3
P420239,Easy Lash Collection,HUDA BEAUTY,Makeup,,Insufficient Data,0.0,False,0,0,0,0,0,0,0,0,0,0,0,0,0,0,0
P465326,Water Jelly Hydrating Face Primer,HUDA BEAUTY,Makeup,1.0833,Low Risk,80.0,False,1,0,1,0,0,0,0,2,0,0,0,0,0,1,5
P504610,Bombshell Lip Trio Set,HUDA BEAUTY,Makeup,1.06,Low Risk,71.43,False,3,0,1,0,0,0,0,0,0,0,0,0,0,0,4
P500144,Color Block Obsessions Eyeshadow Palette,HUDA BEAUTY,Mini Size,1.0227,Low Risk (Limited Data),62.86,False,1,0,0,0,0,0,0,2,0,0,0,0,0,1,4
P474836,Quick ’N Easy Precision Liquid Liner,HUDA BEAUTY,Makeup,1.1429,Low Risk (Limited Data),50.0,False,1,0,0,0,0,0,0,3,0,0,0,0,0,1,5
P502092,Lovefest Obsessions Eyeshadow Palette,HUDA BEAUTY,Makeup,1.0135,Low Risk,78.72,False,1,0,0,0,0,0,0,2,0,0,0,0,0,1,4
P474837,Mini LEGIT LASHES Double-Ended Volumizing and Lengthening Mascara,HUDA BEAUTY,Mini Size,1.0192,Low Risk (Limited Data),60.47,False,1,0,0,0,0,0,0,1,0,0,0,0,0,1,3
P504885,Matte Obsessions Eyeshadow Palette,HUDA BEAUTY,Makeup,1.0192,Low Risk,78.79,False,1,0,0,0,0,0,0,2,0,0,0,0,0,1,4
P500730,Silk Balm Icy Cryo-Plumping Lip Balm,HUDA BEAUTY,Makeup,1.0357,Low Risk (Limited Data),58.33,False,1,0,0,0,0,0,0,1,0,0,0,0,0,1,3
P9214873437,Glow Coco Hydrating Mist,HUDA BEAUTY,Makeup,1.0652,Low Risk,76.67,False,1,0,0,0,0,0,1,1,0,0,0,0,0,1,4
P477168,#BombBrows Full ’n Fluffy Volumizing Fiber Gel,HUDA BEAUTY,Makeup,1.0217,Low Risk,79.31,False,1,0,0,0,0,0,0,2,0,0,0,0,0,1,4
P476690,Silk Balm Honey Kiss Lip Balm,HUDA BEAUTY,Makeup,1.0952,Low Risk,77.78,False,1,0,0,0,0,0,2,2,0,0,0,0,0,1,6
P500854,Waterproof Lash Glue,HUDA BEAUTY,Makeup,1.4,Low Risk (Limited Data),50.0,False,1,0,0,0,0,0,1,3,0,0,0,0,0,1,6
P500769,Silk Balm Spicy Thermo-Plumping Lip Balm,HUDA BEAUTY,Makeup,1.0,Low Risk (Limited Data),57.58,False,0,0,0,0,0,0,0,0,0,0,0,0,0,0,0
P504900,Creamy Kohl Longwear Eye Pencil,HUDA BEAUTY,Makeup,1.0,Low Risk (Limited Data),66.67,False,0,0,0,0,0,0,0,0,0,0,0,0,0,0,0
P478522,Mini GloWish Soft Radiance Vegan Bronzing Powder,HUDA BEAUTY,Mini Size,1.0217,Low Risk,74.19,False,0,0,0,0,0,0,0,1,0,0,0,0,0,1,2
P415922,Hair Sweet Hair - Hair Growth Vegan Gummies with Biotin and Folic Acid,HUM Nutrition,Hair,1.0,Insufficient Data,12.5,False,0,0,0,0,0,0,0,0,0,0,0,0,0,0,0
P443349,Skin Squad Pre + ProbioticSupplement for Acne-Prone Skin,HUM Nutrition,Skincare,,Insufficient Data,0.0,False,0,0,0,0,0,0,0,0,0,0,0,0,0,0,0
P386754,Daily Cleanse Clear Skin and Body Detox Supplement,HUM Nutrition,Skincare,,Insufficient Data,0.0,False,0,0,0,0,0,0,0,0,0,0,0,0,0,0,0
P394826,Flatter Me Digestive Enzyme Supplement,HUM Nutrition,Skincare,,Insufficient Data,0.0,False,0,0,0,0,0,0,0,0,0,0,0,0,0,0,0
P503052,Mini Flatter Me Digestive Enzyme Supplement,HUM Nutrition,Skincare,,Insufficient Data,0.0,False,0,0,0,0,0,0,0,0,0,0,0,0,0,0,0
P386763,Red Carpet Skin and Hair Health Supplement,HUM Nutrition,Hair,1.0,Insufficient Data,28.57,False,0,0,0,0,0,0,0,0,0,0,0,0,0,0,0
P457510,Private Party: Supports Vaginal & Urinary Tract Health,HUM Nutrition,Skincare,,Insufficient Data,0.0,False,0,0,0,0,0,0,0,0,0,0,0,0,0,0,0
P386765,"Runway Ready Skin, Hair & Nail Repair Kit",HUM Nutrition,Hair,1.0,Low Risk (Limited Data),41.67,False,0,0,0,0,0,0,0,0,0,0,0,0,0,0,0
P453713,Collagen POP + Vitamin C Dissolvable Tablets,HUM Nutrition,Skincare,1.0,Insufficient Data,18.18,False,0,0,0,0,0,0,0,0,0,0,0,0,0,0,0
P407387,Beauty zzZz Sleep Support Supplement with Melatonin,HUM Nutrition,Skincare,1.0,Low Risk (Limited Data),60.0,False,0,0,0,0,0,0,0,0,0,0,0,0,0,0,0
P386761,Killer Nails Hair & Nail Strength Supplement with Biotin,HUM Nutrition,Makeup,1.0,Low Risk (Limited Data),60.0,False,0,0,0,0,0,0,0,0,0,0,0,0,0,0,0
P431847,Glow Sweet Glow - Skin Hydration Vegan Gummies with Hyaluronic Acid & Vitamin C + E,HUM Nutrition,Skincare,1.0,Insufficient Data,27.27,False,0,0,0,0,0,0,0,0,0,0,0,0,0,0,0
P504575,PRO ACV Healthy Gut Vegan Gummies with 100% Organic Apple Cider Vinegar and Probiotics,HUM Nutrition,Skincare,1.0,Insufficient Data,18.18,False,0,0,0,0,0,0,0,0,0,0,0,0,0,0,0
P386755,Collagen Love Skin Firming Supplement with Hyaluronic Acid & Vitamin C,HUM Nutrition,Skincare,1.0,Insufficient Data,22.22,False,0,0,0,0,0,0,0,0,0,0,0,0,0,0,0
P468149,Calm Sweet Calm Stress Management Vegan Gummies with Ashwagandha & L-Theanine,HUM Nutrition,Skincare,1.0,Insufficient Data,16.67,False,0,0,0,0,0,0,0,0,0,0,0,0,0,0,0
P451996,"Mighty Night Overnight Renewal Supplement with Ceramides, CoQ10, & Ferulic Acid",HUM Nutrition,Bath & Body,1.0,Insufficient Data,7.69,False,0,0,0,0,0,0,0,0,0,0,0,0,0,0,0
P474839,Counter Cravings - Helps Reduce Cravings and Boosts Metabolism,HUM Nutrition,Skincare,1.0,Insufficient Data,16.67,False,0,0,0,0,0,0,0,0,0,0,0,0,0,0,0
P474838,Boost Sweet Boost - Vegan Gummies for Immune Support,HUM Nutrition,Skincare,1.0,Insufficient Data,11.76,False,0,0,0,0,0,0,0,0,0,0,0,0,0,0,0
P482005,Fan Club - multi-symptom menopause support,HUM Nutrition,Skincare,,Insufficient Data,0.0,False,0,0,0,0,0,0,0,0,0,0,0,0,0,0,0
P386759,Moody Bird PMS Support Supplement,HUM Nutrition,Skincare,1.0,Low Risk (Limited Data),40.0,False,0,0,0,0,0,0,0,0,0,0,0,0,0,0,0
P500111,Womb Service - OBGYN Formulated Prenatal Support Supplement,HUM Nutrition,Skincare,1.0,Insufficient Data,3.85,False,0,0,0,0,0,0,0,0,0,0,0,0,0,0,0
P388982,Big ChillAdaptogenStress Management Supplement,HUM Nutrition,Skincare,1.0,Low Risk (Limited Data),50.0,False,0,0,0,0,0,0,0,0,0,0,0,0,0,0,0
P386760,OMG! Omega The Great Fish Oil Supplement,HUM Nutrition,Skincare,1.0,Low Risk (Limited Data),40.0,False,0,0,0,0,0,0,0,0,0,0,0,0,0,0,0
P386764,Uber Energy Adrenal Fatigue and Adaptogen Supplement,HUM Nutrition,Skincare,1.0,Insufficient Data,23.53,False,0,0,0,0,0,0,0,0,0,0,0,0,0,0,0
P386757,Wing Man Liver Detox and Dark Circle Supplement,HUM Nutrition,Skincare,1.0,Insufficient Data,16.67,False,0,0,0,0,0,0,0,0,0,0,0,0,0,0,0
P386762,Here Comes The Sun Vitamin D Immune System Support Supplement,HUM Nutrition,Skincare,1.0,Low Risk (Limited Data),40.0,False,0,0,0,0,0,0,0,0,0,0,0,0,0,0,0
P408271,Turn Back Time Turmeric Supplement for UV Damage,HUM Nutrition,Skincare,1.0,Insufficient Data,11.11,False,0,0,0,0,0,0,0,0,0,0,0,0,0,0,0
P389097,Arctic Repair Fine Lines and Wrinkles Supplement,HUM Nutrition,Skincare,1.0,Insufficient Data,10.0,False,0,0,0,0,0,0,0,0,0,0,0,0,0,0,0
P476428,Brightening Dark Spot Vitamin C Serum,Hyper Skin,Skincare,1.0536,Low Risk,77.78,False,2,0,0,0,0,0,0,3,0,0,0,0,0,1,6
P500614,Gentle Brightening Gel Cleanser with Mandelic Acid,Hyper Skin,Skincare,1.125,Low Risk,72.73,False,0,0,0,0,0,0,0,0,1,0,0,0,0,1,2
P481710,Fade and Glow AHA Mask,Hyper Skin,Skincare,1.0962,Low Risk,70.27,False,3,0,0,0,0,0,0,3,0,0,0,0,0,1,7
P503216,Hyper Even Daily Duo Kit for Hyperpigmentation,Hyper Skin,Skincare,1.0581,Low Risk,70.49,False,2,0,0,0,0,0,0,3,1,0,0,0,0,2,8
P476515,Mini Brightening Dark Spot Vitamin C Serum,Hyper Skin,Skincare,1.0536,Low Risk,77.78,False,2,0,0,0,0,0,0,3,0,0,0,0,0,1,6
P461217,Illuminator Liquid Highlight,Iconic London,Makeup,,Insufficient Data,0.0,False,0,0,0,0,0,0,0,0,0,0,0,0,0,0,0
P461220,Sheer Cream Blush,Iconic London,Makeup,1.0435,Low Risk,79.31,False,2,0,0,0,0,0,0,2,0,0,0,0,0,1,5
P478279,Glaze Dual Ended Eyeshadow Crayon,Iconic London,Makeup,1.0179,Low Risk,93.33,False,1,0,0,0,0,0,0,2,0,0,0,0,0,1,4
P473171,Radiance Complexion Booster,Iconic London,Makeup,1.0172,Low Risk,78.38,False,1,0,0,0,0,0,0,2,0,0,0,0,0,1,4
P461219,Prep Set Glow Hydrating Spray,Iconic London,Makeup,1.12,Low Risk,83.33,False,2,0,0,0,0,0,1,2,0,0,0,0,0,1,6
P502623,Super Smoother Blurring Skin Tint,Iconic London,Makeup,1.0167,Low Risk (Limited Data),68.18,False,1,0,0,0,0,0,0,2,0,0,0,0,0,1,4
P502611,Underglow Blurring Primer,Iconic London,Makeup,1.0429,Low Risk,94.59,False,1,0,0,0,0,0,1,3,0,0,0,0,0,1,6
P463452,Lustre Lip Oil,Iconic London,Makeup,1.0909,Low Risk,78.57,False,0,0,0,0,0,0,1,0,0,0,0,0,0,0,1
P484045,Mini Prep Set Glow Hydrating Spray,Iconic London,Makeup,1.12,Low Risk,83.33,False,2,0,0,0,0,0,1,2,0,0,0,0,0,1,6
P471035,Sheer Bronze Liquid Bronzer,Iconic London,Makeup,1.02,Low Risk,96.15,False,1,0,0,0,0,0,0,2,0,0,0,0,0,1,4
P481711,Silk Glow Blush and Highlight Duo,Iconic London,Makeup,1.0,Low Risk,80.0,False,0,0,0,0,0,0,0,1,0,0,0,0,0,0,1
P502601,Mini Glow Icons Highlighter Set,Iconic London,Mini Size,1.125,Low Risk,80.0,False,2,0,0,0,0,0,1,2,0,0,0,0,0,1,6
P477991,Precision Duo Contour Pot,Iconic London,Makeup,1.0385,Low Risk,83.87,False,0,0,0,1,0,0,0,1,0,0,0,0,0,0,2
P461218,Lip Plumping Gloss,Iconic London,Makeup,1.1429,Low Risk,93.33,False,1,0,0,1,0,0,1,2,0,0,0,0,0,1,6
P505240,Rollaway Glow Highlighter,Iconic London,Makeup,1.0,Low Risk,72.73,False,0,0,0,0,0,0,0,0,0,0,0,0,0,0,0
P482679,Liquid Brow Silk Max Hold Gel,Iconic London,Makeup,1.0357,Low Risk (Limited Data),51.85,False,1,0,0,0,0,0,0,1,0,0,0,0,0,1,3
P500445,Prep Set Tan Tanning Mist with Hyaluronic Acid,Iconic London,Skincare,1.1552,Low Risk,85.29,False,3,0,1,0,0,0,1,2,0,0,0,0,0,2,9
P504574,Tint and Texture Brow Gel,Iconic London,Makeup,1.1429,Low Risk (Limited Data),58.33,False,1,0,1,0,0,0,1,2,0,0,0,0,0,1,6
P429264,First Class Charcoal Detox Dry Shampoo,IGK,Hair,1.25,Low Risk (Limited Data),58.33,False,1,0,1,0,0,0,2,3,0,0,0,0,0,1,8
P410480,MISTRESS Hydrating Leave-In Conditioner Hair Balm,IGK,Hair,1.5588,Medium Risk,89.47,True,4,0,0,2,0,1,3,5,0,0,0,0,1,1,17
P410491,Beach Club Volume Texture Spray,IGK,Hair,1.3333,Low Risk,81.82,False,2,0,1,2,0,0,3,3,0,0,0,0,0,1,12
P433830,Good Behavior Spirulina Protein Anti-Frizz Smoothing Spray,IGK,Hair,1.2692,Low Risk (Limited Data),56.52,False,0,0,1,0,0,0,3,3,0,0,1,0,0,0,8
P430845,Mixed Feelings Purple Leave-In Blonde Toning Drops,IGK,Hair,1.3913,Low Risk,88.46,True,3,0,0,2,0,1,4,6,0,0,0,0,1,1,18
P445737,Antisocial Leave-In Dry Hair Mask,IGK,Hair,1.36,Low Risk,75.76,True,2,0,0,2,0,1,5,7,0,0,0,0,1,2,20
P410477,RICH KID Coconut Oil Air-Dry Styling Cream,IGK,Hair,1.2955,Low Risk (Limited Data),55.0,False,1,0,0,0,0,0,6,8,0,0,1,0,0,1,17
P460865,Good Behavior 4-in-1 Prep Spray,IGK,Hair,1.0938,Low Risk,80.0,False,1,0,0,0,0,0,1,4,0,0,0,0,0,1,7
P422026,EXPENSIVE Hi-Shine Gloss Treatment,IGK,Hair,1.3276,Low Risk (Limited Data),69.05,False,4,0,1,1,0,0,6,9,0,0,0,0,0,1,22
P426849,THIRSTY GIRL Coconut Milk Anti-Frizz Leave-in Conditioner,IGK,Hair,1.1429,Low Risk,76.09,False,1,0,1,0,0,0,2,5,0,0,0,0,0,1,10
P439093,Crybaby Anti-Frizz Smoothing Serum,IGK,Hair,1.5938,Medium Risk,94.12,False,3,0,0,2,0,0,7,6,0,0,0,0,0,0,18
P426186,Mini Beach ClubVolume Texture Spray,IGK,Mini Size,1.3333,Low Risk,81.82,False,2,0,1,2,0,0,3,3,0,0,0,0,0,1,12
P429266,Mini First Class Charcoal Detox Dry Shampoo,IGK,Mini Size,1.2308,Low Risk (Limited Data),56.52,False,1,0,1,0,0,0,1,2,0,0,0,0,0,1,6
P426192,Mini Rich Kid Coconut Oil Gel,IGK,Mini Size,1.2955,Low Risk (Limited Data),55.0,False,1,0,0,0,0,0,6,8,0,0,1,0,0,1,17
P429716,Mini Mistress Hydrating Hair Balm,IGK,Mini Size,1.4444,Low Risk,90.0,False,4,0,0,2,0,0,4,6,0,0,0,0,0,1,17
P468150,Good Behavior Spirulina Protein Anti-Frizz Smoothing  Balm,IGK,Hair,1.1176,Low Risk,70.83,False,1,0,0,0,0,0,1,3,0,0,0,0,0,1,6
P455859,Offline 3-Minute Hydration Hair Mask,IGK,Hair,1.3103,Low Risk,80.56,True,1,0,1,0,0,1,5,8,0,0,0,0,1,1,18
P419625,Jet Lag Invisible Dry Shampoo,IGK,Hair,1.3,Low Risk (Limited Data),50.0,False,1,0,1,1,0,0,2,1,0,0,0,0,0,0,6
P410485,Hot Girls Hydrating Conditioner,IGK,Hair,1.2093,Low Risk,76.79,True,2,0,0,1,0,1,3,6,0,0,0,0,1,1,15
P410484,Hot Girls Hydrating Shampoo,IGK,Hair,1.2381,Low Risk (Limited Data),66.67,True,3,0,0,1,0,1,3,5,1,0,0,0,1,1,16
P447583,Mixed Feelings Leave-In Brunette Toning Drops,IGK,Hair,1.3571,Low Risk,77.78,True,4,0,0,2,0,1,4,7,0,0,0,0,1,1,20
P471551,No Limit Dry Volume and Thickening Spray,IGK,Hair,1.3519,Low Risk,77.14,False,1,0,2,2,0,0,7,7,0,0,0,0,0,0,19
P429263,Direct Flight Multi-Tasking Dry Shampoo,IGK,Hair,1.3421,Low Risk,76.0,False,1,0,1,1,1,0,5,4,0,0,0,0,0,0,13
P441827,Next Level Nordic Cotton Volumizing Mist,IGK,Hair,1.3684,Low Risk (Limited Data),61.29,False,0,0,2,0,0,0,6,7,0,0,0,0,0,0,15
P433836,Bad & Bougie Amla Oil Deep Repair Shampoo,IGK,Hair,1.2222,Low Risk,81.82,False,4,0,0,2,0,0,2,3,1,0,0,0,0,2,14
P479725,Mini Good Behavior Spirulina Protein Anti-Frizz Smoothing Spray,IGK,Hair,1.2692,Low Risk (Limited Data),56.52,False,0,0,1,0,0,0,3,3,0,0,1,0,0,0,8
P433837,Bad & Bougie Amla Oil Deep Repair Conditioner,IGK,Hair,1.2692,Low Risk,81.25,False,3,0,1,2,0,0,3,6,0,0,0,0,0,1,16
P447584,1-800-Hold-Me No-Crunch Flexible Hold Hairspray,IGK,Hair,1.3571,Low Risk (Limited Data),63.64,False,1,0,1,0,0,0,3,4,0,0,1,0,0,1,11
P444429,Thirsty Girl Coconut Milk Anti-Frizz Conditioner,IGK,Hair,1.1939,Low Risk,72.06,False,2,0,2,1,0,0,4,9,0,0,0,0,0,2,20
P444428,Thirsty Girl Coconut Milk Anti-Frizz Shampoo,IGK,Hair,1.1491,Low Risk (Limited Data),69.51,False,2,0,1,1,0,0,3,8,1,0,0,0,0,2,18
P429265,Mini Direct Flight Multi-Tasking Dry Shampoo,IGK,Mini Size,1.3421,Low Risk,79.17,False,1,0,1,1,1,0,5,4,0,0,0,0,0,0,13
P471552,Legendary Shampoo,IGK,Hair,1.2,Low Risk,75.0,False,4,0,0,2,0,0,2,3,1,0,0,0,0,2,14
P475949,Big Time Volumizing Mousse,IGK,Hair,1.2903,Low Risk,81.58,False,2,0,0,2,0,0,7,9,0,0,0,0,0,1,21
P455329,First Class Weightless Replenishing Conditioner,IGK,Hair,1.1029,Low Risk (Limited Data),69.39,False,1,0,1,0,0,0,1,3,0,0,0,0,0,1,7
P477741,Extra Love Volume Shampoo,IGK,Hair,1.1591,Low Risk (Limited Data),56.41,False,1,0,1,0,0,0,1,4,1,0,0,0,0,2,10
P471553,Legendary Conditioner,IGK,Hair,1.24,Low Risk,89.29,False,4,0,0,2,0,0,2,4,0,0,0,0,0,1,13
P459217,Summer Blonde Essentials Purple Blonde Toning Drops + Leave-In Conditioner,IGK,Hair,1.375,Low Risk,86.49,True,5,0,0,2,0,1,5,7,0,0,0,0,1,1,22
P500864,L.A. Blonde Purple Toning Leave-In Treatment Spray,IGK,Hair,1.15,Low Risk,83.33,False,2,0,0,0,0,0,1,3,0,0,1,0,0,1,8
P476691,Best Life Hair Oil,IGK,Hair,1.1562,Low Risk,76.19,False,0,0,0,0,0,0,3,4,0,0,0,1,0,0,8
P477740,Extra Love Volume Conditioner,IGK,Hair,1.1591,Low Risk,80.0,False,2,0,2,1,0,0,2,6,0,0,0,0,0,1,14
P500855,Blonde POP Purple Toning Shampoo,IGK,Hair,1.1098,Low Risk,82.0,False,2,0,0,0,0,0,1,4,1,0,1,0,0,1,10
P500901,Blonde POP Purple Toning Conditioner,IGK,Hair,1.1964,Low Risk,82.35,False,2,0,1,0,0,0,1,5,1,0,0,0,0,1,11
P455418,Super Serum Skin Tint SPF 40 Foundation,ILIA,Makeup,1.0,Low Risk,72.41,False,0,0,0,0,0,0,0,0,0,0,0,0,0,0,0
P431750,Limitless Lash Lengthening Clean Mascara,ILIA,Makeup,1.0294,Low Risk (Limited Data),68.0,False,0,0,0,0,0,0,1,1,0,0,0,0,0,0,2
P411848,Multi-Stick Cream Blush + Highlighter + Lip Tint,ILIA,Makeup,1.0357,Low Risk,77.78,False,1,0,0,0,0,0,0,0,0,0,0,0,0,0,1
P429548,True Skin Medium Coverage Serum Foundation with Niacinamide,ILIA,Makeup,1.0172,Low Risk,70.73,False,0,0,0,0,0,0,1,3,0,0,0,0,0,0,4
P472978,Balmy Tint Hydrating Lip Balm,ILIA,Makeup,1.0172,Low Risk,82.86,False,0,0,0,0,0,0,1,2,0,0,0,0,0,0,3
P444439,Mini Limitless Lash Lengthening Mascara,ILIA,Makeup,1.0294,Low Risk (Limited Data),68.0,False,0,0,0,0,0,0,1,1,0,0,0,0,0,0,2
P464772,Liquid Powder Eye Shadow Tint,ILIA,Makeup,1.0,Low Risk,78.95,False,0,0,0,0,0,0,0,1,0,0,0,0,0,0,1
P441873,True Skin Serum Concealer with Vitamin C,ILIA,Makeup,1.0,Low Risk (Limited Data),69.7,False,0,0,0,0,0,0,0,1,0,0,0,0,0,0,1
P461456,Balmy Gloss Tinted Lip Oil,ILIA,Makeup,1.0,Low Risk (Limited Data),58.97,False,0,0,0,0,0,0,0,0,0,0,0,0,0,0,0
P448845,The Necessary Eyeshadow Palette,ILIA,Makeup,1.0,Low Risk,75.0,False,0,0,0,0,0,0,0,0,0,0,0,0,0,0,0
P444438,Color Haze Multi-Use Pigment,ILIA,Makeup,1.0556,Low Risk (Limited Data),64.29,False,1,0,0,0,0,0,1,1,0,0,0,0,0,0,3
P436270,Color Block High Impact Lipstick,ILIA,Makeup,1.1212,Low Risk,78.57,False,1,0,0,0,0,0,5,6,0,0,0,0,0,0,12
P458753,NightLite Bronzer Powder,ILIA,Makeup,1.0,Low Risk,78.57,False,0,0,0,0,0,0,0,0,0,0,0,0,0,0,0
P417170,Soft Focus Finishing Powder,ILIA,Makeup,1.0,Low Risk (Limited Data),50.0,False,0,0,0,0,0,0,0,0,0,0,0,0,0,0,0
P500245,C Beyond Triple Serum SPF 40 Mineral Sunscreen with Vitamin C 10% + Niacinamide,ILIA,Skincare,1.0,Low Risk,84.38,False,0,0,0,0,0,0,0,0,0,0,0,0,0,0,0
P475110,Fullest Volumizing Mascara,ILIA,Makeup,1.0625,Low Risk (Limited Data),64.0,False,0,0,0,0,0,0,1,1,0,0,0,0,0,0,2
P467765,Lip Wrap Overnight Treatment,ILIA,Makeup,1.1176,Low Risk (Limited Data),56.67,False,0,0,0,0,0,0,3,3,0,0,0,0,0,0,6
P444919,Liquid Light Serum Highlighter,ILIA,Makeup,1.1176,Low Risk,77.27,False,0,0,1,0,0,0,2,2,0,0,0,0,0,0,5
P480308,Lip Wrap Reviving Balm,ILIA,Makeup,1.125,Low Risk (Limited Data),57.14,False,0,0,0,0,0,0,2,2,0,0,0,0,0,0,4
P504071,Bright Start Retinol Alternative Brightening Eye Cream,ILIA,Skincare,1.0,Low Risk (Limited Data),68.57,False,0,0,0,0,0,0,0,1,0,0,0,0,0,0,1
P441874,True Skin Radiant Priming Serum,ILIA,Makeup,1.0789,Low Risk (Limited Data),65.52,False,0,0,0,0,0,0,2,3,0,0,0,0,0,0,5
P407640,Illuminator,ILIA,Makeup,1.0625,Low Risk (Limited Data),44.44,False,1,0,0,0,0,0,0,0,0,0,0,0,0,0,1
P475111,Mini Fullest Volumizing Mascara,ILIA,Makeup,1.0625,Low Risk (Limited Data),64.0,False,0,0,0,0,0,0,1,1,0,0,0,0,0,0,2
P448847,Clean Line Liquid Eyeliner,ILIA,Makeup,1.0625,Low Risk (Limited Data),61.54,False,1,0,0,0,0,0,0,3,0,0,0,0,0,1,5
P471245,Blue Light Protect + Set Mist,ILIA,Makeup,1.075,Low Risk,71.43,False,0,0,0,0,0,0,2,5,0,0,0,0,0,1,8
P448846,Clean Line Gel Eyeliner,ILIA,Makeup,1.0,Low Risk,85.71,False,0,0,0,0,0,0,0,0,0,0,0,0,0,0,0
P471246,Mini Blue Light Protect + Set Mist,ILIA,Makeup,1.075,Low Risk,71.43,False,0,0,0,0,0,0,2,5,0,0,0,0,0,1,8
P458754,DayLite Highlighter Powder,ILIA,Makeup,1.0,Low Risk,70.59,False,0,0,0,0,0,0,0,0,0,0,0,0,0,0,0
P439202,Essential Brow Natural Volumizing Brow Gel,ILIA,Makeup,1.0,Low Risk,81.48,False,0,0,0,0,0,0,0,0,0,0,0,0,0,0,0
P422517,Natural Brightening Eye Primer,ILIA,Makeup,1.05,Low Risk (Limited Data),52.63,False,0,0,0,0,0,0,1,2,0,0,0,0,0,0,3
P428120,Jelly Shot,INC.redible,Makeup,1.0,Low Risk (Limited Data),50.0,False,0,0,0,0,0,0,0,0,0,0,0,0,0,0,0
P441815,Roller Baby Lip Gloss,INC.redible,Makeup,1.1818,Low Risk,100.0,False,2,0,0,0,0,0,1,0,0,0,0,0,0,0,3
P429434,You Glow Girl Iridescent Jelly,INC.redible,Makeup,1.05,Low Risk,90.91,False,1,0,0,0,0,0,0,1,0,0,0,0,0,1,3
P455637,Jammy Lips Sheer Lacquer Lip Tint,INC.redible,Makeup,1.0909,Low Risk,84.62,False,0,0,0,0,0,0,1,0,0,0,0,0,0,0,1
P428119,In A Dream World Iridescent Sheer Gloss,INC.redible,Makeup,1.0333,Low Risk,75.0,False,1,0,0,0,0,0,0,1,0,0,0,0,0,1,3
P436258,Cosmic Blur Set,INC.redible,Makeup,1.0556,Low Risk,81.82,False,1,0,0,0,0,0,0,1,0,0,0,0,0,1,3
P449099,Just Kinda Bliss Hemp Hydration Lip Jelly,INC.redible,Makeup,1.375,Low Risk (Limited Data),47.06,False,0,0,0,0,0,0,5,5,0,0,0,0,0,0,10
P449102,Crystal Ball Roller Gloss,INC.redible,Skincare,1.3125,Low Risk,88.89,False,1,0,0,0,0,0,4,5,0,0,0,0,0,1,11
P469478,Party Recharge Hydrating Hyaluronic Under Eye Masks,INC.redible,Skincare,1.0667,Low Risk (Limited Data),51.72,False,0,0,0,0,0,0,1,0,0,0,0,0,0,0,1
P431104,Listen Hard Girl Neon Lip Paint,INC.redible,Makeup,1.0909,Low Risk,84.62,False,2,0,0,0,0,0,0,3,0,0,0,0,0,2,7
P440660,Jelly Shot Heart Lip Quencher,INC.redible,Makeup,1.0,Low Risk (Limited Data),66.67,False,0,0,0,0,0,0,0,0,0,0,0,0,0,0,0
P446602,You Glow Girl Body Blur,INC.redible,Bath & Body,1.025,Low Risk,83.33,False,1,0,0,0,0,0,0,1,0,0,0,0,0,1,3
P481712,Party Recharge Cryo Me Crazy Under-eye Masks,INC.redible,Skincare,1.0,Low Risk (Limited Data),60.87,False,0,0,0,0,0,0,0,0,0,0,0,0,0,0,0
P458958,Hydrating Boob and Bum Sheet Mask Duo,INC.redible,Skincare,1.0476,Low Risk,72.41,False,0,0,0,0,0,0,1,1,0,0,0,0,0,0,2
P432231,Hypno Highlight Creamy Shimmer Strobe,INC.redible,Makeup,1.0278,Low Risk,90.0,False,1,0,0,0,0,0,0,1,0,0,0,0,0,1,3
P500421,Need A Spa Day Set,INC.redible,Bath & Body,1.1842,Low Risk (Limited Data),65.52,False,1,0,0,0,0,0,4,4,0,0,0,0,0,1,10
P471037,Slushy Serum Moisturizer Crush Infused with Bakuchiol,iNNBEAUTY PROJECT,Skincare,1.0,Low Risk,75.0,False,0,0,0,0,0,0,0,1,0,0,0,0,0,0,1
P472469,Green Machine Vitamin C + Green Superfoods Jelly Serum,iNNBEAUTY PROJECT,Skincare,1.0,Low Risk (Limited Data),54.76,False,0,0,0,0,0,0,0,0,0,0,0,0,0,0,0
P480447,10 + 10 Moisturizer with 10% Vitamin C + 10% Peptide Complex + Ceramides,iNNBEAUTY PROJECT,Skincare,1.0,Low Risk,70.27,False,0,0,0,0,0,0,0,0,0,0,0,0,0,0,0
P471039,Pimple Paste Overnight Blemish Drying Paste,iNNBEAUTY PROJECT,Skincare,1.0,Low Risk,72.73,False,0,0,0,0,0,0,0,0,0,0,0,0,0,0,0
P483127,Retinol Remix 1% Retinol Treatment With Peptide & Tranexamic Acid,iNNBEAUTY PROJECT,Skincare,1.0256,Low Risk,72.22,False,1,0,0,0,0,0,0,1,0,0,0,0,1,0,3
P471038,Glaze Lip Oil,iNNBEAUTY PROJECT,Skincare,1.0,Insufficient Data,35.71,False,0,0,0,0,0,0,0,0,0,0,0,0,0,0,0
P474329,Face Glaze Skin Barrier Protect & Glow Moisturizer,iNNBEAUTY PROJECT,Skincare,1.0,Low Risk,76.47,False,0,0,0,0,0,0,0,1,0,0,0,0,0,0,1
P503865,Bright & Tight Dark Circle Firming Eye Cream with Vitamin C & Peptides,iNNBEAUTY PROJECT,Skincare,1.0196,Low Risk,75.0,False,1,0,0,0,0,0,0,2,0,0,0,0,0,2,5
P500687,Keep It Clean Hydrating Gel Cleanser with Ceramides & 10 Amino Acids,iNNBEAUTY PROJECT,Skincare,1.0571,Low Risk,74.47,False,0,0,0,0,0,0,0,2,1,0,0,1,0,2,6
P471041,Down to Tone Resurfacing Acid Toner,iNNBEAUTY PROJECT,Skincare,1.0962,Low Risk (Limited Data),66.67,False,1,0,0,0,0,0,0,4,0,0,0,1,0,0,6
P471042,Next Level Moisturizer,iNNBEAUTY PROJECT,Skincare,1.0238,Low Risk,70.0,False,0,0,0,0,0,0,0,2,0,0,1,0,0,0,3
P502322,The Healthy Skin Edit Bestsellers Kit,iNNBEAUTY PROJECT,Skincare,1.0241,Low Risk (Limited Data),62.88,False,0,0,0,0,0,0,0,3,1,0,0,1,0,2,7
P471040,Foam Around Clarifying Daily Cleanser Infused with Glycolic Acid,iNNBEAUTY PROJECT,Skincare,1.1346,Low Risk (Limited Data),52.0,False,2,0,0,0,0,0,0,6,0,0,0,1,0,1,10
P504892,Refine AHA + BHA Texture & Pore Serum,iNNBEAUTY PROJECT,Skincare,1.0366,Low Risk (Limited Data),69.49,False,0,0,0,0,0,0,1,4,0,0,0,0,0,0,5
P477413,GREEN MACHINE insta-glo resurfacing acid mask,iNNBEAUTY PROJECT,Skincare,1.0571,Low Risk (Limited Data),61.4,False,1,0,0,0,0,0,0,3,0,0,0,0,0,0,4
P456392,Daily UV Defense Invisible Broad Spectrum SPF 36 Sunscreen,innisfree,Skincare,1.0769,Low Risk (Limited Data),68.42,False,1,0,0,0,0,0,1,2,0,0,0,0,0,1,5
P468658,Volcanic AHA Pore Clearing Clay Mask,innisfree,Skincare,1.0185,Low Risk (Limited Data),65.85,False,0,0,0,0,0,0,0,2,0,0,0,0,0,0,2
P503891,Green Tea Hyaluronic Acid Hydrating Moisturizer,innisfree,Skincare,1.0854,Low Risk,83.67,False,0,0,0,0,0,0,3,5,0,0,1,0,0,0,9
P475951,Green Tea Hyaluronic Acid Hydrating Serum,innisfree,Skincare,1.1,Low Risk,83.33,False,0,0,1,0,0,0,3,5,0,0,1,0,0,0,10
P482006,Dewy Glow Moisturizer with Cherry Blossom & Niacinamide,innisfree,Skincare,1.1538,Low Risk,86.67,False,0,0,0,0,0,0,1,2,0,0,1,0,0,0,4
P456395,Volcanic Clusters Pore Clearing Toner,innisfree,Skincare,1.1,Low Risk,71.43,False,0,0,1,0,0,0,1,1,0,0,0,0,0,0,3
P475112,Pore Clearing Matte Moisturizer with Volcanic Clusters,innisfree,Skincare,1.0926,Low Risk,77.14,False,1,0,0,0,0,0,0,4,0,0,1,0,0,0,6
P468672,Clarifying Spot Serum with Bija Seed Oil,innisfree,Skincare,1.1957,Low Risk,76.67,False,1,0,1,0,0,0,3,5,0,0,1,0,0,0,11
P482007,Dewy Glow Jam Cleanser with Jeju Cherry Blossom,innisfree,Skincare,1.0714,Low Risk,70.0,False,0,0,0,0,0,0,1,0,0,0,0,0,0,0,1
P468671,Clarifying Cleansing Foam with Bija Seed Oil,innisfree,Skincare,1.2188,Low Risk,76.19,False,1,0,0,0,0,0,3,3,0,0,0,0,0,1,8
P503928,Green Tea Hyaluronic Acid Face Cleanser,innisfree,Skincare,1.0714,Low Risk (Limited Data),65.62,False,1,0,0,0,0,0,1,1,0,0,0,0,0,0,3
P503901,Hydration Heroes Green Tea Skincare Routine Set,innisfree,Skincare,1.0833,Low Risk (Limited Data),68.04,False,1,0,1,0,0,0,4,5,0,0,1,0,0,0,12
P503890,Green Tea Hyaluronic Acid Hydrating Toner,innisfree,Skincare,1.0962,Low Risk,83.87,False,0,0,0,0,0,0,3,4,0,0,0,0,0,0,7
P503942,Green Tea Hydrating Cleansing Oil,innisfree,Skincare,1.0909,Low Risk,81.48,False,0,0,0,0,0,0,3,3,0,0,0,0,0,0,6
P503930,Green Tea Hyaluronic Acid Hydrating Eye Serum,innisfree,Skincare,1.1,Low Risk,89.74,False,0,0,0,0,0,0,3,5,0,0,1,0,0,0,9
P503935,Volcanic Pore Clearing Facial Cleanser with AHA + BHA,innisfree,Skincare,1.2292,Low Risk,70.59,False,2,0,0,0,0,0,1,4,2,0,0,0,0,1,10
P503894,Green Tea Hyaluronic Acid Hydrating Eye Cream,innisfree,Skincare,1.0676,Low Risk,77.08,False,0,0,0,0,0,0,3,4,0,0,0,0,0,0,7
P504840,Hydrate + Purify Mini Bestsellers Discovery Skincare Set,innisfree,Skincare,1.0556,Low Risk,72.73,False,0,0,1,0,0,0,3,5,0,0,1,0,0,0,10
P431180,Self Tanning Bronzing Face Drops,Isle of Paradise,Skincare,1.1842,Low Risk (Limited Data),67.86,False,1,0,1,0,0,0,1,4,0,0,0,0,0,3,10
P431181,Self-Tanning Water,Isle of Paradise,Skincare,1.1875,Low Risk (Limited Data),50.0,False,1,0,0,0,0,0,1,4,0,0,0,0,0,3,9
P469482,Even Skin Tone Self-Tanning Body Butter,Isle of Paradise,Skincare,1.1786,Low Risk (Limited Data),66.67,False,2,0,0,1,1,0,2,5,0,0,0,0,0,1,12
P443829,"Glow Clear, Color Correcting Self-Tanning Mousse",Isle of Paradise,Skincare,1.1667,Low Risk (Limited Data),64.29,False,1,0,0,0,0,0,1,4,0,0,0,0,0,3,9
P482008,Self-Tanning Oil Mist,Isle of Paradise,Skincare,1.0962,Low Risk (Limited Data),68.42,False,1,0,0,0,0,0,1,4,0,0,0,0,0,2,8
P456988,Own Your Glow Kit,Isle of Paradise,Skincare,1.1667,Low Risk (Limited Data),56.76,False,1,0,1,0,0,0,1,4,0,0,0,0,0,3,10
P444614,Express Ultra Dark Mousse,Isle of Paradise,Skincare,1.1579,Low Risk (Limited Data),52.78,False,1,0,0,0,0,0,1,4,0,0,0,0,0,3,9
P504162,Mini Self Tanning Bronzing Face Drops,Isle of Paradise,Bath & Body,1.1842,Low Risk (Limited Data),67.86,False,1,0,1,0,0,0,1,4,0,0,0,0,0,3,10
P476540,Pro Glow Spray Tan Kit,Isle of Paradise,Skincare,1.1842,Low Risk (Limited Data),67.86,False,1,0,1,0,0,0,1,4,0,0,0,0,0,3,10
P474957,Night Glow Self-Tan Face Mist,Isle of Paradise,Skincare,1.2143,Low Risk (Limited Data),55.26,False,2,0,0,0,0,0,3,6,0,0,0,0,0,3,14
P474956,Day Dew Self-Tan Face Mist,Isle of Paradise,Skincare,1.1667,Low Risk (Limited Data),58.33,False,0,0,0,0,0,0,1,4,0,0,0,1,0,2,8
P459140,Self-Tanning Water Refill,Isle of Paradise,Skincare,1.1765,Low Risk (Limited Data),53.12,False,1,0,0,0,0,0,1,4,0,0,0,0,0,3,9
P433155,Prep It Self-Tan Priming Spray,Isle of Paradise,Skincare,1.1667,Low Risk (Limited Data),55.56,False,1,0,0,0,0,0,1,4,0,0,0,0,0,2,8
P444990,Blend It Multi-Purpose Self-Tan Blender,Isle of Paradise,Skincare,1.1071,Low Risk (Limited Data),66.67,False,0,0,0,0,0,0,2,1,0,0,0,0,0,0,3
P431419,Over It Magic Self-Tan Eraser,Isle of Paradise,Skincare,1.2333,Low Risk (Limited Data),65.22,False,1,0,0,0,0,0,1,4,1,0,0,0,0,3,10
P431418,Disco Tan Instant Wash-Off Body Bronzer,Isle of Paradise,Skincare,1.1786,Low Risk (Limited Data),50.0,False,1,0,0,0,0,0,1,3,0,0,0,0,0,2,7
P504903,Self-Tanning Mousse,Isle of Paradise,Bath & Body,1.1579,Low Risk (Limited Data),57.58,False,1,0,0,0,0,0,1,4,0,0,0,0,0,3,9
P505318,Self-Tanning Firming Body Drops,Isle of Paradise,Bath & Body,1.1842,Low Risk (Limited Data),67.86,False,1,0,1,0,0,0,1,4,0,0,0,0,0,3,10
P411403,Confidence in a Cream Anti-Aging Hydrating Moisturizer,IT Cosmetics,Skincare,1.1111,Low Risk,92.31,False,1,0,0,0,0,0,5,6,0,0,0,0,0,1,13
P437987,Bye Bye Under Eye Full Coverage Anti-Aging Waterproof Concealer,IT Cosmetics,Makeup,1.0227,Low Risk,70.97,False,1,0,0,0,0,0,0,1,0,0,0,0,0,1,3
P411884,CC+ Cream Illumination with SPF 50+,IT Cosmetics,Makeup,1.1375,Low Risk (Limited Data),65.57,False,1,0,0,0,1,0,3,8,0,0,0,3,0,2,18
P433435,CC+ Cream Oil-Free Matte with SPF 40,IT Cosmetics,Skincare,1.0278,Low Risk (Limited Data),67.92,False,1,0,0,0,0,0,0,1,0,0,0,0,0,1,3
P482010,CC+ Nude Glow Lightweight Foundation + Glow Serum with SPF 40 and Niacinamide,IT Cosmetics,Makeup,1.1286,Low Risk,85.37,False,3,0,0,0,0,0,4,4,0,0,0,0,0,1,12
P425876,Mini CC+ Cream Full Coverage Color Correcting Foundation with SPF 50+,IT Cosmetics,Makeup,1.1282,Low Risk (Limited Data),68.42,False,1,0,0,0,1,0,3,7,0,0,0,2,0,1,15
P411401,Bye Bye Under Eye Brightening Eye Cream for Dark Circles,IT Cosmetics,Skincare,1.0444,Low Risk,86.54,False,3,0,0,0,0,0,0,3,0,0,0,0,0,1,7
P411889,CC+ Airbrush Perfecting Powder Foundation,IT Cosmetics,Makeup,1.0,Low Risk,80.77,False,0,0,0,0,0,0,0,1,0,0,0,0,0,0,1
P446901,Mini Bye Bye Under Eye Full Coverage Anti-Aging Waterproof Concealer,IT Cosmetics,Makeup,1.0227,Low Risk,73.33,False,1,0,0,0,0,0,0,1,0,0,0,0,0,1,3
P411886,Bye Bye Pores Translucent Pressed Setting Powder,IT Cosmetics,Makeup,1.0676,Low Risk,80.43,False,2,0,0,1,0,0,0,2,0,0,0,0,0,1,6
P411393,Bye Bye Redness Neutralizing Color-Correcting Cream,IT Cosmetics,Skincare,1.0455,Low Risk (Limited Data),66.67,False,2,0,0,0,0,0,0,2,0,0,0,0,0,1,5
P502656,Secret Sauce Moisturizer,IT Cosmetics,Skincare,1.0781,Low Risk,86.49,False,2,0,1,0,0,0,0,4,0,0,0,0,0,1,8
P461600,Your Skin But Better Foundation + Skincare,IT Cosmetics,Makeup,1.0323,Low Risk,77.5,False,1,0,0,0,1,0,0,2,0,0,0,0,0,1,5
P411396,Superhero Elastic Stretch Volumizing and Lengthening Mascara,IT Cosmetics,Makeup,1.16,Low Risk,80.65,False,3,1,2,0,0,0,0,4,0,0,1,0,0,1,12
P411392,Bye Bye Pores Airbrush Loose Setting Powder,IT Cosmetics,Makeup,1.0517,Low Risk,76.32,False,2,0,0,0,0,0,0,1,0,0,0,0,0,1,4
P443586,Your Skin But Better Makeup Primer+,IT Cosmetics,Makeup,1.04,Low Risk,78.12,False,2,0,0,0,0,0,0,2,0,0,0,0,0,1,5
P439057,Confidence in a Gel Lotion,IT Cosmetics,Skincare,1.0606,Low Risk,73.33,False,2,0,0,0,0,0,0,4,0,0,0,0,0,1,7
P426829,Confidence in a Cleanser Hydrating Facial Cleanser Serum,IT Cosmetics,Skincare,1.1548,Low Risk,89.36,False,3,0,0,0,0,0,5,8,0,0,0,0,0,1,17
P454837,Confidence in Your Beauty Sleep Night Cream,IT Cosmetics,Skincare,1.2344,Low Risk,78.05,False,3,0,1,0,0,0,6,8,0,0,0,0,0,1,19
P448147,Lash Blowout Volumizing Mascara,IT Cosmetics,Makeup,1.0694,Low Risk,75.0,False,1,0,0,1,0,0,0,3,1,0,0,0,0,1,7
P482681,Bye Bye Makeup 3-in-1 Makeup Melting Cleansing Balm,IT Cosmetics,Skincare,1.1,Low Risk,83.33,False,1,0,0,0,0,0,1,1,0,0,0,0,0,1,4
P474332,Bye Bye Lines 1.5% Hyaluronic Acid Serum,IT Cosmetics,Skincare,1.125,Low Risk (Limited Data),61.54,False,2,0,0,0,0,0,0,2,0,0,0,0,0,1,5
P474330,Bye Bye Dark Spots 4% Niacinamide Serum,IT Cosmetics,Skincare,1.275,Low Risk,90.91,False,3,0,0,0,0,0,4,6,0,0,0,0,0,1,14
P474333,Bye Bye Pores 10% Glycolic Acid Serum,IT Cosmetics,Skincare,1.0833,Low Risk,100.0,False,0,0,1,0,0,0,0,1,0,0,0,0,0,0,2
P479964,Superhero No-Tug Waterproof Eyeshadow Stick,IT Cosmetics,Makeup,1.0156,Low Risk,71.11,False,1,0,0,0,0,0,0,2,0,0,0,0,0,1,4
P466663,Pillow Lips Solid Serum Lip Gloss,IT Cosmetics,Makeup,1.0882,Low Risk,72.34,False,1,0,0,0,0,0,3,4,0,0,0,0,0,1,9
P456940,It's Your Skin But Better Setting Spray,IT Cosmetics,Makeup,1.1731,Low Risk,81.25,False,3,1,1,0,0,0,2,3,0,0,1,0,0,1,12
P448934,Bye Bye Pores Leave-On Solution Pore-Refining Toner,IT Cosmetics,Skincare,1.2045,Low Risk,75.86,False,2,0,1,0,0,0,3,6,0,0,0,0,0,1,13
P468369,Hello Results Wrinkle-Reducing Daily Retinol Serum-in-Cream,IT Cosmetics,Skincare,1.25,Low Risk,80.0,False,3,0,0,1,0,0,3,3,0,0,0,0,1,1,12
P450994,Mini CC+ Cream Oil-Free Matte with SPF 40,IT Cosmetics,Makeup,1.0244,Low Risk (Limited Data),53.25,False,1,0,0,0,0,0,0,2,0,0,0,0,0,1,4
P456941,Mini It's Your Skin But Better Setting Spray,IT Cosmetics,Mini Size,1.1731,Low Risk,81.25,False,3,1,1,0,0,0,2,3,0,0,1,0,0,1,12
P456942,Superhero No-Tug Gel Eyeliner,IT Cosmetics,Makeup,1.0,Low Risk (Limited Data),56.0,False,0,0,0,0,0,0,0,0,0,0,0,0,0,0,0
P444303,Mini Superhero Elastic Stretch Volumizing Mascara,IT Cosmetics,Mini Size,1.16,Low Risk,80.65,False,3,1,2,0,0,0,0,4,0,0,1,0,0,1,12
P455610,Confidence in a Neck Cream,IT Cosmetics,Skincare,1.0273,Low Risk (Limited Data),53.92,False,1,0,0,0,0,0,1,3,0,0,0,0,0,1,6
P427641,Mini Confidence in a Cream Hydrating Moisturizer,IT Cosmetics,Skincare,1.1111,Low Risk,92.31,False,1,0,0,0,0,0,5,6,0,0,0,0,0,1,13
P444304,Mini Brow Power Universal Brow Pencil,IT Cosmetics,Mini Size,1.1111,Low Risk (Limited Data),42.86,False,0,0,0,1,0,0,0,0,0,0,0,0,0,0,1
P461457,Brow Power Filler Volumizing Tinted Fiber Eyebrow Gel,IT Cosmetics,Makeup,1.0625,Low Risk,78.05,False,1,0,1,0,0,0,0,2,1,0,0,0,0,1,6
P504805,Bye Bye Dark Spots Concealer + Serum with Niacinamide & Hyaluronic Acid,IT Cosmetics,Makeup,1.0417,Low Risk,70.59,False,1,0,0,0,0,0,0,2,0,0,0,0,0,1,4
P430143,Mini Confidence in a Cleanser,IT Cosmetics,Skincare,1.0682,Low Risk (Limited Data),63.77,False,1,0,0,0,0,0,1,4,1,0,0,0,0,3,10
P477170,Mini Confidence in Your Beauty Sleep Night Cream,IT Cosmetics,Mini Size,1.2344,Low Risk,78.05,False,3,0,1,0,0,0,6,8,0,0,0,0,0,1,19
P500466,CC+ Foundation Customizable Set,IT Cosmetics,Makeup,1.1131,Low Risk (Limited Data),65.12,False,3,1,1,0,1,0,5,8,0,0,1,2,0,1,23
P480610,Hello Results Baby-Smooth Glycolic Peel + Caring Oil,IT Cosmetics,Skincare,1.25,Low Risk (Limited Data),64.52,False,1,0,1,0,0,0,3,4,0,0,0,0,0,0,9
P12573,Intense Therapy Lip Balm SPF 25,Jack Black,Skincare,1.1429,Low Risk (Limited Data),50.0,False,0,0,0,0,1,0,0,0,0,0,0,0,0,0,1
P40629,Double-Duty Face Moisturizer Broad Spectrum SPF 20,Jack Black,Men,1.175,Low Risk (Limited Data),60.61,False,2,0,0,0,0,0,1,3,0,0,0,0,0,2,8
P378718,Bump Fix Razor Bump & Ingrown Hair Solution,Jack Black,Men,1.25,Low Risk (Limited Data),55.56,False,1,0,1,0,0,0,0,3,0,0,0,0,0,0,5
P385674,Deep Dive Glycolic Facial Cleanser,Jack Black,Men,1.05,Low Risk,71.43,False,1,0,0,0,0,0,0,3,0,0,0,0,0,1,5
P397664,Oil-Free Sun Guard Sunscreen Water Resistant SPF 45,Jack Black,Men,1.1667,Low Risk (Limited Data),63.16,False,2,0,0,0,0,0,0,1,0,0,0,0,0,1,4
P12571,Face Buff Energizing Scrub,Jack Black,Men,1.371,Low Risk (Limited Data),65.96,True,1,0,0,0,0,2,8,10,0,0,0,0,1,2,24
P171300,Pure Clean Daily Facial Cleanser,Jack Black,Men,1.1923,Low Risk (Limited Data),56.52,False,0,0,0,0,0,0,1,2,1,0,0,0,0,1,5
P259950,Performance Remedy Turbo Wash  Energizing Cleanser for Hair & Body,Jack Black,Men,1.2105,Low Risk (Limited Data),46.34,False,2,0,0,0,0,0,0,2,2,0,0,0,0,2,8
P12569,Beard Lube Conditioning Shave,Jack Black,Men,1.1333,Low Risk,83.33,False,0,0,0,0,0,0,0,2,0,0,0,0,0,2,4
P379573,Epic Moisture MP10 Nourishing Oil,Jack Black,Bath & Body,1.2273,Low Risk,75.86,False,1,0,0,0,0,0,5,4,0,0,0,0,0,0,10
P409928,Clean Break Oil-Free Moisturizer,Jack Black,Men,1.0714,Low Risk (Limited Data),63.64,False,1,0,0,0,0,0,0,1,0,0,0,0,0,1,3
P399986,Beard Oil,Jack Black,Men,1.0312,Low Risk (Limited Data),57.14,False,0,0,0,0,0,0,0,0,0,0,0,0,0,0,0
P12572,Industrial Strength Hand Healer,Jack Black,Bath & Body,1.1429,Low Risk (Limited Data),66.67,False,3,0,0,1,0,0,0,1,0,0,0,0,0,1,6
P425329,Industrial Strength Hand Healer Mini,Jack Black,Mini Size,1.1429,Low Risk (Limited Data),66.67,False,3,0,0,1,0,0,0,1,0,0,0,0,0,1,6
P236605,Protein Booster Skin Serum,Jack Black,Men,1.2083,Low Risk (Limited Data),57.14,False,2,0,1,0,0,0,4,5,0,0,0,0,0,1,13
P12568,"All-Over Wash For Face, Hair & Body",Jack Black,Men,1.2222,Low Risk (Limited Data),60.0,False,1,0,0,0,0,0,1,2,2,0,0,0,0,2,8
P298331,Power Peel Multi-Acid Resurfacing Pads,Jack Black,Men,1.2,Low Risk (Limited Data),67.57,False,1,0,2,0,0,0,2,5,0,0,0,1,0,0,11
P425428,Beard Grooming Kit,Jack Black,Men,1.1339,Low Risk,70.0,False,3,0,0,0,0,0,1,5,2,0,0,0,0,4,15
P394957,Turbo Body Bar Scrubbing Soap,Jack Black,Men,1.0833,Insufficient Data,37.5,False,0,0,0,0,0,0,1,0,0,0,0,0,0,0,1
P425430,Shave Essentials,Jack Black,Men,1.1154,Low Risk (Limited Data),61.9,False,4,0,0,0,0,0,2,6,0,0,0,0,0,3,15
P12570,Eye Balm De-Puffing & Cooling Gel,Jack Black,Men,1.1667,Low Risk (Limited Data),42.86,False,2,0,0,0,0,0,0,1,0,0,0,0,0,1,4
P183733,Supreme Cream Triple Cushion Shave Lather,Jack Black,Men,1.125,Low Risk (Limited Data),63.16,False,2,0,0,0,0,0,0,4,0,0,1,0,0,2,9
P12574,Line Smoother Oil-Free Moisturizer,Jack Black,Men,1.1304,Low Risk,79.31,False,1,0,0,2,0,0,0,2,0,0,0,0,0,0,5
P96811,Pit Boss Antiperspirant & Deodorant,Jack Black,Bath & Body,1.15,Low Risk,83.33,False,0,0,0,0,0,0,1,0,0,0,0,0,0,0,1
P397025,Nourishing Hair & Scalp Conditioner,Jack Black,Men,1.1522,Low Risk (Limited Data),57.5,False,1,0,0,0,0,0,0,6,0,0,0,0,0,2,9
P431732,Charcoal Body Bar Massaging Soap,Jack Black,Bath & Body,1.3824,Low Risk (Limited Data),58.62,False,1,0,0,0,0,0,8,9,0,0,0,0,0,1,19
P96809,Cool Moisture Body Lotion,Jack Black,Men,1.3056,Low Risk,78.26,False,3,1,0,2,0,0,1,2,0,0,1,0,0,1,11
P12577,Post Shave Cooling Gel,Jack Black,Men,1.0667,Low Risk (Limited Data),53.57,False,1,0,0,0,0,0,0,2,0,0,0,0,0,2,5
P474057,Lip Service - Lip Balm Duo Mint & Shea,Jack Black,Skincare,1.1667,Low Risk (Limited Data),56.25,False,1,0,0,1,0,0,0,0,0,0,0,0,0,0,2
P236606,Protein Booster Eye Rescue,Jack Black,Men,1.069,Low Risk (Limited Data),69.05,False,1,0,0,0,0,0,0,3,0,0,1,0,0,1,6
P458573,Lip Balm Trio,Jack Black,Skincare,1.0714,Low Risk (Limited Data),43.75,False,0,0,0,0,0,0,0,0,0,0,0,0,0,0,0
P397665,Dry Erase Ultra-Calming Face Cream,Jack Black,Men,1.02,Low Risk,73.53,False,1,0,0,0,0,0,0,2,0,0,0,0,0,1,4
P427514,Beard Wash,Jack Black,Men,1.1935,Low Risk,73.81,False,3,0,0,0,0,0,2,5,2,0,0,0,0,2,14
P428414,Skin Saviors,Jack Black,Skincare,1.2583,Low Risk (Limited Data),58.82,True,3,0,0,0,0,2,8,12,1,0,0,0,1,4,31
P395117,Double Header Shampoo + Conditioner,Jack Black,Men,1.1806,Low Risk (Limited Data),66.67,False,2,0,0,1,0,0,3,7,1,0,0,0,0,2,16
P397024,True Volume Thickening Shampoo,Jack Black,Men,1.1458,Low Risk (Limited Data),53.33,False,3,0,0,0,0,0,0,2,1,0,0,0,0,3,9
P472471,Acne Remedy Overnight Repair Moisturizer,Jack Black,Skincare,1.0577,Low Risk,76.47,False,1,0,0,0,0,0,0,5,0,0,0,0,0,1,7
P78300,Sleek Finish Texture Cream,Jack Black,Hair,1.1944,Low Risk (Limited Data),64.29,False,2,1,0,2,0,0,0,1,0,0,1,0,0,0,7
P78301,Body-Building Hair Gel,Jack Black,Hair,1.2692,Low Risk,76.47,False,2,1,0,2,0,0,0,1,0,0,1,0,0,0,7
P455232,Black Reserve Body & Hair Cleanser,Jack Black,Men,1.3088,Low Risk (Limited Data),68.0,False,3,0,1,0,0,0,7,9,2,0,0,0,0,2,24
P395717,Clay Pomade,Jack Black,Hair,1.1875,Low Risk (Limited Data),58.54,False,2,0,0,0,0,0,3,6,0,0,1,0,0,2,14
P237115,Beard Lube Conditioning Shave - 3 Pack,Jack Black,Men,1.1333,Low Risk,83.33,False,0,0,0,0,0,0,0,2,0,0,0,0,0,2,4
P432240,Oil-Control Toner,Jack Black,Skincare,1.1667,Low Risk (Limited Data),51.43,False,3,0,0,0,0,0,0,3,0,0,0,0,0,1,7
P477174,Charcoal Body Buff Exfoliating Cleanser,Jack Black,Bath & Body,1.125,Low Risk (Limited Data),55.17,False,0,0,0,0,0,0,2,2,0,0,0,0,0,0,4
P476571,Turbo Body Lotion Energizing Gel Moisturizer with Eucalyptus & Aloe,Jack Black,Skincare,1.1765,Low Risk,80.95,False,1,0,0,0,0,0,4,5,0,0,0,0,0,1,11
P500444,Black Reserve Body & Hair Cleanser,Jack Black,Bath & Body,1.3088,Low Risk (Limited Data),68.0,False,3,0,1,0,0,0,7,9,2,0,0,0,0,2,24
P455233,Pit CTRL Aluminum-Free Deodorant,Jack Black,Bath & Body,1.2083,Low Risk (Limited Data),52.17,False,0,0,0,0,0,0,4,3,0,0,0,0,0,0,7
P472470,Acne Remedy Balancing Foam Cleanser,Jack Black,Skincare,1.1538,Low Risk,81.25,False,1,0,0,0,0,0,0,3,1,0,0,0,0,2,7
P505124,I Want Choo Eau de Parfum,JIMMY CHOO,Fragrance,1.675,Medium Risk,95.24,False,3,0,1,2,0,0,12,11,0,0,0,0,0,0,29
P450176,Urban Hero Eau de Parfum,JIMMY CHOO,Fragrance,1.5,Insufficient Data,5.26,False,0,0,1,0,0,0,0,0,0,0,0,0,0,0,1
P467126,That Jlo Glow Brightening & Firming Serum with Niacinamide,JLo Beauty,Skincare,1.02,Low Risk (Limited Data),65.79,False,1,0,0,0,0,0,0,2,0,0,0,0,0,1,4
P467124,That Blockbuster Cream with Hyaluronic Acid,JLo Beauty,Skincare,1.1,Low Risk,76.92,False,3,0,0,1,0,0,1,4,0,0,0,0,0,1,10
P467123,That Big Screen Moisturizer with Broad Spectrum SPF 30,JLo Beauty,Skincare,1.05,Low Risk,73.17,False,1,0,0,0,0,0,1,3,0,0,0,0,0,1,6
P467122,That Fresh Take Eye Cream with Peptides,JLo Beauty,Skincare,1.0862,Low Risk (Limited Data),69.05,False,1,0,0,0,1,0,1,3,0,0,0,0,0,1,7
P467120,That Hit Single Gel-Cream Cleanser,JLo Beauty,Skincare,1.1167,Low Risk (Limited Data),63.83,False,2,0,0,0,0,0,1,2,1,0,0,0,0,2,8
P467118,That Limitless Glow Sheet Mask,JLo Beauty,Skincare,1.02,Low Risk (Limited Data),65.79,False,1,0,0,0,0,0,0,2,0,0,0,0,0,1,4
P501493,Firm + Flaunt Targeted Booty Balm,JLo Beauty,Bath & Body,1.1277,Low Risk,75.81,False,1,0,0,0,0,0,7,8,0,0,0,0,0,1,17
P500002,Brighten. Tighten. Hydrate. 3-Piece Set,JLo Beauty,Skincare,1.0893,Low Risk (Limited Data),68.29,False,3,0,0,0,1,0,2,5,0,0,0,0,0,1,12
P500318,That Overnight Hustle AHA + BHA Resurfacer,JLo Beauty,Skincare,1.1,Low Risk (Limited Data),69.44,False,1,0,0,0,0,0,0,4,0,0,0,1,0,0,6
P503897,Smooth + Seduce Contouring Body Cream with Caffeine,JLo Beauty,Bath & Body,1.1071,Low Risk,83.58,False,1,0,0,0,0,0,7,8,0,0,0,0,0,1,17
P503902,Tighten + Tease Resurfacing Body Serum with AHAs,JLo Beauty,Bath & Body,1.0556,Low Risk,78.95,False,1,0,0,0,0,0,0,5,0,0,0,1,0,1,8
P417179,Wood Sage & Sea Salt Cologne,Jo Malone London,Fragrance,1.6818,Medium Risk,91.67,False,0,0,1,0,0,0,9,8,0,0,0,0,0,0,18
P417181,Peony & Blush Suede Cologne,Jo Malone London,Fragrance,1.75,Medium Risk,94.12,False,0,0,1,0,0,0,14,13,0,0,0,0,0,0,28
P417182,Nectarine Blossom & Honey Cologne,Jo Malone London,Fragrance,1.625,Medium Risk,88.89,False,0,0,1,1,0,0,5,4,0,0,0,0,0,0,11
P445101,Wood Sage & Sea Salt/ Peony & Blush Suede Mini Set,Jo Malone London,Fragrance,1.7368,Medium Risk,100.0,False,0,0,1,1,0,0,15,14,0,0,0,0,0,0,31
P417180,English Pear & Freesia Cologne,Jo Malone London,Fragrance,1.7222,Medium Risk,90.0,True,0,0,1,0,0,1,6,5,0,0,0,0,1,0,14
P456171,Wood Sage & Sea Salt/ English Pear & Freesia Mini Set,Jo Malone London,Fragrance,1.7667,Medium Risk,100.0,True,0,0,1,1,0,1,11,10,0,0,0,0,1,0,25
P417184,Wild Bluebell Cologne,Jo Malone London,Fragrance,1.6429,Medium Risk,87.5,False,0,0,1,0,0,0,5,4,0,0,0,0,0,0,10
P423281,Red Roses Cologne,Jo Malone London,Fragrance,1.6667,Medium Risk,85.71,False,1,0,1,0,0,0,9,8,0,0,0,0,0,0,19
P417183,Orange Blossom Cologne,Jo Malone London,Fragrance,1.625,Medium Risk,88.89,False,0,0,1,0,0,0,6,5,0,0,0,0,0,0,12
P417178,Mimosa & Cardamom Cologne,Jo Malone London,Fragrance,1.8333,Medium Risk,85.71,True,0,0,1,0,0,1,9,8,0,0,0,0,1,0,20
P417185,Blackberry & Bay Cologne,Jo Malone London,Fragrance,1.8182,Medium Risk,91.67,True,0,0,1,1,0,1,7,6,0,0,0,0,1,0,17
P417192,Myrrh & Tonka Cologne Intense,Jo Malone London,Fragrance,1.7308,Medium Risk,92.86,False,0,0,1,0,0,0,11,10,0,0,0,0,0,0,22
P417195,Velvet Rose & Oud Cologne Intense,Jo Malone London,Fragrance,1.75,Medium Risk,92.31,False,0,0,1,0,0,0,10,9,0,0,0,0,0,0,20
P435343,Honeysuckle & Davana Cologne,Jo Malone London,Fragrance,1.725,Medium Risk,90.91,False,2,0,1,1,0,0,15,14,0,0,0,0,0,0,33
P467626,Scarlet Poppy Cologne Intense,Jo Malone London,Fragrance,1.7,Medium Risk,83.33,False,0,0,1,0,0,0,3,2,0,0,0,0,0,0,6
P469125,Mini Luxuries Set,Jo Malone London,Fragrance,1.3871,Low Risk,100.0,True,2,1,1,0,0,1,11,11,0,0,1,0,1,1,30
P417193,Oud & Bergamot Cologne Intense,Jo Malone London,Fragrance,1.5,Medium Risk,83.33,False,0,0,1,0,0,0,3,2,0,0,0,0,0,0,6
P417186,Lime Basil & Mandarin Cologne,Jo Malone London,Fragrance,1.7857,Medium Risk,87.5,True,0,0,1,0,0,1,11,10,0,0,0,0,1,0,24
P448108,Poppy & Barley Cologne,Jo Malone London,Fragrance,1.6818,Medium Risk,91.67,False,0,0,1,0,0,0,9,8,0,0,0,0,0,0,18
P429419,Jasmine Sambac & Marigold Cologne Intense,Jo Malone London,Fragrance,1.7667,Medium Risk,93.75,False,0,0,1,0,0,0,13,12,0,0,0,0,0,0,26
P417189,Basil & Neroli Cologne,Jo Malone London,Fragrance,1.6923,Medium Risk,92.86,False,3,0,1,2,0,0,7,6,0,0,0,0,0,0,19
P461942,Fig & Lotus Flower Cologne,Jo Malone London,Fragrance,1.6786,Medium Risk,87.5,False,0,0,1,0,0,0,11,10,0,0,0,0,0,0,22
P503749,Wood Sage & Sea Salt Cologne Travel Spray,Jo Malone London,Fragrance,1.6818,Medium Risk,91.67,False,0,0,1,0,0,0,9,8,0,0,0,0,0,0,18
P463462,Vitamin E Lip Conditioner Balm,Jo Malone London,Makeup,1.1842,Low Risk,82.61,False,1,0,0,0,0,0,3,4,0,0,0,0,0,2,10
P422439,English Oak & Hazelnut Cologne,Jo Malone London,Fragrance,1.6765,Medium Risk,94.44,False,0,0,1,1,0,0,12,11,0,0,0,0,0,0,25
P482013,Sea Daffodil Cologne,Jo Malone London,Fragrance,1.7,Medium Risk,100.0,False,0,0,1,1,0,0,11,10,0,0,0,0,0,0,23
P417197,English Pear & Freesia Body & Hand Lotion,Jo Malone London,Bath & Body,1.3269,Low Risk,76.47,True,0,0,0,1,0,1,6,6,0,0,1,0,1,0,16
P502036,Rose Blush Cologne,Jo Malone London,Fragrance,1.6875,Medium Risk,88.89,False,1,0,1,1,0,0,11,10,0,0,0,0,0,0,24
P504442,Rose Water and Vanilla Cologne Intense,Jo Malone London,Fragrance,1.6,Medium Risk,100.0,False,0,0,1,0,0,0,7,6,0,0,0,0,0,0,14
P417212,Peony & Blush Suede Body Crème,Jo Malone London,Bath & Body,1.3571,Low Risk,96.55,False,1,1,0,0,0,0,11,10,0,0,1,0,0,0,24
P417211,Wood Sage & Sea Salt Body Crème,Jo Malone London,Bath & Body,1.3077,Low Risk,96.3,False,1,1,0,0,0,0,9,8,0,0,1,0,0,0,20
P417198,Nectarine Blossom & Honey Body & Hand Lotion,Jo Malone London,Bath & Body,1.28,Low Risk,75.76,True,1,0,0,0,0,1,5,6,0,0,1,0,0,2,16
P482014,Silk Blossom Cologne,Jo Malone London,Fragrance,1.7273,Medium Risk,100.0,False,0,0,1,0,0,0,9,8,0,0,0,0,0,0,18
P501999,Red Roses Cologne,Jo Malone London,Fragrance,1.6154,Medium Risk,92.86,False,1,0,1,0,0,0,9,8,0,0,0,0,0,0,19
P482015,Bitter Mandarin Cologne,Jo Malone London,Fragrance,1.7143,Medium Risk,100.0,False,0,0,1,1,0,0,10,9,0,0,0,0,0,0,21
P417199,Orange Blossom Body & Hand Lotion,Jo Malone London,Bath & Body,1.3043,Low Risk,82.14,False,0,0,0,0,0,0,8,8,0,0,1,0,0,0,17
P417215,English Pear & Freesia Body Crème,Jo Malone London,Bath & Body,1.3125,Low Risk,96.0,True,1,1,0,0,0,1,6,5,0,0,1,0,1,0,16
P417213,Nectarine Blossom & Honey Body Crème,Jo Malone London,Bath & Body,1.3125,Low Risk,88.89,True,1,1,0,0,0,1,6,5,0,0,1,0,0,1,16
P417200,Lime Basil & Mandarin Body & Hand Lotion,Jo Malone London,Bath & Body,1.4231,Low Risk,81.25,True,0,0,0,0,0,1,10,10,0,0,1,0,1,0,23
P469884,Yellow Hibiscus Cologne,Jo Malone London,Fragrance,1.65,Medium Risk,90.91,False,0,0,1,1,0,0,7,7,0,0,0,0,0,0,16
P452820,Grapefruit Cologne,Jo Malone London,Fragrance,1.7917,Medium Risk,85.71,True,0,0,1,0,0,1,9,8,0,0,0,0,1,0,20
P503306,Christmas Cracker Gift Set,Jo Malone London,Fragrance,1.3333,Low Risk,76.19,False,1,0,1,0,0,0,15,17,2,0,1,0,0,1,38
P463463,Vitamin E Nourishing Hand Treatment Cream,Jo Malone London,Bath & Body,1.1571,Low Risk (Limited Data),68.63,False,2,0,0,0,0,0,3,9,0,0,1,1,0,1,17
P417201,Blackberry & Bay Body & Hand Lotion,Jo Malone London,Bath & Body,1.1957,Low Risk,74.19,False,0,0,0,0,0,0,5,5,0,0,1,0,0,0,11
P417210,Mimosa & Cardamom Body Crème,Jo Malone London,Bath & Body,1.2963,Low Risk,96.43,True,1,1,0,0,0,1,6,5,0,0,1,0,1,0,16
P417214,Orange Blossom Body Crème,Jo Malone London,Bath & Body,1.2708,Low Risk,96.0,False,1,1,0,0,0,0,7,6,0,0,1,0,0,0,16
P425814,Peony & Blush Suede Body & Hand Lotion,Jo Malone London,Bath & Body,1.3393,Low Risk,77.78,False,0,0,0,0,0,0,10,10,0,0,1,0,0,0,21
P468152,Mini Wood Sage & Sea Salt Body Crème,Jo Malone London,Bath & Body,1.3148,Low Risk,100.0,False,2,1,0,0,0,0,9,9,0,0,1,0,0,1,23
P468154,Mini Peony & Blush Suede Body Crème,Jo Malone London,Bath & Body,1.3621,Low Risk,85.29,False,2,1,0,0,0,0,11,11,0,0,1,0,0,1,27
P427381,Red Roses Body Crème,Jo Malone London,Bath & Body,1.28,Low Risk,96.15,False,1,1,0,0,0,0,8,7,0,0,1,0,0,0,18
P468153,Mini English Pear & Freesia Body Crème,Jo Malone London,Bath & Body,1.32,Low Risk,100.0,True,2,1,0,0,0,1,6,6,0,0,1,0,1,1,19
P501800,Limited Edition English Pear & Freesia Cologne,Jo Malone London,Fragrance,1.6818,Medium Risk,100.0,False,0,0,1,1,0,0,8,7,0,0,0,0,0,0,17
P505241,Osmanthus Blossom,Jo Malone London,Fragrance,1.7083,Medium Risk,100.0,False,0,0,1,0,0,0,10,9,0,0,0,0,0,0,20
P505254,Nashi Blossom,Jo Malone London,Fragrance,1.7273,Medium Risk,100.0,False,0,0,1,1,0,0,8,7,0,0,0,0,0,0,17
P417216,Lime Basil & Mandarin Body Crème,Jo Malone London,Bath & Body,1.3929,Low Risk,87.5,True,1,1,0,0,0,1,10,9,0,0,1,0,1,0,24
P468157,Lime Basil & Madarin Soap,Jo Malone London,Bath & Body,1.4412,Low Risk,77.27,False,0,0,0,1,0,0,7,6,1,0,0,0,0,0,15
P468155,Mini Lime Basil & Mandarin Body Crème,Jo Malone London,Bath & Body,1.3966,Low Risk,78.38,True,2,1,0,0,0,1,10,10,0,0,1,0,1,1,27
P468156,English Pear & Freesia Soap,Jo Malone London,Bath & Body,1.4667,Low Risk,75.0,True,0,0,0,0,0,1,6,5,1,0,0,0,1,0,14
P505245,Star Magnolia Blossom,Jo Malone London,Fragrance,1.675,Medium Risk,100.0,False,3,0,1,1,0,0,14,13,0,0,0,0,0,0,32
P505242,Mini Blossoms Travel Spray Trio Set,Jo Malone London,Fragrance,1.7174,Medium Risk,100.0,False,3,0,1,2,0,0,16,15,0,0,0,0,0,0,37
P505271,Silk Blossom Diffuser,Jo Malone London,Fragrance,1.4286,Low Risk,84.0,False,0,0,1,0,0,0,11,10,0,0,0,0,0,0,22
P218700,100 percent Pure Argan Oil,Josie Maran,Skincare,1.0,Low Risk,100.0,False,0,0,0,0,0,0,0,0,0,0,0,0,0,0,0
P283501,Argan Cleansing Oil,Josie Maran,Skincare,1.0,Insufficient Data,20.0,False,0,0,0,0,0,0,0,0,0,0,0,0,0,0,0
P287700,Whipped Argan Oil Body Butter,Josie Maran,Bath & Body,1.0,Insufficient Data,17.24,False,0,0,0,0,0,0,0,0,0,0,0,0,0,0,0
P404338,Whipped Argan Oil Face Butter,Josie Maran,Skincare,1.0172,Low Risk,82.86,False,1,0,0,0,0,0,0,2,0,0,0,0,0,1,4
P384780,Pure Argan Milk Intensive Hydrating Treatment,Josie Maran,Skincare,,Insufficient Data,0.0,False,0,0,0,0,0,0,0,0,0,0,0,0,0,0,0
P407445,Vibrancy Argan Oil Foundation Fluid,Josie Maran,Makeup,1.0,Insufficient Data,36.11,False,0,0,0,0,0,0,0,0,0,0,0,0,0,0,0
P454084,Argan Beta Retinol Pink Algae Serum,Josie Maran,Skincare,1.0,Insufficient Data,5.88,False,0,0,0,0,0,0,0,0,0,0,0,0,0,0,0
P458900,Pineapple Enzyme Pore Clearing Cleanser,Josie Maran,Skincare,1.25,Insufficient Data,21.43,False,1,0,0,0,0,0,1,2,0,0,0,0,0,1,5
P471043,Argan Pro-Retinol Eye Cream,Josie Maran,Skincare,1.0625,Insufficient Data,29.09,False,0,0,0,0,0,0,1,2,0,0,0,0,0,0,3
P446641,Argan Bright Skin Vitamin C Serum,Josie Maran,Skincare,1.0,Low Risk (Limited Data),55.0,False,0,0,0,0,0,0,0,0,0,0,0,0,0,0,0
P394124,Argan Daily Moisturizer Tinted SPF 47 Protect + Perfect,Josie Maran,Skincare,1.05,Low Risk (Limited Data),51.28,False,1,0,0,0,0,0,0,2,0,0,0,0,0,1,4
P468161,Whipped Argan Pro-Retinol Body Butter,Josie Maran,Bath & Body,1.025,Low Risk (Limited Data),50.0,False,1,0,0,0,0,0,0,2,0,0,0,0,0,1,4
P434559,Vibrancy Argan Oil Full Coverage Concealer Fluid,Josie Maran,Makeup,1.1333,Low Risk (Limited Data),41.67,False,1,0,0,0,0,0,1,2,0,0,0,0,0,2,6
P504044,Pro-Retinol Megamoisture Face Cream,Josie Maran,Skincare,1.0781,Low Risk (Limited Data),56.14,False,1,0,1,0,0,0,2,4,0,0,0,0,0,1,9
P482269,Get Even Sun Milk SPF 33,Josie Maran,Skincare,1.1324,Low Risk (Limited Data),69.39,False,1,0,0,0,0,0,4,6,0,0,1,0,0,1,13
P223416,Bear Naked Wipes,Josie Maran,Makeup,1.0,Insufficient Data,26.32,False,0,0,0,0,0,0,0,0,0,0,0,0,0,0,0
P425900,Mini Bear Naked Wipes,Josie Maran,Mini Size,1.0,Insufficient Data,26.32,False,0,0,0,0,0,0,0,0,0,0,0,0,0,0,0
P480175,"Intensive Daily Repair Body Butter for Eczema, Extra Dry, and Sensitive Skin",Josie Maran,Bath & Body,1.0357,Low Risk,70.0,False,1,0,0,0,0,0,0,2,0,0,0,0,0,1,4
P444042,Whipped Argan Oil SPF 45 Body Butter,Josie Maran,Bath & Body,1.05,Insufficient Data,33.33,False,1,0,0,0,0,0,0,2,0,0,0,0,0,1,4
P500500,Mini Get Even Sun Milk SPF 33,Josie Maran,Mini Size,1.1324,Low Risk (Limited Data),69.39,False,1,0,0,0,0,0,4,6,0,0,1,0,0,1,13
P503123,Smooth Like Butter Kit,Josie Maran,Skincare,1.0455,Insufficient Data,32.35,False,2,0,0,0,0,0,0,2,0,0,0,0,0,1,5
P436742,Essential High Coverage Liquid Concealer,Jouer Cosmetics,Makeup,1.04,Low Risk,92.59,False,1,0,0,0,0,0,0,1,0,0,0,0,0,1,3
P434021,Blush Bouquet Duo Blush Palette,Jouer Cosmetics,Makeup,1.0417,Low Risk,100.0,False,2,0,0,0,0,0,0,2,0,0,0,0,0,1,5
P434015,Essential High Coverage Crème Foundation,Jouer Cosmetics,Makeup,1.0625,Low Risk,100.0,False,1,0,1,0,0,0,0,2,0,0,0,0,0,1,5
P434022,Powder Highlighter,Jouer Cosmetics,Makeup,1.0333,Low Risk,88.24,False,1,0,0,0,0,0,0,2,0,0,0,0,0,1,4
P454984,Essential High Coverage Concealer Pen,Jouer Cosmetics,Makeup,1.0556,Low Risk (Limited Data),64.29,False,0,0,0,1,0,0,0,0,0,0,0,0,0,0,1
P443567,Soft Focus Hydrate + Set Powder,Jouer Cosmetics,Makeup,1.0238,Low Risk,100.0,False,1,0,0,0,0,0,0,2,0,0,0,0,0,1,4
P475118,"Bloom, Bronze & Glow Bronzer & Highlighter Duo",Jouer Cosmetics,Makeup,1.0172,Low Risk,80.56,False,0,0,0,0,0,0,0,0,0,0,0,0,0,1,1
P447156,Rose Gold Blush Bouquet Dual Blush Palette Mini,Jouer Cosmetics,Makeup,1.0263,Low Risk,95.0,False,1,0,0,0,0,0,0,2,0,0,0,0,0,1,4
P463464,Blush & Bloom Cheek + Lip Duo,Jouer Cosmetics,Makeup,1.02,Low Risk,86.21,False,0,0,0,0,0,0,0,0,0,0,0,0,0,1,1
P481715,Essential Lip Enhancer,Jouer Cosmetics,Makeup,1.15,Low Risk,90.91,False,2,0,0,2,0,0,0,2,0,0,0,0,0,1,7
P451644,Essential Lip Care Duo,Jouer Cosmetics,Makeup,1.1176,Low Risk,75.56,False,2,0,0,1,0,0,3,4,0,0,0,0,0,2,12
P472817,Blush & Bloom Cheek + Lip Duo- French Riviera,Jouer Cosmetics,Makeup,1.0227,Low Risk,70.97,False,0,0,0,0,0,0,0,0,0,0,0,0,0,1,1
P502307,Mini Blush & Bloom Cheek and Lip Tint Set,Jouer Cosmetics,Mini Size,1.0185,Low Risk,77.14,False,0,0,0,0,0,0,0,0,0,0,0,0,0,1,1
P480311,Mini Hydrate + Repair Moisture Face Mist with Blue Light Protection,Jouer Cosmetics,Makeup,1.1087,Low Risk,85.19,False,1,0,0,0,0,0,1,4,0,0,1,0,0,1,8
P480310,Hydrate + Repair Moisture Face Mist with Blue Light Protection,Jouer Cosmetics,Makeup,1.1087,Low Risk,85.19,False,1,0,0,0,0,0,1,4,0,0,1,0,0,1,8
P219412,Viva La Juicy,Juicy Couture,Fragrance,1.6333,Medium Risk,93.75,True,2,0,1,0,0,1,7,7,0,0,0,0,0,1,19
P377519,Viva La Juicy Rollerball,Juicy Couture,Fragrance,1.6333,Medium Risk,93.75,True,2,0,1,0,0,1,7,7,0,0,0,0,0,1,19
P387939,Viva La Juicy Gold Couture,Juicy Couture,Fragrance,1.75,Medium Risk,93.33,True,4,1,1,2,0,1,5,4,0,0,1,0,0,1,20
P381110,Viva La Juicy Noir,Juicy Couture,Fragrance,1.7083,Medium Risk,70.59,False,3,1,1,2,0,0,6,5,0,0,1,0,0,0,19
P395313,Not A Perfume,Juliette Has a Gun,Fragrance,1.5,Medium Risk,100.0,False,0,0,1,0,0,0,1,0,0,0,0,0,0,0,2
P408989,Not A Perfume Travel Spray,Juliette Has a Gun,Fragrance,1.5,Medium Risk,100.0,False,0,0,1,0,0,0,1,0,0,0,0,0,0,0,2
P445401,Vanilla Vibes,Juliette Has a Gun,Fragrance,1.7222,Medium Risk,100.0,False,0,0,1,0,0,0,7,6,0,0,0,0,0,0,14
P470219,PEAR INC.,Juliette Has a Gun,Fragrance,1.5556,Medium Risk,81.82,False,2,0,1,1,0,0,3,2,0,0,0,0,0,0,9
P501813,Mini Bestselling Not A Perfume Set,Juliette Has a Gun,Fragrance,1.7,Medium Risk,100.0,False,3,0,1,2,0,0,13,11,0,0,0,0,0,0,30
P445402,Vanilla Vibes Travel Spray,Juliette Has a Gun,Fragrance,1.7083,Medium Risk,85.71,False,3,0,1,2,0,0,6,5,0,0,0,0,0,0,17
P500034,Not a Perfume Sampler Set,Juliette Has a Gun,Fragrance,1.6552,Medium Risk,72.5,False,3,0,1,2,0,0,19,17,0,0,0,0,0,0,42
P470220,PEAR INC. Travel Spray,Juliette Has a Gun,Fragrance,1.5556,Medium Risk,81.82,False,2,0,1,1,0,0,3,2,0,0,0,0,0,0,9
P412535,MMMM…,Juliette Has a Gun,Fragrance,1.7273,Medium Risk,100.0,False,0,0,1,0,0,0,9,8,0,0,0,0,0,0,18
P412676,MMMM… Travel Spray,Juliette Has a Gun,Fragrance,1.7273,Medium Risk,100.0,False,0,0,1,0,0,0,9,8,0,0,0,0,0,0,18
P431232,Moscow Mule,Juliette Has a Gun,Fragrance,1.6429,Medium Risk,100.0,False,0,0,1,0,0,0,5,4,0,0,0,0,0,0,10
P482682,Magnolia Bliss Eau de Parfum,Juliette Has a Gun,Fragrance,1.7222,Medium Risk,100.0,False,3,0,1,2,0,0,12,11,0,0,0,0,0,0,29
P395311,Lady Vengeance,Juliette Has a Gun,Fragrance,1.8929,Medium Risk,100.0,True,0,0,1,0,0,2,10,9,0,0,0,0,1,1,24
P502369,Essential Wardrobe Eau de Parfum Set,Juliette Has a Gun,Fragrance,1.6897,Medium Risk,85.29,False,3,0,1,2,0,0,20,17,0,0,0,0,0,0,43
P458630,Not A Perfume Superdose Travel Spray,Juliette Has a Gun,Fragrance,1.6,Medium Risk (Limited Data),55.56,False,1,0,1,1,0,0,1,0,0,0,0,0,0,0,4
P408988,Lady Vengeance Travel Spray,Juliette Has a Gun,Fragrance,1.8929,Medium Risk,100.0,True,0,0,1,0,0,2,10,9,0,0,0,0,1,1,24
P458629,Not A Perfume Superdose,Juliette Has a Gun,Fragrance,1.6,Medium Risk (Limited Data),55.56,False,1,0,1,1,0,0,1,0,0,0,0,0,0,0,4
P482683,Magnolia Bliss Eau de Parfum Travel Spray,Juliette Has a Gun,Fragrance,1.7222,Medium Risk,100.0,False,3,0,1,2,0,0,12,11,0,0,0,0,0,0,29
P423770,Sunny Side Up Travel Spray,Juliette Has a Gun,Fragrance,1.625,Medium Risk,100.0,False,0,0,1,0,0,0,2,1,0,0,0,0,0,0,4
P423771,Sunny Side Up,Juliette Has a Gun,Fragrance,1.625,Medium Risk,100.0,False,0,0,1,0,0,0,2,1,0,0,0,0,0,0,4
P405279,Another Oud,Juliette Has a Gun,Fragrance,1.5,Medium Risk,87.5,False,0,0,1,1,0,0,3,2,0,0,0,0,0,0,7
P469132,Musc Invisible,Juliette Has a Gun,Fragrance,1.625,Medium Risk,80.0,False,2,0,1,0,0,0,8,7,0,0,0,0,0,0,18
P461945,Lipstick Fever Eau de Parfum,Juliette Has a Gun,Fragrance,1.6667,Medium Risk,100.0,False,3,0,1,2,0,0,3,2,0,0,0,0,0,0,11
P454540,Not A Hair & Body Mist,Juliette Has a Gun,Fragrance,1.2143,Low Risk,100.0,False,0,0,0,0,0,0,2,1,0,0,0,0,0,0,3
P395309,Mad Madame,Juliette Has a Gun,Fragrance,1.7727,Medium Risk,91.67,True,0,0,1,0,0,1,8,7,0,0,0,0,1,0,18
P454539,Not A Hand Cream,Juliette Has a Gun,Bath & Body,1.0882,Low Risk,100.0,False,0,0,0,0,0,0,2,1,0,0,0,0,0,0,3
P461946,Mini Lipstick Fever Eau de Parfum Travel Spray,Juliette Has a Gun,Fragrance,1.6667,Medium Risk,100.0,False,3,0,1,2,0,0,3,2,0,0,0,0,0,0,11
P469133,Musc Invisible Travel Spray,Juliette Has a Gun,Fragrance,1.625,Medium Risk,80.0,False,2,0,1,0,0,0,8,7,0,0,0,0,0,0,18
P476865,Lili Fantasy Eau de Parfum,Juliette Has a Gun,Fragrance,1.7667,Medium Risk,93.75,False,3,0,0,2,0,0,9,8,0,0,0,0,0,0,22
P476866,Lili Fantasy Eau de Parfum Travel Spray,Juliette Has a Gun,Fragrance,1.7667,Medium Risk,93.75,False,3,0,0,2,0,0,9,8,0,0,0,0,0,0,22
P431233,Moscow Mule Travel Spray,Juliette Has a Gun,Fragrance,1.6429,Medium Risk,100.0,False,0,0,1,0,0,0,5,4,0,0,0,0,0,0,10
P476441,Complete Pre-Wash Scalp &HairStrengthening TreatmentOil,JVN,Hair,1.1176,Low Risk,70.83,False,0,0,0,0,0,0,3,2,0,0,0,0,0,0,5
P479464,Complete Nourishing Hair Oil Shine Drops,JVN,Hair,1.4118,Low Risk,77.27,False,0,0,0,0,0,0,9,8,0,0,0,0,0,0,17
P476438,Complete Hydrating Air Dry Hair Cream,JVN,Hair,1.3636,Low Risk,75.86,False,0,0,0,0,0,0,10,10,0,0,0,0,0,0,20
P501186,Complete Blowout Styling Milk,JVN,Hair,1.4038,Low Risk,78.79,False,0,0,0,0,0,0,13,13,0,0,0,0,0,0,26
P476440,Complete Instant Recovery Heat Protectant Leave-In Serum,JVN,Hair,1.2143,Low Risk,73.68,False,0,0,0,0,0,0,4,4,0,0,0,0,0,0,8
P503813,Embody Volumizing Hair  Foam,JVN,Hair,1.125,Low Risk,71.43,False,1,0,0,0,0,0,3,4,0,0,0,0,0,1,9
P500628,Complete Leave-In Conditioning Mist,JVN,Hair,1.1875,Low Risk (Limited Data),69.57,False,0,0,0,0,0,0,4,4,0,0,0,0,0,0,8
P500882,Mini Complete Hydrating Air Dry Hair Cream,JVN,Hair,1.3636,Low Risk,75.86,False,0,0,0,0,0,0,10,10,0,0,0,0,0,0,20
P476453,Embody Daily Volumizing Shampoo,JVN,Hair,1.1,Low Risk,75.0,False,0,0,0,0,0,0,2,1,0,0,0,0,0,0,3
P479969,Complete Hydration Hair Set,JVN,Hair,1.1538,Low Risk,77.61,False,0,0,0,0,0,0,10,10,0,0,0,0,0,0,20
P476531,Nurture Hydrating Shampoo,JVN,Hair,1.2105,Low Risk,79.17,False,0,0,0,0,0,0,5,4,0,0,0,0,0,0,9
P476530,Nurture Hydrating Conditioner,JVN,Hair,1.1379,Low Risk,87.88,False,0,0,0,0,0,0,5,5,0,0,0,0,0,0,10
P476529,Nurture Deep Moisture Mask,JVN,Hair,1.0455,Insufficient Data,32.35,False,2,0,0,0,0,0,0,2,0,0,0,0,0,1,5
P500846,Mini Complete Leave-In Conditioning Mist,JVN,Hair,1.1875,Low Risk (Limited Data),69.57,False,0,0,0,0,0,0,4,4,0,0,0,0,0,0,8
P476452,Embody Daily Volumizing Conditioner,JVN,Hair,1.1471,Low Risk,85.0,False,0,0,0,0,0,0,3,3,0,0,0,0,0,0,6
P476577,Undamage Strengthening Shampoo,JVN,Hair,1.125,Low Risk,80.0,False,0,0,0,0,0,0,3,3,0,0,0,0,0,0,6
P476576,Undamage Strengthening Conditioner,JVN,Hair,1.1389,Low Risk,75.0,False,0,0,0,0,0,0,3,3,0,0,0,0,0,0,6
P479847,Mini Leave-In Molecular Repair Hair Mask,K18 Biomimetic Hairscience,Hair,1.3889,Low Risk,85.71,False,1,0,2,0,0,0,5,8,0,0,0,0,0,1,17
P479846,Leave-In Molecular Repair Hair Mask,K18 Biomimetic Hairscience,Hair,1.3889,Low Risk,85.71,False,1,0,2,0,0,0,5,8,0,0,0,0,0,1,17
P501449,PEPTIDE PREP Clarifying Detox Shampoo,K18 Biomimetic Hairscience,Hair,1.3,Low Risk,83.33,False,2,0,0,0,0,0,3,4,0,0,0,0,0,0,9
P501500,PEPTIDE PREP pH Maintenance Shampoo,K18 Biomimetic Hairscience,Hair,1.2308,Low Risk,72.22,False,0,0,0,0,0,0,2,2,1,0,0,0,0,1,6
P436148,Eye Bento Bouncy Eyeshadow Trio,Kaja,Makeup,1.0135,Low Risk,80.43,False,1,0,0,0,0,0,0,1,0,0,0,0,0,1,3
P439943,Heart Melter Lip Gloss Stick,Kaja,Makeup,1.1316,Low Risk,76.0,False,1,0,0,1,0,0,1,0,0,0,0,0,0,0,3
P436152,Cheeky Stamp Blendable Blush,Kaja,Makeup,1.075,Low Risk,80.0,False,0,0,0,0,0,0,1,1,0,0,0,0,0,0,2
P443514,Moon Crystal Sparkling Eye Pigment,Kaja,Makeup,1.0682,Low Risk (Limited Data),68.75,False,1,0,1,0,0,0,0,2,0,0,0,0,0,2,6
P471556,"Face Bento Cream Bronzer, Powder Blush & Highlighter Sculpting Trio",Kaja,Makeup,1.0349,Low Risk,79.63,False,1,0,0,0,0,0,1,1,0,0,0,0,0,1,4
P481098,LOVE SWIPE Lightweight Cushiony Lip Mousse,Kaja,Makeup,1.0556,Low Risk,84.38,False,1,0,0,0,0,0,1,0,0,0,0,0,0,0,2
P449090,Wink Stamp Original Waterproof Wing Eyeliner Stamp & Pen,Kaja,Makeup,1.1667,Low Risk (Limited Data),62.5,False,1,0,1,0,0,0,0,5,0,0,1,0,0,1,9
P436155,Mochi Glow Bouncy Highlighter,Kaja,Makeup,1.0,Low Risk,84.62,False,0,0,0,0,0,0,0,1,0,0,0,0,0,0,1
P468163,Gloss Shot Hydrating Lip Gloss,Kaja,Makeup,1.0536,Low Risk,90.32,False,1,0,0,0,0,0,1,0,0,0,0,0,0,0,2
P436156,Mochi Pop Bouncy Blush,Kaja,Makeup,1.0,Low Risk,89.47,False,0,0,0,0,0,0,0,1,0,0,0,0,0,0,1
P504365,Jelly Charm Glazed Lip Stain & Blush With Keychain,Kaja,Makeup,1.1333,Low Risk,78.95,False,4,0,0,0,0,0,1,4,0,0,0,1,0,1,11
P482684,Whipped Dream Multi-Eye & Cheek Color,Kaja,Makeup,1.0,Low Risk,88.89,False,0,0,0,0,0,0,0,0,0,0,0,0,0,0,0
P436154,Don't Settle Concealer,Kaja,Makeup,1.0385,Low Risk,92.86,False,1,0,0,0,0,0,0,3,0,0,0,0,0,1,5
P463306,Joystick Brightening Undereye Setting Powder,Kaja,Makeup,1.0833,Low Risk,90.0,False,1,0,0,0,0,0,0,1,0,0,0,0,0,2,4
P476697,Wink Lash Trio Mascara,Kaja,Makeup,1.0921,Low Risk,92.68,False,1,0,1,0,0,0,0,6,0,0,2,0,0,1,11
P436151,Cat Nap Under Eye Brightener,Kaja,Makeup,1.037,Low Risk,93.1,False,1,0,0,0,0,0,0,3,0,0,0,0,0,1,5
P468164,Lip Bento Balm + Scrub,Kaja,Makeup,1.0143,Low Risk,81.4,False,1,0,0,0,0,0,0,0,0,0,0,0,0,0,1
P501443,Wink Stamp Long Waterproof Wing Eyeliner Stamp & Pen,Kaja,Makeup,1.1667,Low Risk (Limited Data),62.5,False,1,0,1,0,0,0,0,5,0,0,1,0,0,1,9
P462371,Mist Me Hydrating Face Mist,Kaja,Makeup,1.087,Low Risk (Limited Data),67.65,False,0,0,0,0,0,0,1,3,0,0,1,0,0,0,5
P504277,Face Stone Nourishing Solid Refillable Facial Oil with Tamanu + Blue Tansy,Kate McLeod,Skincare,1.0,Insufficient Data,11.11,False,0,0,0,0,0,0,0,0,0,0,0,0,0,0,0
P500479,Mini Sex Stone Solid Body Moisturizer,Kate McLeod,Bath & Body,1.0,Low Risk,83.33,False,0,0,0,0,0,0,0,0,0,0,0,0,0,0,0
P484051,Daily Stone Solid Body Moisturizer,Kate McLeod,Bath & Body,1.0,Low Risk (Limited Data),62.5,False,0,0,0,0,0,0,0,0,0,0,0,0,0,0,0
P484052,Mini Daily Stone Solid Body Moisturizer,Kate McLeod,Bath & Body,1.0,Low Risk (Limited Data),62.5,False,0,0,0,0,0,0,0,0,0,0,0,0,0,0,0
P500467,Mini Sleep Stone Solid Body Moisturizer,Kate McLeod,Mini Size,1.1,Low Risk,71.43,False,0,0,0,0,0,0,0,1,0,0,0,0,0,1,2
P500486,Sex Stone Solid Body Moisturizer,Kate McLeod,Bath & Body,1.0,Low Risk,83.33,False,0,0,0,0,0,0,0,0,0,0,0,0,0,0,0
P500498,Sleep Stone Solid Body Moisturizer,Kate McLeod,Bath & Body,1.1,Low Risk,71.43,False,0,0,0,0,0,0,0,1,0,0,0,0,0,1,2
P500483,Mini Grounding Stone Solid Body Moisturizer,Kate McLeod,Mini Size,1.1,Low Risk,71.43,False,0,0,0,0,0,0,0,1,0,0,0,1,0,1,3
P503553,Forest Stone Solid Refillable Body Moisturizer,Kate McLeod,Bath & Body,1.0,Low Risk (Limited Data),57.14,False,0,0,0,0,0,0,0,0,0,0,0,0,0,0,0
P500468,Grounding Stone Solid Body Moisturizer,Kate McLeod,Bath & Body,1.1,Low Risk,71.43,False,0,0,0,0,0,0,0,1,0,0,0,1,0,1,3
P503917,Mini Forest Stone Solid Body Moisturizer,Kate McLeod,Bath & Body,1.0,Low Risk (Limited Data),57.14,False,0,0,0,0,0,0,0,0,0,0,0,0,0,0,0
P232903,EradiKate Acne Treatment,Kate Somerville,Skincare,1.3,Low Risk (Limited Data),62.5,False,1,0,1,0,0,0,0,2,0,0,0,0,0,0,4
P232915,ExfoliKate Intensive Pore Exfoliating Treatment,Kate Somerville,Skincare,1.3462,Low Risk (Limited Data),68.42,False,3,0,1,0,0,0,5,11,0,0,0,2,0,3,25
P425877,Mini ExfoliKate Intensive Pore Exfoliating Treatment,Kate Somerville,Mini Size,1.3462,Low Risk (Limited Data),68.42,False,3,0,1,0,0,0,5,11,0,0,0,2,0,3,25
P421276,ExfoliKate Glow Moisturizer,Kate Somerville,Skincare,1.2833,Low Risk (Limited Data),69.77,False,1,0,0,0,1,0,7,13,0,0,0,2,0,2,26
P404322,ExfoliKate Cleanser Daily Foaming Wash,Kate Somerville,Skincare,1.34,Low Risk,71.43,False,1,0,0,0,0,0,8,12,0,0,0,2,0,1,24
P232906,Oil Free Moisturizer,Kate Somerville,Skincare,1.1053,Low Risk,79.17,False,2,1,0,0,0,0,0,2,0,0,1,0,0,1,7
P415667,EradiKate Daily Cleanser Acne Treatment,Kate Somerville,Skincare,1.0833,Low Risk,77.42,False,1,0,0,0,0,0,2,3,0,0,0,0,0,1,7
P232910,Goat Milk Moisturizing Cream,Kate Somerville,Skincare,1.0714,Low Risk,84.85,False,1,0,0,0,0,0,0,4,0,0,1,0,0,1,7
P232907,Anti Bac Acne Clearing Lotion,Kate Somerville,Skincare,1.0667,Low Risk (Limited Data),55.56,False,1,0,1,0,0,0,0,1,0,0,0,0,0,1,4
P306941,DermalQuench Hyaluronic Acid Hydration Treatment,Kate Somerville,Skincare,1.1957,Low Risk,74.19,False,3,0,0,0,1,0,1,5,0,0,0,0,0,2,12
P377368,D-Scar Scar Diminishing Serum,Kate Somerville,Skincare,1.0714,Low Risk (Limited Data),56.76,False,1,0,0,0,1,0,0,1,0,0,0,0,0,1,4
P425882,Mini ExfoliKate� Cleanser Daily Foaming Wash,Kate Somerville,Mini Size,1.34,Low Risk,71.43,False,1,0,0,0,0,0,8,12,0,0,0,2,0,1,24
P442867,Kx Active Concentrates Bio-Mimicking Peptides Serum,Kate Somerville,Skincare,1.0476,Low Risk (Limited Data),56.76,False,0,0,0,0,0,0,1,1,0,0,0,0,0,0,2
P415202,Wrinkle Warrior 2-in-1 Plumping Moisturizer + Serum,Kate Somerville,Skincare,1.1406,Low Risk,80.0,False,1,0,0,0,0,0,5,6,0,0,0,0,0,1,13
P457695,DeliKate Recovery Cream,Kate Somerville,Skincare,1.0385,Low Risk (Limited Data),62.9,False,1,0,0,0,0,0,0,3,0,0,1,0,0,1,6
P439927,Liquid ExfoliKate Triple Acid Resurfacing Treatment,Kate Somerville,Skincare,1.1842,Low Risk (Limited Data),63.33,False,1,0,0,0,0,0,3,6,0,0,0,0,0,1,11
P232902,Gentle Daily Wash,Kate Somerville,Skincare,1.25,Low Risk,76.19,False,1,0,0,0,0,0,2,5,1,0,0,1,0,3,13
P440305,Goat Milk Moisturizing Cleanser,Kate Somerville,Skincare,1.0862,Low Risk,72.5,False,0,0,0,0,0,0,2,2,0,0,0,0,0,0,4
P457697,DeliKate Recovery Serum,Kate Somerville,Skincare,1.0227,Low Risk (Limited Data),62.86,False,1,0,0,0,0,0,0,3,0,0,0,0,0,1,5
P457696,DeliKate Soothing Cleanser,Kate Somerville,Skincare,1.0,Low Risk,70.73,False,0,0,0,0,0,0,0,0,0,0,0,0,0,0,0
P411881,Retinol Firming Eye Cream,Kate Somerville,Skincare,1.0862,Low Risk (Limited Data),67.44,False,2,0,0,0,0,0,0,3,0,0,1,0,1,1,8
P470535,"KateCeuticals Resurfacing Overnight Peel with Glycolic Acid, Retinol & Niacinamide",Kate Somerville,Skincare,1.1618,Low Risk,73.91,False,2,0,0,0,0,0,5,7,0,0,0,0,1,1,16
P436365,+Retinol Vita C Power Serum,Kate Somerville,Skincare,1.1034,Low Risk,78.38,False,1,0,0,1,0,0,1,1,0,0,0,0,1,0,5
P412117,Dry Skin Saver,Kate Somerville,Skincare,1.0952,Low Risk (Limited Data),67.74,False,1,0,0,1,0,0,0,2,0,0,0,0,0,2,6
P433468,EradiKate Salicylic Acid Acne Treatment,Kate Somerville,Skincare,1.1154,Low Risk (Limited Data),55.32,False,1,0,0,0,0,0,2,6,0,0,1,0,0,2,12
P469111,KateCeuticals Lifting Eye Cream,Kate Somerville,Skincare,1.0345,Low Risk (Limited Data),59.18,False,1,0,0,0,0,0,0,3,0,0,0,0,0,1,5
P471045,Daily Deflector Mineral Sunscreen SPF 40  PA++++,Kate Somerville,Skincare,1.0,Low Risk (Limited Data),63.16,False,0,0,0,0,0,0,0,0,0,0,0,0,0,0,0
P469112,KateCeuticals Total Repair Cream,Kate Somerville,Skincare,1.1667,Low Risk,75.0,False,1,0,0,1,0,0,4,5,0,0,1,0,0,0,12
P421271,Wrinkle Warrior Eye Gel Visible Dark Circle Eraser,Kate Somerville,Skincare,1.0312,Low Risk (Limited Data),59.26,False,1,0,0,0,0,0,0,2,0,0,0,0,0,1,4
P502200,HydraKate Recharging Serum with Hyaluronic Acid,Kate Somerville,Skincare,1.1,Low Risk,73.53,False,1,0,0,0,0,0,3,5,0,0,0,0,0,1,10
P479701,EradiKate Acne Mark Fading Gel with Salicylic Acid,Kate Somerville,Skincare,1.0735,Low Risk,75.56,False,2,0,0,0,0,0,0,4,0,0,1,0,0,1,8
P382356,Age Arrest Anti-Wrinkle Cream,Kate Somerville,Skincare,1.0152,Low Risk (Limited Data),51.56,False,1,0,0,0,0,0,0,2,0,0,0,0,0,1,4
P502197,HydraKate Recharging Water Cream Moisturizer,Kate Somerville,Skincare,1.0962,Low Risk,81.25,False,1,0,0,0,0,0,3,4,0,0,0,0,0,1,9
P469110,KateCeuticals Firming Serum with Hyaluronic Acid,Kate Somerville,Skincare,1.1786,Low Risk (Limited Data),60.87,False,1,0,0,0,0,0,3,9,0,0,1,2,0,3,19
P479703,EradiKate Clarifying Acne Gel Cleanser with Salicylic Acid,Kate Somerville,Skincare,1.02,Low Risk (Limited Data),56.82,False,0,0,0,0,0,0,0,1,0,0,0,0,0,0,1
P467028,Glow In A Wink ExfoliKate Bestsellers Set,Kate Somerville,Skincare,1.2745,Low Risk (Limited Data),66.23,False,4,0,1,0,0,0,10,17,0,0,0,2,0,3,37
P404232,DermalQuench +Retinol Advanced Resurfacing Treatment,Kate Somerville,Skincare,1.1154,Low Risk (Limited Data),59.09,False,1,0,0,0,1,0,2,5,0,0,0,0,0,2,11
P232920,Line Release Under Eye Repair Cream,Kate Somerville,Skincare,1.0606,Low Risk (Limited Data),68.75,False,2,0,0,0,0,0,0,2,0,0,0,0,0,1,5
P481355,ExfoliKate  Resurfacing Body Scrub,Kate Somerville,Bath & Body,1.1719,Low Risk,74.42,False,2,0,0,0,0,0,3,10,0,0,0,2,0,3,20
P383308,Age Arrest Eye Cream,Kate Somerville,Skincare,1.0152,Low Risk (Limited Data),52.38,False,1,0,0,0,0,0,0,2,0,0,0,0,0,1,4
P460511,Mini Liquid ExfoliKate Triple Acid Resurfacing Treatment,Kate Somerville,Skincare,1.1842,Low Risk (Limited Data),63.33,False,1,0,0,0,0,0,3,6,0,0,0,0,0,1,11
P500124,EradiKate Try-Me-Kit,Kate Somerville,Skincare,1.125,Low Risk (Limited Data),68.97,False,3,1,1,0,0,0,2,5,0,0,1,0,0,1,14
P502195,DelIKate Try Me Kit,Kate Somerville,Skincare,1.0268,Low Risk (Limited Data),60.87,False,1,0,0,0,0,0,0,4,0,0,1,0,0,1,7
P502186,Retinol Try Me Kit,Kate Somerville,Skincare,1.1172,Low Risk (Limited Data),68.82,False,2,0,0,1,0,0,5,6,0,0,1,0,1,1,17
P500155,ExfoliKate All Over Glow Kit,Kate Somerville,Skincare,1.2093,Low Risk (Limited Data),69.35,False,3,0,1,0,0,0,5,12,0,0,0,2,0,3,26
P439406,VANILLA | 28,KAYALI,Fragrance,1.6154,Medium Risk,92.86,True,2,0,2,0,0,1,5,4,0,0,0,0,1,0,15
P468450,VANILLA | 28 Travel Spray,KAYALI,Fragrance,1.6154,Medium Risk,92.86,True,2,0,2,0,0,1,5,4,0,0,0,0,1,0,15
P503601,Discovery Sampler Set,KAYALI,Fragrance,1.7097,Medium Risk (Limited Data),68.89,True,5,0,2,2,0,1,18,17,0,0,0,0,1,0,46
P501018,LOVEFEST BURNING CHERRY | 48,KAYALI,Fragrance,1.7333,Medium Risk,88.24,False,0,0,1,0,0,0,13,12,0,0,0,0,0,0,26
P479717,EDEN JUICY APPLE | 01,KAYALI,Fragrance,1.7143,Medium Risk,100.0,False,3,0,1,2,0,0,8,7,0,0,0,0,0,0,21
P479718,EDEN JUICY APPLE  | 01 Travel Spray,KAYALI,Fragrance,1.7143,Medium Risk,100.0,False,3,0,1,2,0,0,8,7,0,0,0,0,0,0,21
P473710,UTOPIA VANILLA COCO | 21,KAYALI,Fragrance,1.7308,Medium Risk,100.0,False,3,0,1,2,0,0,7,6,0,0,0,0,0,0,19
P500987,Lovefest Burning Cherry | 48 Travel Spray,KAYALI,Fragrance,1.7333,Medium Risk,88.24,False,0,0,1,0,0,0,13,12,0,0,0,0,0,0,26
P474954,UTOPIA VANILLA COCO | 21 Travel Spray,KAYALI,Fragrance,1.7308,Medium Risk,100.0,False,3,0,1,2,0,0,7,6,0,0,0,0,0,0,19
P474055,INVITE ONLY AMBER | 23,KAYALI,Fragrance,1.65,Medium Risk (Limited Data),66.67,False,1,0,1,0,0,0,7,6,0,0,0,0,0,0,15
P502074,Vanilla Royale Sugared Patchouli | 64 Eau de Parfum Intense,KAYALI,Fragrance,1.7143,Medium Risk,100.0,False,3,0,1,1,0,0,9,8,0,0,0,0,0,0,22
P468826,SWEET DIAMOND PINK PEPPER  | 25,KAYALI,Fragrance,1.7083,Medium Risk,70.59,False,1,0,1,0,0,0,9,8,0,0,0,0,0,0,19
P502088,Vanilla Royale Sugared Patchouli | 64 Eau de Parfum Intense Travel Spray,KAYALI,Fragrance,1.7143,Medium Risk,100.0,False,3,0,1,1,0,0,9,8,0,0,0,0,0,0,22
P474056,INVITE ONLY AMBER | 23  Travel Spray,KAYALI,Fragrance,1.65,Medium Risk (Limited Data),66.67,False,1,0,1,0,0,0,7,6,0,0,0,0,0,0,15
P455258,DÉJÀ VU WHITE FLOWER | 57,KAYALI,Fragrance,1.7188,Medium Risk,76.19,False,1,0,2,0,0,0,12,11,0,0,0,0,0,0,26
P439404,ELIXIR | 11,KAYALI,Fragrance,1.75,Medium Risk,100.0,False,3,0,1,2,0,0,8,7,0,0,0,0,0,0,21
P472036,SWEET DIAMOND PINK PEPPER  | 25 Travel Spray,KAYALI,Fragrance,1.7083,Medium Risk,70.59,False,1,0,1,0,0,0,9,8,0,0,0,0,0,0,19
P439405,MUSK | 12,KAYALI,Fragrance,1.6429,Medium Risk,93.33,True,4,0,2,2,0,1,3,2,0,0,0,0,1,0,15
P468446,DÉJÀ VU WHITE FLOWER | 57 Travel Spray,KAYALI,Fragrance,1.7188,Medium Risk,76.19,False,1,0,2,0,0,0,12,11,0,0,0,0,0,0,26
P468448,MUSK | 12 Travel Spray,KAYALI,Fragrance,1.6429,Medium Risk,93.33,True,4,0,2,2,0,1,3,2,0,0,0,0,1,0,15
P463451,VANILLA | 28 & MUSK | 12 Doublesided Travel Rollerball,KAYALI,Fragrance,1.6471,Medium Risk,89.47,True,4,0,2,2,0,1,6,5,0,0,0,0,1,0,21
P501260,Vanilla Juicy Apple Set,KAYALI,Fragrance,1.6667,Medium Risk,95.45,True,4,0,2,2,0,1,9,8,0,0,0,0,1,0,27
P503670,Travel Spray Trio Set,KAYALI,Fragrance,1.7955,Medium Risk,78.57,True,3,0,2,2,0,1,14,13,0,0,0,0,1,0,36
P478278,SWEET DIAMOND | 25 & UTOPIA VANILLA COCO | 21 Double Rollerball,KAYALI,Fragrance,1.7353,Medium Risk,77.27,False,3,0,2,2,0,0,10,9,0,0,0,0,0,0,26
P462863,DÉJÀ VU WHITE FLOWER Hair Mist,KAYALI,Fragrance,1.4474,Low Risk,76.0,False,2,0,0,1,0,0,8,8,0,0,0,0,0,1,20
P439403,CITRUS | 08,KAYALI,Fragrance,1.6111,Medium Risk,94.74,False,4,0,2,2,0,0,8,7,0,0,0,0,0,0,23
P505421,YUM PISTACHIO GELATO | 33 EDP INTENSE,KAYALI,Fragrance,1.7059,Medium Risk,89.47,False,1,0,2,0,0,0,13,12,0,0,0,0,0,0,28
P476689,INVITE ONLY AMBER | 23 & DÉJÀ VU WHITE FLOWER | 57 Double Rollerball,KAYALI,Fragrance,1.75,Medium Risk,74.07,False,1,0,2,0,0,0,16,15,0,0,0,0,0,0,34
P434411,Elixir Ultime Hydrating Hair Oil Serum,Kérastase,Hair,1.4091,Low Risk (Limited Data),68.75,False,0,0,0,0,0,0,5,4,0,0,0,0,0,0,9
P446354,Mini Elixir Ultime Hydrating Hair Oil Serum,Kérastase,Hair,1.4091,Low Risk (Limited Data),68.75,False,0,0,0,0,0,0,5,4,0,0,0,0,0,0,9
P446338,Nutritive 8H Magic Night Serum Hydrating Treatment,Kérastase,Hair,1.3636,Low Risk (Limited Data),66.67,False,0,0,0,1,1,0,9,8,0,0,0,0,0,0,19
P434402,Nutritive Heat Protecting Leave-In Treatment For Dry Hair,Kérastase,Hair,1.6042,Medium Risk,70.59,True,3,1,0,1,0,1,10,13,0,0,1,0,1,1,32
P434431,Resistance Heat Protecting Leave In Treatment for Damaged Hair,Kérastase,Hair,1.4348,Low Risk,71.88,False,3,1,0,1,0,0,6,9,0,0,1,0,0,1,22
P434428,Resistance Strengthening Shampoo for Damaged Hair,Kérastase,Hair,1.44,Low Risk (Limited Data),62.5,True,2,0,1,1,0,1,8,8,1,0,0,0,1,0,23
P434423,Initialiste Strengthening & Volumizing Advanced Scalp & Hair Serum,Kérastase,Hair,1.3,Low Risk (Limited Data),47.62,False,0,0,0,0,0,0,1,2,0,0,0,0,0,0,3
P441845,Blond Absolu Anti-Brass Purple Shampoo,Kérastase,Hair,1.1667,Low Risk (Limited Data),67.74,False,2,0,0,0,0,0,2,3,1,0,0,0,0,1,9
P434440,Densifique Thickening Shampoo for Thinning Hair,Kérastase,Hair,1.2955,Low Risk,70.97,False,1,0,0,0,0,0,6,7,1,0,1,0,0,0,16
P461173,Blond Absolu Overnight Recovery Treatment for Lightened Hair,Kérastase,Hair,1.325,Low Risk,83.33,False,2,1,1,0,0,0,4,7,0,0,1,0,0,1,17
P479848,Chroma Absolu High Shine Gloss Treatment for Color-Treated Hair,Kérastase,Hair,1.3929,Low Risk,70.0,False,0,0,1,0,0,0,4,6,0,0,0,0,0,0,11
P434429,Resistance Strengthening Conditioner for Damaged Hair,Kérastase,Hair,1.44,Low Risk (Limited Data),62.5,True,2,0,1,1,0,1,8,8,1,0,0,0,1,0,23
P434435,Resistance Hair Serum for Extremely Damaged Hair,Kérastase,Hair,1.3043,Low Risk (Limited Data),63.89,False,1,0,0,0,0,0,7,8,0,0,0,0,0,1,17
P441847,Blond Absolu Strengthening Conditioner,Kérastase,Hair,1.2381,Low Risk,77.78,False,2,0,1,0,0,0,2,5,0,0,0,0,0,1,11
P441848,Blond Absolu Heat Protecting Leave-In Treatment for Blonde Hair,Kérastase,Hair,1.26,Low Risk,89.29,False,3,0,1,0,0,0,4,7,0,0,0,0,0,1,16
P447573,Mini Resistance Heat Protecting Leave In Treatment for Damaged Hair,Kérastase,Hair,1.4348,Low Risk,71.88,False,3,1,0,1,0,0,6,9,0,0,1,0,0,1,22
P434406,Nutritive Mask for Severely Dry Hair,Kérastase,Hair,1.5238,Medium Risk,75.0,False,2,0,1,1,0,0,9,12,0,0,0,0,0,1,26
P434436,Resistance Strengthening Shampoo for Damaged Lengths and Split Ends,Kérastase,Hair,1.381,Low Risk,70.0,False,1,0,1,0,0,0,7,10,1,0,0,0,0,0,20
P434413,Discipline Sulfate-Free Smoothing Shampoo for Frizzy Hair,Kérastase,Hair,1.25,Low Risk,74.42,False,1,0,0,0,0,0,5,7,2,0,0,0,0,1,16
P441844,Blond Absolu Anti-Brass Purple Hair Mask,Kérastase,Hair,1.2333,Low Risk,71.43,False,1,0,0,0,0,0,2,3,0,0,0,0,0,0,6
P434417,Discipline Anti-Frizz Smoothing Spray,Kérastase,Hair,1.4167,Low Risk (Limited Data),64.29,False,1,0,0,0,0,0,8,9,0,0,0,0,0,1,19
P434418,Discipline Heat Protecting Leave-In Treatment For Frizzy Hair,Kérastase,Hair,1.4667,Low Risk (Limited Data),57.69,False,1,0,0,0,0,0,8,8,0,0,0,0,0,1,18
P454999,Genesis Strengthening Serum for Hair and Scalp,Kérastase,Hair,1.3571,Low Risk,72.41,False,0,0,1,1,0,0,8,8,0,0,0,0,0,0,18
P441846,Blond Absolu Hydrating Illuminating Shampoo,Kérastase,Hair,1.2,Low Risk,78.95,False,1,0,0,0,0,0,2,2,1,0,0,0,0,0,6
P434430,Resistance Strengthening Hair Mask for Damaged Hair,Kérastase,Hair,1.44,Low Risk (Limited Data),62.5,True,2,0,1,1,0,1,8,8,1,0,0,0,1,0,23
P434439,Resistance Strengthening Scalp & Hair Serum for Damaged Hair,Kérastase,Hair,1.2632,Low Risk (Limited Data),61.29,False,0,0,1,1,0,0,1,4,0,0,0,0,0,0,7
P449767,Energizing Scrub: Purifying Scrub for Oily Scalp,Kérastase,Hair,1.4091,Low Risk (Limited Data),61.11,False,1,0,0,0,0,0,3,4,1,0,0,0,0,1,10
P466882,Chronologiste Heat Protecting Leave-In Treatment for Dull and Brittle Hair,Kérastase,Hair,1.375,Low Risk,77.78,False,2,1,0,0,0,0,11,12,0,0,1,0,0,1,28
P468828,Blond Absolu Strengthening Hair Mask for Very Damaged Blonde Hair,Kérastase,Hair,1.2647,Low Risk,80.95,False,1,0,1,0,0,0,2,5,0,0,0,0,0,1,10
P468829,Blond Absolu Strengthening Hair Oil for Very Damaged Blonde Hair,Kérastase,Hair,1.375,Low Risk,88.89,False,0,0,0,0,0,0,4,3,0,0,0,0,0,0,7
P454998,Genesis Heat Protecting Leave-In Treatment for Weakened Hair,Kérastase,Hair,1.3065,Low Risk,83.78,False,1,0,1,0,0,0,9,13,0,0,0,0,0,1,25
P434441,Densifique Thickening Conditioner for Thinning Hair,Kérastase,Hair,1.2941,Low Risk (Limited Data),58.62,False,1,0,0,0,0,0,4,5,1,0,1,0,0,0,12
P472042,Curl Manifesto Hydrating Leave-In Cream for Curly Hair,Kérastase,Hair,1.3214,Low Risk,73.68,False,1,0,0,0,0,0,4,4,0,0,0,0,0,0,9
P474336,Specifique Divalent Balancing Shampoo for Oily Scalp & Hair,Kérastase,Hair,1.3529,Low Risk (Limited Data),68.0,False,1,0,0,0,0,0,6,6,1,0,0,0,0,0,14
P457412,Fresh Affair Fine Fragrance & Oil-Absorbing Dry Shampoo,Kérastase,Hair,1.4231,Low Risk,76.47,False,0,0,1,0,0,0,6,5,0,0,0,0,0,0,12
P454994,Genesis Strengthening Shampoo for Normal to Oily Hair,Kérastase,Hair,1.4318,Low Risk,84.62,False,1,0,0,0,0,0,8,9,2,0,0,0,0,1,21
P448445,Discipline Oleo-Relax Anti-Frizz Hair Oil Serum,Kérastase,Hair,1.5417,Medium Risk,80.0,False,0,0,0,0,0,0,7,6,0,0,0,0,0,0,13
P434415,Discipline Smoothing Conditioner for Frizzy Hair,Kérastase,Hair,1.3438,Low Risk,72.73,False,1,0,0,0,0,0,5,6,0,0,0,0,0,1,13
P472045,Curl Manifesto Curl Refreshing & Restyling Spray,Kérastase,Hair,1.3043,Low Risk,82.14,False,1,0,1,0,0,0,4,9,0,0,0,0,0,1,16
P434434,Resistance Strengthening Hair Mask for Extremely Damaged Hair,Kérastase,Hair,1.3684,Low Risk (Limited Data),63.33,False,0,0,0,1,0,0,6,6,0,0,0,0,0,0,13
P480317,Chroma Absolu Anti-Frizz Leave-In Treatment for Color-Treated Hair,Kérastase,Hair,1.25,Low Risk,74.07,False,1,0,0,0,0,0,4,8,0,0,0,0,0,1,14
P480318,Chroma Absolu Shampoo for Fine to Medium Color-Treated Hair,Kérastase,Hair,1.25,Low Risk,89.66,False,2,0,0,0,0,0,2,7,2,0,0,0,0,1,14
P434437,Resistance Strengthening Conditioner for Damaged Lengths & Split Ends,Kérastase,Hair,1.375,Low Risk,72.73,False,2,0,0,0,0,0,9,11,0,0,0,0,0,1,23
P466880,Chronologiste Shampoo for Dull and Brittle Hair,Kérastase,Hair,1.3704,Low Risk,75.0,False,1,0,0,1,0,0,8,10,1,0,0,0,0,0,21
P468830,Mini Blond Absolu Strengthening Hair Oil for Very Damaged Blonde Hair,Kérastase,Hair,1.375,Low Risk,88.89,False,0,0,0,0,0,0,4,3,0,0,0,0,0,0,7
P480314,Chroma Absolu Strengthening Conditioner for Color-Treated Hair,Kérastase,Hair,1.2,Low Risk,71.43,False,2,0,1,0,0,0,2,6,0,0,0,0,0,1,12
P434398,Nutritive Shampoo for Dry Hair,Kérastase,Hair,1.375,Low Risk (Limited Data),66.67,True,1,0,0,0,0,1,4,4,1,0,0,0,1,0,12
P454996,Genesis Strengthening Conditioner,Kérastase,Hair,1.3409,Low Risk,75.86,False,1,0,0,0,0,0,8,8,0,0,0,0,0,0,17
P457413,Mini Fresh Affair Fine Fragrance & Oil-Absorbing Dry Shampoo,Kérastase,Hair,1.4231,Low Risk,76.47,False,0,0,1,0,0,0,6,5,0,0,0,0,0,0,12
P466881,Chronologiste Hair Mask for Dull and Brittle Hair,Kérastase,Hair,1.3548,Low Risk,79.49,False,1,0,1,1,0,0,10,12,0,0,0,0,0,1,26
P434456,L'incroyable Blow-Dry Reshapable Hair Lotion,Kérastase,Hair,1.3462,Low Risk,70.27,False,1,0,1,0,0,0,10,11,0,0,0,0,0,1,24
P434399,Nutritive Conditioner for Normal to Dry Hair,Kérastase,Hair,1.425,Low Risk (Limited Data),66.67,False,0,0,1,0,0,0,9,9,0,0,0,0,0,0,19
P472039,Curl Manifesto Sulfate-Free Shampoo for Curly Hair,Kérastase,Hair,1.35,Low Risk,76.92,False,1,0,0,0,0,0,4,5,2,0,0,0,0,1,13
P472044,Curl Manifesto Curl Defining Gel-Cream,Kérastase,Hair,1.2188,Low Risk,80.0,False,0,0,0,0,0,0,4,3,0,0,0,0,0,0,7
P454997,Genesis Strengthening Hair Mask,Kérastase,Hair,1.3864,Low Risk,81.48,False,1,0,1,0,0,0,7,11,0,0,0,0,0,1,21
P477478,Potentialiste Hydrating & Soothing Scalp Serum,Kérastase,Hair,1.3889,Low Risk (Limited Data),69.23,False,1,0,1,0,0,0,7,10,0,0,1,0,0,1,21
P434401,Nutritive Mask for Dry Thick Hair,Kérastase,Hair,1.5238,Medium Risk,75.0,False,2,0,1,1,0,0,9,12,0,0,0,0,0,1,26
P434432,Resistance Strengthening Shampoo for Extremely Damaged Hair,Kérastase,Hair,1.2778,Low Risk,71.05,False,1,0,0,0,0,0,6,7,1,0,0,0,0,0,15
P466884,Mini Blond Absolu Heat Protecting Leave-In Treatment for Blonde Hair,Kérastase,Hair,1.26,Low Risk,89.29,False,3,0,1,0,0,0,4,7,0,0,0,0,0,1,16
P434438,Resistance Strengthening Mask for Lengths & Split Ends,Kérastase,Hair,1.425,Low Risk (Limited Data),66.67,False,0,0,1,0,0,0,7,10,0,0,0,0,0,0,18
P434416,Discipline Smoothing Hair Mask for Frizzy Hair,Kérastase,Hair,1.5294,Medium Risk (Limited Data),65.38,False,1,0,1,0,0,0,7,10,0,0,0,0,0,1,20
P434400,Nutritive Mask for Dry Fine Hair,Kérastase,Hair,1.5294,Medium Risk (Limited Data),65.38,False,1,0,1,0,0,0,7,10,0,0,0,0,0,1,20
P434404,Nutritive Shampoo for Severely Dry Hair,Kérastase,Hair,1.32,Low Risk (Limited Data),67.57,False,2,0,1,1,0,0,5,7,2,0,0,0,0,2,20
P472040,Curl Manifesto Lightweight Conditioner for Curly Hair,Kérastase,Hair,1.3824,Low Risk,70.83,False,1,0,1,0,0,0,4,7,0,0,0,0,0,1,14
P448158,Resistance Heat Protecting Leave-In Treatment for Split Ends,Kérastase,Hair,1.5476,Medium Risk,75.0,False,2,1,1,0,0,0,10,12,0,0,1,0,0,1,28
P434405,Nutritive Conditioner for Severely Dry Hair,Kérastase,Hair,1.6042,Medium Risk,70.59,True,3,1,0,1,0,1,10,13,0,0,1,0,1,1,32
P454995,Genesis Strengthening Shampoo for Normal to Dry Hair,Kérastase,Hair,1.2879,Low Risk,82.5,False,2,0,0,0,0,0,8,9,2,0,0,0,0,2,23
P468827,Blond Absolu Moisturizing Cream Shampoo for Very Damaged Blonde Hair,Kérastase,Hair,1.2895,Low Risk,79.17,False,1,0,0,0,0,0,3,3,3,0,0,0,0,1,11
P434397,Nutritive Shampoo for Normal to Dry Hair,Kérastase,Hair,1.375,Low Risk (Limited Data),66.67,True,1,0,0,0,0,1,4,4,1,0,0,0,1,0,12
P453691,Mini Resistance Heat Protecting Leave-In Treatment for Split Ends,Kérastase,Hair,1.5476,Medium Risk,75.0,False,2,1,1,0,0,0,10,12,0,0,1,0,0,1,28
P472041,Curl Manifesto Nourishing Mask for Curly Hair,Kérastase,Hair,1.3947,Low Risk,79.17,False,2,0,1,1,0,0,4,7,0,0,0,0,0,1,16
P480315,Chroma Absolu Strengthening Mask for Color-Treated Hair,Kérastase,Hair,1.3,Low Risk,95.24,False,2,0,1,0,0,0,3,7,0,0,0,0,0,1,14
P472043,Curl Manifesto Nourishing Scalp & Hair Oil,Kérastase,Hair,1.2917,Low Risk (Limited Data),66.67,False,0,0,0,0,0,0,4,3,0,0,0,0,0,0,7
P434442,Densifique Leave-In Thickening Mousse,Kérastase,Hair,1.4118,Low Risk (Limited Data),62.96,False,2,0,0,1,0,0,6,8,0,0,0,0,0,1,18
P434409,Elixir Ultime Hydrating Hair Mask,Kérastase,Hair,1.2619,Low Risk,80.77,False,2,0,1,0,0,0,4,7,0,0,0,0,0,1,15
P474337,Specifique Divalent Purifying Clay Shampoo for Oily Hair,Kérastase,Hair,1.32,Low Risk,78.12,False,2,0,0,0,0,0,6,7,2,0,0,0,0,2,19
P434408,Elixir Ultime Hydrating Shampoo,Kérastase,Hair,1.25,Low Risk,76.92,False,2,0,1,0,0,0,4,6,1,0,0,0,0,0,14
P466885,Mini Blond Absolu Hydrating Illuminating Shampoo,Kérastase,Hair,1.2,Low Risk,78.95,False,1,0,0,0,0,0,2,2,1,0,0,0,0,0,6
P434443,Densifique Thickening Mask for Thinning Hair,Kérastase,Hair,1.2955,Low Risk,70.97,False,1,0,0,0,0,0,6,7,1,0,1,0,0,0,16
P448444,Discipline Oleo-Relax Anti-Frizz Hair Mask,Kérastase,Hair,1.381,Low Risk,75.0,False,1,0,1,0,0,0,6,9,0,0,0,0,0,1,18
P448443,Discipline Oleo-Relax Anti-Frizz Shampoo,Kérastase,Hair,,Insufficient Data,0.0,False,0,0,0,0,0,0,0,0,0,0,0,0,0,0,0
P434407,Nutritive Hair Balm for Severely Dry Hair,Kérastase,Hair,1.2273,Low Risk (Limited Data),59.46,False,1,0,0,1,0,0,4,5,0,0,0,0,0,1,12
P434452,VIP Strong Hold Texturizing Hair Spray,Kérastase,Hair,1.5714,Medium Risk,77.78,False,0,0,1,0,0,0,10,9,0,0,0,0,0,0,20
P504612,Symbiose Antidandruff Hydrating Shampoo,Kérastase,Hair,1.3182,Low Risk,82.5,False,1,0,0,0,0,0,8,12,0,0,0,0,0,1,22
P434410,Elixir Ultime Hydrating Conditioner,Kérastase,Hair,1.3478,Low Risk,82.14,False,2,0,0,0,0,0,8,9,0,0,0,0,0,1,20
P480313,Chroma Absolu Shampoo for Medium to Thick Color-Treated Hair,Kérastase,Hair,1.3056,Low Risk,81.82,False,2,0,0,0,0,0,2,7,1,0,0,0,0,1,13
P449768,Relaxing Scrub: Soothing Scrub for Dry Scalp,Kérastase,Hair,1.375,Low Risk (Limited Data),66.67,False,1,0,0,0,0,0,3,4,1,0,0,0,0,1,10
P466883,Mini Blond Absolu Strengthening Conditioner,Kérastase,Hair,1.2381,Low Risk,77.78,False,2,0,1,0,0,0,2,5,0,0,0,0,0,1,11
P466879,Chronologiste Detoxifying Charcoal Pre-Shampoo,Kérastase,Hair,1.3438,Low Risk (Limited Data),68.09,False,1,0,0,1,0,0,8,10,2,0,0,0,0,1,23
P447576,Mini Nutritive Conditioner for Normal to Dry Hair,Kérastase,Hair,1.425,Low Risk (Limited Data),66.67,False,0,0,1,0,0,0,9,9,0,0,0,0,0,0,19
P434451,Mousse Bouffante Volumizing Hair Mousse,Kérastase,Hair,1.619,Medium Risk,72.41,True,2,0,0,1,0,1,10,12,0,0,0,0,1,1,28
P474338,Specifique Divalent Hydrating Gel-Mask for Oily Hair,Kérastase,Hair,1.3889,Low Risk,75.0,False,2,0,1,0,0,0,6,9,0,0,0,0,0,1,19
P434455,Laque Couture Medium Hold Hair Spray,Kérastase,Hair,1.6923,Medium Risk,76.47,False,0,0,1,0,0,0,10,10,0,0,1,0,0,0,22
P434444,Densifique Bodifying Shampoo for Men,Kérastase,Hair,1.2955,Low Risk,70.97,False,1,0,0,0,0,0,6,7,1,0,1,0,0,0,16
P504621,Symbiose Antidandruff Hydrating Night Serum,Kérastase,Hair,1.5278,Medium Risk,90.0,False,1,0,1,0,0,0,9,10,0,0,1,0,0,1,23
P480316,Chroma Absolu Anti-Copper Green Mask for Color-Treated Hair,Kérastase,Hair,1.2381,Low Risk,84.0,False,0,0,1,0,0,0,3,6,0,0,0,0,0,0,10
P504603,Symbiose Silicone-Free Hydrating Conditioner for Scalp & Hair,Kérastase,Hair,1.3478,Low Risk,82.14,False,2,0,0,0,0,0,8,9,0,0,0,0,0,1,20
P434392,Aura Botanica Conditioner,Kérastase,Hair,1.1923,Low Risk,86.67,False,0,0,0,0,0,0,3,3,0,0,0,1,0,0,7
P504588,Chronologiste L’Huile de Parfum Fragrance Hair Oil,Kérastase,Hair,1.4583,Low Risk,85.71,False,0,0,0,0,0,0,7,6,0,0,0,0,0,0,13
P440662,Laque Extreme Hair Spray,Kérastase,Hair,1.75,Medium Risk,80.0,False,0,0,1,0,0,0,13,13,0,0,1,0,0,0,28
P500317,Genesis Homme Thickening Shampoo for Men,Kérastase,Hair,1.475,Low Risk,76.92,False,2,0,1,0,0,0,8,8,1,0,0,0,0,1,21
P504616,Symbiose Deeply Hydrating Hair Mask for Damaged Hair,Kérastase,Hair,1.42,Low Risk,86.21,False,2,0,1,0,0,0,8,12,0,0,0,0,0,1,24
P504599,Symbiose Exfoliating Antidandruff Scalp Scrub,Kérastase,Hair,1.3542,Low Risk,72.73,False,1,0,0,0,0,0,6,9,1,0,0,0,0,1,18
P500315,Genesis Homme Hair Thickening Spray for Men,Kérastase,Hair,1.5312,Medium Risk,76.19,False,2,1,1,0,0,0,8,10,0,0,1,0,0,1,24
P500305,Genesis Homme Strengthening Shampoo for Men,Kérastase,Hair,1.4737,Low Risk,79.17,False,3,0,0,0,0,0,8,8,1,0,0,0,0,0,20
P500300,Genesis Homme Light-Hold Styling Wax Pomade,Kérastase,Hair,1.3409,Low Risk,75.86,False,1,0,0,0,0,0,9,10,0,0,0,0,0,1,21
P462868,Discipline Cleansing Conditioner,Kérastase,Hair,1.3947,Low Risk,73.08,False,1,0,1,0,0,0,7,9,0,0,0,0,0,1,19
P479496,Potentialiste Hydrating & Soothing Scalp Serum,Kérastase,Hair,1.3889,Low Risk (Limited Data),69.23,False,1,0,1,0,0,0,7,10,0,0,1,0,0,1,21
P421996,Ultra Facial Moisturizing Cream with Squalane,Kiehl's Since 1851,Skincare,1.0714,Low Risk (Limited Data),46.67,False,2,0,0,0,0,0,0,2,0,0,0,0,0,1,5
P422510,Mini Ultra Facial Moisturizing Cream with Squalane,Kiehl's Since 1851,Skincare,1.1071,Insufficient Data,35.0,False,2,0,1,0,0,0,0,2,0,0,0,0,0,1,6
P422000,Creamy Eye Treatment with Avocado,Kiehl's Since 1851,Skincare,1.1176,Low Risk (Limited Data),65.38,False,2,0,0,0,0,0,0,2,0,0,0,0,0,2,6
P435805,Mini Creamy Eye Treatment with Avocado,Kiehl's Since 1851,Mini Size,1.1176,Low Risk (Limited Data),65.38,False,2,0,0,0,0,0,0,2,0,0,0,0,0,2,6
P421998,Midnight Recovery Concentrate Moisturizing Face Oil,Kiehl's Since 1851,Skincare,1.375,Low Risk (Limited Data),52.17,False,0,0,0,0,0,0,6,6,0,0,0,0,0,0,12
P445951,Midnight Recovery Concentrate Moisturizing Face Oil,Kiehl's Since 1851,Skincare,1.375,Low Risk (Limited Data),52.17,False,0,0,0,0,0,0,6,6,0,0,0,0,0,0,12
P454838,Powerful-Strength Dark Circle Reducing Vitamin C Eye Serum,Kiehl's Since 1851,Skincare,1.0476,Low Risk,80.77,False,0,0,0,0,1,0,0,1,0,0,0,0,0,0,2
P422022,Clearly Corrective Dark Spot Correcting Serum,Kiehl's Since 1851,Skincare,1.1842,Low Risk,79.17,False,3,0,1,0,0,0,1,4,0,0,0,0,0,1,10
P455611,Clearly Corrective Dark Spot Solution Duo,Kiehl's Since 1851,Skincare,1.1842,Low Risk,79.17,False,3,0,1,0,0,0,1,4,0,0,0,0,0,1,10
P422007,Ultra Facial Cleanser,Kiehl's Since 1851,Skincare,1.2632,Low Risk (Limited Data),67.86,False,3,1,0,2,0,0,0,2,2,0,1,0,0,2,13
P501029,Retinol Fast-Release Wrinkle Reducing Night Serum,Kiehl's Since 1851,Skincare,1.1087,Low Risk,79.31,False,2,0,0,0,0,0,0,3,0,0,1,0,1,1,8
P422505,Olive Fruit Oil Deeply Repairative Hair Pak,Kiehl's Since 1851,Hair,1.375,Low Risk (Limited Data),66.67,False,1,0,1,1,0,0,1,3,0,0,0,0,0,0,7
P474840,Micro-Dose Anti-Aging Retinol Serum with Ceramides and Peptide,Kiehl's Since 1851,Skincare,1.0806,Low Risk,70.45,False,3,0,0,0,0,0,1,3,0,0,0,0,1,1,9
P457864,Vital Skin-Strengthening Hyaluronic Acid Super Serum,Kiehl's Since 1851,Skincare,1.28,Low Risk (Limited Data),64.1,False,2,0,0,0,0,0,7,9,0,0,0,0,0,1,19
P480177,Super Multi-Corrective Anti-Aging Eye Cream,Kiehl's Since 1851,Skincare,1.0455,Low Risk,82.5,False,1,0,1,0,0,0,0,1,0,0,0,0,0,0,3
P422002,Rare Earth Deep Pore Minimizing Cleansing Clay Mask,Kiehl's Since 1851,Skincare,1.0333,Low Risk,78.95,False,1,0,0,0,0,0,0,2,0,0,0,0,0,1,4
P474060,Mini Rare Earth Deep Pore Minimizing Cleansing Clay Mask,Kiehl's Since 1851,Skincare,1.0333,Low Risk,75.0,False,1,0,0,0,0,0,0,2,0,0,0,0,0,1,4
P472472,Ferulic Brew Facial Treatment Essence with Lactic Acid,Kiehl's Since 1851,Skincare,1.2273,Low Risk,70.97,False,1,0,0,0,0,0,5,8,0,0,0,0,0,0,14
P421999,Crème de Corps Hydrating Body Lotion with Squalane,Kiehl's Since 1851,Bath & Body,1.0625,Low Risk (Limited Data),63.16,False,2,0,0,0,0,0,0,2,0,0,0,0,0,1,5
P422269,Creme de Corps Soy Milk & Honey Whipped Body Butter,Kiehl's Since 1851,Bath & Body,1.2222,Low Risk (Limited Data),64.29,False,1,0,0,0,0,0,4,4,0,0,0,0,0,1,10
P422640,Ultimate Strength Hand Salve,Kiehl's Since 1851,Bath & Body,1.0652,Low Risk (Limited Data),60.53,False,2,0,0,0,0,0,1,3,0,0,0,0,0,1,7
P479329,Ultra Facial Overnight Hydrating Face Mask with 10.5% Squalane,Kiehl's Since 1851,Skincare,1.1538,Low Risk,76.47,False,3,0,0,0,0,0,0,3,0,0,0,0,0,1,7
P427529,Powerful-Strength Vitamin C Serum,Kiehl's Since 1851,Skincare,,Insufficient Data,0.0,False,0,0,0,0,0,0,0,0,0,0,0,0,0,0,0
P446422,Avocado Nourishing Hydration Mask,Kiehl's Since 1851,Skincare,1.025,Low Risk,71.43,False,1,0,0,0,0,0,0,2,0,0,0,0,0,1,4
P503913,Ultra Facial Advanced Repair Barrier Cream,Kiehl's Since 1851,Skincare,1.0741,Low Risk,71.05,False,1,0,0,0,0,0,0,4,0,0,1,0,0,0,6
P422013,Calendula Deep Clean Foaming Face Wash,Kiehl's Since 1851,Skincare,1.2083,Low Risk (Limited Data),66.67,False,1,0,0,0,0,0,2,4,0,0,0,0,0,1,8
P470221,Milk-Peel Gentle Exfoliating Toner,Kiehl's Since 1851,Skincare,1.2647,Low Risk (Limited Data),65.38,False,2,0,0,0,0,0,2,7,0,0,1,0,0,1,13
P431735,Mini Ultimate Strength Hand Salve,Kiehl's Since 1851,Bath & Body,1.0652,Low Risk (Limited Data),60.53,False,2,0,0,0,0,0,1,3,0,0,0,0,0,1,7
P483664,Midnight  Recovery Omega-Rich Cloud Cream,Kiehl's Since 1851,Skincare,1.2,Low Risk (Limited Data),69.44,False,1,0,0,0,0,0,5,6,0,0,0,0,0,0,12
P440937,Cannabis Sativa Seed Oil Herbal Concentrate (Hemp-Derived),Kiehl's Since 1851,Skincare,1.5,Medium Risk (Limited Data),58.33,False,0,0,0,0,0,0,5,5,0,0,0,0,0,0,10
P449541,Pure Vitality Skin Renewing Cream,Kiehl's Since 1851,Skincare,1.1481,Low Risk,72.97,False,1,0,0,0,0,0,4,5,0,0,0,0,0,0,10
P470040,Ultra Facial Oil-Free Gel Cream,Kiehl's Since 1851,Skincare,1.1176,Low Risk,77.27,False,3,0,0,0,0,0,0,3,0,0,0,0,0,1,7
P421997,Calendula Herbal Extract Alcohol Free Toner,Kiehl's Since 1851,Skincare,1.25,Low Risk (Limited Data),50.0,False,1,0,0,1,0,0,0,2,0,0,0,0,0,0,4
P432239,Buttermask Intense Repair Lip Treatment,Kiehl's Since 1851,Skincare,1.0,Low Risk (Limited Data),50.0,False,0,0,0,0,0,0,0,0,0,0,0,0,0,0,0
P422248,Rare Earth Deep Pore Daily Cleanser,Kiehl's Since 1851,Skincare,1.0333,Low Risk,78.95,False,1,0,0,0,0,0,0,2,0,0,0,0,0,1,4
P422011,Ultra Facial Toner,Kiehl's Since 1851,Skincare,1.0385,Low Risk,81.25,False,1,0,0,0,0,0,0,1,0,0,0,0,0,1,3
P437672,Mini Calendula Herbal Extract Alcohol Free Toner,Kiehl's Since 1851,Mini Size,1.25,Low Risk (Limited Data),50.0,False,1,0,0,1,0,0,0,2,0,0,0,0,0,0,4
P461948,Super Multi-Corrective Anti-Aging Face and Neck Cream,Kiehl's Since 1851,Skincare,1.129,Low Risk,73.81,False,2,0,0,0,0,0,3,7,0,0,0,0,0,1,13
P422012,Ultra Facial Cream Sunscreen SPF 30,Kiehl's Since 1851,Skincare,1.1774,Low Risk,81.58,False,5,0,0,0,0,0,2,8,0,0,0,1,0,2,18
P422003,Daily Reviving Concentrate,Kiehl's Since 1851,Skincare,1.3333,Low Risk (Limited Data),50.0,False,0,0,0,0,0,0,4,4,0,0,0,0,0,0,8
P422638,Facial Fuel Energizing Moisturizer for Men,Kiehl's Since 1851,Men,1.2286,Low Risk,76.09,False,4,1,1,1,1,0,4,7,0,0,1,0,0,2,22
P422275,Amino Acid Shampoo,Kiehl's Since 1851,Hair,1.3125,Low Risk (Limited Data),64.0,False,2,0,0,0,0,0,2,6,0,0,0,0,0,1,11
P429522,Super Fluid Daily UV Defense Sunscreen Broad Spectrum SPF 50+,Kiehl's Since 1851,Skincare,1.1429,Low Risk (Limited Data),58.33,False,3,0,1,0,0,0,0,1,0,0,0,0,0,1,6
P422004,Ultra Facial Moisturizer Sunscreen SPF 30,Kiehl's Since 1851,Skincare,1.1562,Low Risk (Limited Data),66.67,False,3,1,0,0,0,0,0,2,0,0,1,0,0,1,8
P422005,Ultra Facial Moisturizer,Kiehl's Since 1851,Skincare,1.2917,Low Risk (Limited Data),66.67,False,3,1,0,2,0,0,0,1,0,0,1,0,0,1,9
P435804,Mini Crème de Corps Hydrating Body Lotion with Squalane,Kiehl's Since 1851,Mini Size,1.0625,Low Risk (Limited Data),63.16,False,2,0,0,0,0,0,0,2,0,0,0,0,0,1,5
P431733,Epidermal Re-Texturizing Micro-Dermabrasion,Kiehl's Since 1851,Skincare,1.1667,Low Risk (Limited Data),52.94,False,2,0,0,1,0,0,0,1,0,0,0,0,0,1,5
P422492,Facial Fuel Energizing Face Wash,Kiehl's Since 1851,Men,1.25,Low Risk,70.97,False,4,1,0,0,0,0,2,4,0,0,1,0,0,2,14
P422249,Amino Acid Conditioner,Kiehl's Since 1851,Hair,1.3333,Low Risk (Limited Data),66.67,False,1,0,1,0,0,0,2,4,0,0,0,0,0,1,9
P422481,"""Ultimate Man"" Body Scrub Soap",Kiehl's Since 1851,Men,1.4286,Low Risk (Limited Data),50.0,False,0,0,0,0,0,0,4,3,0,0,0,0,0,0,7
P461947,Calendula Petal-Infused Calming Mask with Aloe Vera,Kiehl's Since 1851,Skincare,1.037,Low Risk,72.97,False,1,0,0,0,0,0,0,2,0,0,0,0,0,0,3
P436378,Dermatologist Solutions Centella Sensitive Cica-Cream,Kiehl's Since 1851,Skincare,1.0385,Low Risk,89.66,False,2,0,0,0,0,0,0,1,0,0,0,0,0,1,4
P422253,Rare Earth Pore Refining Tonic,Kiehl's Since 1851,Skincare,1.1818,Low Risk (Limited Data),68.75,False,2,0,1,0,0,0,0,2,0,0,0,0,0,1,6
P422503,Oil Eliminator Deep Cleansing Exfoliating Face Wash For Men,Kiehl's Since 1851,Men,1.2857,Low Risk,87.5,False,3,0,0,0,0,0,3,4,0,0,0,0,0,1,11
P422493,Facial Fuel Energizing Scrub,Kiehl's Since 1851,Men,1.2308,Low Risk,70.27,False,2,0,0,1,0,0,4,7,0,0,0,0,0,2,16
P467628,Mini Clearly Corrective Dark Spot Correcting Serum,Kiehl's Since 1851,Skincare,1.1842,Low Risk,79.17,False,3,0,1,0,0,0,1,4,0,0,0,0,0,1,10
P422500,Nourishing Olive Fruit Oil Conditioner,Kiehl's Since 1851,Hair,1.35,Low Risk (Limited Data),55.56,False,1,0,1,1,0,0,0,3,0,0,0,0,0,0,6
P422842,Age Defender Eye Repair,Kiehl's Since 1851,Men,1.0484,Low Risk,70.45,False,2,0,1,0,0,0,0,3,0,0,0,0,0,1,7
P422494,Facial Fuel Energizing Tonic For Men,Kiehl's Since 1851,Men,1.25,Low Risk (Limited Data),69.23,False,1,0,1,0,0,0,3,4,0,0,0,0,0,1,10
P422260,Super Multi-Corrective Cream Sunscreen Broad Spectrum SPF 30,Kiehl's Since 1851,Skincare,1.25,Low Risk,83.33,False,3,0,0,0,0,0,6,8,0,0,0,0,0,1,18
P422496,Grooming Solutions Nourishing Beard Grooming Oil,Kiehl's Since 1851,Men,1.4091,Low Risk (Limited Data),42.31,False,1,0,0,0,0,0,5,6,0,0,0,0,0,0,12
P432820,Body Fuel All-In-One Energizing Wash,Kiehl's Since 1851,Men,1.2188,Low Risk,74.42,False,2,0,1,0,0,0,3,9,1,0,0,0,0,3,19
P482021,Ultra Facial Hydrating Concentrated Cleansing Bar,Kiehl's Since 1851,Skincare,1.0909,Low Risk,78.57,False,1,0,0,0,0,0,0,1,0,0,0,0,0,0,2
P422484,Age Defender Power Serum,Kiehl's Since 1851,Men,1.2368,Low Risk,70.37,False,1,0,1,0,0,0,4,6,0,0,0,0,0,1,13
P480176,Mini Calendula Deep Clean Foaming Face Wash,Kiehl's Since 1851,Skincare,1.2083,Low Risk (Limited Data),66.67,False,1,0,0,0,0,0,2,4,0,0,0,0,0,1,8
P422498,Grooming Solutions Texturizing Clay,Kiehl's Since 1851,Hair,1.3158,Low Risk (Limited Data),57.58,False,1,0,0,0,0,0,5,9,0,0,1,0,0,2,18
P504464,Mask and Moisturize Duo Skincare Gift Set,Kiehl's Since 1851,Skincare,1.1129,Low Risk (Limited Data),64.58,False,3,0,0,1,1,0,0,3,0,0,0,0,0,1,9
P477811,Rare Earth Pore Minimizing Lotion,Kiehl's Since 1851,Skincare,1.0385,Low Risk,72.22,False,1,0,0,0,0,0,0,2,0,0,0,0,0,1,4
P505339,Ultra Pure High-Potency 5.0% Niacinamide Serum,Kiehl's Since 1851,Skincare,1.0,Low Risk,90.0,False,0,0,0,0,0,0,0,0,0,0,0,0,0,0,0
P505376,Ultra Pure High-Potency 9.8% Glycolic Acid Serum,Kiehl's Since 1851,Skincare,1.1429,Low Risk,100.0,False,0,0,1,0,0,0,0,1,0,0,0,0,0,0,2
P505614,Ultra Facial Cream Refill Bundle,Kiehl's Since 1851,Skincare,,Insufficient Data,0.0,False,0,0,0,0,0,0,0,0,0,0,0,0,0,0,0
P504635,Ultra Pure Hyaluronic Acid 1.5% Serum,Kiehl's Since 1851,Skincare,1.1429,Low Risk,100.0,False,2,0,0,0,0,0,0,1,0,0,0,0,0,1,4
P505499,Deep Pore Cleansing Kit,Kiehl's Since 1851,Skincare,1.1,Low Risk (Limited Data),68.18,False,2,1,0,0,0,0,0,3,2,0,1,0,0,2,11
P505615,Ultra Facial Cleanser Home & Away Bundle,Kiehl's Since 1851,Skincare,1.2632,Low Risk (Limited Data),67.86,False,3,1,0,2,0,0,0,2,2,0,1,0,0,2,13
P429621,"Love, Don't Be Shy",KILIAN Paris,Fragrance,1.6786,Medium Risk,100.0,False,1,0,1,1,0,0,9,9,0,0,0,0,0,1,22
P460005,"Love, Don't Be Shy Travel Spray",KILIAN Paris,Fragrance,1.6786,Medium Risk,100.0,False,1,0,1,1,0,0,9,9,0,0,0,0,0,1,22
P465332,Angels Share Eau De Parfum,KILIAN Paris,Fragrance,1.7273,Medium Risk,100.0,False,0,0,1,1,0,0,8,7,0,0,0,0,0,0,17
P433938,Princess Eau de Parfum Travel Spray,KILIAN Paris,Fragrance,1.8182,Medium Risk,78.57,False,0,0,1,1,0,0,9,8,0,0,0,0,0,0,19
P480179,Angels Share Eau De Parfum Travel Spray,KILIAN Paris,Fragrance,1.7273,Medium Risk,100.0,False,0,0,1,1,0,0,8,7,0,0,0,0,0,0,17
P429631,Good Girl Gone Bad by KILIAN,KILIAN Paris,Fragrance,1.7353,Medium Risk,100.0,False,0,0,1,1,0,0,13,12,0,0,0,0,0,0,27
P429620,"Love, Don't be Shy Mini Spray Set",KILIAN Paris,Fragrance,1.6786,Medium Risk,100.0,False,1,0,1,1,0,0,9,9,0,0,0,0,0,1,22
P452620,Rolling in Love,KILIAN Paris,Fragrance,1.7059,Medium Risk,100.0,False,3,0,1,1,0,0,11,10,0,0,0,0,0,0,26
P429627,"Black Phantom - ""Memento Mori""",KILIAN Paris,Fragrance,1.7,Medium Risk,100.0,False,0,0,1,1,0,0,2,1,0,0,0,0,0,0,5
P475958,Apple Brandy Eau de Parfum,KILIAN Paris,Fragrance,1.625,Medium Risk,80.0,False,0,0,1,0,0,0,6,5,0,0,0,0,0,0,12
P481717,Good Girl Gone Bad by KILIAN Travel Spray,KILIAN Paris,Fragrance,1.7353,Medium Risk,100.0,False,0,0,1,1,0,0,13,12,0,0,0,0,0,0,27
P480178,Apple Brandy Eau de Parfum Travel Spray,KILIAN Paris,Fragrance,1.625,Medium Risk,80.0,False,0,0,1,0,0,0,6,5,0,0,0,0,0,0,12
P429630,Good Girl Gone Bad by KILIAN Mini Spray Set,KILIAN Paris,Fragrance,1.7,Medium Risk,93.75,False,0,0,1,1,0,0,11,10,0,0,0,0,0,0,23
P429619,Intoxicated,KILIAN Paris,Fragrance,1.8235,Medium Risk,100.0,True,3,0,1,2,0,2,8,7,0,0,0,0,1,1,25
P465333,Roses On Ice Eau De Parfum,KILIAN Paris,Fragrance,1.6667,Medium Risk,92.31,False,0,0,1,1,0,0,8,7,0,0,0,0,0,0,17
P429629,"Straight To Heaven, White Cristal",KILIAN Paris,Fragrance,1.5714,Medium Risk,100.0,False,0,0,1,1,0,0,3,2,0,0,0,0,0,0,7
P504776,Can't Stop Loving You,KILIAN Paris,Fragrance,1.6389,Medium Risk,94.74,False,3,0,1,2,0,0,10,9,0,0,0,0,0,0,25
P429623,Moonlight in Heaven,KILIAN Paris,Fragrance,1.8043,Medium Risk,100.0,True,3,0,1,2,0,1,15,14,0,0,0,0,1,0,37
P481103,"Love, Don't Be Shy-EXTREME",KILIAN Paris,Fragrance,1.75,Medium Risk,87.5,False,0,0,1,1,0,0,11,10,0,0,0,0,0,0,23
P482023,Good Girl Gone Bad Eau Fraîche,KILIAN Paris,Fragrance,1.7353,Medium Risk,100.0,False,0,0,1,1,0,0,13,12,0,0,0,0,0,0,27
P429626,"Black Phantom - ""Memento Mori"" Mini Spray Set",KILIAN Paris,Fragrance,1.7,Medium Risk,100.0,False,0,0,1,1,0,0,2,1,0,0,0,0,0,0,5
P429625,Vodka on the Rocks,KILIAN Paris,Fragrance,1.7273,Medium Risk,91.67,False,0,0,1,1,0,0,8,7,0,0,0,0,0,0,17
P502624,Sacred Wood Eau de Parfum,KILIAN Paris,Fragrance,1.5625,Medium Risk,100.0,False,3,0,1,2,0,0,8,7,0,0,0,0,0,0,21
P479710,Good Girl Gone Bad Travel Spray,KILIAN Paris,Fragrance,1.7353,Medium Risk,100.0,False,0,0,1,1,0,0,13,12,0,0,0,0,0,0,27
P431509,Aqua Foundation,Koh Gen Do,Makeup,1.0385,Low Risk (Limited Data),67.24,False,1,0,0,0,0,0,0,2,0,0,0,0,0,2,5
P480321,Tropical Cocount Melt,Kopari,Bath & Body,1.5,Medium Risk,100.0,False,0,0,0,0,0,0,1,0,0,0,0,0,0,0,1
P434336,Mini Noni Glow Face Oil,KORA Organics,Skincare,1.0,Insufficient Data,25.0,False,0,0,0,0,0,0,0,0,0,0,0,0,0,0,0
P418624,Noni Glow Plumping Face Oil,KORA Organics,Skincare,1.0,Insufficient Data,25.0,False,0,0,0,0,0,0,0,0,0,0,0,0,0,0,0
P471046,Turmeric Glow Brightening Moisturizer,KORA Organics,Skincare,1.1667,Low Risk (Limited Data),64.29,False,1,0,1,0,0,0,4,7,0,0,0,1,0,1,15
P455241,Noni Night AHA Pore & Resurfacing Serum,KORA Organics,Skincare,1.0455,Low Risk (Limited Data),53.66,False,1,0,0,0,0,0,0,1,0,0,0,0,0,0,2
P433627,Turmeric BHA Pore & Brightening Treatment Mask,KORA Organics,Skincare,1.2083,Low Risk (Limited Data),64.86,False,1,0,1,0,0,0,2,6,0,0,0,1,0,2,13
P461177,Mini Turmeric BHA Pore & Brightening Treatment Mask,KORA Organics,Skincare,1.2083,Low Risk (Limited Data),64.86,False,1,0,1,0,0,0,2,6,0,0,0,1,0,2,13
P468684,Milky Mushroom Gentle Cleansing Oil Makeup Remover,KORA Organics,Skincare,1.1562,Low Risk (Limited Data),53.33,False,0,0,1,0,0,0,2,3,0,0,0,0,0,0,6
P476876,Berry Bright Firming Vitamin C Eye Cream,KORA Organics,Skincare,1.04,Low Risk (Limited Data),69.44,False,1,0,1,0,0,0,0,0,0,0,0,0,0,0,2
P428816,Noni Radiant Brightening Eye Oil,KORA Organics,Skincare,1.0,Insufficient Data,36.84,False,0,0,0,0,0,0,0,0,0,0,0,0,0,0,0
P446419,Noni Bright 12% Vitamin C Serum,KORA Organics,Skincare,1.0417,Low Risk (Limited Data),58.54,False,1,0,1,0,0,0,0,0,0,0,0,0,0,0,2
P500618,Turmeric Glow Foaming Cleanser,KORA Organics,Skincare,1.1176,Low Risk (Limited Data),44.74,False,0,0,0,0,0,0,1,3,0,0,0,1,0,1,6
P418625,Noni Glow Hydrating & Toning Body Oil,KORA Organics,Bath & Body,1.375,Insufficient Data,33.33,False,0,0,0,0,0,0,2,2,0,0,0,0,0,0,4
P500055,Active Algae Lightweight Moisturizer,KORA Organics,Skincare,1.0278,Low Risk (Limited Data),48.65,False,0,0,1,0,0,0,0,0,0,0,0,0,0,0,1
P474068,Minty Mineral Hydration Face Mist with Aloe Vera,KORA Organics,Skincare,1.2667,Low Risk (Limited Data),45.45,False,0,0,1,0,0,0,4,5,0,0,0,0,0,0,10
P440072,Noni Glow Overnight Plumping Hydration Mask,KORA Organics,Skincare,1.2632,Low Risk (Limited Data),54.29,False,1,0,1,0,0,0,4,5,0,0,0,0,0,0,11
P502630,Turmeric Invigorating Body Scrub,KORA Organics,Bath & Body,1.1481,Low Risk (Limited Data),61.36,False,0,0,1,0,0,0,2,6,0,0,0,1,0,2,12
P502854,Nourishing Hand & Body Lotion,KORA Organics,Bath & Body,1.15,Low Risk,76.92,False,0,0,1,0,0,0,3,3,0,0,0,0,0,0,7
P502837,Renewing Hand & Body Wash,KORA Organics,Bath & Body,1.1579,Low Risk (Limited Data),65.52,False,0,0,1,0,0,0,3,3,0,0,0,0,0,0,7
P456412,Greek Yoghurt Foaming Cream Cleanser,KORRES,Skincare,1.1458,Low Risk (Limited Data),60.0,False,1,0,0,0,0,0,2,4,1,0,0,0,0,2,10
P480612,Santorini Grape Poreless Skin Cream,KORRES,Skincare,1.1,Low Risk,76.92,False,2,0,0,0,0,0,1,3,0,0,0,0,0,1,7
P456207,Greek Yoghurt Nourishing Probiotic Gel-Cream,KORRES,Skincare,1.1071,Low Risk (Limited Data),65.62,False,2,0,0,0,0,0,3,6,0,0,0,0,0,1,12
P456418,Wild Rose Night-Brightening Sleeping Facial,KORRES,Skincare,1.0833,Low Risk,71.43,False,1,0,1,0,0,0,1,2,0,0,0,0,0,1,6
P456417,Wild Rose Brightening Absolute Oil,KORRES,Skincare,1.1471,Low Risk,77.27,False,0,0,1,0,0,0,3,3,0,0,0,0,0,0,7
P456414,Greek Yoghurt Probiotic Superdose Face Mask,KORRES,Skincare,1.1184,Low Risk (Limited Data),60.32,False,2,0,0,0,0,0,3,7,0,0,0,0,0,1,13
P474340,Santorini Grape Velvet Skin Drink,KORRES,Skincare,1.1111,Low Risk (Limited Data),62.07,False,0,0,1,0,0,0,1,1,0,0,0,0,0,0,3
P456421,Black Pine 3D Eye-Lift Super Serum,KORRES,Skincare,1.1136,Low Risk (Limited Data),61.11,False,1,0,0,0,0,0,2,3,0,0,0,0,0,1,7
P456413,Mini Greek Yoghurt Foaming Cream Cleanser,KORRES,Skincare,1.1458,Low Risk (Limited Data),60.0,False,1,0,0,0,0,0,2,4,1,0,0,0,0,2,10
P455919,MenoReverse Volumizing Serum-in-Moisturizer,KORRES,Skincare,1.2,Low Risk (Limited Data),63.83,False,1,0,0,0,0,0,7,10,0,0,0,0,0,1,19
P456151,Revealer Super Creamy + Brightening Concealer and Daytime Eye Cream,Kosas,Makeup,1.0185,Low Risk (Limited Data),69.23,False,0,0,0,0,0,0,1,2,0,0,0,0,0,0,3
P468685,Cloud Set Baked Setting & Smoothing Talc-Free Vegan Powder,Kosas,Makeup,1.0,Low Risk,72.41,False,0,0,0,0,0,0,0,1,0,0,0,0,0,0,1
P481396,Revealer Skin-Improving Foundation SPF 25 with Hyaluronic Acid and Niacinamide,Kosas,Makeup,1.0,Low Risk (Limited Data),69.44,False,0,0,0,0,0,0,0,1,0,0,0,0,0,0,1
P451920,Wet Lip Oil Plumping Treatment Gloss,Kosas,Makeup,1.0862,Low Risk,85.29,False,1,0,0,0,0,0,3,5,0,0,0,0,0,0,9
P441884,Tinted Face Oil Comfy Skin Tint,Kosas,Makeup,1.0,Low Risk,83.33,False,0,0,0,0,0,0,0,0,0,0,0,0,0,0,0
P471049,Air Brow Tinted Clean Volumizing Eyebrow Gel,Kosas,Makeup,1.0179,Low Risk,84.85,False,0,0,0,0,0,0,1,2,0,0,0,0,0,0,3
P443764,Kosasport LipFuel Hyaluronic Acid Lip Balm,Kosas,Makeup,1.0161,Low Risk,73.81,False,0,0,0,0,0,0,1,2,0,0,0,0,0,0,3
P447744,10-Second Eye Gel Watercolor Eyeshadow,Kosas,Makeup,1.0333,Low Risk,71.43,False,0,0,1,0,0,0,0,1,0,0,0,0,0,0,2
P471048,Air Brow Clear + Clean Lifting Treatment Eyebrow Gel with Lamination Effect,Kosas,Makeup,1.0,Low Risk,85.71,False,0,0,0,0,0,0,0,0,0,0,0,0,0,0,0
P503996,Mini Revealer Super Creamy + Brightening Concealer and Daytime Eye Cream,Kosas,Makeup,1.0185,Low Risk (Limited Data),69.23,False,0,0,0,0,0,0,1,2,0,0,0,0,0,0,3
P474961,Wet Lip Oil Plumping Treatment Gloss - Undressed Collection,Kosas,Makeup,1.1136,Low Risk,81.48,False,1,0,0,0,0,0,3,5,0,0,0,0,0,0,9
P461178,Chemistry AHA Serum Deodorant,Kosas,Bath & Body,1.1538,Low Risk (Limited Data),59.09,False,0,0,0,0,0,0,3,4,0,0,0,0,0,0,7
P441886,Color & Light: Crème Cream Blush & Highlighter Duo,Kosas,Makeup,1.0,Low Risk,83.87,False,0,0,0,0,0,0,0,0,0,0,0,0,0,0,0
P503896,Glow I.V. Vitamin-Infused Skin Illuminating Enhancer,Kosas,Makeup,1.0167,Low Risk (Limited Data),57.69,False,0,0,0,0,0,0,1,2,0,0,0,0,0,0,3
P457455,The Sun Show Glowy Warmth Talc-Free Baked Bronzer,Kosas,Makeup,1.0333,Low Risk,71.43,False,0,0,0,0,0,0,1,1,0,0,0,0,0,0,2
P471047,Brow Pop Clean Dual-Action Defining Eyebrow Pencil,Kosas,Makeup,1.0,Low Risk,92.31,False,0,0,0,0,0,0,0,1,0,0,0,0,0,0,1
P474069,Good Body Skin AHA + Enzyme Exfoliating Body Wash,Kosas,Bath & Body,1.0417,Low Risk (Limited Data),66.67,False,0,0,0,0,0,0,0,1,0,0,0,0,0,0,1
P462872,The Big Clean Longwear Volumizing + Lash Care Mascara,Kosas,Makeup,1.0294,Low Risk,73.91,False,0,0,0,0,0,0,1,2,0,0,0,0,0,0,3
P500329,Plump + Juicy Lip Booster Buttery Treatment,Kosas,Skincare,1.0476,Low Risk,72.41,False,0,0,0,0,0,0,1,3,0,0,0,1,0,0,5
P502288,Revealer Dual-Ended Makeup Blender Sponge,Kosas,Makeup,,Insufficient Data,0.0,False,0,0,0,0,0,0,0,0,0,0,0,0,0,0,0
P502745,Plump + Juicy Vegan Collagen + Probiotic Spray-On Serum,Kosas,Skincare,1.1,Low Risk (Limited Data),55.56,False,0,0,0,0,0,0,2,3,0,0,0,0,0,0,5
P501578,GrowPotion Fluffy Brow + Lash Boosting Serum,Kosas,Makeup,1.0714,Low Risk,72.41,False,0,0,0,0,0,0,2,4,0,0,0,0,0,0,6
P475122,Mini The Big Clean Longwear Volumizing + Lash Care Mascara,Kosas,Mini Size,1.0294,Low Risk,73.91,False,0,0,0,0,0,0,1,2,0,0,0,0,0,0,3
P501568,Underlined Kajal Clean Waterproof Long-Wear Eyeliner,Kulfi,Makeup,1.0,Low Risk,83.33,False,0,0,0,0,0,0,0,0,0,0,0,0,0,0,0
P501589,Main Match Crease-Proof Long-Wear Hydrating Concealer,Kulfi,Makeup,1.025,Low Risk (Limited Data),66.67,False,1,0,0,0,0,0,0,2,0,0,0,0,0,1,4
P504604,Mehndi Moment Long-Lasting Radiant Cream Blush,Kulfi,Makeup,1.0455,Low Risk,82.5,False,3,0,0,0,0,0,0,2,0,0,0,0,0,1,6
P245205,Tattoo Liner Vegan Waterproof Liquid Eyeliner,KVD Beauty,Makeup,1.3333,Low Risk (Limited Data),69.23,False,2,0,1,2,0,0,0,1,0,0,0,0,0,1,7
P311138,Lock-It Full-Coverage Long-Wear Matte Liquid Foundation,KVD Beauty,Makeup,1.0208,Low Risk,88.89,False,0,0,0,0,0,0,0,0,0,0,0,0,0,1,1
P413458,Shade + Light Refillable Powder Face Contour Palette,KVD Beauty,Makeup,1.0,Low Risk,80.77,False,0,0,0,0,0,0,0,0,0,0,0,0,0,0,0
P418804,Everlasting Lip Liner,KVD Beauty,Makeup,1.0,Low Risk,100.0,False,0,0,0,0,0,0,0,0,0,0,0,0,0,0,0
P430718,"Super Pomade Vegan Eyeliner, Shadow & Brow Pigment",KVD Beauty,Makeup,1.0789,Low Risk,95.0,False,1,0,0,1,0,0,0,1,0,0,0,0,0,1,4
P469488,Good Apple Lightweight Full-Coverage Cream Foundation Balm,KVD Beauty,Makeup,1.0114,Low Risk,81.48,False,1,0,0,0,0,0,0,1,0,0,0,0,0,1,3
P385908,Ink Liner Waterproof Felt-Tip Liquid Eyeliner,KVD Beauty,Makeup,1.3333,Low Risk (Limited Data),69.23,False,2,0,1,2,0,0,0,1,0,0,0,0,0,1,7
P409988,Lock-It Setting Powder,KVD Beauty,Makeup,1.0,Low Risk,94.44,False,0,0,0,0,0,0,0,0,0,0,0,0,0,0,0
P418800,Lock-It Refillable Mattifying Pressed Finishing Powder,KVD Beauty,Makeup,1.0357,Low Risk,87.5,False,1,0,0,0,0,0,0,2,0,0,0,0,0,1,4
P420220,Saint Eau de Parfum,KVD Beauty,Fragrance,1.6154,Medium Risk,100.0,False,4,1,1,1,0,0,6,5,0,0,1,0,0,0,19
P392437,Lock-It Hydrating Primer,KVD Beauty,Makeup,1.0652,Low Risk,82.14,False,1,0,0,0,0,0,0,3,0,0,1,0,0,1,6
P420219,Sinner Eau de Parfum,KVD Beauty,Fragrance,1.6667,Medium Risk,100.0,False,4,1,1,1,0,0,11,10,0,0,1,0,0,0,29
P483466,Tattoo Pencil Liner Waterproof Long-Wear Gel Eyeliner,KVD Beauty,Makeup,1.0,Low Risk,85.71,False,0,0,0,0,0,0,0,0,0,0,0,0,0,0,0
P501592,Everlasting Hyperlight Vegan Transfer-Proof Liquid Lipstick,KVD Beauty,Makeup,1.125,Low Risk,80.0,False,2,0,1,1,0,0,0,0,0,0,0,0,0,0,4
P468169,Mini Tattoo Liner Vegan Waterproof Liquid Eyeliner,KVD Beauty,Makeup,1.3333,Low Risk (Limited Data),69.23,False,2,0,1,2,0,0,0,1,0,0,0,0,0,1,7
P441024,Lock-It Powder Foundation,KVD Beauty,Makeup,1.0,Low Risk,80.0,False,0,0,0,0,0,0,0,0,0,0,0,0,0,0,0
P454732,Everlasting Blush,KVD Beauty,Makeup,1.0357,Low Risk,87.5,False,1,0,0,0,0,0,0,1,0,0,0,0,0,1,3
P464781,Dazzle Vegan Long-Wear Eyeshadow Stick,KVD Beauty,Makeup,1.0227,Low Risk,81.48,False,1,0,0,0,0,0,0,2,0,0,0,0,0,1,4
P420218,Saint Eau de Parfum Travel Spray,KVD Beauty,Fragrance,1.6154,Medium Risk,100.0,False,4,1,1,1,0,0,6,5,0,0,1,0,0,0,19
P481106,Good Apple Lightweight Full-Coverage Concealer,KVD Beauty,Makeup,1.0536,Low Risk,80.0,False,1,0,2,0,0,0,0,1,0,0,0,0,0,1,5
P438613,Mini Lock-It Full-Coverage Long-Wear Matte Liquid Foundation,KVD Beauty,Mini Size,1.0192,Low Risk,89.66,False,0,0,0,0,0,0,0,0,0,0,0,0,0,1,1
P454032,XO Vinyl Lip Cream Lip Gloss,KVD Beauty,Makeup,1.0333,Low Risk,93.75,False,1,0,0,0,0,0,0,0,0,0,0,0,0,0,1
P475569,ModCon Long-Wear Hydrating Liquid-Gel Contour,KVD Beauty,Makeup,1.0333,Low Risk (Limited Data),65.22,False,1,0,0,0,0,0,0,2,0,0,0,0,0,1,4
P504366,Good Apple Full-Coverage Transfer-Proof Vegan Serum Foundation,KVD Beauty,Makeup,1.0167,Low Risk,93.75,False,1,0,0,0,0,0,0,2,0,0,0,0,0,1,4
P442770,Go Big or Go Home Long-Wear Vegan Volumizing Mascara,KVD Beauty,Makeup,1.0417,Low Risk (Limited Data),57.14,False,1,0,0,0,0,0,0,2,0,0,0,0,0,1,4
P463638,Kitten Mini: Glamrok Shade + Light Eyeshadow Quad,KVD Beauty,Makeup,1.0455,Low Risk,82.5,False,1,0,0,1,0,0,0,1,0,0,0,0,0,1,4
P418801,Lock-It Finishing Powder Refill,KVD Beauty,Makeup,1.0357,Low Risk,87.5,False,1,0,0,0,0,0,0,2,0,0,0,0,0,1,4
P454733,Kitten Mini: Purrfect Cat Eyes Mini Mascara & Eyeliner Set,KVD Beauty,Makeup,1.1579,Low Risk (Limited Data),59.38,False,2,0,1,2,0,0,0,2,0,0,0,0,0,1,8
P460562,Shake Primer High-Impact Invisible Eyeshadow Primer,KVD Beauty,Makeup,1.0833,Low Risk (Limited Data),60.0,False,1,0,0,0,0,0,0,1,0,0,0,0,0,1,3
P447557,Lock-It Powder Foundation Refills,KVD Beauty,Makeup,1.0,Low Risk,80.0,False,0,0,0,0,0,0,0,0,0,0,0,0,0,0,0
P446787,Mini Go Big or Go Home Long-Wear Vegan Volumizing Mascara,KVD Beauty,Mini Size,1.0417,Low Risk (Limited Data),57.14,False,1,0,0,0,0,0,0,2,0,0,0,0,0,1,4
P472980,ModCon Liquid-Gel Blush,KVD Beauty,Makeup,1.0588,Low Risk,80.95,False,2,0,0,0,0,0,0,0,0,0,0,0,0,0,2
P462706,Epic Curl Vegan Lash Primer,KVD Beauty,Makeup,1.0882,Low Risk (Limited Data),60.71,False,1,0,0,0,0,0,0,3,0,0,1,0,0,1,6
P504596,Lock-It Vegan Pore-Refining Hydrating Primer with Rice Water,KVD Beauty,Makeup,1.0385,Low Risk (Limited Data),68.42,False,1,0,0,0,0,0,0,2,0,0,0,0,0,1,4
P504620,Mini Everlasting Hyperlight Vegan Transfer-Proof Liquid Lipstick,KVD Beauty,Makeup,1.1316,Low Risk,79.17,False,2,0,1,1,0,0,0,0,0,0,0,0,0,0,4
P307907,Hand Cream,L'Occitane,Bath & Body,1.4286,Low Risk,75.68,True,1,0,1,0,0,2,9,10,0,0,0,0,1,2,26
P107319,Cleansing And Softening Refillable Shower Oil With Almond Oil,L'Occitane,Bath & Body,1.3871,Low Risk,88.57,True,2,0,0,0,0,2,9,11,0,0,0,0,1,2,27
P162554,Almond Smoothing and Beautifying Supple Skin Oil,L'Occitane,Bath & Body,1.5,Medium Risk (Limited Data),66.67,False,0,0,0,0,0,0,5,4,0,0,0,0,0,0,9
P425327,Mini Hand Cream,L'Occitane,Mini Size,1.2037,Low Risk,96.43,False,2,0,0,0,0,0,5,7,0,0,0,0,0,2,16
P66703,Almond Milk Concentrate,L'Occitane,Bath & Body,1.1481,Low Risk,79.41,False,1,0,0,0,0,0,4,3,0,0,0,0,0,1,9
P387512,Shea Nail And Cuticle Oil,L'Occitane,Makeup,1.3947,Low Risk,100.0,False,0,0,0,0,0,0,10,9,0,0,0,0,0,0,19
P238001,Shea Butter Ultra Rich Body Cream,L'Occitane,Bath & Body,1.2727,Low Risk,76.74,False,2,0,1,0,0,0,10,12,0,0,0,0,0,1,26
P39678,Shea Butter Rich Body Lotion,L'Occitane,Bath & Body,1.375,Low Risk,91.43,True,2,0,0,0,0,2,9,11,0,0,0,0,1,2,27
P39950,Lavender Harvest Foaming Bath,L'Occitane,Bath & Body,1.3182,Low Risk,91.67,False,0,0,0,0,0,0,3,3,1,0,0,0,0,1,8
P392873,Almond Exfoliating And Smoothing Delicious Paste,L'Occitane,Bath & Body,1.2059,Low Risk,77.27,False,0,0,0,0,0,0,4,5,0,0,0,1,0,1,11
P39675,100 percent Pure Shea Butter,L'Occitane,Bath & Body,,Insufficient Data,0.0,False,0,0,0,0,0,0,0,0,0,0,0,0,0,0,0
P387511,Immortelle Divine Cream,L'Occitane,Skincare,1.2609,Low Risk (Limited Data),45.1,False,2,0,0,0,0,0,6,7,0,0,0,0,0,1,16
P392869,Moisturizing And Smoothing Milk Veil,L'Occitane,Bath & Body,1.1379,Low Risk,76.32,False,2,0,0,0,0,0,4,5,0,0,0,0,0,1,12
P449167,Shea Butter Intensive Hand Balm,L'Occitane,Bath & Body,1.0526,Low Risk,82.61,False,0,0,0,0,0,0,1,1,0,0,0,0,0,0,2
P442735,Almond Delightful Body Balm,L'Occitane,Bath & Body,1.125,Low Risk,96.0,False,0,0,0,0,0,0,4,4,0,0,0,0,0,0,8
P428817,Shea Shower Oil,L'Occitane,Bath & Body,1.4118,Low Risk,80.95,False,0,0,1,0,0,0,8,8,0,0,0,0,0,0,17
P451282,Shea Butter Foot Cream,L'Occitane,Bath & Body,1.1852,Low Risk,93.1,False,1,0,0,0,0,0,5,8,0,0,0,0,0,2,16
P39890,Verbena Shower Gel,L'Occitane,Bath & Body,1.375,Low Risk,88.89,False,0,0,0,0,0,0,8,7,1,0,0,0,0,0,16
P442734,Immortelle Reset Overnight Reset Oil-In Serum,L'Occitane,Skincare,1.0789,Low Risk,79.17,False,1,0,0,0,0,0,1,2,0,0,0,0,0,1,5
P457273,Immortelle Overnight Reset Eye Serum,L'Occitane,Skincare,1.0217,Low Risk (Limited Data),58.97,False,1,0,0,0,0,0,0,2,0,0,0,0,0,1,4
P457274,Hand Cream Trio,L'Occitane,Skincare,1.2979,Low Risk,78.33,True,2,0,1,0,0,2,10,12,0,0,0,0,1,3,31
P416341,Crème de la Mer Moisturizer,La Mer,Skincare,1.3043,Low Risk (Limited Data),54.76,False,0,0,1,0,0,0,8,7,0,0,0,0,0,0,16
P426501,Mini Crème de la Mer Moisturizer,La Mer,Skincare,1.2917,Low Risk (Limited Data),55.81,False,0,0,1,0,0,0,8,7,0,0,0,0,0,0,16
P461949,The Concentrate Serum,La Mer,Skincare,1.1897,Low Risk (Limited Data),59.18,False,1,0,1,1,1,0,3,5,0,0,0,0,0,2,14
P480613,The Treatment Lotion,La Mer,Skincare,1.1795,Low Risk (Limited Data),55.71,False,2,0,1,1,0,0,6,7,0,0,0,0,0,1,18
P482024,Mini The Treatment Lotion,La Mer,Skincare,1.1795,Low Risk (Limited Data),55.71,False,2,0,1,1,0,0,6,7,0,0,0,0,0,1,18
P475124,The Hydrating Infused Emulsion,La Mer,Skincare,1.1625,Low Risk (Limited Data),66.67,False,1,0,1,1,0,0,6,6,0,0,0,0,0,1,16
P455924,The Eye Concentrate Cream,La Mer,Skincare,1.0686,Low Risk (Limited Data),57.95,False,1,0,1,1,0,0,1,2,0,0,0,0,0,1,7
P417241,The Renewal Oil,La Mer,Skincare,1.2375,Low Risk (Limited Data),57.14,False,1,0,1,1,0,0,10,10,0,0,0,0,0,1,24
P417242,The Lip Balm,La Mer,Skincare,1.1429,Low Risk (Limited Data),57.14,False,1,0,0,1,0,0,3,2,0,0,0,0,0,1,8
P450290,The Regenerating Serum,La Mer,Skincare,1.119,Low Risk (Limited Data),46.67,False,1,0,0,0,0,0,6,7,0,0,0,0,0,1,15
P429637,The Moisturizing Cool Gel Cream,La Mer,Skincare,1.2143,Low Risk (Limited Data),63.64,False,1,0,1,1,1,0,6,6,0,0,0,0,0,1,17
P416344,The Cleansing Foam,La Mer,Skincare,1.1346,Low Risk (Limited Data),48.15,False,3,0,0,0,0,0,3,3,0,0,0,0,0,1,10
P505160,The Moisturizing Soft Cream Moisturizer,La Mer,Skincare,1.1667,Low Risk (Limited Data),55.81,False,2,0,1,1,1,0,6,6,0,0,0,0,0,1,18
P417107,The Moisturizing Soft Lotion,La Mer,Skincare,1.1977,Low Risk (Limited Data),56.58,False,1,0,1,1,1,0,7,7,0,0,0,0,0,1,19
P417118,The Broad Spectrum SPF 50 UV Protecting Fluid,La Mer,Skincare,1.1429,Low Risk (Limited Data),62.5,False,1,0,0,0,0,0,6,7,0,0,0,0,0,1,15
P421249,The Moisturizing Matte Lotion,La Mer,Skincare,1.2159,Low Risk (Limited Data),59.46,False,1,0,1,1,0,0,9,10,0,0,0,0,0,1,23
P444964,The Lip Volumizer,La Mer,Skincare,1.0948,Low Risk (Limited Data),63.74,False,4,0,1,1,0,0,3,4,0,0,0,0,0,0,13
P480450,The Lip Polish,La Mer,Makeup,1.11,Low Risk (Limited Data),66.67,False,3,0,0,1,0,0,4,3,0,0,0,0,0,1,12
P417111,The Eye Balm Intense,La Mer,Skincare,1.1136,Low Risk (Limited Data),57.89,False,2,0,0,0,0,0,4,5,0,0,1,0,0,1,13
P448182,The Hydrating Illuminator,La Mer,Makeup,1.1538,Low Risk (Limited Data),65.82,False,1,0,1,1,0,0,8,8,0,0,0,0,0,2,21
P431416,The Replenishing Oil Exfoliator,La Mer,Skincare,1.1731,Low Risk (Limited Data),49.06,False,1,0,0,1,0,0,4,5,0,0,0,0,0,1,12
P417243,The Tonic,La Mer,Skincare,1.1667,Low Risk (Limited Data),60.0,False,3,0,0,1,0,0,2,2,0,0,0,0,0,1,9
P417114,The Cleansing Micellar Water,La Mer,Skincare,1.2273,Low Risk (Limited Data),53.66,False,2,0,0,0,0,0,6,7,0,0,0,0,0,1,16
P417116,The Body Crème,La Mer,Bath & Body,1.1633,Low Risk (Limited Data),55.68,False,0,0,0,0,0,0,10,10,0,0,0,0,0,0,20
P416538,The Lifting and Firming Mask,La Mer,Skincare,1.125,Low Risk (Limited Data),42.72,False,1,0,0,0,0,0,6,7,0,0,0,0,0,1,15
P417115,The Intensive Revitalizing Mask,La Mer,Skincare,1.0909,Low Risk (Limited Data),55.0,False,1,0,0,1,0,0,4,5,0,0,0,0,0,1,12
P416725,The Revitalizing Hydrating Serum,La Mer,Skincare,1.16,Low Risk (Limited Data),52.63,False,2,0,1,1,0,0,8,10,0,0,0,0,0,1,23
P433962,Treatment Lotion Hydrating Mask,La Mer,Skincare,1.1463,Low Risk (Limited Data),56.94,False,2,0,1,0,0,0,6,8,0,0,0,0,0,1,18
P428636,Mini The Cleansing Foam,La Mer,Skincare,1.1346,Low Risk (Limited Data),48.15,False,3,0,0,0,0,0,3,3,0,0,0,0,0,1,10
P428637,Mini The Lifting and Firming Mask,La Mer,Skincare,1.125,Low Risk (Limited Data),42.72,False,1,0,0,0,0,0,6,7,0,0,0,0,0,1,15
P461950,Mini The Concentrate Serum,La Mer,Skincare,1.1897,Low Risk (Limited Data),59.18,False,1,0,1,1,1,0,3,5,0,0,0,0,0,2,14
P417110,The Lifting Eye Serum,La Mer,Skincare,1.0893,Low Risk (Limited Data),49.12,False,2,0,1,0,0,0,1,2,0,0,0,0,0,1,7
P475961,Crème de La Mer Duet,La Mer,Skincare,1.2917,Low Risk (Limited Data),55.81,False,0,0,1,0,0,0,8,7,0,0,0,0,0,0,16
P428639,Mini The Renewal Oil,La Mer,Skincare,1.2317,Low Risk (Limited Data),58.57,False,1,0,1,1,0,0,10,10,0,0,0,0,0,1,24
P454083,The Renewal Body Oil Balm,La Mer,Bath & Body,1.2576,Low Risk (Limited Data),60.0,False,0,0,1,1,0,0,9,8,0,0,0,0,0,0,19
P430405,Mini The Moisturizing Cool Gel Cream,La Mer,Skincare,1.2143,Low Risk (Limited Data),63.64,False,1,0,1,1,1,0,6,6,0,0,0,0,0,1,17
P459501,The Perfecting Primer,La Mer,Makeup,1.1735,Low Risk (Limited Data),61.25,False,1,0,1,1,0,0,6,9,0,0,1,0,0,2,21
P501264,The Hydrating Treatment Lotion & Crème Set,La Mer,Skincare,1.1596,Low Risk (Limited Data),55.95,False,1,0,1,0,0,0,8,9,0,0,0,0,0,1,20
P308201,Teint Idole Ultra 24H Long Wear Matte Foundation,Lancôme,Makeup,1.0263,Low Risk,70.37,False,0,0,0,0,0,0,0,0,0,0,0,0,0,0,0
P128706,Cils Booster XL Super-Enhancing Mascara Primer,Lancôme,Makeup,1.2727,Low Risk (Limited Data),52.38,False,2,1,0,2,0,0,0,0,0,0,1,0,0,0,6
P467208,Lash Idôle Lash-Lifting & Volumizing Mascara,Lancôme,Makeup,1.0833,Low Risk,75.0,False,1,0,1,0,0,0,0,2,1,0,0,0,0,1,6
P379510,Advanced Génifique Radiance Boosting Face Serum,Lancôme,Skincare,1.1765,Low Risk,70.83,False,1,0,1,0,0,0,3,3,0,0,0,0,0,1,9
P375939,La Vie Est Belle,Lancôme,Fragrance,1.6842,Medium Risk,90.48,False,3,0,1,2,0,0,12,11,0,0,0,0,0,0,29
P54509,Tonique Confort Re-Hydrating Comforting Toner with Acacia Honey,Lancôme,Skincare,1.375,Low Risk (Limited Data),69.57,False,3,1,0,2,0,0,3,3,0,0,1,0,0,1,14
P453825,Hydra Zen Glow Liquid Lightweight Moisturizer with Hyaluronic Acid,Lancôme,Skincare,1.0714,Low Risk,76.09,False,0,0,0,0,0,0,1,3,0,0,0,0,0,1,5
P473717,Teint Idole Ultra Wear All Over Full Coverage Concealer,Lancôme,Makeup,1.0476,Low Risk (Limited Data),67.74,False,1,0,0,0,0,0,0,4,0,0,0,0,0,1,6
P419848,Monsieur Big Volumizing Mascara,Lancôme,Makeup,1.0714,Low Risk (Limited Data),68.29,False,1,0,0,1,0,0,0,1,1,0,0,0,0,1,5
P54477,Bi-Facil Double-Action Eye Makeup Remover,Lancôme,Makeup,1.4444,Low Risk (Limited Data),64.29,False,0,0,0,0,0,0,4,3,0,0,0,0,0,0,7
P431511,L'Absolu Lacquer Long-Lasting Liquid Lipstick,Lancôme,Makeup,1.1935,Low Risk,83.78,False,4,0,1,0,0,0,4,5,0,0,0,0,0,1,15
P422430,Hydra Zen Gel-Cream Oil-Free Moisturizer with Salicylic Acid,Lancôme,Skincare,1.4038,Low Risk,81.25,True,4,1,1,0,1,1,5,7,0,0,1,0,1,1,23
P399503,DRAMA LIQUI-PENCIL Longwear Eyeliner,Lancôme,Makeup,1.0,Low Risk,84.62,False,0,0,0,0,0,0,0,0,0,0,0,0,0,0,0
P54450,Dèfinicils High Definition Lengthening Mascara,Lancôme,Makeup,1.2353,Low Risk (Limited Data),62.96,False,2,1,0,3,0,0,0,0,0,0,1,0,0,0,7
P457812,Juicy Tubes Original Lip Gloss,Lancôme,Makeup,1.0714,Low Risk,82.35,False,0,0,0,0,0,0,1,1,0,0,0,0,0,0,2
P470041,"UV Expert Aquagel Defense Sunscreen, Primer & Moisturizer SPF 50 Duo",Lancôme,Skincare,1.1136,Low Risk (Limited Data),64.71,False,2,0,1,0,0,0,1,2,0,0,0,0,0,1,7
P375841,Advanced Génifique Yeux Light-Pearl Eye Serum,Lancôme,Skincare,1.1389,Low Risk (Limited Data),66.67,False,2,0,1,1,0,0,0,1,0,0,0,0,0,1,6
P467209,Mini Lash Idôle Lash-Lifting & Volumizing Mascara,Lancôme,Mini Size,1.0833,Low Risk,75.0,False,1,0,1,0,0,0,0,2,1,0,0,0,0,1,6
P244911,L'Absolu Rouge Cream Lipstick,Lancôme,Makeup,1.2308,Low Risk (Limited Data),60.47,False,0,0,1,0,0,0,6,6,0,0,0,0,0,0,13
P428823,SKIN FEELS GOOD Tinted Moisturizer with SPF 23,Lancôme,Makeup,1.14,Low Risk,86.21,False,3,0,0,2,0,0,0,2,0,0,0,0,0,1,8
P470536,Clarifique Exfoliating & Hydrating Face Essence with Glycolic Acid,Lancôme,Skincare,1.1053,Low Risk (Limited Data),67.86,False,1,0,1,0,0,0,0,3,0,0,0,0,0,0,5
P54419,DUAL FINISH – Multi-tasking Longwear Powder Foundation,Lancôme,Makeup,1.5833,Medium Risk,80.0,True,1,1,0,0,0,1,14,13,0,0,1,0,0,1,32
P244006,HYPNÔSE DRAMA Instant Full Body Volume Mascara,Lancôme,Makeup,1.2083,Low Risk (Limited Data),60.0,False,1,0,1,2,0,0,0,0,0,0,0,0,0,0,4
P448111,Idôle Eau de Parfum,Lancôme,Fragrance,1.6667,Medium Risk,87.5,False,3,0,1,0,0,0,15,14,0,0,0,0,0,0,33
P422457,Mini Cils Booster XL Super-Enhancing Mascara Primer,Lancôme,Mini Size,1.2727,Low Risk (Limited Data),52.38,False,2,1,0,2,0,0,0,0,0,0,1,0,0,0,6
P472981,Advanced Génifique Wrinkle & Dark Circle Eye Cream,Lancôme,Skincare,1.1053,Low Risk (Limited Data),69.09,False,1,0,1,0,0,0,4,6,0,0,0,0,0,0,12
P479971,Rénergie H.C.F. Triple Serum: For Plumping & Anti-Aging,Lancôme,Skincare,1.1795,Low Risk,72.22,False,3,0,1,0,0,0,5,8,0,0,0,0,0,1,18
P500706,Teint Idole Ultra Wear Care & Glow Foundation​ with Hyaluronic Acid,Lancôme,Makeup,1.1897,Low Risk (Limited Data),56.86,False,1,0,1,0,0,0,6,6,0,0,0,0,0,1,15
P422464,Mini Monsieur Big Mascara,Lancôme,Mini Size,1.0714,Low Risk (Limited Data),68.29,False,1,0,0,1,0,0,0,1,1,0,0,0,0,1,5
P54443,ARTLINER Precision Felt-Tip Liquid Eyeliner,Lancôme,Makeup,1.1667,Low Risk,80.77,False,2,0,1,2,0,0,0,1,0,0,0,0,0,0,6
P468688,Teint Idole Ultra Wear 5-In-1 Foundation Stick,Lancôme,Makeup,1.0769,Low Risk,72.22,False,0,0,0,0,1,0,0,0,0,0,0,0,0,0,1
P502761,Advanced Génifique Night Cream with Triple Ceramide Complex,Lancôme,Skincare,1.129,Low Risk (Limited Data),67.39,False,1,0,0,0,0,0,4,6,0,0,0,0,0,0,11
P65300,Hypnôse Volumizing Mascara,Lancôme,Makeup,1.1739,Low Risk,76.67,False,2,1,0,3,0,0,0,0,0,0,1,0,0,0,7
P437230,L'Absolu Rouge Drama Matte Lipstick,Lancôme,Makeup,1.1452,Low Risk (Limited Data),62.0,False,0,0,0,0,0,0,5,6,0,0,0,0,0,0,11
P429440,Monsieur Big Waterproof Mascara,Lancôme,Makeup,1.0536,Low Risk,71.79,False,0,0,0,1,0,0,0,0,1,0,0,0,0,0,2
P219008,La Base Pro Perfecting and Smoothing Makeup Primer,Lancôme,Makeup,1.25,Low Risk,100.0,False,0,0,0,0,0,0,0,0,0,0,0,0,0,0,0
P217932,Crème Radiance Gentle Cleansing Creamy-Foam Cleanser,Lancôme,Skincare,1.3889,Low Risk,75.0,True,1,0,0,0,0,1,5,5,0,0,0,0,1,0,13
P54433,Le Lip Liner,Lancôme,Makeup,1.0476,Low Risk,84.0,False,1,0,0,0,0,0,0,0,0,0,0,0,0,0,1
P453826,Rénergie Lift Multi-Action Ultra Dark Spot Correcting Cream SPF 30,Lancôme,Skincare,1.1818,Low Risk (Limited Data),63.46,False,3,0,1,0,0,0,4,5,0,0,0,0,0,1,14
P467630,Rénergie Lift Multi-Action Ultra Dark Circle Correcting Eye Cream,Lancôme,Skincare,1.1618,Low Risk,79.07,False,2,0,1,0,0,0,4,6,0,0,0,0,0,1,14
P262303,Hypnôse Drama Instant Full Body Volume Waterproof Mascara,Lancôme,Makeup,1.2083,Low Risk (Limited Data),60.0,False,1,0,1,2,0,0,0,0,0,0,0,0,0,0,4
P54444,LE STYLO WATERPROOF - Long Lasting Eyeliner,Lancôme,Makeup,1.0,Low Risk (Limited Data),64.29,False,0,0,0,0,0,0,0,0,0,0,0,0,0,0,0
P54417,DÉFINICILS WATERPROOF - High Definition Mascara,Lancôme,Makeup,1.119,Low Risk,72.41,False,2,0,0,2,0,0,0,0,0,0,0,0,0,0,4
P293302,HYPNÔSE DOLL LASHES Mascara,Lancôme,Makeup,1.0476,Low Risk,72.41,False,0,0,1,0,0,0,1,2,0,0,0,0,0,0,4
P375938,Trésor Midnight Rose,Lancôme,Fragrance,1.6538,Medium Risk,100.0,False,3,0,1,2,0,0,7,6,0,0,0,0,0,0,19
P481824,Idôle Ultra-Precise Felt Tip Liquid Eyeliner,Lancôme,Makeup,1.2083,Low Risk (Limited Data),63.16,False,1,0,1,1,0,0,0,1,1,0,0,0,0,1,6
P422456,Mini Bi-Facil Double-Action Eye Makeup Remover,Lancôme,Mini Size,1.4444,Low Risk (Limited Data),64.29,False,0,0,0,0,0,0,4,3,0,0,0,0,0,0,7
P484054,La Vie Est Belle Travel Spray,Lancôme,Fragrance,1.6842,Medium Risk,90.48,False,3,0,1,2,0,0,12,11,0,0,0,0,0,0,29
P375937,Trésor,Lancôme,Fragrance,1.7727,Medium Risk,91.67,True,1,0,1,2,0,1,15,14,0,0,0,0,1,0,35
P217931,Tonique Radiance Clarifying Refining Toner,Lancôme,Skincare,1.7222,Medium Risk (Limited Data),64.29,True,0,0,1,0,0,1,5,4,0,0,0,0,1,0,12
P425810,La Vie Est Belle L'Eclat Eau de Parfum,Lancôme,Fragrance,1.65,Medium Risk,83.33,False,3,0,1,2,0,0,12,11,0,0,0,0,0,0,29
P433569,Fix It Forget It Setting Spray,Lancôme,Makeup,1.0714,Low Risk,82.35,False,1,0,1,0,0,0,0,2,0,0,0,0,0,1,5
P474843,Absolue Soft Cream Revitalizing & Brightening Moisturizer,Lancôme,Skincare,1.1951,Low Risk,74.55,False,4,0,1,0,0,0,6,8,0,0,0,0,0,1,20
P474844,Absolue Revitalizing Eye Cream,Lancôme,Skincare,1.141,Low Risk,72.22,False,2,0,1,0,1,0,3,5,0,0,0,0,0,1,13
P482025,Absolue Rich Cream Moisturizer,Lancôme,Skincare,1.1905,Low Risk,80.77,False,3,0,1,0,1,0,6,9,0,0,0,0,0,1,21
P434531,Mini Fix It Forget It Setting Spray,Lancôme,Mini Size,1.0714,Low Risk,82.35,False,1,0,1,0,0,0,0,2,0,0,0,0,0,1,5
P430813,Advanced Génifique Hydrogel Melting Mask,Lancôme,Skincare,1.1296,Low Risk (Limited Data),69.23,False,2,0,0,0,0,0,4,5,0,0,0,0,0,1,12
P102813,HYPNOSE WATERPROOF - Custom Volume Mascara,Lancôme,Makeup,1.1562,Low Risk (Limited Data),61.54,False,1,0,1,2,0,0,0,0,0,0,0,0,0,0,4
P481112,Lash Idôle Lash-Lifting & Volumizing Waterproof Mascara,Lancôme,Makeup,1.1071,Low Risk (Limited Data),66.67,False,0,0,1,1,0,0,0,0,0,0,0,0,0,0,2
P422428,Hydra Zen Anti-Stress Moisturizing Face Cream,Lancôme,Skincare,1.2241,Low Risk,72.5,False,2,0,0,1,0,0,7,8,0,0,0,0,0,1,19
P500503,Le 8 Hypnôse Serum-Infused Volumizing Mascara,Lancôme,Makeup,1.0735,Low Risk,75.56,False,1,0,0,0,0,0,1,3,1,0,0,0,0,1,7
P376135,Rénergie Lift Multi-Action Night Cream,Lancôme,Skincare,1.1897,Low Risk,70.73,False,1,0,1,0,0,0,6,7,0,0,0,0,0,1,16
P398675,La Vie Est Belle Body Lotion,Lancôme,Bath & Body,1.3167,Low Risk,73.17,False,2,0,0,1,0,0,10,11,0,0,0,0,0,1,25
P433461,Rose Sugar Scrub,Lancôme,Skincare,1.2857,Low Risk,73.68,False,3,1,0,0,0,0,1,2,0,0,1,0,0,0,8
P379009,Rénergie Lift Multi-Action Day Cream with SPF 15 - All Skin Types,Lancôme,Skincare,1.1667,Low Risk,73.33,False,2,0,0,0,0,0,6,8,0,0,0,0,0,1,17
P403701,Mini HYPNÔSE DRAMA Mascara,Lancôme,Makeup,1.0417,Low Risk (Limited Data),63.16,False,1,0,0,0,0,0,0,1,0,0,0,0,0,1,3
P447607,Rose Milk Re-Hydrating Mist,Lancôme,Skincare,1.2308,Low Risk,78.79,False,3,0,0,0,0,0,5,6,0,0,0,0,0,1,15
P447608,Rose Sorbet Cryo-Mask,Lancôme,Skincare,1.2857,Low Risk (Limited Data),66.67,False,2,0,1,0,0,0,1,2,0,0,0,0,0,1,7
P432847,Mini DÉFINICILS - High Definition Mascara,Lancôme,Mini Size,1.2105,Low Risk,73.08,False,2,1,0,3,0,0,0,0,0,0,1,0,0,0,7
P454029,Rènergie Lift Multi-Action Ultra Double-Wrapping Cream Face Mask,Lancôme,Skincare,1.2083,Low Risk (Limited Data),64.29,False,3,0,0,1,0,0,6,8,0,0,0,0,0,1,19
P502840,Mini Advanced Génifique Radiance Boosting Face Serum,Lancôme,Mini Size,1.1765,Low Risk,70.83,False,1,0,1,0,0,0,3,3,0,0,0,0,0,1,9
P502196,Priming Serum 24 Hour Hydrating Solid Smoothing Primer,Lancôme,Makeup,1.1364,Low Risk,86.84,False,1,0,0,0,0,0,4,8,0,0,1,0,0,1,15
P438362,Tonique Confort Hydrating & Toning Duo,Lancôme,Skincare,1.375,Low Risk (Limited Data),69.57,False,3,1,0,2,0,0,3,3,0,0,1,0,0,1,14
P451737,Advanced Génifique Face & Eye Serum Set,Lancôme,Skincare,1.1667,Low Risk (Limited Data),65.85,False,2,0,1,1,0,0,3,3,0,0,0,0,0,1,11
P505452,Clarifique Pro-Solution Brightening & Dark Spot Reducing Serum,Lancôme,Skincare,1.2105,Low Risk,79.17,False,3,0,1,0,0,0,1,3,0,0,0,0,0,0,8
P502823,Absolue The Serum,Lancôme,Skincare,1.2167,Low Risk,73.17,False,1,0,1,0,0,0,6,7,0,0,0,0,0,0,15
P504465,Genifique Routine Set,Lancôme,Skincare,1.1293,Low Risk (Limited Data),66.67,False,3,0,1,0,0,0,6,8,0,0,0,0,0,1,19
P501751,Absolue Rose 80 Brightening Toner with Salicylic Acid,Lancôme,Skincare,1.25,Low Risk,85.71,False,1,0,0,0,0,0,5,5,0,0,0,0,0,0,11
P505457,Eyes to Idolize Set,Lancôme,Makeup,1.1,Low Risk (Limited Data),68.18,False,1,0,1,1,0,0,0,2,1,0,0,0,0,1,7
P505455,Glam Lashes on the Go Set,Lancôme,Makeup,1.1515,Low Risk (Limited Data),68.75,False,3,1,1,2,0,0,0,2,1,0,1,0,0,1,12
P481823,ash Idôle Waterproof Mascara,Lancôme,Makeup,1.1071,Low Risk (Limited Data),66.67,False,0,0,1,1,0,0,0,0,0,0,0,0,0,0,2
P420652,Lip Sleeping Mask Intense Hydration with Vitamin C,LANEIGE,Skincare,1.087,Low Risk (Limited Data),67.65,False,0,0,0,1,0,0,1,0,0,0,0,0,0,0,2
P443563,Lip Glowy Balm,LANEIGE,Skincare,1.1562,Low Risk (Limited Data),44.44,False,1,0,0,1,0,0,1,1,0,0,0,0,0,1,5
P457508,Glowy Makeup Serum,LANEIGE,Makeup,1.0323,Low Risk (Limited Data),58.49,False,0,0,0,0,0,0,0,1,0,0,1,0,0,0,2
P446930,Cream Skin Toner & Moisturizer,LANEIGE,Skincare,1.0,Low Risk,86.67,False,0,0,0,0,0,0,0,1,0,0,0,0,0,0,1
P454313,Cica Sleeping Mask,LANEIGE,Skincare,1.0,Low Risk (Limited Data),64.29,False,0,0,0,0,0,0,0,1,0,0,0,0,0,0,1
P469490,Lip Treatment Balm,LANEIGE,Skincare,1.0625,Low Risk,75.0,False,0,0,0,0,0,0,1,1,0,0,0,0,0,0,2
P482693,Water Bank Blue Hyaluronic Cream Moisturizer,LANEIGE,Skincare,1.0714,Low Risk,71.79,False,0,0,0,0,0,0,1,2,0,0,1,0,0,0,4
P466134,Radian-C Cream with Vitamin C,LANEIGE,Skincare,1.1739,Low Risk,79.31,False,0,0,0,0,0,0,5,5,0,0,0,0,0,0,10
P479330,Water Sleeping Mask with Squalane,LANEIGE,Skincare,1.1579,Low Risk (Limited Data),57.58,False,0,0,0,0,0,0,3,4,0,0,1,0,0,0,8
P482692,Water Bank Blue Hyaluronic Serum,LANEIGE,Skincare,1.0833,Low Risk,80.0,False,0,0,0,0,0,0,1,2,0,0,1,0,0,0,4
P460514,Cream Skin Milk Oil Cleanser,LANEIGE,Skincare,1.0,Low Risk,79.31,False,0,0,0,0,0,0,0,1,0,0,0,0,0,0,1
P460513,Cream Skin Mist,LANEIGE,Skincare,1.0,Low Risk,86.67,False,0,0,0,0,0,0,0,1,0,0,0,0,0,0,1
P503867,Retinol Firming Cream Treatment with Peptides + Hyaluronic Acid,LANEIGE,Skincare,1.0952,Low Risk,77.78,False,1,0,0,1,0,0,1,2,0,0,1,0,1,0,7
P501030,Radian-C Brightening Treatment Essence,LANEIGE,Skincare,1.1667,Low Risk (Limited Data),66.67,False,0,0,1,0,0,0,2,2,0,0,0,0,0,0,5
P504212,Berries n' Choco Kisses Set,LANEIGE,Skincare,1.0926,Low Risk (Limited Data),49.09,False,0,0,0,1,0,0,2,1,0,0,0,0,0,0,4
P482695,Water Bank Blue Hyaluronic Gel Moisturizer,LANEIGE,Skincare,1.1111,Low Risk,75.0,False,0,0,0,0,0,0,1,2,0,0,1,0,0,0,4
P481825,Hydro UV Defense Sunscreen Broad Spectrum SPF 50+,LANEIGE,Skincare,1.1875,Low Risk (Limited Data),55.17,True,0,0,0,0,0,1,5,5,0,0,0,0,1,0,12
P482696,Water Bank Blue Hyaluronic Eye Cream,LANEIGE,Skincare,1.0278,Low Risk (Limited Data),67.92,False,0,0,0,0,0,0,1,1,0,0,0,0,0,0,2
P484055,Water Bank Blue Hyaluronic Hydration Set,LANEIGE,Skincare,1.037,Low Risk (Limited Data),65.85,False,0,0,0,0,0,0,1,2,0,0,1,0,0,0,4
P459116,Mini Cream Skin Toner & Moisturizer,LANEIGE,Skincare,1.0,Low Risk,80.0,False,0,0,0,0,0,0,0,1,0,0,0,0,0,0,1
P504208,Midnight to Morning Hydration Set,LANEIGE,Skincare,1.0889,Low Risk (Limited Data),59.21,False,0,0,0,1,0,0,3,4,0,0,1,0,0,0,9
P482694,Mini Water Bank Blue Hyaluronic Cream Moisturizer,LANEIGE,Skincare,1.0714,Low Risk,71.79,False,0,0,0,0,0,0,1,2,0,0,1,0,0,0,4
P500982,Water Bank Cleansing Foam,LANEIGE,Skincare,1.14,Low Risk (Limited Data),59.52,False,2,0,0,0,0,0,1,3,1,0,0,0,0,2,9
P503868,BTS |  Amorepacific Lip Sleeping Mask Lip & Pop Edition Set,LANEIGE,Skincare,1.0946,Low Risk (Limited Data),58.73,False,1,0,1,1,0,0,2,3,0,0,0,0,0,1,9
P482698,Water Bank Blue Hyaluronic Exfoliating Toner,LANEIGE,Skincare,1.0714,Low Risk (Limited Data),66.67,False,0,0,0,0,0,0,1,1,0,0,0,0,0,0,2
P482697,Water Bank Blue Hyaluronic Revitalizing Toner,LANEIGE,Skincare,1.1176,Low Risk,77.27,False,0,0,0,0,0,0,1,2,0,0,1,0,0,0,4
P503934,Besties Set,LANEIGE,Skincare,1.0903,Low Risk (Limited Data),59.5,False,2,0,0,1,0,0,3,6,1,0,1,0,0,2,16
P109908,Translucent Loose Setting Powder,Laura Mercier,Makeup,1.1538,Low Risk (Limited Data),68.42,False,1,0,0,2,0,0,0,0,0,0,0,0,0,0,3
P293605,Caviar Stick Eye Shadow,Laura Mercier,Makeup,1.0208,Low Risk,100.0,False,0,0,0,0,0,0,0,0,0,0,0,0,0,0,0
P422083,Mini Translucent Loose Setting Powder,Laura Mercier,Mini Size,1.1053,Low Risk,100.0,False,1,0,0,2,0,0,0,0,0,0,0,0,0,0,3
P109936,Tinted Moisturizer Natural Skin Perfector Broad Spectrum SPF 30,Laura Mercier,Makeup,1.0741,Low Risk (Limited Data),69.23,False,2,0,0,1,0,0,0,2,0,0,0,0,0,1,6
P140906,Tinted Moisturizer Oil Free Natural Skin Perfector Broad Spectrum SPF 20,Laura Mercier,Makeup,1.1579,Low Risk (Limited Data),67.86,False,3,0,0,2,0,0,0,1,0,0,0,0,0,1,7
P379031,Matte Radiance Baked Powder Compact,Laura Mercier,Makeup,1.0179,Low Risk,96.55,False,1,0,0,0,0,0,0,1,0,0,0,0,0,1,3
P433131,Blush Color Infusion,Laura Mercier,Makeup,1.0312,Low Risk,100.0,False,1,0,0,0,0,0,0,1,0,0,0,0,0,1,3
P109911,Secret Brightening Powder for Under Eyes,Laura Mercier,Makeup,1.0,Low Risk,72.0,False,0,0,0,0,0,0,0,0,0,0,0,0,0,0,0
P429050,Flawless Fusion Ultra Longwear Concealer,Laura Mercier,Makeup,1.0357,Low Risk,80.0,False,1,0,0,0,0,0,0,2,0,0,0,0,0,1,4
P500622,Ultra-Blur Talc-Free Translucent Loose Setting Powder,Laura Mercier,Makeup,1.0263,Low Risk,100.0,False,1,0,0,0,0,0,0,1,0,0,0,0,0,0,2
P440268,Flawless Lumière Radiance-Perfecting Foundation,Laura Mercier,Makeup,1.0556,Low Risk,80.0,False,1,0,0,0,0,0,0,2,0,0,1,0,0,1,5
P422082,Tinted Moisturizer Natural Skin Perfector Broad Spectrum SPF 30 Mini,Laura Mercier,Mini Size,1.1094,Low Risk,71.11,False,4,0,0,2,0,0,0,2,0,0,0,0,0,1,9
P109931,Secret Camouflage Concealer,Laura Mercier,Makeup,1.0714,Low Risk,72.41,False,2,0,0,0,0,0,0,1,0,0,0,0,0,1,4
P109906,Lip Glacé Lip Gloss,Laura Mercier,Makeup,1.0312,Low Risk,84.21,False,2,0,0,0,0,0,0,0,0,0,0,0,0,0,2
P473319,Caviar Stick Eye Shadow - Roseglow Collection,Laura Mercier,Makeup,1.0,Low Risk,90.91,False,0,0,0,0,0,0,0,0,0,0,0,0,0,0,0
P109927,Eye Basics Primer,Laura Mercier,Makeup,1.1522,Low Risk,82.14,False,3,0,0,2,0,0,0,1,0,0,0,0,0,1,7
P414034,Candleglow Sheer Perfecting Powder,Laura Mercier,Makeup,1.0588,Low Risk,89.47,False,0,0,0,0,0,0,1,1,0,0,0,0,0,0,2
P427041,Velour Extreme Matte Lipstick,Laura Mercier,Makeup,1.0357,Low Risk,87.5,False,1,0,0,0,0,0,0,0,0,0,0,0,0,0,1
P381714,Smooth Finish Foundation Powder,Laura Mercier,Makeup,1.1316,Low Risk,79.17,False,2,0,0,2,0,0,0,0,0,0,0,0,0,0,4
P482286,Tinted Moisturizer Blush,Laura Mercier,Makeup,1.0139,Low Risk,85.71,False,1,0,0,0,0,0,0,1,0,0,0,0,0,0,2
P466665,Mini Tinted Moisturizer Oil Free Natural Skin Perfector Broad Spectrum SPF 20,Laura Mercier,Mini Size,1.1579,Low Risk (Limited Data),67.86,False,3,0,0,2,0,0,0,1,0,0,0,0,0,1,7
P467957,Secret Camouflage Correct and Brighten Concealer Duo Stick,Laura Mercier,Makeup,1.0455,Low Risk,82.5,False,1,0,1,0,0,0,0,1,0,0,0,0,0,0,3
P443744,Rouge Essentiel Silky Cream Lipstick,Laura Mercier,Makeup,1.0476,Low Risk,75.0,False,2,0,0,0,0,0,0,0,0,0,0,0,0,0,2
P454942,Pure Canvas Primer - Hydrating,Laura Mercier,Makeup,1.0312,Low Risk (Limited Data),57.14,False,1,0,0,0,0,0,0,0,0,0,0,0,0,0,1
P480180,Jumbo Translucent Loose Setting Powder & Velour Puff,Laura Mercier,Makeup,1.0952,Low Risk,100.0,False,1,0,0,2,0,0,0,0,0,0,0,0,0,0,3
P285323,Tightline Cake Eye Liner,Laura Mercier,Makeup,1.1944,Low Risk,85.71,False,1,0,1,2,0,0,0,1,0,0,0,0,0,1,6
P433852,Translucent Loose Setting Powder - Glow Finish,Laura Mercier,Makeup,1.0263,Low Risk,100.0,False,1,0,0,0,0,0,0,1,0,0,0,0,0,1,3
P435359,Mini Translucent Loose Setting Powder Glow,Laura Mercier,Mini Size,1.0263,Low Risk,100.0,False,1,0,0,0,0,0,0,1,0,0,0,0,0,1,3
P380667,Almond Coconut Soufflé Body Crème,Laura Mercier,Bath & Body,1.2031,Low Risk (Limited Data),69.57,False,4,1,0,3,0,0,1,1,0,0,1,0,0,1,12
P433850,Translucent Pressed Setting Powder,Laura Mercier,Makeup,1.0,Low Risk,100.0,False,0,0,0,0,0,0,0,1,0,0,0,0,0,0,1
P501817,Mini RoseGlow Caviar Stick Eyeshadow Trio,Laura Mercier,Makeup,1.0238,Low Risk,95.45,False,0,0,0,0,0,0,0,0,0,0,0,0,0,0,0
P454941,Pure Canvas Primer - Blurring,Laura Mercier,Makeup,1.0833,Low Risk,90.0,False,1,0,0,1,0,0,0,1,0,0,0,0,0,1,4
P453906,Mini Pure Canvas Primer - Hydrating,Laura Mercier,Makeup,1.0312,Low Risk (Limited Data),57.14,False,1,0,0,0,0,0,0,0,0,0,0,0,0,0,1
P501504,Petal Soft Lipstick Crayon,Laura Mercier,Makeup,1.0577,Low Risk,83.87,False,3,0,0,0,0,0,0,0,0,0,0,0,0,0,3
P500437,RoseGlow Blush Color Infusion,Laura Mercier,Makeup,1.0,Low Risk,100.0,False,0,0,0,0,0,0,0,0,0,0,0,0,0,0,0
P454943,Pure Canvas Primer - Illuminating,Laura Mercier,Makeup,1.0,Low Risk,75.86,False,0,0,0,0,0,0,0,0,0,0,0,0,0,0,0
P255110,Smooth Focus Pressed Setting Powder - Shine Control,Laura Mercier,Makeup,1.0625,Low Risk,76.19,False,1,0,0,0,1,0,0,1,0,1,0,0,0,1,5
P109941,Kohl Eye Pencil,Laura Mercier,Makeup,1.0,Low Risk (Limited Data),62.5,False,0,0,0,0,0,0,0,0,0,0,0,0,0,0,0
P443743,Longwear Lip Liner,Laura Mercier,Makeup,1.1538,Low Risk,92.86,False,0,0,0,2,0,0,0,0,0,0,0,0,0,0,2
P454946,Mini Pure Canvas Primer - Blurring,Laura Mercier,Makeup,1.0833,Low Risk,90.0,False,1,0,0,1,0,0,0,1,0,0,0,0,0,1,4
P380664,Crème Brûlée Soufflé Body Crème,Laura Mercier,Bath & Body,1.2121,Low Risk (Limited Data),49.25,False,4,1,0,4,0,0,1,2,0,0,1,0,0,1,14
P479972,Tinted Moisturizer Light Revealer Natural Skin Illuminator Broad Spectrum SPF 25,Laura Mercier,Makeup,1.0435,Low Risk (Limited Data),67.65,False,2,0,0,0,0,0,0,2,0,0,0,0,0,1,5
P504012,Real Flawless Weightless Perfecting Foundation,Laura Mercier,Makeup,1.0,Low Risk (Limited Data),68.18,False,0,0,0,0,0,0,0,0,0,0,0,0,0,0,0
P109943,Eyebrow Pencil,Laura Mercier,Makeup,1.0,Low Risk,82.35,False,0,0,0,0,0,0,0,0,0,0,0,0,0,0,0
P502987,Translucent Loose Setting Powder – Pink Tone-Up for Brightening,Laura Mercier,Makeup,1.1,Low Risk,100.0,False,1,0,0,2,0,0,0,0,0,0,0,0,0,0,3
P467956,Mini Pure Canvas Primer Illuminating,Laura Mercier,Makeup,1.0,Low Risk,73.33,False,0,0,0,0,0,0,0,0,0,0,0,0,0,0,0
P504190,Tinted Moisturizer Bronzer,Laura Mercier,Makeup,1.0345,Low Risk,82.86,False,2,0,0,0,0,0,0,2,0,0,0,0,0,1,5
P500414,RoseGlow Highlighting Powder,Laura Mercier,Makeup,1.0,Low Risk,100.0,False,0,0,0,0,0,0,0,0,0,0,0,0,0,0,0
P483668,Translucent Pure Setting Spray 16HR,Laura Mercier,Makeup,1.0625,Low Risk (Limited Data),66.67,False,1,0,0,0,0,0,0,2,0,0,0,0,0,1,4
P483669,Mini Translucent Pure Setting Spray 16HR,Laura Mercier,Makeup,1.0625,Low Risk (Limited Data),66.67,False,1,0,0,0,0,0,0,2,0,0,0,0,0,1,4
P461182,Mini Translucent Loose Setting Powder - Honey,Laura Mercier,Mini Size,1.1053,Low Risk,100.0,False,1,0,0,2,0,0,0,0,0,0,0,0,0,0,3
P468175,Forget The Filler Lip Plumper Line Smoothing Gloss,LAWLESS,Makeup,1.0238,Low Risk,70.0,False,1,0,0,0,0,0,0,1,0,0,0,0,0,1,3
P480326,Forget The Filler Overnight Lip Plumping Mask,LAWLESS,Makeup,1.0441,Low Risk (Limited Data),69.39,False,1,0,0,0,0,0,1,2,0,0,0,0,0,0,4
P504609,Forget the Filler Lip-Plumping Line-Smoothing Tinted Lip Balm,LAWLESS,Makeup,1.0385,Low Risk,70.27,False,1,0,0,0,0,0,0,2,0,0,0,0,0,1,4
P450514,Mini The Little One Talc-Free Eyeshadow Palette,LAWLESS,Makeup,1.0179,Low Risk (Limited Data),63.64,False,1,0,0,0,0,0,0,0,0,0,0,0,0,0,1
P460814,Make Me Blush Talc-Free Velvet Blush,LAWLESS,Makeup,1.0,Low Risk,72.22,False,0,0,0,0,0,0,0,0,0,0,0,0,0,0,0
P461463,Mini The Baby One Talc-Free Eyeshadow Palette,LAWLESS,Mini Size,1.0,Low Risk,75.76,False,0,0,0,0,0,0,0,0,0,0,0,0,0,0,0
P439204,The One Talc-Free Eyeshadow Palette,LAWLESS,Makeup,1.0152,Low Risk (Limited Data),58.93,False,1,0,0,0,0,0,0,0,0,0,0,0,0,0,1
P483470,Mini Forget The Filler Lip Plumper Line Smoothing Gloss,LAWLESS,Mini Size,1.0238,Low Risk,70.0,False,1,0,0,0,0,0,0,1,0,0,0,0,0,1,3
P454981,Satin Luxe Classic Cream Lipstick,LAWLESS,Makeup,1.0833,Low Risk,90.0,False,2,0,0,0,0,0,1,1,0,0,0,0,0,0,4
P482699,Conseal The Deal Lightweight Full Coverage Concealer with Caffeine,LAWLESS,Makeup,1.0,Low Risk,77.78,False,0,0,0,0,0,0,0,0,0,0,0,0,0,0,0
P475128,Conseal The Deal Long-Wear Full-Coverage Foundation,LAWLESS,Makeup,1.0,Low Risk (Limited Data),68.97,False,0,0,0,0,0,0,0,1,0,0,0,0,0,0,1
P468455,Forget The Filler Definer Lip Liner,LAWLESS,Makeup,1.0,Low Risk,75.0,False,0,0,0,0,0,0,0,0,0,0,0,0,0,0,0
P435713,Seal The Deal Talc-Free Loose Setting Powder,LAWLESS,Makeup,1.0,Low Risk,83.33,False,0,0,0,0,0,0,0,0,0,0,0,0,0,0,0
P458546,Set The Stage Hydrating Primer Serum,LAWLESS,Skincare,1.0682,Low Risk,78.57,False,0,0,1,0,0,0,1,3,0,0,0,0,0,1,6
P449098,Summer Skin Talc-Free Velvet Matte Bronzer,LAWLESS,Makeup,1.0,Low Risk,80.0,False,0,0,0,0,0,0,0,0,0,0,0,0,0,0,0
P478722,Mini The Glam One Talc-Free Eyeshadow Palette,LAWLESS,Mini Size,1.0,Low Risk (Limited Data),64.86,False,0,0,0,0,0,0,0,1,0,0,0,0,0,0,1
P448148,Mini Seal The Deal Talc-Free Loose Setting Powder,LAWLESS,Mini Size,1.0,Low Risk,83.33,False,0,0,0,0,0,0,0,0,0,0,0,0,0,0,0
P502170,Hold Up Soft Set Creamy Eyebrow Wax,LAWLESS,Makeup,1.0278,Low Risk (Limited Data),62.07,False,1,0,0,0,0,0,0,1,0,0,0,0,0,1,3
P475127,Glam Guard Long-Wear Setting Spray,LAWLESS,Makeup,1.25,Low Risk,75.0,False,1,0,1,0,0,0,3,5,0,0,0,0,0,1,11
P472317,The One & Done Volumizing Mascara,LAWLESS,Makeup,1.0,Low Risk,75.0,False,0,0,0,0,0,0,0,0,0,0,0,0,0,0,0
P502178,Shape Up Soft Fill Eyebrow Pencil,LAWLESS,Makeup,1.0,Low Risk,80.0,False,0,0,0,0,0,0,0,0,0,0,0,0,0,0,0
P483670,Mini The One & Done Volumizing Mascara,LAWLESS,Mini Size,1.0,Low Risk,75.0,False,0,0,0,0,0,0,0,0,0,0,0,0,0,0,0
P464265,Satin Luxe Classic Cream Lipstick - Baby,LAWLESS,Makeup,1.0833,Low Risk,90.0,False,2,0,0,0,0,0,1,1,0,0,0,0,0,0,4
P505251,The Lavender One Talc-Free Eyeshadow Palette,LAWLESS,Makeup,1.0,Low Risk,76.67,False,0,0,0,0,0,0,0,1,0,0,0,0,0,0,1
P450886,Mini Lovingly Lip Tinted Lip Oil Duo,lilah b.,Makeup,1.0667,Low Risk (Limited Data),68.18,False,2,0,0,0,0,0,0,0,0,0,0,0,0,0,2
P474342,Mini Lovingly Lip Nourish + Shine Lip Oil Set,lilah b.,Mini Size,1.0312,Low Risk,72.73,False,1,0,0,0,0,0,0,0,0,0,0,0,0,0,1
P421444,Divine Duo Lip & Cheek Blush,lilah b.,Makeup,1.0357,Low Risk,84.85,False,2,0,0,0,0,0,0,0,0,0,0,0,0,0,2
P472318,Lovingly Lip Hyaluronic Treatment Oil,lilah b.,Makeup,1.0,Low Risk (Limited Data),64.29,False,0,0,0,0,0,0,0,0,0,0,0,0,0,0,0
P421441,Aglow Hydrating + Setting Face Mist,lilah b.,Makeup,1.1071,Low Risk (Limited Data),63.64,False,1,0,0,0,0,0,1,4,0,0,0,0,0,2,8
P437317,Mini Aglow Hydrating + Setting Face Mist,lilah b.,Mini Size,1.1071,Low Risk (Limited Data),63.64,False,1,0,0,0,0,0,1,4,0,0,0,0,0,2,8
P427722,Glisten + Glow Highlighting Skin Illuminator,lilah b.,Makeup,1.0,Low Risk (Limited Data),51.52,False,0,0,0,0,0,0,0,0,0,0,0,0,0,0,0
P421448,Virtuous Veil Concealer + Skin Perfector,lilah b.,Makeup,1.0,Low Risk,72.41,False,0,0,0,0,0,0,0,0,0,0,0,0,0,0,0
P421445,Flawless Finish Pressed Setting Powder,lilah b.,Makeup,1.0,Low Risk,87.5,False,0,0,0,0,0,0,0,0,0,0,0,0,0,0,0
P476514,Mini Aglow Golden Priming Oil,lilah b.,Mini Size,1.0556,Low Risk (Limited Data),60.0,False,1,0,0,0,0,0,0,3,0,0,0,0,0,2,6
P434534,Marvelous Matte Crème Foundation,lilah b.,Makeup,1.0263,Low Risk,73.08,False,1,0,0,0,0,0,0,2,0,0,0,0,0,1,4
P454770,Aglow Priming Oil Serum,lilah b.,Makeup,1.1071,Low Risk (Limited Data),60.87,False,0,0,0,0,0,0,2,3,0,0,0,0,0,1,6
P476419,Aglow Golden Priming Oil,lilah b.,Makeup,1.0476,Low Risk,70.0,False,1,0,0,0,0,0,0,3,0,0,0,0,0,2,6
P451888,Glisten & Glow Skin Illuminator- Mini,lilah b.,Makeup,1.0,Low Risk (Limited Data),51.52,False,0,0,0,0,0,0,0,0,0,0,0,0,0,0,0
P471255,Lilly Lashes 3D Faux Mink Lashes,Lilly Lashes,Makeup,,Insufficient Data,0.0,False,0,0,0,0,0,0,0,0,0,0,0,0,0,0,0
P465812,Power Liner - Eyeliner and Lash Adhesive Hybrid,Lilly Lashes,Makeup,1.125,Low Risk,80.0,False,1,0,0,0,0,0,0,3,0,0,0,0,0,1,5
P479331,Click Magnetic Faux Mink Eyelashes,Lilly Lashes,Makeup,,Insufficient Data,0.0,False,0,0,0,0,0,0,0,0,0,0,0,0,0,0,0
P501299,Click Magnetic Faux Mink False Lash Collection,Lilly Lashes,Makeup,,Insufficient Data,0.0,False,0,0,0,0,0,0,0,0,0,0,0,0,0,0,0
P504914,3D Faux Mink Butterfl'eye Half Eyelashes,Lilly Lashes,Makeup,,Insufficient Data,0.0,False,0,0,0,0,0,0,0,0,0,0,0,0,0,0,0
P502057,Click Magnetic Collection Starter Kit—Bestie,Lilly Lashes,Makeup,1.2,Low Risk (Limited Data),50.0,False,1,0,0,0,0,0,0,2,0,0,0,0,0,1,4
P481826,Click Magnetic Value Set,Lilly Lashes,Makeup,,Insufficient Data,0.0,False,0,0,0,0,0,0,0,0,0,0,0,0,0,0,0
P502413,Level Up Lash Serum Value Set,Lilly Lashes,Makeup,1.0625,Low Risk,81.63,False,2,1,0,0,0,0,0,3,0,0,1,0,0,2,9
P501302,Lilly Lashes Click Magnetic Felt Tip Eyeliner,Lilly Lashes,Makeup,1.2,Low Risk (Limited Data),55.56,False,1,0,0,0,0,0,0,2,0,0,0,0,0,1,4
P479332,Click Magnetic Liquid Eyeliner,Lilly Lashes,Makeup,1.2,Low Risk (Limited Data),55.56,False,1,0,0,0,0,0,0,2,0,0,0,0,0,1,4
P501247,Level Up Lash Conditioning Serum,Lilly Lashes,Makeup,1.0641,Low Risk,79.59,False,2,1,0,0,0,0,0,3,0,0,1,0,0,2,9
P399330,Perfect hair Day (PhD) Dry Shampoo,Living Proof,Hair,1.3824,Low Risk (Limited Data),60.71,False,0,0,1,0,0,0,7,9,0,0,0,0,0,0,17
P384533,Perfect Hair Day Shampoo,Living Proof,Hair,1.1765,Low Risk (Limited Data),54.84,False,0,0,0,0,0,0,5,4,0,0,0,0,0,0,9
P383223,Perfect Hair Day (PhD) 5-in-1 Styling Treatment,Living Proof,Hair,1.375,Insufficient Data,38.71,True,0,0,0,0,0,1,3,2,0,0,0,0,1,0,7
P415925,Restore Perfecting Spray,Living Proof,Hair,1.2778,Low Risk (Limited Data),66.67,False,0,0,0,0,0,0,6,7,0,0,0,0,0,0,13
P270706,Full Shampoo,Living Proof,Hair,1.25,Low Risk (Limited Data),44.44,False,0,0,0,0,0,0,5,4,0,0,0,0,0,0,9
P437657,Scalp Care Dry Scalp Treatment,Living Proof,Hair,1.0455,Low Risk,88.0,False,0,0,0,0,0,0,1,2,0,0,0,0,0,0,3
P384534,Perfect Hair Day Conditioner,Living Proof,Hair,1.2105,Low Risk (Limited Data),67.86,False,0,0,0,0,0,0,5,5,0,0,0,0,0,0,10
P296439,Restore Shampoo,Living Proof,Hair,1.1765,Low Risk (Limited Data),50.0,False,0,0,0,0,0,0,5,4,0,0,0,0,0,0,9
P244509,No Frizz Shampoo,Living Proof,Hair,1.1667,Low Risk (Limited Data),56.25,False,0,0,0,0,0,0,5,4,0,0,0,0,0,0,9
P296440,Restore Conditioner,Living Proof,Hair,1.25,Low Risk (Limited Data),62.07,False,0,0,0,0,0,0,5,6,0,0,0,0,0,0,11
P254603,Full Thickening Cream,Living Proof,Hair,1.5,Medium Risk (Limited Data),64.71,True,1,0,0,0,0,1,4,4,0,0,0,0,1,1,12
P501168,Triple Bond Complex Leave-in Hair Treatment,Living Proof,Hair,1.1538,Low Risk (Limited Data),66.67,False,0,0,0,0,0,0,6,6,0,0,0,0,0,0,12
P244510,No Frizz Conditioner,Living Proof,Hair,1.2368,Low Risk (Limited Data),67.86,False,0,0,0,0,0,0,5,6,0,0,0,0,0,0,11
P270707,Full Conditioner,Living Proof,Hair,1.2667,Low Risk (Limited Data),65.22,False,0,0,0,0,0,0,5,5,0,0,0,0,0,0,10
P419620,Perfect Hair Day In-Shower Styler,Living Proof,Hair,1.4643,Low Risk (Limited Data),53.85,True,1,0,0,0,0,1,4,6,0,0,0,0,1,1,14
P440977,Perfect hair Day (PhD) Triple Detox Shampoo,Living Proof,Hair,1.1304,Low Risk (Limited Data),65.71,False,0,0,0,0,0,0,5,5,0,0,0,0,0,0,10
P426023,Mini Restore Perfecting Spray,Living Proof,Mini Size,1.375,Low Risk (Limited Data),68.97,True,1,0,0,0,0,1,5,8,1,0,0,0,1,1,18
P392308,Restore Repair Leave-In,Living Proof,Hair,1.25,Low Risk (Limited Data),59.26,False,0,0,0,0,0,0,6,5,0,0,0,0,0,0,11
P378142,Amp² Instant Texture Volumizer,Living Proof,Hair,1.5,Medium Risk (Limited Data),44.0,True,0,0,0,0,0,1,4,4,0,0,0,0,1,0,10
P454059,Restore Repair Hair Mask,Living Proof,Hair,1.125,Low Risk,80.0,False,0,0,0,0,0,0,5,6,0,0,0,0,0,0,11
P467774,Curl Definer Conditioning Cream,Living Proof,Hair,1.2955,Low Risk (Limited Data),59.46,False,0,0,0,0,0,0,7,8,0,0,0,0,0,0,15
P467773,Curl Enhancer Conditioning Cream,Living Proof,Hair,1.2778,Low Risk (Limited Data),62.79,False,1,0,0,0,0,0,6,11,0,0,0,0,0,1,19
P426026,Mini Perfect Hair Day In-Shower Styler,Living Proof,Mini Size,1.4643,Low Risk (Limited Data),53.85,True,1,0,0,0,0,1,4,6,0,0,0,0,1,1,14
P457231,Mini Perfect Hair Day (PhD) 5-in-1 Styling Treatment,Living Proof,Hair,1.375,Insufficient Data,38.71,True,0,0,0,0,0,1,3,2,0,0,0,0,1,0,7
P468832,Scalp Care Revitalizing Treatment,Living Proof,Hair,1.1296,Low Risk (Limited Data),64.29,False,0,0,1,0,0,0,1,3,0,0,0,0,0,0,5
P501160,Mini Triple Bond Complex Leave-in Hair Treatment,Living Proof,Mini Size,1.1538,Low Risk (Limited Data),66.67,False,0,0,0,0,0,0,6,6,0,0,0,0,0,0,12
P439091,Mini Full Thickening Cream,Living Proof,Hair,1.5,Medium Risk (Limited Data),64.71,True,1,0,0,0,0,1,4,4,0,0,0,0,1,1,12
P467777,Curl Defining Gel,Living Proof,Hair,1.2895,Low Risk,82.61,False,1,0,0,0,0,0,7,8,0,0,0,0,0,1,17
P411028,Full Root Lift,Living Proof,Hair,1.5909,Medium Risk (Limited Data),68.75,True,1,0,1,0,0,1,3,5,0,0,1,0,1,1,14
P501315,No Frizz Vanishing Oil,Living Proof,Hair,1.3571,Low Risk (Limited Data),66.67,True,0,0,0,0,0,1,4,3,0,0,0,0,1,0,9
P467771,Curl Shampoo,Living Proof,Hair,1.14,Low Risk (Limited Data),54.35,False,0,0,0,0,0,0,5,6,0,0,0,0,0,0,11
P454057,No Frizz Intense Moisture Hair Mask,Living Proof,Hair,1.1389,Low Risk,80.0,False,0,0,0,0,0,0,5,7,0,0,0,0,0,0,12
P467772,Curl Conditioner,Living Proof,Hair,1.2083,Low Risk (Limited Data),63.16,False,0,0,0,0,0,0,5,7,0,0,0,0,0,0,12
P467776,Curl Moisturizing Shine Oil,Living Proof,Hair,1.3824,Low Risk (Limited Data),65.38,False,0,0,0,0,0,0,9,8,0,0,0,0,0,0,17
P454058,Perfect Hair Day Weightless Mask,Living Proof,Hair,1.1471,Low Risk,75.56,False,0,0,0,0,0,0,5,7,0,0,0,0,0,0,12
P480456,Mini Curl Definer Conditioning Cream,Living Proof,Hair,1.2955,Low Risk (Limited Data),59.46,False,0,0,0,0,0,0,7,8,0,0,0,0,0,0,15
P425964,Mini Perfect Hair Day Conditioner,Living Proof,Mini Size,1.2105,Low Risk (Limited Data),67.86,False,0,0,0,0,0,0,5,5,0,0,0,0,0,0,10
P467775,Curl Elongator Conditioning Cream,Living Proof,Hair,1.28,Low Risk (Limited Data),62.5,False,0,0,0,0,0,0,7,9,0,0,0,0,0,0,16
P503224,Perfect hair Day Healthy Hair Perfector,Living Proof,Hair,1.1667,Low Risk,73.58,False,0,0,0,0,0,0,7,9,0,0,0,0,0,0,16
P422037,Mini Perfect Hair Day Shampoo,Living Proof,Hair,1.1765,Low Risk (Limited Data),54.84,False,0,0,0,0,0,0,5,4,0,0,0,0,0,0,9
P503236,Mini Perfect hair Day Healthy Hair Perfector,Living Proof,Mini Size,1.1667,Low Risk,73.58,False,0,0,0,0,0,0,7,9,0,0,0,0,0,0,16
P504311,No Frizz Smooth Styling Cream,Living Proof,Hair,1.15,Low Risk (Limited Data),68.97,False,0,0,0,0,0,0,5,4,0,0,0,0,0,0,9
P480454,Mini Curl Shampoo,Living Proof,Hair,1.2609,Low Risk (Limited Data),54.76,False,0,0,0,0,0,0,6,7,0,0,0,0,0,0,13
P504338,No Frizz Smooth Styling Spray,Living Proof,Hair,1.2333,Low Risk (Limited Data),57.69,False,0,0,0,0,0,0,4,5,0,0,0,0,0,0,9
P480455,Mini Curl Conditioner,Living Proof,Hair,1.14,Low Risk (Limited Data),54.35,False,0,0,0,0,0,0,5,6,0,0,0,0,0,0,11
P504450,No Frizz S/C and Mini Styling Cream Set,Living Proof,Hair,1.1184,Low Risk (Limited Data),57.58,False,0,0,0,0,0,0,5,6,0,0,0,0,0,0,11
P504294,No Frizz Smooth Styling Serum,Living Proof,Hair,1.3667,Low Risk (Limited Data),68.18,False,0,0,0,0,0,0,7,6,0,0,0,0,0,0,13
P504287,Mini No Frizz Smooth Styling Cream,Living Proof,Mini Size,1.15,Low Risk (Limited Data),68.97,False,0,0,0,0,0,0,5,4,0,0,0,0,0,0,9
P505050,Perfect Hair Day Jumbo Set,Living Proof,Hair,1.2143,Low Risk (Limited Data),53.03,False,0,0,1,0,0,0,7,8,0,0,0,0,0,0,16
P468384,Higher Standard Satin Matte Cream Blush,LYS Beauty,Makeup,1.0455,Low Risk,75.86,False,2,0,0,0,0,0,0,1,0,0,0,0,0,1,4
P468380,Triple Fix Serum Foundation,LYS Beauty,Makeup,1.0217,Low Risk,76.67,False,1,0,0,0,0,0,0,1,0,0,0,0,0,1,3
P500123,No Limits Cream Bronzer and Contour Stick,LYS Beauty,Makeup,1.0357,Low Risk,70.0,False,1,0,0,0,0,0,0,1,0,0,0,0,0,1,3
P480618,Triple Fix Brightening Concealer,LYS Beauty,Makeup,1.0167,Low Risk,81.08,False,0,0,0,0,0,0,0,0,0,0,0,0,0,1,1
P468383,No Limits Matte Bronzer,LYS Beauty,Makeup,1.0294,Low Risk,85.0,False,1,0,0,0,0,0,0,1,0,0,0,0,0,1,3
P468382,Triple Fix Setting Powder,LYS Beauty,Makeup,1.0312,Low Risk,88.89,False,1,0,0,0,0,0,0,1,0,0,0,0,0,1,3
P468385,Speak Love Glossy Lip Treatment Oil,LYS Beauty,Makeup,1.0278,Low Risk,72.0,False,1,0,0,0,0,0,0,1,0,0,0,0,0,1,3
P503938,Speak Love Moisture Matte Lipstick,LYS Beauty,Makeup,1.0208,Low Risk,77.42,False,1,0,0,0,0,0,0,2,0,0,0,0,0,1,4
P477199,Aim High Pressed Highlighter Powder,LYS Beauty,Makeup,1.0625,Low Risk,94.12,False,1,0,0,0,0,0,0,3,0,0,0,0,0,1,5
P468381,Secure Skin Gripping Serum Primer,LYS Beauty,Makeup,1.1364,Low Risk (Limited Data),68.75,False,1,0,0,0,0,0,0,3,0,0,0,1,0,1,6
P503895,Speak Love Lip Liner Pencil,LYS Beauty,Makeup,1.0357,Low Risk,82.35,False,1,0,0,0,0,0,0,0,0,0,0,0,0,0,1
P476884,Aim High Multi-Use Liquid Highlighter,LYS Beauty,Makeup,1.0455,Low Risk,78.57,False,1,0,0,0,0,0,0,2,0,0,0,0,0,1,4
P505047,High Performance Face Serum with Vitamin C and Hyaluronic Acid,MACRENE actives,Skincare,1.0217,Low Risk,75.41,False,1,0,1,0,0,0,0,2,0,0,0,0,0,1,5
P505140,Plumping High Performance Lip Filler with Hyaluronic Acid,MACRENE actives,Skincare,1.025,Low Risk (Limited Data),68.97,False,0,0,1,0,0,0,0,1,0,0,0,0,0,0,2
P505142,High Performance Eye Cream for Dark Circles with Hyaluronic Acid,MACRENE actives,Skincare,1.0244,Low Risk,87.23,False,0,0,1,0,0,0,1,1,0,0,0,0,0,0,3
P505131,Moisturizing High Performance Face Cream with Peptides,MACRENE actives,Skincare,1.0222,Low Risk,73.77,False,1,0,1,0,0,0,0,1,0,0,0,0,0,1,4
P505133,High Performance Face Cleanser for Clear Skin with Niacinamide,MACRENE actives,Skincare,1.025,Low Risk (Limited Data),68.97,False,0,0,1,0,0,0,0,0,0,0,0,0,0,0,1
P431161,No.04 Bois de Balincourt Perfume Oil,Maison Louis Marie,Fragrance,1.5,Medium Risk,100.0,False,0,0,0,0,0,0,6,5,0,0,0,0,0,0,11
P431160,No.04 Bois de Balincourt Eau de Parfum,Maison Louis Marie,Fragrance,1.1607,Low Risk (Limited Data),56.0,False,1,0,1,0,0,0,5,7,0,0,0,0,0,1,15
P431159,No.04 Bois de Balincourt Candle,Maison Louis Marie,Fragrance,2.0,Medium Risk (Limited Data),50.0,False,0,0,0,0,0,0,1,0,0,0,0,0,0,0,1
P471051,Discovery Eau de Parfum Sampler Set,Maison Louis Marie,Fragrance,1.7857,Medium Risk,87.5,True,0,0,1,0,0,1,11,10,0,0,0,0,1,0,24
P443565,No.04 Bois de Balincourt Eau de Parfum Travel Spray,Maison Louis Marie,Fragrance,1.5714,Medium Risk,100.0,False,0,0,1,0,0,0,5,4,0,0,0,0,0,0,10
P472320,No.04 Bois de Balincourt Perfume Oil Rollerball,Maison Louis Marie,Fragrance,1.5,Medium Risk,100.0,False,0,0,0,0,0,0,6,5,0,0,0,0,0,0,11
P451665,No. 04 Bois de Balincourt Luxury Perfume Gift Set,Maison Louis Marie,Fragrance,1.7778,Medium Risk (Limited Data),69.23,False,0,0,1,0,0,0,8,7,0,0,0,0,0,0,16
P464785,No.04 Bois de Balincourt Deodorant,Maison Louis Marie,Bath & Body,1.0556,Low Risk,90.0,False,0,0,0,0,0,0,1,3,0,0,0,0,0,0,4
P431168,No.09 Vallée de Farney Eau de Parfum,Maison Louis Marie,Fragrance,1.0517,Low Risk (Limited Data),55.77,False,0,0,1,0,0,0,0,1,0,0,0,1,0,0,3
P500316,Discovery Oil Sampler Set,Maison Louis Marie,Fragrance,1.6176,Medium Risk,100.0,False,0,0,0,0,0,0,14,13,0,0,0,0,0,0,27
P473847,No.09 Vallée de Farney Perfume Oil Rollerball,Maison Louis Marie,Bath & Body,1.5714,Medium Risk,100.0,False,0,0,0,0,0,0,11,10,0,0,0,0,0,0,21
P431164,No.02 Le Long Fond Perfume Oil,Maison Louis Marie,Bath & Body,1.5,Medium Risk,100.0,False,0,0,0,0,0,0,6,5,0,0,0,0,0,0,11
P469491,No.12 Bousval Eau de Parfum,Maison Louis Marie,Fragrance,1.0,Low Risk (Limited Data),56.52,False,0,0,0,0,0,0,0,0,0,0,0,0,0,0,0
P431165,No.05 Kandilli Candle,Maison Louis Marie,Bath & Body,2.0,Medium Risk (Limited Data),50.0,False,0,0,0,0,0,0,1,0,0,0,0,0,0,0,1
P431167,No.09 Vallée de Farney Perfume Oil,Maison Louis Marie,Bath & Body,1.5714,Medium Risk,100.0,False,0,0,0,0,0,0,11,10,0,0,0,0,0,0,21
P447751,Antidris Cassis Candle,Maison Louis Marie,Fragrance,2.0,Medium Risk (Limited Data),50.0,False,0,0,0,0,0,0,1,0,0,0,0,0,0,0,1
P473845,No.02 Le Long Fond Perfume Oil Rollerball,Maison Louis Marie,Bath & Body,1.5,Medium Risk,100.0,False,0,0,0,0,0,0,6,5,0,0,0,0,0,0,11
P447753,No.03 L'Etang Noir Perfume Oil,Maison Louis Marie,Bath & Body,1.1538,Low Risk (Limited Data),47.56,False,0,0,0,0,0,0,8,8,0,0,0,0,0,0,16
P431166,No.05 Kandilli Perfume Oil,Maison Louis Marie,Bath & Body,1.6562,Medium Risk,100.0,False,0,0,0,0,0,0,13,12,0,0,0,0,0,0,25
P431158,Antidris Cassis Perfume Oil,Maison Louis Marie,Bath & Body,1.0,Insufficient Data,4.35,False,0,0,0,0,0,0,0,0,0,0,0,0,0,0,0
P467032,No.04 Bois de Balincourt Body and Hand Wash,Maison Louis Marie,Bath & Body,1.18,Low Risk (Limited Data),62.5,False,0,0,0,0,0,0,5,4,1,0,0,0,0,1,11
P431157,Antidris Cassis Eau de Parfum,Maison Louis Marie,Fragrance,1.0,Insufficient Data,29.41,False,0,0,0,0,0,0,0,0,0,0,0,0,0,0,0
P468387,No.04 Bois de Balincourt Diffuser,Maison Louis Marie,Fragrance,1.75,Insufficient Data,25.0,False,0,0,0,0,0,0,2,3,0,0,0,1,0,0,6
P447752,No. 09 Vallee de Farney Candle,Maison Louis Marie,Fragrance,2.0,Medium Risk (Limited Data),50.0,False,0,0,0,0,0,0,1,0,0,0,0,0,0,0,1
P467256,No.12 Bousval Perfume Oil,Maison Louis Marie,Bath & Body,1.025,Low Risk (Limited Data),47.62,False,0,0,0,0,0,0,1,1,0,0,0,0,0,0,2
P447749,Antidris Lavender Candle,Maison Louis Marie,Fragrance,2.0,Medium Risk (Limited Data),50.0,False,0,0,0,0,0,0,1,0,0,0,0,0,0,0,1
P431163,No.02 Le Long Fond Eau de Parfum,Maison Louis Marie,Fragrance,1.11,Low Risk (Limited Data),60.98,False,1,0,1,0,0,0,3,7,0,0,1,2,0,3,18
P469492,No.12 Bousval Candle,Maison Louis Marie,Fragrance,2.0,Medium Risk (Limited Data),50.0,False,0,0,0,0,0,0,1,0,0,0,0,0,0,0,1
P404758,’REPLICA’ By the Fireplace,Maison Margiela,Fragrance,1.6111,Medium Risk,94.74,False,4,0,1,2,0,0,9,8,0,0,0,0,0,0,24
P385358,’REPLICA’ Beach Walk,Maison Margiela,Fragrance,1.7,Medium Risk,71.43,False,0,0,1,0,0,0,16,15,0,0,0,0,0,0,32
P480182,REPLICA' Memory Box Perfume Set,Maison Margiela,Fragrance,1.6026,Medium Risk (Limited Data),66.1,False,8,0,1,2,0,0,21,19,0,0,0,0,0,0,51
P385350,’REPLICA’ Jazz Club,Maison Margiela,Fragrance,1.6176,Medium Risk,89.47,False,5,0,1,1,0,0,8,7,0,0,0,0,0,0,22
P385354,’REPLICA’ Lazy Sunday Morning,Maison Margiela,Fragrance,1.6875,Medium Risk,94.12,False,3,0,1,1,0,0,10,9,0,0,0,0,0,0,24
P466135,REPLICA' Bubble Bath,Maison Margiela,Fragrance,1.6667,Medium Risk,93.75,False,3,0,1,0,0,0,10,9,0,0,0,0,0,0,23
P440447,’REPLICA’ Beach Walk Travel Spray,Maison Margiela,Fragrance,1.7,Medium Risk,71.43,False,0,0,1,0,0,0,16,15,0,0,0,0,0,0,32
P461184,REPLICA' Coffee Break Eau de Toilette,Maison Margiela,Fragrance,1.5882,Medium Risk,77.27,False,4,0,1,0,0,0,9,8,0,0,0,0,0,0,22
P432622,’REPLICA’ By The Fireplace Travel Spray,Maison Margiela,Fragrance,1.6111,Medium Risk,94.74,False,4,0,1,2,0,0,9,8,0,0,0,0,0,0,24
P408227,’REPLICA’ Jazz Club Travel Spray,Maison Margiela,Fragrance,1.6176,Medium Risk,89.47,False,5,0,1,1,0,0,8,7,0,0,0,0,0,0,22
P461185,REPLICA' Coffee Break Eau de Toilette Travel Spray,Maison Margiela,Fragrance,1.5882,Medium Risk,77.27,False,4,0,1,0,0,0,9,8,0,0,0,0,0,0,22
P427008,’REPLICA’ Sailing Day,Maison Margiela,Fragrance,1.6538,Medium Risk,76.47,False,2,0,1,0,0,0,9,8,0,0,0,0,0,0,20
P466136,REPLICA' Bubble Bath Travel Spray,Maison Margiela,Fragrance,1.6667,Medium Risk,93.75,False,3,0,1,0,0,0,10,9,0,0,0,0,0,0,23
P440634,REPLICA' Under the Lemon Trees,Maison Margiela,Fragrance,1.7083,Medium Risk,92.31,False,0,0,0,0,0,0,10,9,0,0,0,0,0,0,19
P479498,REPLICA' When the Rain Stops,Maison Margiela,Fragrance,1.6316,Medium Risk,95.0,False,5,0,1,0,0,0,11,10,0,0,0,0,0,0,27
P440635,REPLICA' Under the Lemon Trees Travel Spray,Maison Margiela,Fragrance,1.7083,Medium Risk,92.31,False,0,0,0,0,0,0,10,9,0,0,0,0,0,0,19
P440448,’REPLICA’ Lazy Sunday Morning Travel Spray,Maison Margiela,Fragrance,1.6875,Medium Risk,94.12,False,3,0,1,1,0,0,10,9,0,0,0,0,0,0,24
P473175,REPLICA' Autumn Vibes,Maison Margiela,Fragrance,1.6,Medium Risk,83.33,False,1,0,1,0,0,0,6,5,0,0,0,0,0,0,13
P473176,REPLICA' Autumn Vibes Travel Spray,Maison Margiela,Fragrance,1.6,Medium Risk,83.33,False,1,0,1,0,0,0,6,5,0,0,0,0,0,0,13
P472168,REPLICA' Matcha Meditation,Maison Margiela,Fragrance,1.6389,Medium Risk,85.71,False,3,0,1,0,0,0,12,11,0,0,0,0,0,0,27
P503905,’REPLICA’ On A Date,Maison Margiela,Fragrance,1.6111,Medium Risk,85.71,False,3,0,1,0,0,0,11,10,0,0,0,0,0,0,25
P419511,REPLICA' By The Fireplace Scented Candle,Maison Margiela,Fragrance,,Insufficient Data,0.0,False,0,0,0,0,0,0,0,0,0,0,0,0,0,0,0
P443390,’REPLICA’ Sailing Day Travel Spray,Maison Margiela,Fragrance,1.6538,Medium Risk,76.47,False,2,0,1,0,0,0,9,8,0,0,0,0,0,0,20
P503924,’REPLICA’ On A Date Travel Spray,Maison Margiela,Fragrance,1.6111,Medium Risk,85.71,False,3,0,1,0,0,0,11,10,0,0,0,0,0,0,25
P479499,REPLICA' When the Rain Stops Travel Spray,Maison Margiela,Fragrance,1.6316,Medium Risk,95.0,False,5,0,1,0,0,0,11,10,0,0,0,0,0,0,27
P419513,REPLICA' Lazy Sunday Morning Scented Candle,Maison Margiela,Fragrance,1.75,Medium Risk (Limited Data),66.67,False,0,0,0,0,0,0,4,4,0,0,0,0,0,0,8
P422045,’REPLICA’ Jazz Club Scented Candle,Maison Margiela,Fragrance,2.0,Insufficient Data,33.33,False,0,0,0,0,0,0,1,1,0,0,0,0,0,0,2
P503234,By the Fireplace and Beach Walk Perfume Duo Set,Maison Margiela,Fragrance,1.6786,Medium Risk,80.0,False,4,0,1,2,0,0,18,17,0,0,0,0,0,0,42
P466666,REPLICA' Beach Vibes Scented Candle,Maison Margiela,Fragrance,1.75,Medium Risk (Limited Data),54.55,False,0,0,0,0,0,0,6,6,0,0,0,0,0,0,12
P468181,REPLICA' Springtime in a Park Scented Candle,Maison Margiela,Fragrance,,Insufficient Data,0.0,False,0,0,0,0,0,0,0,0,0,0,0,0,0,0,0
P502313,REPLICA' By The Fireplace Diffuser,Maison Margiela,Fragrance,1.5,Insufficient Data,8.33,False,0,0,0,0,0,0,1,1,0,0,0,0,0,0,2
P503939,’REPLICA’ On a Date Scented Candle,Maison Margiela,Fragrance,,Insufficient Data,0.0,False,0,0,0,0,0,0,0,0,0,0,0,0,0,0,0
P502411,REPLICA' Lazy Sunday Morning Diffuser,Maison Margiela,Fragrance,,Insufficient Data,0.0,False,0,0,0,0,0,0,0,0,0,0,0,0,0,0,0
P503353,’REPLICA’ Jazz Club Refill Set,Maison Margiela,Fragrance,1.6176,Medium Risk,89.47,False,5,0,1,1,0,0,8,7,0,0,0,0,0,0,22
P502384,REPLICA' Jazz Club Diffuser,Maison Margiela,Fragrance,,Insufficient Data,0.0,False,0,0,0,0,0,0,0,0,0,0,0,0,0,0,0
P430969,"Artist Color Pencil Brow, Eye & Lip Liner",MAKE UP FOR EVER,Makeup,1.0238,Low Risk,84.0,False,1,0,0,0,0,0,0,0,0,0,0,0,0,0,1
P427647,Artist Color Eye Shadow,MAKE UP FOR EVER,Makeup,1.0577,Low Risk,96.3,False,2,0,0,0,0,0,0,1,0,0,0,0,0,2,5
P479712,HD Skin Undetectable Longwear Foundation,MAKE UP FOR EVER,Makeup,1.0806,Low Risk,88.57,False,0,0,1,0,0,0,2,1,0,0,0,0,0,1,5
P398775,Ultra HD Invisible Cover Stick Foundation,MAKE UP FOR EVER,Makeup,1.1034,Low Risk,85.29,False,1,0,0,0,0,0,3,2,0,0,0,0,0,0,6
P183919,Aqua Lip Waterproof Lipliner Pencil,MAKE UP FOR EVER,Makeup,1.0385,Low Risk,76.47,False,0,0,0,0,0,0,0,0,0,0,0,0,0,0,0
P421281,"Artist Face Color Highlight, Sculpt and Blush Powder",MAKE UP FOR EVER,Makeup,1.0577,Low Risk,86.67,False,2,0,0,0,0,0,0,1,0,0,0,0,0,1,4
P439652,Ultra HD Self-Setting Medium Coverage Concealer,MAKE UP FOR EVER,Makeup,1.1111,Low Risk,80.0,False,1,0,0,1,0,0,1,5,0,0,1,0,0,1,10
P415958,Star Lit Powder,MAKE UP FOR EVER,Makeup,1.0333,Low Risk,93.75,False,1,0,0,0,0,0,0,0,0,0,0,0,0,0,1
P454035,Reboot Active Care Revitalizing Foundation,MAKE UP FOR EVER,Makeup,1.1585,Low Risk,80.39,False,3,0,0,1,0,0,4,7,0,0,0,0,0,1,16
P434023,Matte Velvet Skin Full Coverage Foundation,MAKE UP FOR EVER,Makeup,1.1471,Low Risk,80.95,False,3,0,0,0,0,0,4,5,0,0,0,0,0,1,13
P462883,Rouge Artist Lipstick,MAKE UP FOR EVER,Makeup,1.0625,Low Risk (Limited Data),63.16,False,0,0,0,0,0,0,2,3,0,0,0,0,0,0,5
P437364,Star Lit Diamond Powder,MAKE UP FOR EVER,Makeup,1.0,Low Risk,100.0,False,0,0,0,0,0,0,0,0,0,0,0,0,0,0,0
P460730,Aqua Resist Color Pencil Eyeliner,MAKE UP FOR EVER,Makeup,1.025,Low Risk,80.0,False,1,0,0,0,0,0,0,0,0,0,0,0,0,0,1
P417171,Ultra HD Microfinishing Pressed Powder,MAKE UP FOR EVER,Makeup,1.1071,Low Risk,93.33,False,1,0,0,0,0,0,1,2,0,0,0,0,0,1,5
P379925,Smoky Extravagant Mascara,MAKE UP FOR EVER,Makeup,1.119,Low Risk,91.3,False,2,1,0,1,0,0,0,1,0,0,1,0,0,1,7
P460729,Matte Velvet Skin High Coverage Multi-Use Concealer,MAKE UP FOR EVER,Makeup,1.0714,Low Risk,90.32,False,2,0,0,0,0,0,1,1,0,0,0,0,0,1,5
P417172,Ultra HD Microfinishing Loose Powder,MAKE UP FOR EVER,Makeup,1.1667,Low Risk,100.0,False,1,0,0,0,0,0,0,1,0,0,0,0,0,1,3
P500323,Mini HD Skin Undetectable Longwear Foundation,MAKE UP FOR EVER,Makeup,1.0781,Low Risk,91.43,False,0,0,1,0,0,0,2,1,0,0,0,0,0,1,5
P504432,HD Skin Matte Velvet Undetectable Longwear Blurring Powder Foundation,MAKE UP FOR EVER,Makeup,1.0,Low Risk,90.0,False,0,0,0,0,0,0,0,1,0,0,0,0,0,0,1
P171101,Sens’Eyes - Waterproof Sensitive Eye Cleanser,MAKE UP FOR EVER,Makeup,1.0789,Low Risk,70.37,False,1,0,0,0,0,0,0,2,0,0,1,0,0,0,4
P460731,Aqua Resist Smoky Eyeshadow Stick,MAKE UP FOR EVER,Makeup,1.0,Low Risk,76.19,False,0,0,0,0,0,0,0,0,0,0,0,0,0,0,0
P404776,Pro Sculpting Face Palette,MAKE UP FOR EVER,Makeup,1.129,Low Risk,86.11,False,1,0,0,1,0,0,3,2,0,0,0,0,0,0,7
P169812,Aqua Seal,MAKE UP FOR EVER,Makeup,1.0,Low Risk,80.0,False,0,0,0,0,0,0,0,0,0,0,0,0,0,0,0
P476574,Ultra HD Matte Setting Powder,MAKE UP FOR EVER,Makeup,1.0312,Low Risk (Limited Data),40.0,False,0,0,0,0,0,0,0,1,0,0,0,0,0,1,2
P428677,Ultra HD Underpainting Color Correction Palette,MAKE UP FOR EVER,Makeup,1.129,Low Risk,86.11,False,1,0,0,1,0,0,3,2,0,0,0,0,0,0,7
P440956,Ultra HD Invisible Cover Cream Foundation Palette,MAKE UP FOR EVER,Makeup,1.129,Low Risk,86.11,False,1,0,0,1,0,0,3,2,0,0,0,0,0,0,7
P425604,Mini Ultra HD Microfinishing Pressed Powder,MAKE UP FOR EVER,Mini Size,1.1071,Low Risk,93.33,False,1,0,0,0,0,0,1,2,0,0,0,0,0,1,5
P468185,Step 1 Primer Color Corrector - Redness Corrector,MAKE UP FOR EVER,Makeup,1.0556,Low Risk,90.0,False,0,0,1,0,0,0,1,0,0,0,0,0,0,0,2
P500992,Rouge Artist For Ever Matte 24HR Longwear Liquid Lipstick,MAKE UP FOR EVER,Makeup,1.0577,Low Risk,89.66,False,1,0,0,0,0,0,1,0,0,0,0,0,0,0,2
P483474,Aqua Resist Color Ink 24HR Waterproof  Liquid Eyeliner,MAKE UP FOR EVER,Makeup,1.0,Low Risk (Limited Data),55.56,False,0,0,0,0,0,0,0,0,0,0,0,0,0,0,0
P422221,Mini Ultra HD Microfinishing Loose Powder,MAKE UP FOR EVER,Mini Size,1.1667,Low Risk,100.0,False,1,0,0,0,0,0,0,1,0,0,0,0,0,1,3
P468191,Mini Step 1 Primer Pore Minimizer,MAKE UP FOR EVER,Makeup,1.0833,Low Risk,81.82,False,0,0,0,0,0,0,1,0,0,0,0,0,0,0,1
P468186,Color Correcting Step 1 Primers,MAKE UP FOR EVER,Makeup,1.0682,Low Risk,73.33,False,0,0,1,0,0,0,1,0,0,0,0,0,0,0,2
P417174,Ultra HD Skin Booster,MAKE UP FOR EVER,Makeup,1.25,Low Risk,75.0,False,2,0,0,1,0,0,3,4,0,0,0,0,0,1,11
P446310,MiniMist & Fix Hydrating Setting Spray,MAKE UP FOR EVER,Mini Size,1.3333,Low Risk,83.33,False,1,0,0,1,0,0,3,6,0,0,1,0,0,1,13
P468182,Step 1 Primer Pore Minimizer,MAKE UP FOR EVER,Makeup,1.0833,Low Risk,81.82,False,0,0,0,0,0,0,1,0,0,0,0,0,0,0,1
P476549,Rouge Artist Shine On Lipstick,MAKE UP FOR EVER,Makeup,1.1,Low Risk (Limited Data),53.33,False,6,0,0,0,0,0,1,0,0,0,0,0,0,0,7
P468193,Mini Step 1 Primer Hydra Booster,MAKE UP FOR EVER,Makeup,1.0208,Low Risk,82.76,False,0,0,1,0,0,0,0,0,0,0,0,0,0,0,1
P422218,Mini Sens’Eyes - Waterproof Sensitive Eye Cleanser,MAKE UP FOR EVER,Mini Size,1.0789,Low Risk,70.37,False,1,0,0,0,0,0,0,2,0,0,1,0,0,0,4
P428676,Ultra HD Soft Light Liquid Highlighter,MAKE UP FOR EVER,Makeup,1.1667,Low Risk,100.0,False,1,0,1,1,0,0,3,5,0,0,0,0,0,1,12
P454728,Mini Light Velvet Air Shine-Control Refreshing Spray,MAKE UP FOR EVER,Makeup,1.2727,Low Risk,75.86,False,2,0,1,1,0,0,4,5,0,0,0,0,0,1,14
P468192,Mini Step 1 Primer Shine Control,MAKE UP FOR EVER,Makeup,1.25,Low Risk,88.89,False,1,0,0,0,0,0,1,2,0,0,0,0,0,0,4
P468184,Step 1 Primer Hydra Booster,MAKE UP FOR EVER,Makeup,1.0208,Low Risk,82.76,False,0,0,1,0,0,0,0,0,0,0,0,0,0,0,1
P502974,Supreme Nude Lips Rouge Artist Lipstick Duo,MAKE UP FOR EVER,Makeup,1.0893,Low Risk,70.0,False,2,0,0,0,0,0,2,3,0,0,0,0,0,0,7
P386652,Aqua Smoky Extravagant Waterproof Mascara,MAKE UP FOR EVER,Makeup,1.0789,Low Risk,86.36,False,1,0,0,1,0,0,0,1,0,0,0,0,0,1,4
P454727,Light Velvet Air Shine-Control Refreshing Spray,MAKE UP FOR EVER,Makeup,1.2727,Low Risk,75.86,False,2,0,1,1,0,0,4,5,0,0,0,0,0,1,14
P468183,Step 1 Primer Shine Control,MAKE UP FOR EVER,Makeup,1.25,Low Risk,88.89,False,1,0,0,0,0,0,1,2,0,0,0,0,0,0,4
P483473,Aqua Resist Graphic Pen 24HR Waterproof Intense Eyeliner,MAKE UP FOR EVER,Makeup,1.0556,Low Risk (Limited Data),64.29,False,0,0,1,0,0,0,0,1,0,0,0,0,0,0,2
P472989,Aqua Resist Waterproof Tinted Eyebrow Gel,MAKE UP FOR EVER,Makeup,1.0,Low Risk (Limited Data),61.9,False,0,0,0,0,0,0,0,0,0,0,0,0,0,0,0
P501505,The Professionall 24HR Double-Ended Lifting & Volumizing Mascara,MAKE UP FOR EVER,Makeup,1.0484,Low Risk,77.5,False,1,0,0,0,0,0,1,2,0,0,0,0,0,0,4
P472988,Aqua Resist Waterproof Eyebrow Definer Pencil,MAKE UP FOR EVER,Makeup,1.0,Low Risk (Limited Data),61.11,False,0,0,0,0,0,0,0,0,0,0,0,0,0,0,0
P504180,Mini Step 1 Primer Color Corrector – 24HR Redness Control & Hydrating Primer,MAKE UP FOR EVER,Mini Size,1.0556,Low Risk,90.0,False,0,0,1,0,0,0,1,0,0,0,0,0,0,0,2
P472990,Aqua Resist Waterproof Eyebrow Filler Pencil,MAKE UP FOR EVER,Makeup,1.0,Low Risk (Limited Data),61.11,False,0,0,0,0,0,0,0,0,0,0,0,0,0,0,0
P504860,Mist & Fix 24HR Hydrating Setting Spray,MAKE UP FOR EVER,Makeup,1.119,Low Risk,95.45,False,1,0,0,0,0,0,1,2,0,0,1,0,0,0,5
P504863,Mini Mist & Fix 24HR Hydrating Setting Spray,MAKE UP FOR EVER,Makeup,1.119,Low Risk,95.45,False,1,0,0,0,0,0,1,2,0,0,1,0,0,0,5
P504859,Mini Gentle Eye Gel Waterproof Eye & Lip Makeup Remover,MAKE UP FOR EVER,Makeup,1.0,Low Risk,94.12,False,0,0,0,0,0,0,0,1,0,0,0,0,0,0,1
P504861,Gentle Eye Gel Waterproof Eye & Lip Makeup Remover,MAKE UP FOR EVER,Skincare,1.0,Low Risk,94.12,False,0,0,0,0,0,0,0,1,0,0,0,0,0,0,1
P481114,MoistureGlow Plumping Lip Serum,MAKEUP BY MARIO,Makeup,1.0882,Low Risk (Limited Data),58.62,False,1,0,0,0,0,0,1,1,0,0,0,0,0,1,4
P472327,SoftSculpt Shaping Stick,MAKEUP BY MARIO,Makeup,1.0333,Low Risk,83.33,False,0,0,1,0,0,0,0,0,0,0,0,0,0,0,1
P503679,SurrealSkin Liquid Foundation,MAKEUP BY MARIO,Makeup,1.0,Low Risk,82.14,False,0,0,0,0,0,0,0,0,0,0,0,0,0,0,0
P98364786,Master Mattes Eyeshadow Palette,MAKEUP BY MARIO,Makeup,1.0,Low Risk,70.37,False,0,0,0,0,0,0,0,1,0,0,0,0,0,0,1
P477838,Ultra Suede Sculpting Lip Pencil,MAKEUP BY MARIO,Makeup,1.0357,Low Risk,87.5,False,1,0,0,0,0,0,0,0,0,0,0,0,0,0,1
P472324,Soft Pop Blush Stick,MAKEUP BY MARIO,Makeup,1.0,Low Risk,85.71,False,0,0,0,0,0,0,0,0,0,0,0,0,0,0,0
P500452,SoftSculpt Transforming Skin Enhancer,MAKEUP BY MARIO,Makeup,1.0333,Low Risk,71.43,False,1,0,0,0,0,0,0,0,0,0,0,0,0,0,1
P477837,Ultra Suede Lipstick,MAKEUP BY MARIO,Makeup,1.037,Low Risk,87.1,False,2,0,0,0,0,0,0,0,0,0,0,0,0,0,2
P501527,Ethereal Eyes Eyeshadow Palette,MAKEUP BY MARIO,Makeup,1.0128,Low Risk,90.7,False,1,0,0,0,0,0,0,1,0,0,0,0,0,1,3
P472325,Soft Pop Powder Blush,MAKEUP BY MARIO,Makeup,1.0263,Low Risk,100.0,False,1,0,0,0,0,0,0,1,0,0,0,0,0,0,2
P472326,SoftSculpt Bronzer,MAKEUP BY MARIO,Makeup,1.08,Low Risk,92.59,False,2,0,0,0,0,0,0,3,1,0,0,0,0,1,7
P39853698,Master Pigment Pro Eyeliner Pencil,MAKEUP BY MARIO,Makeup,1.0,Low Risk,85.71,False,0,0,0,0,0,0,0,0,0,0,0,0,0,0,0
P33257988,Master Crystal Reflector,MAKEUP BY MARIO,Makeup,1.0,Low Risk (Limited Data),69.23,False,0,0,0,0,0,0,0,1,0,0,0,0,0,0,1
P500403,SoftSculpt Transforming Skin Perfector,MAKEUP BY MARIO,Makeup,1.0238,Low Risk (Limited Data),53.85,False,1,0,0,0,0,0,0,0,0,0,0,0,0,0,1
P481720,Ultra Suede️ Cozy Lip Creme,MAKEUP BY MARIO,Makeup,1.0476,Low Risk,80.77,False,2,0,0,0,0,0,0,0,0,0,0,0,0,0,2
P472328,Soft Glow Highlighter,MAKEUP BY MARIO,Makeup,1.0278,Low Risk,94.74,False,1,0,0,0,0,0,0,0,0,0,0,0,0,0,1
P04456664,Master Eye Prep & Set,MAKEUP BY MARIO,Makeup,1.02,Low Risk,80.65,False,1,0,0,0,0,0,0,1,0,0,0,0,0,1,3
P13211222,Master Secret Glow Highlighter,MAKEUP BY MARIO,Makeup,1.0,Low Risk (Limited Data),50.0,False,0,0,0,0,0,0,0,0,0,0,0,0,0,0,0
P64197382,Master Metals Eyeshadow Palette,MAKEUP BY MARIO,Makeup,,Insufficient Data,0.0,False,0,0,0,0,0,0,0,0,0,0,0,0,0,0,0
P02318798,Master Metallics Eyeshadow Palette,MAKEUP BY MARIO,Makeup,1.0208,Low Risk (Limited Data),44.44,False,1,0,0,0,0,0,0,1,0,0,0,0,0,0,2
P465781,Pro Volume Lip Gloss,MAKEUP BY MARIO,Makeup,1.06,Low Risk,80.65,False,2,0,0,0,0,0,0,1,0,0,0,0,0,0,3
P475575,Master Hold Brow Gel,MAKEUP BY MARIO,Makeup,1.0909,Low Risk,91.67,False,1,0,1,0,0,0,0,1,0,0,0,0,0,0,3
P01018539,Master Mattes Liquid Eyeliner,MAKEUP BY MARIO,Makeup,1.1667,Low Risk (Limited Data),47.37,False,1,0,0,1,0,0,0,1,0,0,0,0,0,1,4
P475576,Master Blade Brow Pencil,MAKEUP BY MARIO,Makeup,1.0455,Low Risk,84.62,False,1,0,0,0,0,0,0,0,0,0,0,0,0,0,1
P477805,Perfecting Lip Scrub,MAKEUP BY MARIO,Makeup,1.0,Low Risk,85.0,False,0,0,0,0,0,0,0,0,0,0,0,0,0,0,0
P87788965,Gentle Makeup Remover Wipes,MAKEUP BY MARIO,Makeup,1.125,Low Risk,70.59,False,0,0,0,0,0,0,1,2,0,0,0,0,0,0,3
P503992,Chia + Moringa Algae Enzyme Cleansing Oil,MARA,Skincare,1.0769,Low Risk (Limited Data),56.52,False,0,0,0,0,0,0,1,2,0,0,0,1,0,1,5
P503991,Algae + Moringa Universal Hydrating Face Oil,MARA,Skincare,1.35,Low Risk (Limited Data),58.82,False,0,0,0,0,0,0,4,5,0,0,0,1,0,1,11
P504026,Mini Algae + Moringa Universal Face Oil,MARA,Skincare,1.35,Low Risk (Limited Data),58.82,False,0,0,0,0,0,0,4,5,0,0,0,1,0,1,11
P504016,Mini Evening Primrose + Green Tea Algae Retinol Face Oil,MARA,Skincare,1.5714,Insufficient Data,31.82,False,1,0,0,0,0,0,4,4,0,0,0,0,1,0,10
P504031,Evening Primrose + Green Tea Algae Retinol Face Oil,MARA,Skincare,1.5,Insufficient Data,36.36,False,1,0,0,0,0,0,4,4,0,0,0,0,1,0,10
P504059,Chlorella + Reishi Sea Vitamin C Sérum,MARA,Skincare,1.1364,Insufficient Data,34.38,False,0,0,0,0,0,0,2,3,0,0,0,1,0,1,7
P504199,Plankton + PHAFlower Acid Algae Serum,MARA,Skincare,1.0217,Low Risk (Limited Data),67.65,False,0,0,0,0,0,0,0,2,0,0,0,0,0,0,2
P504134,Sea Silk Lip Balm,MARA,Skincare,1.0769,Low Risk (Limited Data),46.43,False,0,0,0,0,0,0,0,3,0,0,0,2,0,1,6
P504023,Algae + Zinc Sea Kale Mineral Sunscreen Sérum SPF 30,MARA,Skincare,1.0,Insufficient Data,35.71,False,0,0,0,0,0,0,0,0,0,0,0,0,0,0,0
P504040,Spirulina + Ashwagandha Volcanic Sea Clay Detox Masque,MARA,Skincare,1.0312,Low Risk (Limited Data),55.17,False,0,0,0,0,0,0,1,2,0,0,0,0,0,0,3
P191858,Daisy,Marc Jacobs Fragrances,Fragrance,1.6875,Medium Risk (Limited Data),69.57,True,2,0,1,2,0,1,9,8,0,0,0,0,1,0,24
P442304,Mini Daisy Perfume Set,Marc Jacobs Fragrances,Fragrance,1.6731,Medium Risk,83.87,True,4,0,1,2,0,1,14,14,0,0,0,0,1,0,37
P281424,Daisy Eau so Fresh Eau de Toilette,Marc Jacobs Fragrances,Fragrance,1.75,Medium Risk,76.92,True,3,0,1,2,0,1,12,11,0,0,0,0,1,0,31
P460871,Perfect Eau de Parfum,Marc Jacobs Fragrances,Fragrance,1.5789,Medium Risk,86.36,False,3,0,2,2,0,0,10,9,0,0,0,0,0,0,26
P431151,Daisy Love Eau de Toilette,Marc Jacobs Fragrances,Fragrance,1.625,Medium Risk,92.31,False,4,0,1,2,0,0,13,13,0,0,0,0,0,0,33
P442513,Daisy Love Eau So Sweet,Marc Jacobs Fragrances,Fragrance,1.6458,Medium Risk,88.89,False,3,0,2,2,0,0,14,14,0,0,0,0,0,0,35
P387562,Daisy Dream,Marc Jacobs Fragrances,Fragrance,1.7,Medium Risk,90.91,True,5,0,1,2,0,1,9,9,0,0,0,0,1,0,28
P377464,Daisy Rollerball,Marc Jacobs Fragrances,Fragrance,1.6875,Medium Risk (Limited Data),69.57,True,2,0,1,2,0,1,9,8,0,0,0,0,1,0,24
P460872,Perfect Eau de Parfum Travel Spray,Marc Jacobs Fragrances,Fragrance,1.5789,Medium Risk,86.36,False,3,0,2,2,0,0,10,9,0,0,0,0,0,0,26
P431153,Daisy Love Eau de Toilette Pen Spray,Marc Jacobs Fragrances,Fragrance,1.625,Medium Risk,92.31,False,4,0,1,2,0,0,13,13,0,0,0,0,0,0,33
P387564,Daisy Dream Rollerball,Marc Jacobs Fragrances,Fragrance,1.7105,Medium Risk,82.61,True,4,0,1,2,0,1,9,9,0,0,0,0,1,0,27
P501021,Daisy Ever So Fresh Eau de Parfum,Marc Jacobs Fragrances,Fragrance,1.5909,Medium Risk,91.67,False,3,0,2,0,0,0,13,13,0,0,0,0,0,0,31
P474346,Perfect Intense Eau de Parfum,Marc Jacobs Fragrances,Fragrance,1.5625,Medium Risk,88.89,False,2,0,2,0,0,0,9,8,0,0,0,0,0,0,21
P471261,Daisy Eau So Intense Eau de Parfum,Marc Jacobs Fragrances,Fragrance,1.5588,Medium Risk,89.47,False,3,0,1,2,0,0,9,8,0,0,0,0,0,0,23
P501267,Mini Daisy Perfume Gift Set,Marc Jacobs Fragrances,Fragrance,1.6765,Medium Risk,77.27,True,3,0,1,2,0,1,9,8,0,0,0,0,1,0,25
P377465,Daisy Eau so Fresh Eau de Toilette Rollerball,Marc Jacobs Fragrances,Fragrance,1.75,Medium Risk,76.92,True,3,0,1,2,0,1,12,11,0,0,0,0,1,0,31
P474347,Perfect Intense Eau de Parfum Travel Spray,Marc Jacobs Fragrances,Fragrance,1.5625,Medium Risk,88.89,False,2,0,2,0,0,0,9,8,0,0,0,0,0,0,21
P503831,Daisy Paradise Eau de Toilette,Marc Jacobs Fragrances,Fragrance,1.5714,Medium Risk,93.33,False,2,0,1,0,0,0,9,8,0,0,0,0,0,0,20
P504454,Mini Perfect Eau de Parfum Set,Marc Jacobs Fragrances,Fragrance,1.5789,Medium Risk,86.36,False,3,0,2,2,0,0,10,9,0,0,0,0,0,0,26
P503592,Daisy Penspray Trio Set,Marc Jacobs Fragrances,Fragrance,1.6852,Medium Risk,79.41,True,4,0,1,2,0,1,15,15,0,0,0,0,1,0,39
P501034,Daisy Ever So Fresh Eau de Parfum Penspray,Marc Jacobs Fragrances,Fragrance,1.5909,Medium Risk,91.67,False,3,0,2,0,0,0,13,13,0,0,0,0,0,0,31
P504279,Daisy Love Paradise Eau de Toilette,Marc Jacobs Fragrances,Fragrance,1.6111,Medium Risk,94.74,False,3,0,1,0,0,0,12,11,0,0,0,0,0,0,27
P453666,Daisy Dream Daze,Marc Jacobs Fragrances,Fragrance,1.7,Medium Risk,88.24,False,4,0,0,2,0,0,9,8,0,0,0,0,0,0,23
P504682,Perfect Eau de Toilette,Marc Jacobs Fragrances,Fragrance,1.5294,Medium Risk,94.44,False,4,0,2,0,0,0,8,8,0,0,0,0,0,0,22
P459165,Daisy Dream Petals,Marc Jacobs Fragrances,Fragrance,1.7,Medium Risk,90.91,True,5,0,1,2,0,1,9,9,0,0,0,0,1,0,28
P504168,Daisy Eau So Fresh Paradise Eau de Toilette,Marc Jacobs Fragrances,Fragrance,1.6667,Medium Risk,100.0,False,0,0,1,0,0,0,10,9,0,0,0,0,0,0,20
P505217,Mini Daisy Perfume Set,Marc Jacobs Fragrances,Fragrance,1.6731,Medium Risk,83.87,True,4,0,1,2,0,1,14,14,0,0,0,0,1,0,37
P504857,Daisy Perfume Set,Marc Jacobs Fragrances,Fragrance,1.6765,Medium Risk,77.27,True,3,0,1,2,0,1,9,8,0,0,0,0,1,0,25
P442514,Daisy Love Eau So Sweet Penspray,Marc Jacobs Fragrances,Fragrance,1.6458,Medium Risk,88.89,False,3,0,2,2,0,0,14,14,0,0,0,0,0,0,35
P440498,Drying Lotion,Mario Badescu,Skincare,1.25,Low Risk (Limited Data),60.0,False,1,0,1,0,0,0,0,2,0,0,0,0,0,0,4
P440482,"Facial Spray with Aloe, Herbs and Rosewater",Mario Badescu,Skincare,1.3462,Low Risk,76.47,False,3,0,0,0,0,0,3,4,0,0,0,0,0,1,11
P440503,Lip Balm,Mario Badescu,Skincare,1.0,Low Risk (Limited Data),58.97,False,0,0,0,0,0,0,0,0,0,0,0,0,0,0,0
P440483,"Facial Spray with Aloe, Cucumber and Green Tea",Mario Badescu,Skincare,1.2368,Low Risk,86.36,False,2,0,0,1,0,0,4,5,0,0,0,0,0,0,12
P444967,"Mini Facial Spray with Aloe, Herbs and Rosewater",Mario Badescu,Skincare,1.3462,Low Risk,76.47,False,3,0,0,0,0,0,3,4,0,0,0,0,0,1,11
P440484,"Facial Spray with Aloe, Chamomile and Lavender",Mario Badescu,Skincare,1.2917,Low Risk (Limited Data),63.16,False,3,1,0,1,0,0,0,2,0,0,1,0,0,1,9
P440490,Acne Facial Cleanser,Mario Badescu,Skincare,1.5,Medium Risk,90.48,False,3,1,1,2,0,0,5,7,1,0,1,0,0,0,21
P440502,Hyaluronic Eye Cream,Mario Badescu,Skincare,1.1471,Low Risk (Limited Data),65.38,False,1,0,0,2,0,0,0,1,0,0,0,0,0,0,4
P440486,Glycolic Acid Toner,Mario Badescu,Skincare,1.4375,Low Risk,88.89,False,6,0,0,3,0,0,1,2,0,0,0,0,0,0,12
P440485,Enzyme Cleansing Gel,Mario Badescu,Skincare,1.3667,Low Risk,75.0,False,4,1,0,2,0,0,1,2,0,0,1,0,0,1,12
P444968,"Mini Facial Spray with Aloe, Cucumber and Green Tea",Mario Badescu,Skincare,1.2368,Low Risk,86.36,False,2,0,0,1,0,0,4,5,0,0,0,0,0,0,12
P440489,Glycolic Foaming Cleanser,Mario Badescu,Skincare,1.5556,Medium Risk (Limited Data),56.25,False,1,0,0,2,0,0,1,2,1,0,0,0,0,1,8
P440501,Seaweed Night Cream,Mario Badescu,Skincare,1.25,Low Risk,84.62,False,4,1,0,2,0,0,1,2,0,0,1,0,0,1,12
P440494,Vitamin C Serum,Mario Badescu,Skincare,1.125,Low Risk,100.0,False,1,0,0,0,0,0,0,3,0,0,0,0,0,2,6
P444969,"Mini Facial Spray with Aloe, Chamomile and Lavender",Mario Badescu,Skincare,1.2917,Low Risk (Limited Data),63.16,False,3,1,0,1,0,0,0,2,0,0,1,0,0,1,9
P440496,Buffering Lotion,Mario Badescu,Skincare,1.2,Low Risk,83.33,False,3,0,1,1,0,0,0,3,0,0,0,0,0,1,9
P468690,Rose Body Soap,Mario Badescu,Bath & Body,1.1842,Low Risk,76.0,False,2,0,0,0,0,0,1,2,1,0,0,0,0,2,8
P440491,Botanical Exfoliating Scrub,Mario Badescu,Skincare,1.2692,Low Risk,86.67,False,2,1,0,0,0,0,1,2,1,0,1,0,0,1,9
P440492,Buttermilk Moisturizer,Mario Badescu,Skincare,1.3333,Low Risk,81.82,False,3,1,0,2,0,0,2,3,0,0,1,0,0,0,12
P444615,Witch Hazel & Rosewater Toner,Mario Badescu,Skincare,1.2143,Low Risk,84.0,False,3,0,0,0,0,0,3,5,0,0,0,0,0,1,12
P440499,Silver Powder,Mario Badescu,Skincare,1.0,Insufficient Data,33.33,False,0,0,0,0,0,0,0,0,0,0,0,0,0,0,0
P455909,Facial Spray with Aloe Sage & Orange Blossom,Mario Badescu,Skincare,1.2222,Low Risk,78.26,False,1,0,0,1,0,0,4,5,0,0,0,0,0,0,11
P440493,Oil Free Moisturizer Broad Spectrum SPF 30,Mario Badescu,Skincare,1.0882,Low Risk,80.95,False,1,0,0,0,0,0,1,2,0,0,0,0,0,1,5
P440500,Super Collagen Mask,Mario Badescu,Skincare,1.2692,Low Risk,76.47,False,3,0,0,1,0,0,1,2,0,0,0,0,0,1,8
P460756,Hyaluronic Dew Cream,Mario Badescu,Skincare,1.0962,Low Risk,83.87,False,2,0,0,1,0,0,0,3,0,0,0,0,0,1,7
P474964,"Facial Spray with Aloe Adaptogens, and Coconut Water",Mario Badescu,Skincare,1.0333,Low Risk (Limited Data),68.18,False,1,0,0,0,0,0,0,1,0,0,0,0,0,1,3
P479973,"Mini Facial Spray with Aloe Adaptogens, and Coconut Water",Mario Badescu,Skincare,1.0333,Low Risk (Limited Data),68.18,False,1,0,0,0,0,0,0,1,0,0,0,0,0,1,3
P462378,Anti-Aging Regimen Kit,Mario Badescu,Skincare,1.2812,Low Risk (Limited Data),63.16,False,6,1,0,3,0,0,8,10,1,0,1,0,0,2,32
P462381,Glycolic Eye Cream,Mario Badescu,Skincare,1.2727,Low Risk (Limited Data),55.0,False,1,0,0,2,0,0,0,2,0,0,0,0,0,0,5
P479974,Brightening Eye Serum,Mario Badescu,Skincare,1.0217,Low Risk,71.88,False,1,0,0,0,0,0,0,1,0,0,0,0,0,1,3
P462379,Witch Hazel & Lavender Toner,Mario Badescu,Skincare,1.1389,Low Risk,85.71,False,3,0,0,0,0,0,0,4,0,0,0,0,0,2,9
P462375,Hyaluronic Dew Drops Hydrating Serum,Mario Badescu,Skincare,1.0789,Low Risk,86.36,False,1,0,0,0,0,0,0,4,0,0,0,0,0,1,6
P462384,Spritz. Mist. Glow. Facial Spray Trio,Mario Badescu,Skincare,1.2903,Low Risk,77.5,False,6,1,0,1,0,0,6,9,0,0,1,0,0,2,26
P468196,The Glow Up,Mario Badescu,Skincare,1.2708,Low Risk,71.64,False,7,1,0,3,0,0,8,12,0,0,1,0,0,2,34
P462383,Flower & Tonic Clay Mask,Mario Badescu,Skincare,1.2826,Low Risk (Limited Data),62.16,False,3,0,0,2,0,0,3,3,0,0,0,0,0,1,12
P460757,Brightening Mask with Vitamin C,Mario Badescu,Skincare,1.1176,Low Risk,77.27,False,0,0,0,0,0,0,2,2,0,0,0,0,0,0,4
P462386,Drying Cream,Mario Badescu,Skincare,1.2273,Low Risk (Limited Data),62.26,False,3,0,0,2,0,0,5,7,0,0,0,1,0,1,19
P471784,Gentle Foaming Cleanser,Mario Badescu,Skincare,1.1429,Low Risk,77.78,False,1,0,0,1,0,0,0,3,0,0,0,0,0,1,6
P502709,Mini Mist Collection,Mario Badescu,Skincare,1.2308,Low Risk (Limited Data),58.21,False,6,1,0,1,0,0,6,9,0,0,1,0,0,2,26
P500256,Mineral Sunscreen SPF 30,Mario Badescu,Skincare,1.0238,Low Risk (Limited Data),65.62,False,1,0,0,0,0,0,0,1,0,0,0,0,0,1,3
P462377,Acne Repair Kit,Mario Badescu,Skincare,1.2308,Low Risk (Limited Data),63.93,False,4,0,1,2,0,0,5,9,0,0,0,1,0,1,23
P480330,Grab and Go Set,Mario Badescu,Skincare,1.3158,Low Risk (Limited Data),65.52,False,4,0,1,0,0,0,3,6,0,0,0,0,0,1,15
P481123,burn - jojoba oil massage candle,maude,Bath & Body,1.3889,Low Risk (Limited Data),60.0,False,0,0,0,0,0,0,4,3,0,0,0,0,0,0,7
P481118,Wash - pH-balanced body wash and bubble bath,maude,Bath & Body,1.1667,Low Risk,75.0,False,0,0,0,0,0,0,3,3,1,0,0,0,0,1,8
P481117,"Shine - ultra-hydrating, organic aloe-based personal lubricant",maude,Bath & Body,1.0,Low Risk,73.33,False,0,0,0,0,0,0,0,0,0,0,0,0,0,0,0
P481122,Soak - vitamin-rich mineral bath salts,maude,Bath & Body,1.875,Medium Risk,80.0,False,0,0,0,0,0,0,4,3,0,0,0,0,0,0,7
P481119,"Oil - 100% organic, cold-pressed body and bath oil",maude,Bath & Body,,Insufficient Data,0.0,False,0,0,0,0,0,0,0,0,0,0,0,0,0,0,0
P481120,"Wipe - water-activated, biodegradable wipes",maude,Bath & Body,,Insufficient Data,0.0,False,0,0,0,0,0,0,0,0,0,0,0,0,0,0,0
P481126,Tub Kit - mineral bath salt soak and coconut milk bath set,maude,Bath & Body,1.875,Medium Risk (Limited Data),57.14,False,0,0,0,0,0,0,4,3,0,0,0,0,0,0,7
P481121,Clean - hydrating hand sanitizing spray with coconut oil,maude,Bath & Body,1.0,Low Risk (Limited Data),50.0,False,0,0,0,0,0,0,0,0,0,0,0,0,0,0,0
P503335,burn trio—massage candle gift set,maude,Fragrance,1.3889,Low Risk (Limited Data),60.0,False,0,0,0,0,0,0,4,3,0,0,0,0,0,0,7
P477464,Multi-Use Softening Leave In Conditioner,Melanin Haircare,Hair,1.0,Low Risk (Limited Data),62.5,False,0,0,0,0,0,0,0,0,0,0,0,0,0,0,0
P477463,Multi-Use Pure Oil Blend,Melanin Haircare,Hair,1.0,Low Risk (Limited Data),60.0,False,0,0,0,0,0,0,0,0,0,0,0,0,0,0,0
P477384,African Black Soap Reviving Shampoo,Melanin Haircare,Hair,1.0556,Low Risk (Limited Data),52.94,False,0,0,0,0,0,0,0,1,0,0,0,0,0,1,2
P477493,Twist-Elongating Style Cream,Melanin Haircare,Hair,1.0,Low Risk,82.76,False,0,0,0,0,0,0,0,0,0,0,0,0,0,0,0
P500477,Plumping Deep Conditioner,Melanin Haircare,Hair,1.0333,Low Risk (Limited Data),45.45,False,0,0,0,0,0,0,0,1,0,0,0,0,0,1,2
P444444,Smoke Sessions Eyeshadow Palette,Melt Cosmetics,Makeup,1.0625,Low Risk,85.71,False,2,0,0,0,1,0,0,1,0,1,0,0,0,1,6
P468389,Cream Blushlight,Melt Cosmetics,Makeup,1.125,Low Risk,84.21,False,0,0,0,1,0,0,1,0,0,0,0,0,0,0,2
P444548,Liquid Lipstick,Melt Cosmetics,Makeup,1.0312,Low Risk,88.89,False,0,0,0,0,0,0,0,0,0,0,0,0,0,0,0
P444545,Digital Dust Highlight,Melt Cosmetics,Makeup,1.0,Low Risk,95.45,False,0,0,0,0,0,0,0,1,0,0,0,0,0,0,1
P472478,Ultra-Matte Lipstick,Melt Cosmetics,Makeup,1.175,Low Risk,90.91,False,1,0,0,1,0,0,3,2,0,0,0,0,0,0,7
P462718,Digital Dust Duo Blush,Melt Cosmetics,Makeup,1.0,Low Risk,90.91,False,0,0,0,0,0,0,0,1,0,0,0,0,0,0,1
P481127,Slick Waterline Eye Pencil,Melt Cosmetics,Makeup,1.0,Low Risk,85.71,False,0,0,0,0,0,0,0,0,0,0,0,0,0,0,0
P457824,Four Twenty Eyeshadow Palette,Melt Cosmetics,Makeup,1.0217,Low Risk,79.31,False,1,0,0,0,0,0,0,1,0,0,0,0,0,1,3
P444446,Twenty-Seven Eyeshadow Palette,Melt Cosmetics,Makeup,1.0435,Low Risk,95.83,False,1,0,0,0,1,0,0,1,0,1,0,0,0,1,5
P444547,Blushlight,Melt Cosmetics,Makeup,1.0,Low Risk,83.33,False,0,0,0,0,0,0,0,0,0,0,0,0,0,0,0
P459150,She's In Parties Eyeshadow Palette,Melt Cosmetics,Makeup,1.0294,Low Risk,73.91,False,1,0,0,0,0,0,0,1,0,0,0,0,0,1,3
P501445,Mini Bad Side Zodiac Eyeshadow Palette,Melt Cosmetics,Makeup,1.0,Low Risk (Limited Data),65.52,False,0,0,0,0,0,0,0,1,0,0,0,0,0,0,1
P456964,Rust Eyeshadow Palette,Melt Cosmetics,Makeup,1.0333,Low Risk,71.43,False,1,0,0,0,0,0,0,1,0,0,0,0,0,1,3
P471559,Mary Jane Eyeshadow Palette,Melt Cosmetics,Makeup,1.0208,Low Risk,70.59,False,1,0,0,0,0,0,0,1,0,0,0,0,0,1,3
P455560,Millennial Pinx Eyeshadow Palette,Melt Cosmetics,Makeup,1.0312,Low Risk (Limited Data),57.14,False,1,0,0,0,0,0,0,1,0,0,0,0,0,1,3
P444546,Blush,Melt Cosmetics,Makeup,1.0,Low Risk,70.0,False,0,0,0,0,0,0,0,1,0,0,0,0,0,0,1
P455561,Crushed Glitter Lip Gloss,Melt Cosmetics,Makeup,1.0312,Low Risk,76.19,False,1,0,0,0,0,0,0,2,0,0,0,0,0,1,4
P483477,Gemini Eyeshadow Palette 1,Melt Cosmetics,Makeup,1.0476,Low Risk,100.0,False,1,0,0,0,1,0,0,1,0,1,0,0,0,1,5
P476886,Monarca Blush Palette – Amor y Mariposas Collection,Melt Cosmetics,Makeup,1.0238,Low Risk,75.0,False,1,0,0,0,0,0,0,1,0,0,0,0,0,1,3
P483478,Gemini Eyeshadow Palette 2,Melt Cosmetics,Makeup,1.04,Low Risk,75.76,False,2,0,0,0,0,0,0,1,0,0,0,0,0,1,4
P474348,SexFoil Liquid Highlighter,Melt Cosmetics,Makeup,1.0192,Low Risk,83.87,False,1,0,0,0,0,0,0,2,0,0,0,0,0,1,4
P477201,Perfectionist Lip Pencil,Melt Cosmetics,Makeup,1.0,Low Risk,92.31,False,0,0,0,0,0,0,0,0,0,0,0,0,0,0,0
P473121,Brunet Eyeshadow Palette,Melt Cosmetics,Makeup,1.0192,Low Risk,92.86,False,1,0,0,0,0,0,0,1,0,0,0,0,0,1,3
P462885,The Deep Cream Bronzer and Contour Sculpt Stack,Melt Cosmetics,Makeup,1.0,Low Risk,70.83,False,0,0,0,0,0,0,0,0,0,0,0,0,0,0,0
P478296,Supernatural Lash Mascara,Melt Cosmetics,Makeup,1.0484,Low Risk,83.78,False,1,0,0,0,1,0,0,2,0,0,0,0,0,1,5
P502025,Ultra-Matte Bronzer,Melt Cosmetics,Makeup,1.0,Low Risk,84.21,False,0,0,0,0,0,0,0,1,0,0,0,0,0,0,1
P504916,Perfectionist Brow Gel,Melt Cosmetics,Makeup,1.2,Low Risk,83.33,False,1,0,1,0,0,0,0,2,0,0,1,0,0,1,6
P504920,Perfectionist Brow Ultra-Fine Pen,Melt Cosmetics,Makeup,1.0,Low Risk (Limited Data),54.55,False,0,0,0,0,0,0,0,1,0,0,0,0,0,0,1
P504891,Perfectionist Brow Pencil,Melt Cosmetics,Makeup,1.0,Low Risk (Limited Data),63.64,False,0,0,0,0,0,0,0,0,0,0,0,0,0,0,0
P468691,Shade Slick Tinted Lip Oil,MERIT,Makeup,1.0333,Low Risk (Limited Data),65.22,False,1,0,0,0,0,0,0,0,0,0,0,0,0,0,1
P468693,Flush Balm Cream Blush,MERIT,Makeup,1.0667,Low Risk,78.95,False,0,0,0,1,0,0,0,0,0,0,0,0,0,0,1
P468694,The Minimalist Perfecting Complexion Foundation and Concealer Stick,MERIT,Makeup,1.0435,Low Risk,79.31,False,0,0,0,1,0,0,0,1,0,0,0,0,0,0,2
P481403,Signature Lip Lightweight Lipstick,MERIT,Makeup,1.0526,Low Risk,70.37,False,2,0,0,0,0,0,0,1,0,0,0,0,0,1,4
P501766,Bronze Balm Sheer Sculpting Bronzer,MERIT,Makeup,1.0,Low Risk (Limited Data),61.9,False,0,0,0,0,0,0,0,0,0,0,0,0,0,0,0
P468696,Day Glow Dewy Highlighting Balm,MERIT,Makeup,1.0,Low Risk (Limited Data),58.82,False,0,0,0,0,0,0,0,0,0,0,0,0,0,0,0
P502966,Great Skin Instant Glow Serum with Niacinamide and Hyaluronic Acid,MERIT,Skincare,1.0,Low Risk,90.0,False,0,0,0,0,0,0,0,2,0,0,0,0,0,0,2
P468692,Clean Lash Lengthening Tubing Mascara,MERIT,Makeup,1.1176,Low Risk (Limited Data),62.96,False,1,0,1,0,0,0,0,3,0,0,1,0,0,1,7
P468695,Brow 1980 Volumizing Eyebrow Pomade Gel,MERIT,Makeup,1.0192,Low Risk,76.47,False,1,0,0,0,0,0,0,1,0,0,0,0,0,1,3
P441813,Hydro Grip Hydrating Makeup Primer,MILK MAKEUP,Makeup,1.125,Low Risk,70.59,False,1,0,2,0,0,0,1,3,0,0,0,0,0,1,8
P441814,Mini Hydro Grip Hydrating Makeup Primer,MILK MAKEUP,Makeup,1.125,Low Risk,70.59,False,1,0,2,0,0,0,1,3,0,0,0,0,0,1,8
P437097,Lip + Cheek Cream Blush Stick,MILK MAKEUP,Makeup,1.0893,Low Risk,84.85,False,1,0,0,0,0,0,3,2,0,0,0,0,0,0,6
P404797,Matte Cream Bronzer Stick,MILK MAKEUP,Makeup,1.0625,Low Risk,76.19,False,0,0,0,0,0,0,1,0,0,0,0,0,0,0,1
P429903,KUSH High Volumizing Mascara,MILK MAKEUP,Makeup,1.0789,Low Risk (Limited Data),63.33,False,1,0,0,0,0,0,0,2,0,0,1,0,0,1,5
P463071,Hydro Grip Setting + Refreshing Spray,MILK MAKEUP,Makeup,1.0441,Low Risk (Limited Data),68.0,False,2,0,0,0,0,0,0,3,0,0,0,0,0,1,6
P463072,Mini Hydro Grip Setting + Refreshing Spray,MILK MAKEUP,Makeup,1.0441,Low Risk (Limited Data),68.0,False,2,0,0,0,0,0,0,3,0,0,0,0,0,1,6
P410176,Sunshine Skin Tint Clean SPF 30 Foundation,MILK MAKEUP,Makeup,1.0469,Low Risk,71.11,False,1,0,0,0,0,0,1,3,0,0,0,0,0,1,6
P411508,Holographic Stick,MILK MAKEUP,Makeup,1.025,Low Risk,76.92,False,0,0,0,0,0,0,1,1,0,0,0,0,0,0,2
P453253,Vegan Milk Moisturizer,MILK MAKEUP,Skincare,1.0256,Low Risk,73.58,False,1,0,0,0,0,0,0,4,0,0,0,0,0,1,6
P433125,KUSH Fiber Eyebrow Gel,MILK MAKEUP,Makeup,1.0263,Low Risk,79.17,False,1,0,0,0,0,0,0,1,0,0,0,0,0,1,3
P404795,Cooling Water,MILK MAKEUP,Skincare,1.1071,Low Risk,73.68,False,3,0,0,0,0,0,0,1,0,0,0,0,0,1,5
P404798,Cream Highlighter Stick,MILK MAKEUP,Makeup,1.0833,Low Risk,85.71,False,1,0,0,0,0,0,1,1,0,0,0,0,0,1,4
P500448,Future Fluid All Over Medium Coverage Hydrating Concealer,MILK MAKEUP,Makeup,1.0192,Low Risk,72.22,False,1,0,0,0,0,0,0,2,0,0,0,0,0,1,4
P432232,Mini KUSH High Volumizing Mascara,MILK MAKEUP,Mini Size,1.0789,Low Risk (Limited Data),63.33,False,1,0,0,0,0,0,0,2,0,0,1,0,0,1,5
P425737,Mini Holographic Stick,MILK MAKEUP,Mini Size,1.025,Low Risk,76.92,False,0,0,0,0,0,0,1,1,0,0,0,0,0,0,2
P448151,Flex Foundation Stick,MILK MAKEUP,Makeup,1.2037,Low Risk,84.38,False,0,0,0,0,0,0,7,7,0,0,0,0,0,0,14
P483675,Mini Pore Eclipse Mattifying + Blurring Makeup Primer,MILK MAKEUP,Makeup,1.1,Low Risk (Limited Data),55.56,False,1,0,0,0,0,0,2,4,0,0,0,0,0,1,8
P404793,Sunshine Vitamin C + Squalane Face Oil,MILK MAKEUP,Skincare,1.3929,Low Risk,73.68,False,0,0,0,0,0,0,6,6,0,0,0,1,0,0,13
P446824,KUSH Lash + Brow Enhancing Serum,MILK MAKEUP,Makeup,1.0588,Low Risk,70.83,False,2,0,0,0,0,0,0,1,0,0,0,0,0,1,4
P476713,Hydro Grip Eyeshadow and Concealer Primer,MILK MAKEUP,Makeup,1.0227,Low Risk (Limited Data),66.67,False,1,0,0,0,0,0,0,1,0,0,0,0,0,1,3
P503903,Sculpt Cream Contour Stick,MILK MAKEUP,Makeup,1.0588,Low Risk,73.91,False,0,0,0,0,0,0,1,0,0,0,0,0,0,0,1
P456126,Vegan Milk Cleanser,MILK MAKEUP,Skincare,1.0405,Low Risk (Limited Data),68.52,False,0,0,0,0,0,0,0,1,1,0,0,0,0,1,3
P475966,Sunshine Under Eye Brightening Light Coverage Concealer,MILK MAKEUP,Makeup,1.0,Low Risk (Limited Data),65.85,False,0,0,0,0,0,0,0,1,0,0,0,0,0,0,1
P483674,Pore Eclipse Mattifying + Blurring Makeup Primer,MILK MAKEUP,Makeup,1.1,Low Risk (Limited Data),55.56,False,1,0,0,0,0,0,2,4,0,0,0,0,0,1,8
P428235,Luminous Blur Stick Primer,MILK MAKEUP,Makeup,1.0,Low Risk,88.24,False,0,0,0,0,0,0,0,0,0,0,0,0,0,0,0
P476712,Bionic Liquid Blush with Hyaluronic Acid,MILK MAKEUP,Makeup,1.0,Low Risk,75.0,False,0,0,0,0,0,0,0,0,0,0,0,0,0,0,0
P468863,Electric Glossy Lip Plumper,MILK MAKEUP,Makeup,1.0,Low Risk (Limited Data),65.38,False,0,0,0,0,0,0,0,0,0,0,0,0,0,0,0
P481128,Bionic Sunkissed Liquid Bronzer with Hyaluronic Acid,MILK MAKEUP,Makeup,1.0,Low Risk,75.86,False,0,0,0,0,0,0,0,0,0,0,0,0,0,0,0
P433124,KUSH Clear Brow Gel,MILK MAKEUP,Makeup,1.05,Low Risk,90.91,False,1,0,0,0,0,0,0,1,0,0,0,0,0,1,3
P468864,Color Chalk Multi-Use Powder Pigment,MILK MAKEUP,Makeup,1.119,Low Risk,77.78,False,0,0,0,0,0,0,4,4,0,0,0,0,0,0,8
P443308,KUSH Lash Primer,MILK MAKEUP,Makeup,1.0789,Low Risk (Limited Data),63.33,False,1,0,0,0,0,0,0,2,0,0,1,0,0,1,5
P501572,Infinity Long Lasting Waterproof Eyeliner Pencil,MILK MAKEUP,Makeup,1.0,Low Risk,81.82,False,0,0,0,0,0,0,0,0,0,0,0,0,0,0,0
P444400,Mini KUSH Waterproof Mascara,MILK MAKEUP,Makeup,1.0682,Low Risk (Limited Data),68.75,False,1,0,0,0,0,0,0,2,0,0,1,0,0,1,5
P430903,Watermelon Brightening Serum,MILK MAKEUP,Skincare,1.0625,Low Risk (Limited Data),69.57,False,2,0,0,1,0,0,0,3,0,0,0,0,0,1,7
P404794,Hydrating Oil Stick,MILK MAKEUP,Skincare,1.1667,Low Risk,75.0,False,0,0,0,0,0,0,0,2,0,0,0,2,0,0,4
P481384,Mini RISE Lifting + Lengthening Mascara,MILK MAKEUP,Mini Size,1.0455,Low Risk (Limited Data),56.41,False,0,0,0,0,0,0,1,1,0,0,0,0,0,0,2
P447742,Mini KUSH Lash Primer,MILK MAKEUP,Mini Size,1.0789,Low Risk (Limited Data),63.33,False,1,0,0,0,0,0,0,2,0,0,1,0,0,1,5
P443307,KUSH Waterproof Mascara,MILK MAKEUP,Makeup,1.0682,Low Risk (Limited Data),68.75,False,1,0,0,0,0,0,0,2,0,0,1,0,0,1,5
P437098,Mini Luminous Blur Stick Primer,MILK MAKEUP,Mini Size,1.0833,Low Risk,94.74,False,0,0,0,0,0,0,2,1,0,0,0,0,0,0,3
P479643,RISE Lifting + Lengthening Mascara,MILK MAKEUP,Makeup,1.0455,Low Risk (Limited Data),56.41,False,0,0,0,0,0,0,1,1,0,0,0,0,0,0,2
P481129,Bionic Glow Illuminating Liquid Highlighter with Hyaluronic Acid,MILK MAKEUP,Makeup,1.08,Low Risk,75.76,False,2,0,0,0,0,0,1,2,0,0,0,0,0,1,6
P500102,Hydro Ungrip Makeup Removing Cleansing Balm,MILK MAKEUP,Skincare,1.1176,Low Risk,70.83,False,0,0,0,0,0,0,2,1,0,0,0,0,0,0,3
P500101,Hydro Ungrip Makeup Remover + Cleansing Water,MILK MAKEUP,Skincare,1.0357,Low Risk,70.0,False,1,0,0,0,0,0,0,1,0,0,0,0,0,1,3
P461472,KUSH Liquid Eyeliner,MILK MAKEUP,Makeup,1.0455,Low Risk (Limited Data),68.75,False,1,0,0,0,0,0,0,3,0,0,0,0,0,1,5
P471786,Sunshine Skin Tint Clean SPF 30 Foundation Refill,MILK MAKEUP,Makeup,1.0469,Low Risk,71.11,False,1,0,0,0,0,0,1,3,0,0,0,0,0,1,6
P504886,Pore Eclipse Mattifying + Blurring Setting Spray,MILK MAKEUP,Makeup,1.0455,Low Risk (Limited Data),68.75,False,1,0,0,0,0,0,0,3,0,0,0,0,0,1,5
P505005,The Travel Stash Makeup Set,MILK MAKEUP,Makeup,1.0702,Low Risk (Limited Data),64.04,False,2,0,0,0,0,0,3,6,0,0,1,0,0,1,13
P455850,25 Miracle Milk Heat Protectant Leave-In Conditioner,Mizani,Hair,1.375,Low Risk,70.59,False,2,0,0,1,0,0,6,11,0,0,0,0,0,1,21
P468843,Wonder Crown Scalp Clarifying Foaming Pre-Cleanse,Mizani,Hair,1.4667,Low Risk,75.0,False,1,0,0,0,0,0,4,7,2,0,0,0,0,1,15
P455842,25 Miracle Nourishing Hair Oil,Mizani,Hair,1.4375,Low Risk (Limited Data),57.14,False,0,0,0,0,0,0,4,4,0,0,0,0,0,0,8
P468841,Coco Dew Curl Pre-Styling & Restyling Refresher Spray,Mizani,Hair,1.25,Low Risk,84.21,False,0,0,0,0,0,0,5,4,0,0,0,0,0,0,9
P455843,Scalp Care Soothing Scalp Lotion,Mizani,Hair,1.55,Medium Risk,76.92,False,1,0,0,0,0,0,11,14,0,0,0,0,0,2,28
P455846,Scalp Care Anti-Dandruff Shampoo,Mizani,Hair,1.3889,Low Risk,72.97,False,2,0,0,1,0,0,8,10,1,0,0,0,0,2,24
P455839,True Textures Moroccan Clay Steam Hair Mask,Mizani,Hair,1.3333,Low Risk (Limited Data),57.69,False,0,0,1,0,0,0,4,5,0,0,0,0,0,0,10
P467960,Moisture Fusion Intense Moisturizing Hair Mask,Mizani,Hair,1.3462,Low Risk,81.25,False,1,0,1,0,0,0,2,5,0,0,0,0,0,1,10
P455835,25 Miracle Leave-In Cream,Mizani,Hair,1.5263,Medium Risk,95.0,False,2,0,1,0,0,0,7,10,0,0,0,0,0,0,20
P455838,Styling Foam Hair Mousse,Mizani,Hair,1.5882,Medium Risk,70.83,False,2,0,0,1,0,0,11,11,0,0,0,0,0,1,26
P468842,Heat Screen Hair Protectant Spray,Mizani,Hair,1.2188,Low Risk,80.0,False,1,0,1,0,0,0,3,6,0,0,0,0,0,1,12
P455841,Scalp Care Anti-Dandruff Conditioner,Mizani,Hair,1.4792,Low Risk,77.42,False,1,0,1,1,0,0,8,12,0,0,0,0,0,2,25
P474352,"Press Agent Smoothing, Frizz Control Blow Dry Styling Serum",Mizani,Hair,1.2368,Low Risk,79.17,False,2,0,0,0,0,0,4,7,0,0,0,0,0,1,14
P455844,True Textures Perfect Coil Oil Gel,Mizani,Hair,1.5385,Medium Risk (Limited Data),50.0,False,0,0,0,0,0,0,8,7,0,0,0,0,0,0,15
P468844,Mini 25 Miracle Cream,Mizani,Hair,1.5263,Medium Risk,95.0,False,2,0,1,0,0,0,7,10,0,0,0,0,0,0,20
P455849,True Textures Moisture Replenish Shampoo,Mizani,Hair,1.24,Low Risk,83.33,False,1,0,0,0,0,0,4,6,1,0,0,0,0,1,13
P467961,Moisture Fusion Gentle Clarifying Shampoo,Mizani,Hair,1.325,Low Risk,76.92,False,1,0,1,0,0,0,6,7,0,0,0,0,0,0,15
P455840,True Textures Cream Cleansing Conditioner,Mizani,Hair,1.24,Low Risk,83.33,False,1,0,0,0,0,0,4,6,1,0,0,0,0,1,13
P474351,"Press Agent Smoothing, Frizz Control Blow Dry Styling Cream",Mizani,Hair,1.1429,Low Risk (Limited Data),63.64,False,2,0,0,0,0,0,3,3,0,0,0,0,0,1,9
P474349,Press Agent Smoothing Sulfate-Free Shampoo,Mizani,Hair,1.25,Low Risk,72.73,False,4,0,0,0,0,0,3,6,2,0,0,0,0,2,17
P474350,Press Agent Smoothing Sulfate-Free Conditioner,Mizani,Hair,1.3929,Low Risk,93.33,False,2,0,1,0,0,0,2,6,0,0,0,0,0,1,12
P504204,True Textures Curl Enhancing Cream,Mizani,Hair,1.3913,Low Risk (Limited Data),67.65,False,2,0,0,1,0,0,8,9,0,0,0,0,0,1,21
P503818,True Textures Sleek Holding Hair Gel,Mizani,Hair,1.4048,Low Risk,87.5,False,2,1,0,0,0,0,8,9,0,0,1,0,0,1,22
P504209,True Textures Curl Define Styling Cream,Mizani,Hair,1.4091,Low Risk (Limited Data),66.67,False,2,1,1,0,0,0,6,9,0,0,1,0,0,1,21
P503826,Mini True Textures Sleek Holding Hair Gel,Mizani,Mini Size,1.4048,Low Risk,87.5,False,2,1,0,0,0,0,8,9,0,0,1,0,0,1,22
P504611,Texture Love Hair Kit,Mizani,Hair,1.3444,Low Risk,71.43,False,3,0,0,1,0,0,9,17,2,0,0,0,0,2,34
P503822,Mini True Textures Coil Stretching & Styling Curl Cream,Mizani,Mini Size,1.3333,Low Risk,87.1,False,1,0,1,0,0,0,8,10,0,0,0,0,0,1,21
P503811,True Textures Coil Stretching & Styling Curl Cream,Mizani,Hair,1.3333,Low Risk,87.1,False,1,0,1,0,0,0,8,10,0,0,0,0,0,1,21
P504217,Artful Edges Edge Tamer,Mizani,Hair,1.1923,Low Risk,86.67,False,1,0,0,0,0,0,2,2,0,0,0,0,0,1,6
P504224,True Textures Twist and Coil Jelly,Mizani,Hair,1.4688,Low Risk,76.19,False,1,0,0,0,0,0,8,9,0,0,0,0,0,1,19
P505029,True Textures Moisture Replenish Shampoo,Mizani,Hair,1.24,Low Risk,83.33,False,1,0,0,0,0,0,4,6,1,0,0,0,0,1,13
P505046,True Textures Moisture Replenish Conditioner,Mizani,Hair,1.2381,Low Risk,80.77,False,1,0,1,0,0,0,4,6,0,0,0,0,0,1,13
P468845,Mini 25 Miracle Milk Leave-In Conditioner,Mizani,Hair,1.375,Low Risk,70.59,False,2,0,0,1,0,0,6,11,0,0,0,0,0,1,21
P375713,Legend Eau de Toilette,Montblanc,Fragrance,1.7083,Medium Risk,92.31,False,3,0,0,2,0,0,7,6,0,0,0,0,0,0,18
P450810,Explorer Eau de Parfum,Montblanc,Fragrance,1.5714,Medium Risk,100.0,False,4,0,1,2,0,0,5,4,0,0,0,0,0,0,16
P401768,Legend Travel Spray,Montblanc,Fragrance,1.7083,Medium Risk,92.31,False,3,0,0,2,0,0,7,6,0,0,0,0,0,0,18
P405416,Legend Spirit Eau de Toilette,Montblanc,Fragrance,1.7941,Medium Risk,100.0,True,3,0,1,2,0,1,10,9,0,0,0,0,1,0,27
P464268,Legend Eau de Parfum,Montblanc,Fragrance,1.7,Medium Risk,100.0,False,0,0,1,0,0,0,8,7,0,0,0,0,0,0,16
P390708,Legend Body Spray,Montblanc,Bath & Body,1.6154,Medium Risk,92.86,False,3,0,1,2,0,0,6,5,0,0,0,0,0,0,17
P428446,Legend Night,Montblanc,Fragrance,1.6667,Medium Risk,100.0,False,3,0,1,2,0,0,9,8,0,0,0,0,0,0,23
P481130,Legend Red Eau de Parfum,Montblanc,Fragrance,1.6786,Medium Risk,100.0,False,3,0,1,2,0,0,8,7,0,0,0,0,0,0,21
P432049,SuperYou Daily Stress Management,Moon Juice,Skincare,,Insufficient Data,0.0,False,0,0,0,0,0,0,0,0,0,0,0,0,0,0,0
P454799,Mini SuperYou Daily Stress Management,Moon Juice,Skincare,,Insufficient Data,0.0,False,0,0,0,0,0,0,0,0,0,0,0,0,0,0,0
P435800,Acid Potion AHA + BHA Resurfacing Exfoliator,Moon Juice,Skincare,1.1667,Low Risk (Limited Data),60.0,False,1,0,0,0,0,0,0,3,0,0,0,0,0,0,4
P444047,SuperHair  Daily Hair Nutrition Supplement,Moon Juice,Hair,1.0,Insufficient Data,4.76,False,0,0,0,0,0,0,0,0,0,0,0,0,0,0,0
P432831,Plump Jelly Hyaluronic Serum,Moon Juice,Skincare,,Insufficient Data,0.0,False,0,0,0,0,0,0,0,0,0,0,0,0,0,0,0
P423157,Sex Dust   Adaptogens For Fire*,Moon Juice,Skincare,,Insufficient Data,0.0,False,0,0,0,0,0,0,0,0,0,0,0,0,0,0,0
P454090,Cosmic Cream Collagen Protecting Moisturizer,Moon Juice,Skincare,1.1136,Low Risk (Limited Data),56.41,False,0,0,0,0,0,0,3,3,0,0,0,0,0,0,6
P457002,SuperBeauty Daily Antioxidant SkinSupplement,Moon Juice,Skincare,,Insufficient Data,0.0,False,0,0,0,0,0,0,0,0,0,0,0,0,0,0,0
P477202,Ting Energy + Metabolism Non-Stim Supplement With Ginseng,Moon Juice,Skincare,1.0,Insufficient Data,5.88,False,0,0,0,0,0,0,0,0,0,0,0,0,0,0,0
P452009,Magnesi-Om,Moon Juice,Bath & Body,1.0,Insufficient Data,12.5,False,0,0,0,0,0,0,0,0,0,0,0,0,0,0,0
P423159,Brain Dust,Moon Juice,Skincare,,Insufficient Data,0.0,False,0,0,0,0,0,0,0,0,0,0,0,0,0,0,0
P454315,Milk Cleanse Gentle Foaming Cleanser,Moon Juice,Skincare,1.15,Insufficient Data,35.71,False,0,0,0,0,0,0,2,2,0,0,0,0,0,0,4
P454798,"Collagen Protect Vegan Creamer for Hair, Skin & Nails",Moon Juice,Hair,1.0,Insufficient Data,33.33,False,0,0,0,0,0,0,0,0,0,0,0,0,0,0,0
P503944,Mini Acid Potion AHA + BHA Resurfacing Exfoliator,Moon Juice,Skincare,1.1667,Low Risk (Limited Data),60.0,False,1,0,0,0,0,0,0,3,0,0,0,0,0,0,4
P469193,Supers Set,Moon Juice,Skincare,1.0,Insufficient Data,2.17,False,0,0,0,0,0,0,0,0,0,0,0,0,0,0,0
P470538,SuperPower Immune Support Supplement,Moon Juice,Skincare,,Insufficient Data,0.0,False,0,0,0,0,0,0,0,0,0,0,0,0,0,0,0
P412090,Moroccanoil Treatment Hair Oil,Moroccanoil,Hair,1.3333,Low Risk (Limited Data),42.86,False,0,0,0,0,0,0,1,0,0,0,0,0,0,0,1
P426011,Mini Moroccanoil Treatment,Moroccanoil,Mini Size,1.3333,Low Risk (Limited Data),42.86,False,0,0,0,0,0,0,1,0,0,0,0,0,0,0,1
P412097,Intense Hydrating Mask,Moroccanoil,Hair,1.2273,Low Risk,91.67,False,2,0,1,0,0,0,4,9,0,0,0,0,0,1,17
P412096,Hydrating Styling Cream,Moroccanoil,Hair,1.5278,Medium Risk,100.0,True,2,0,1,0,0,2,4,6,0,0,0,0,1,2,18
P412095,Curl Defining Cream,Moroccanoil,Hair,1.1667,Low Risk,78.95,False,2,0,0,0,0,0,5,6,0,0,0,0,0,1,14
P462387,All in One Leave-In Conditioner,Moroccanoil,Hair,1.1818,Low Risk,75.0,False,1,0,1,0,0,0,2,5,1,0,0,0,0,1,11
P412087,Hydrating Shampoo,Moroccanoil,Hair,1.25,Low Risk (Limited Data),68.29,False,3,0,0,0,0,0,3,5,2,0,0,0,0,2,15
P412091,Moroccanoil Treatment Light Hair Oil,Moroccanoil,Hair,1.3333,Low Risk (Limited Data),42.86,False,0,0,0,0,0,0,1,0,0,0,0,0,0,0,1
P412086,Hydrating Conditioner,Moroccanoil,Hair,1.2826,Low Risk (Limited Data),67.65,False,2,0,1,0,0,0,4,8,0,0,0,0,0,1,16
P425242,Perfect Defense Heat Protectant,Moroccanoil,Hair,1.25,Low Risk (Limited Data),60.87,False,0,0,1,0,0,0,3,3,0,0,1,0,0,0,8
P412085,Moisture Repair Shampoo,Moroccanoil,Hair,1.2059,Low Risk (Limited Data),66.67,False,3,0,1,0,0,0,3,6,1,0,0,0,0,1,15
P427311,Restorative Hair Mask,Moroccanoil,Hair,1.25,Low Risk,75.68,False,2,0,1,1,0,0,4,7,0,0,0,0,0,1,16
P412098,Dry Shampoo Dark Tones,Moroccanoil,Hair,1.375,Low Risk (Limited Data),53.33,False,1,0,1,0,0,0,1,1,0,0,0,0,0,0,4
P425008,Mending Infusion Styling Hair Serum,Moroccanoil,Hair,1.16,Low Risk,75.76,False,2,0,0,1,1,0,2,2,0,0,0,0,0,1,9
P447378,Mini Color Depositing Mask,Moroccanoil,Hair,1.1,Low Risk,80.36,False,2,0,1,0,0,0,3,5,0,0,0,0,0,1,12
P447377,Color Depositing Mask,Moroccanoil,Hair,1.1,Low Risk,81.82,False,2,0,1,0,0,0,3,5,0,0,0,0,0,1,12
P412084,Moisture Repair Conditioner,Moroccanoil,Hair,1.2027,Low Risk,72.55,False,2,0,1,0,0,0,4,9,0,0,0,0,0,1,17
P463074,Mini All in One Leave-In Conditioner,Moroccanoil,Hair,1.1818,Low Risk,75.0,False,1,0,1,0,0,0,2,5,1,0,0,0,0,1,11
P412093,Dry Texture Spray,Moroccanoil,Hair,1.1667,Low Risk (Limited Data),40.0,False,0,0,0,0,0,0,1,0,0,0,0,0,0,0,1
P412099,Dry Shampoo Light Tones,Moroccanoil,Hair,1.375,Low Risk (Limited Data),53.33,False,1,0,1,0,0,0,1,1,0,0,0,0,0,0,4
P412115,Dry Body Oil,Moroccanoil,Bath & Body,1.4545,Low Risk,91.67,False,0,0,0,1,0,0,5,4,0,0,0,0,0,0,10
P427317,Dry Scalp Treatment,Moroccanoil,Hair,1.3462,Low Risk,81.25,False,1,0,0,0,0,0,5,6,0,0,0,0,0,0,12
P432032,Protect & Prevent Spray,Moroccanoil,Hair,1.2414,Low Risk,76.32,False,3,0,1,1,0,0,3,5,1,0,0,0,0,2,16
P412092,Luminous Hairspray Strong Finish,Moroccanoil,Hair,1.4,Low Risk (Limited Data),55.56,False,0,0,1,0,0,0,1,0,0,0,0,0,0,0,2
P435939,Night Body Serum,Moroccanoil,Bath & Body,1.0833,Low Risk,75.0,False,0,0,0,0,0,0,1,0,0,0,0,0,0,0,1
P458508,Blonde Perfecting Purple Shampoo,Moroccanoil,Hair,1.2308,Low Risk,70.27,False,2,0,1,0,0,0,3,6,1,0,0,0,0,2,15
P426012,Mini Moroccanoil Treatment Light,Moroccanoil,Mini Size,1.3333,Low Risk (Limited Data),42.86,False,0,0,0,0,0,0,1,0,0,0,0,0,0,0,1
P474353,Hair & Body Fragrance Mist,Moroccanoil,Fragrance,1.3214,Low Risk,87.5,False,0,0,1,0,0,0,5,5,0,0,0,0,0,0,11
P426013,Mini Dry Shampoo Dark Tones,Moroccanoil,Mini Size,1.375,Low Risk (Limited Data),53.33,False,1,0,1,0,0,0,1,1,0,0,0,0,0,0,4
P481721,Body Lotion Moisturizer,Moroccanoil,Bath & Body,1.0476,Low Risk,87.5,False,2,0,0,0,0,0,1,2,0,0,0,0,0,1,6
P412107,Glimmer Shine,Moroccanoil,Hair,1.25,Low Risk (Limited Data),50.0,False,0,0,0,0,0,0,1,0,0,0,0,0,0,0,1
P425007,Intense Hydrating Mask Packette,Moroccanoil,Hair,1.5,Medium Risk,84.21,True,0,0,1,0,0,2,2,4,0,0,0,0,1,1,11
P474354,Mini Hair & Body Fragrance Mist,Moroccanoil,Fragrance,1.3214,Low Risk,87.5,False,0,0,1,0,0,0,5,5,0,0,0,0,0,0,11
P427316,Intense Curl Cream,Moroccanoil,Hair,1.3947,Low Risk,90.48,False,0,0,0,0,0,0,8,8,1,0,0,0,0,0,17
P427319,Blow-Dry Concentrate,Moroccanoil,Hair,1.1667,Low Risk (Limited Data),47.37,False,0,0,0,0,0,0,1,1,0,0,0,0,0,0,2
P432283,Mini Protect & Prevent Spray,Moroccanoil,Mini Size,1.2414,Low Risk,76.32,False,3,0,1,1,0,0,3,5,1,0,0,0,0,2,16
P452428,Mini Intense Hydrating Mask,Moroccanoil,Hair,1.5,Medium Risk,84.21,True,0,0,1,0,0,2,2,4,0,0,0,0,1,1,11
P427320,Luminous Hairspray Medium Hold,Moroccanoil,Hair,1.25,Low Risk (Limited Data),66.67,False,0,0,1,0,0,0,1,1,0,0,1,0,0,0,4
P427313,Weightless Hydrating Mask,Moroccanoil,Hair,1.2069,Low Risk,82.86,False,2,0,1,0,0,0,4,7,0,0,0,0,0,1,15
P427307,Clarifying Shampoo,Moroccanoil,Hair,1.22,Low Risk (Limited Data),65.79,True,3,0,0,0,0,1,3,3,0,0,0,0,1,1,12
P477823,Shower Gel Cleanser,Moroccanoil,Bath & Body,1.2222,Low Risk,75.0,False,2,0,1,0,0,0,1,3,1,0,0,0,0,2,10
P426014,Mini Dry Shampoo Light Tones,Moroccanoil,Mini Size,1.375,Low Risk (Limited Data),53.33,False,1,0,1,0,0,0,1,1,0,0,0,0,0,0,4
P425012,Smoothing Lotion,Moroccanoil,Hair,1.2857,Low Risk,72.41,False,2,0,1,0,0,0,5,7,0,0,0,0,0,1,16
P427331,Mini Hydrating Shampoo,Moroccanoil,Mini Size,1.4722,Low Risk (Limited Data),62.07,True,2,0,1,0,0,2,2,5,0,0,0,0,1,2,15
P427332,Mini Hydrating Conditioner,Moroccanoil,Mini Size,1.3889,Low Risk (Limited Data),64.29,True,2,0,1,0,0,1,3,6,0,0,0,0,1,1,15
P427336,Mini Luminous Hairspray Strong Hold,Moroccanoil,Mini Size,1.4,Low Risk (Limited Data),55.56,False,0,0,1,0,0,0,1,0,0,0,0,0,0,0,2
P412089,Extra Volume Shampoo,Moroccanoil,Hair,1.3333,Low Risk (Limited Data),65.62,True,2,0,1,0,0,1,3,6,0,0,0,0,1,1,15
P427321,Root Boost,Moroccanoil,Hair,1.3214,Low Risk,82.35,False,2,0,0,1,0,0,1,2,1,0,1,0,0,1,9
P426711,Mini Moisture Repair Shampoo,Moroccanoil,Mini Size,1.3056,Low Risk (Limited Data),67.92,True,3,0,1,0,0,2,3,6,1,0,0,0,1,2,19
P412108,Shimmering Body Oil,Moroccanoil,Bath & Body,1.7,Medium Risk,83.33,True,0,0,0,0,0,2,4,3,0,0,0,0,1,1,11
P458509,Mini Blonde Perfecting Purple Shampoo,Moroccanoil,Hair,1.2308,Low Risk,70.27,False,2,0,1,0,0,0,3,6,1,0,0,0,0,2,15
P426712,Mini Moisture Repair Conditioner,Moroccanoil,Mini Size,1.3088,Low Risk,77.27,True,2,0,1,0,0,2,3,9,0,0,0,0,1,2,20
P412114,Pure Argan Oil,Moroccanoil,Bath & Body,1.0,Low Risk,100.0,False,0,0,0,0,0,0,0,0,0,0,0,0,0,0,0
P412088,Extra Volume Conditioner,Moroccanoil,Hair,1.26,Low Risk (Limited Data),69.44,False,2,0,1,0,0,0,4,8,0,0,0,0,0,1,16
P427338,Mini Smoothing Lotion,Moroccanoil,Mini Size,1.4318,Low Risk,73.33,True,2,0,1,0,0,2,4,6,0,0,0,0,1,2,18
P438602,Moroccanoil Body Soap,Moroccanoil,Bath & Body,1.1071,Low Risk,87.5,False,1,0,0,0,0,0,1,0,0,0,0,0,0,0,2
P429254,Mini Dry Body Oil,Moroccanoil,Bath & Body,1.4545,Low Risk,91.67,False,0,0,0,1,0,0,5,4,0,0,0,0,0,0,10
P427318,Oily Scalp Treatment,Moroccanoil,Hair,1.0938,Low Risk (Limited Data),64.0,False,1,0,0,0,0,0,1,2,0,0,0,0,0,0,4
P477717,Body Butter Moisturizer,Moroccanoil,Bath & Body,1.0714,Low Risk,82.35,False,1,0,0,0,0,0,3,5,0,0,0,0,0,1,10
P427324,Volumizing Mousse,Moroccanoil,Hair,1.2857,Low Risk (Limited Data),63.64,False,1,0,0,0,0,0,1,2,0,0,0,0,0,1,5
P427314,Curl Control Mousse,Moroccanoil,Hair,1.1538,Low Risk,81.25,False,2,0,0,0,0,0,1,1,0,0,0,0,0,1,5
P502746,Hand Cream,Moroccanoil,Bath & Body,1.0926,Low Risk,90.0,False,3,0,0,0,0,0,1,2,0,0,0,0,0,1,7
P477718,Body Souffle Moisturizer,Moroccanoil,Bath & Body,1.0595,Low Risk,87.5,False,1,0,0,0,0,0,3,4,0,0,0,0,0,1,9
P481722,Hand Wash,Moroccanoil,Bath & Body,1.1905,Low Risk,77.78,False,2,0,1,0,0,0,1,4,1,0,0,0,0,2,11
P504321,Hydrating Shampoo & Conditioner Half-Liter Duo,Moroccanoil,Hair,1.2222,Low Risk (Limited Data),64.29,False,3,0,1,0,0,0,4,10,2,0,0,0,0,2,22
P427312,Smoothing Mask,Moroccanoil,Hair,1.2308,Low Risk,83.87,False,2,0,1,0,0,0,4,7,0,0,0,0,0,1,15
P427323,Thickening Lotion,Moroccanoil,Hair,1.1471,Low Risk,85.0,False,2,0,1,1,0,0,2,2,1,0,0,0,0,1,10
P477204,Blonde Perfecting Purple Conditioner,Moroccanoil,Hair,1.0889,Low Risk,81.82,False,2,0,1,0,0,0,2,4,0,0,0,0,0,1,10
P463073,Volumizing Mist,Moroccanoil,Hair,1.15,Low Risk,71.43,False,1,0,2,0,0,0,2,4,0,0,0,0,0,1,10
P427310,Curl Enhancing Conditioner,Moroccanoil,Hair,1.1765,Low Risk (Limited Data),69.39,False,1,0,0,1,0,0,3,7,0,0,0,0,0,1,13
P427322,Texture Clay,Moroccanoil,Hair,1.1452,Low Risk,73.81,False,2,0,1,1,0,0,2,4,0,0,0,0,0,1,11
P467967,Mini Color Depositing Mask Copper,Moroccanoil,Hair,1.1,Low Risk,80.36,False,2,0,1,0,0,0,3,5,0,0,0,0,0,1,12
P504305,Moisture Repair Shampoo & Conditioner Half-Liter Duo,Moroccanoil,Hair,1.1979,Low Risk (Limited Data),66.67,False,3,0,1,0,0,0,4,9,1,0,0,0,0,1,19
P502662,Body Polishing Scrub,Moroccanoil,Bath & Body,1.0833,Low Risk,70.59,False,0,0,0,0,0,0,1,0,0,0,0,0,0,0,1
P467966,Mini Lilac Hair Color Depositing Mask,Moroccanoil,Hair,1.1,Low Risk,81.82,False,2,0,1,0,0,0,3,5,0,0,0,0,0,1,12
P504816,Dive Into Hydration Head-to-Toe Set,Moroccanoil,Hair,1.3056,Low Risk,73.47,False,2,0,2,1,0,0,7,9,1,0,0,0,0,2,24
P504812,Volume Travel Hair Set,Moroccanoil,Hair,1.1579,Low Risk (Limited Data),66.28,False,4,0,1,0,0,0,4,9,1,0,0,0,0,2,21
P504827,Hydration Travel Hair Set,Moroccanoil,Hair,1.1825,Low Risk (Limited Data),67.02,False,4,0,1,0,0,0,5,10,2,0,0,0,0,2,24
P504835,Color Care Shampoo,Moroccanoil,Hair,1.15,Low Risk (Limited Data),65.22,False,3,0,0,0,0,0,3,4,1,0,0,0,0,1,12
P504792,Mini Color Care Shampoo,Moroccanoil,Mini Size,1.15,Low Risk (Limited Data),65.22,False,3,0,0,0,0,0,3,4,1,0,0,0,0,1,12
P504824,Color Care Conditioner,Moroccanoil,Hair,1.1207,Low Risk,74.36,False,2,0,1,0,0,0,1,3,0,0,0,0,0,1,8
P504797,Mini Color Care Conditioner,Moroccanoil,Mini Size,1.1207,Low Risk,74.36,False,2,0,1,0,0,0,1,3,0,0,0,0,0,1,8
P432824,De-Puffing Jade Facial Roller,Mount Lai,Skincare,,Insufficient Data,0.0,False,0,0,0,0,0,0,0,0,0,0,0,0,0,0,0
P501518,Calming Herbal Repair Overnight Recovery Balm for Skin Barrier Support,Mount Lai,Skincare,1.0,Insufficient Data,37.5,False,0,0,0,0,0,0,0,0,0,0,0,0,0,0,0
P434340,De-Puffing Rose Quartz Facial Roller,Mount Lai,Skincare,,Insufficient Data,0.0,False,0,0,0,0,0,0,0,0,0,0,0,0,0,0,0
P196516,Alien Eau de Parfum,Mugler,Fragrance,1.7368,Medium Risk,90.48,True,4,0,1,2,0,1,9,9,0,0,0,0,1,0,27
P475134,Alien Goddess Eau de Parfum Travel Spray,Mugler,Fragrance,1.6875,Medium Risk,88.89,False,2,0,1,0,0,0,12,11,0,0,0,0,0,0,26
P475133,Alien Goddess Eau de Parfum,Mugler,Fragrance,1.6875,Medium Risk,88.89,False,2,0,1,0,0,0,12,11,0,0,0,0,0,0,26
P9864,Angel Eau de Parfum,Mugler,Fragrance,1.75,Medium Risk,81.48,True,5,0,1,2,0,1,12,11,0,0,0,0,1,0,33
P433658,Alien Eau de Parfum Travel Spray,Mugler,Fragrance,1.7368,Medium Risk,90.48,True,4,0,1,2,0,1,9,9,0,0,0,0,1,0,27
P500768,Alien Goddess Eau de Parfum Intense,Mugler,Fragrance,1.6667,Medium Risk,81.82,False,0,0,1,0,0,0,14,13,0,0,0,0,0,0,28
P433659,Angel Eau de Parfum Travel Spray,Mugler,Fragrance,1.75,Medium Risk,81.48,True,5,0,1,2,0,1,12,11,0,0,0,0,1,0,33
P502069,Mini Alien Perfume Gift Set,Mugler,Fragrance,1.6923,Medium Risk,92.86,True,5,0,1,2,0,1,14,13,0,0,0,0,1,0,37
P468699,Angel Nova Eau de Parfum Travel Spray,Mugler,Fragrance,1.5455,Medium Risk,91.67,False,0,0,1,0,0,0,7,6,0,0,0,0,0,0,14
P468698,Angel Nova Eau de Parfum,Mugler,Fragrance,1.5455,Medium Risk,91.67,False,0,0,1,0,0,0,7,6,0,0,0,0,0,0,14
P481135,Angel Nova Eau de Toilette,Mugler,Fragrance,1.6667,Medium Risk,90.0,False,3,0,1,0,0,0,12,11,0,0,0,0,0,0,27
P502467,Alien Goddess Eau De Parfum Solar Floral Fragrance Set,Mugler,Fragrance,1.6875,Medium Risk,88.89,False,2,0,1,0,0,0,12,11,0,0,0,0,0,0,26
P504299,Alien Goddess Eau de Parfum Perfume Set,Mugler,Fragrance,1.6875,Medium Risk,88.89,False,2,0,1,0,0,0,12,11,0,0,0,0,0,0,26
P4016,Acne Control Clarifying Cleanser,Murad,Skincare,1.2727,Low Risk (Limited Data),56.41,False,2,0,0,0,0,0,2,5,1,0,0,1,0,3,14
P440651,Mini Acne Control Clarifying Cleanser,Murad,Skincare,1.2727,Low Risk (Limited Data),56.41,False,2,0,0,0,0,0,2,5,1,0,0,1,0,3,14
P411365,Retinol Youth Renewal Serum,Murad,Skincare,1.1154,Low Risk,73.58,False,3,0,0,0,0,0,3,4,0,0,0,0,1,1,12
P440650,Mini Retinol Youth Renewal Serum,Murad,Skincare,1.1154,Low Risk,73.58,False,3,0,0,0,0,0,3,4,0,0,0,0,1,1,12
P254720,Acne Control Clarifying Cream Cleanser,Murad,Skincare,1.1471,Low Risk (Limited Data),64.15,False,3,0,0,0,0,0,1,2,1,0,0,0,1,3,11
P4015,Clarifying Toner,Murad,Skincare,1.3125,Low Risk (Limited Data),64.0,False,4,0,1,1,0,0,1,3,0,0,0,0,0,2,12
P9940,Essential-C Day Moisture Broad Spectrum SPF 30 PA+++,Murad,Skincare,1.1538,Low Risk (Limited Data),57.78,False,3,0,0,0,0,0,1,2,0,0,1,0,0,1,8
P4010,AHA/BHA Exfoliating Cleanser,Murad,Skincare,1.3158,Low Risk,90.48,False,3,0,0,2,0,0,0,4,2,0,0,0,0,2,13
P394397,Invisiblur Perfecting Shield Broad Spectrum SPF 30 PA+++,Murad,Skincare,1.3333,Low Risk (Limited Data),63.16,True,1,0,1,0,0,1,6,6,0,0,0,0,0,1,16
P471788,Mini AHA/BHA Exfoliating Cleanser,Murad,Skincare,1.3158,Low Risk,90.48,False,3,0,0,2,0,0,0,4,2,0,0,0,0,2,13
P446423,InvisiScar Post-Acne Resurfacing Treatment,Murad,Skincare,1.2308,Low Risk (Limited Data),68.42,False,1,0,0,0,0,0,3,3,0,0,0,0,0,0,7
P466673,Rapid Dark Spot Correcting Serum,Murad,Skincare,1.225,Low Risk (Limited Data),64.52,False,0,0,1,0,0,0,4,4,0,0,0,0,0,1,10
P34402,Acne Control Clarifying Body Spray,Murad,Skincare,1.2308,Low Risk,86.67,False,0,0,1,0,0,0,0,2,1,0,0,0,0,2,6
P427638,Nutrient-Charged Water Gel,Murad,Skincare,1.0476,Low Risk (Limited Data),60.0,False,2,0,0,0,0,0,1,3,0,0,0,0,0,1,7
P421432,Rapid Relief Acne Spot Treatment,Murad,Skincare,1.0882,Low Risk (Limited Data),65.38,False,1,0,1,0,0,0,0,2,0,0,0,0,0,0,4
P446934,Oil and Pore Control Mattifier Broad Spectrum SPF 45 PA++++,Murad,Skincare,1.1667,Low Risk (Limited Data),69.23,False,2,0,0,0,0,0,4,5,0,0,0,0,0,1,12
P500857,Deep Relief Acne Treatment with Salicylic Acid,Murad,Skincare,1.0,Low Risk,72.22,False,0,0,0,0,0,0,0,1,0,0,0,0,0,0,1
P7365,Pure Skin Clarifying Dietary Supplement,Murad,Skincare,1.0,Insufficient Data,12.5,False,0,0,0,0,0,0,0,0,0,0,0,0,0,0,0
P479645,Targeted Wrinkle Corrector,Murad,Skincare,1.0556,Low Risk (Limited Data),66.67,False,2,0,0,0,0,0,0,2,0,0,0,0,0,1,5
P482540,Correct & Protect Broad Spectrum SPF 45| PA++++,Murad,Skincare,1.0714,Low Risk,71.43,False,3,0,0,0,0,0,0,3,0,0,0,0,0,1,7
P268700,Hydro-Dynamic Ultimate Moisture,Murad,Skincare,1.0769,Low Risk (Limited Data),67.24,False,3,0,0,1,0,0,0,2,0,0,0,0,0,1,7
P47517,Acne Body Wash,Murad,Bath & Body,1.3167,Low Risk,71.43,True,3,0,0,0,0,1,3,5,1,0,0,0,1,2,16
P9941,Essential-C Cleanser,Murad,Skincare,1.25,Low Risk (Limited Data),66.67,False,3,0,0,0,0,0,3,4,1,0,1,0,0,2,14
P480461,Retinol Youth Renewal Eye Masks,Murad,Skincare,1.1522,Low Risk (Limited Data),69.7,False,2,0,0,1,0,0,1,1,0,0,0,0,1,0,6
P453928,Retinol Youth Renewal Eye Serum,Murad,Skincare,1.12,Low Risk (Limited Data),62.5,False,3,0,0,0,0,0,1,1,0,0,0,0,1,1,7
P470227,Vitamin C Triple Exfoliating Facial,Murad,Skincare,1.1452,Low Risk (Limited Data),67.39,False,2,0,0,0,0,0,2,7,0,0,0,0,0,1,12
P444970,Replenishing Multi-Acid Peel,Murad,Skincare,1.087,Low Risk (Limited Data),65.71,False,1,0,0,0,0,0,0,3,0,0,0,0,0,0,4
P456571,Vitamin C Glycolic Brightening Serum,Murad,Skincare,1.0303,Low Risk (Limited Data),62.26,False,1,0,0,0,0,0,0,3,0,0,0,0,0,1,5
P417980,City Skin Age Defense Broad Spectrum SPF 50 PA++++,Murad,Skincare,1.0469,Low Risk,72.73,False,2,0,0,0,0,0,0,3,0,0,0,0,0,1,6
P475135,Mini Vitamin C Glycolic Brightening Serum,Murad,Skincare,1.0303,Low Risk (Limited Data),62.26,False,1,0,0,0,0,0,0,3,0,0,0,0,0,1,5
P474075,AHA/BHA/Retinoid Daily Clarifying Peel,Murad,Skincare,1.1,Low Risk,75.0,False,1,0,0,1,0,0,1,3,0,0,0,0,0,1,7
P453929,Retinol Youth Renewal Night Cream,Murad,Skincare,1.1,Low Risk (Limited Data),61.4,False,2,0,0,0,0,0,3,5,0,0,0,0,1,1,12
P4032,Hydrating Toner,Murad,Skincare,1.225,Low Risk (Limited Data),64.52,False,1,0,0,0,0,0,5,4,0,0,0,0,0,0,10
P434550,Revitalixir Recovery Serum,Murad,Skincare,1.0938,Low Risk (Limited Data),69.57,False,1,0,1,0,0,0,3,4,0,0,0,0,0,1,10
P456572,Vitamin C Dark Circle Correcting Eye Serum,Murad,Skincare,1.0345,Low Risk (Limited Data),60.42,False,1,0,0,0,0,0,0,3,0,0,0,0,0,1,5
P9939,Essential-C Toner,Murad,Skincare,1.1786,Low Risk (Limited Data),60.87,False,4,0,0,1,0,0,3,3,0,0,0,0,0,1,12
P433143,Outsmart Acne Clarifying Treatment,Murad,Skincare,1.125,Low Risk,71.11,False,3,0,0,0,0,0,3,4,0,0,0,0,0,1,11
P38217,Renewing Cleansing Cream,Murad,Skincare,1.1481,Low Risk,71.05,False,3,0,0,1,0,0,3,3,0,0,0,0,0,1,11
P107306,Renewing Eye Cream,Murad,Skincare,1.0857,Low Risk (Limited Data),63.64,False,3,0,0,0,0,0,0,3,0,0,1,0,1,1,9
P4039,Perfecting Day Cream Broad Spectrum SPF 30 PA+++,Murad,Skincare,1.1857,Low Risk (Limited Data),67.31,False,4,0,0,2,0,0,1,6,0,0,1,0,0,2,16
P476526,Mini Rapid Dark Spot Correcting Serum,Murad,Mini Size,1.225,Low Risk (Limited Data),64.52,False,0,0,1,0,0,0,4,4,0,0,0,0,0,1,10
P377178,Rapid Collagen Infusion,Murad,Skincare,1.0893,Low Risk (Limited Data),56.0,False,2,0,0,0,0,0,1,4,0,0,1,0,0,1,9
P429526,Multi-Vitamin Infusion Oil,Murad,Skincare,1.2,Low Risk,71.43,False,1,0,0,0,0,0,4,4,0,0,0,0,0,0,9
P467129,Acne Control 30-Day Trial Kit for Clearer Skin,Murad,Skincare,1.1852,Low Risk (Limited Data),55.67,False,4,0,1,0,0,0,4,10,1,0,0,1,0,3,24
P501003,Clarifying Water Gel Moisturizer with Hyaluronic Acid,Murad,Skincare,1.0833,Low Risk,73.85,False,2,0,0,0,0,0,3,5,0,0,0,0,0,1,11
P479646,Mini City Skin Age Defense Broad Spectrum SPF 50 PA++++,Murad,Skincare,1.0469,Low Risk,72.73,False,2,0,0,0,0,0,0,3,0,0,0,0,0,1,6
P479696,Brighten Trial Kit,Murad,Skincare,1.1385,Low Risk (Limited Data),54.17,False,4,0,1,0,0,0,4,7,1,0,1,0,0,3,21
P504438,Retinal Rescuplt Overnight Treatment,Murad,Skincare,1.0806,Low Risk,72.09,False,1,0,0,0,0,0,3,4,0,0,0,0,0,0,8
P505343,Retinol Youth Renewal Value Duo,Murad,Skincare,1.1275,Low Risk (Limited Data),67.11,False,3,0,1,1,0,0,4,6,0,0,0,0,1,1,17
P388615,Nail Polish,NAILS INC.,Makeup,1.125,Low Risk (Limited Data),44.44,False,0,0,2,0,0,0,0,1,0,0,0,0,0,0,3
P419467,Unicorn Nail Polish Duo,NAILS INC.,Makeup,1.0556,Low Risk (Limited Data),45.0,False,0,0,1,0,0,0,0,1,0,0,0,0,0,0,2
P460419,73% Plant Power Nail Polish,NAILS INC.,Makeup,1.0833,Low Risk (Limited Data),41.38,False,0,0,2,0,0,0,0,1,0,0,0,0,0,0,3
P388616,NAILKALE - Superfood Base Coat,NAILS INC.,Makeup,1.1,Insufficient Data,34.09,False,1,0,0,0,0,0,0,1,0,0,0,0,0,0,2
P457823,Naked In Neon Nail Polish set,NAILS INC.,Makeup,1.3889,Low Risk (Limited Data),60.0,False,3,0,1,1,0,0,1,0,0,0,0,0,0,0,6
P454979,Retinol 45 Second Top Coat,NAILS INC.,Makeup,1.2273,Low Risk (Limited Data),44.0,False,1,0,1,1,0,0,0,0,0,0,0,0,1,0,4
P460629,Manicure & Pedicure Must Haves Set,NAILS INC.,Makeup,1.1333,Low Risk (Limited Data),43.48,False,1,0,2,1,0,0,1,1,0,0,0,0,1,0,7
P482049,Glow Naturale Nail Polish Duo,NAILS INC.,Makeup,1.0385,Low Risk (Limited Data),40.62,False,0,0,1,0,0,0,0,1,0,0,0,0,0,0,2
P458940,Peachy and Perky Lip Gloss and Nail Polish Set,NAILS INC.,Makeup,1.1364,Low Risk (Limited Data),52.38,False,0,0,1,0,0,0,3,3,0,0,0,0,0,0,7
P458939,Freshly Juiced Nail Polish Duo,NAILS INC.,Makeup,1.1,Low Risk (Limited Data),51.28,False,0,0,1,0,0,0,1,2,0,0,0,0,0,0,4
P471789,Choose Plant Nail Polish Duo,NAILS INC.,Makeup,1.1364,Insufficient Data,35.48,False,1,0,2,0,0,0,0,1,0,0,0,0,0,0,4
P482047,Feeling So Fly Duo and Sticker Nail Polish Set,NAILS INC.,Makeup,1.0714,Low Risk (Limited Data),46.67,False,1,0,1,0,0,0,0,1,0,0,0,0,0,0,3
P500441,On The Horizon Nail Set,NAILS INC.,Makeup,1.0278,Low Risk (Limited Data),50.0,False,0,0,1,0,0,0,0,1,0,0,0,0,0,0,2
P500418,Made in Mykonos Nail Set With Stickers,NAILS INC.,Makeup,1.0357,Low Risk (Limited Data),48.28,False,0,0,1,0,0,0,0,1,0,0,0,0,0,0,2
P406503,NAILPURE- Base Coat,NAILS INC.,Makeup,1.1154,Insufficient Data,30.95,False,1,0,0,0,0,0,0,1,0,0,0,0,0,0,2
P421252,NailPure Top Coat,NAILS INC.,Makeup,1.0,Insufficient Data,7.69,False,0,0,0,0,0,0,0,0,0,0,0,0,0,0,0
P423310,Gel-less Gel Nail Polish Remover Kit,NAILS INC.,Makeup,2.0,Insufficient Data,25.0,False,0,0,0,0,0,0,1,0,0,0,0,0,0,0,1
P501815,Caught in Camo Nail Polish Quad Set,NAILS INC.,Makeup,1.0357,Low Risk (Limited Data),46.67,False,0,0,1,0,0,0,0,1,0,0,0,0,0,0,2
P461187,NailKale Superfood Nail Oil Capsules,NAILS INC.,Makeup,1.125,Low Risk (Limited Data),57.14,False,0,0,0,0,0,0,1,0,0,0,0,0,0,0,1
P502857,French Mani Hack Nail Polish Set,NAILS INC.,Makeup,1.0455,Insufficient Data,36.67,False,0,0,1,0,0,0,0,1,0,0,0,0,0,0,2
P505041,Glazing Over Nail Polish Duo Set,NAILS INC.,Makeup,1.0333,Low Risk (Limited Data),50.0,False,0,0,1,0,0,0,0,1,0,0,0,0,0,0,2
P505011,Serving Swirls Nail Polish Quad Set,NAILS INC.,Makeup,1.0556,Low Risk (Limited Data),54.55,False,1,0,1,0,0,0,0,1,0,0,0,0,0,0,3
P505010,Maniplex Nail Treatment,NAILS INC.,Makeup,1.0,Insufficient Data,11.11,False,0,0,0,0,0,0,0,0,0,0,0,0,0,0,0
P441206,Pure Musc Eau de Parfum,Narciso Rodriguez,Fragrance,1.75,Medium Risk,100.0,False,2,0,1,2,0,0,11,10,0,0,0,0,0,0,26
P377873,Radiant Creamy Concealer,NARS,Makeup,1.0357,Low Risk,84.85,False,1,0,0,0,0,0,0,1,0,0,0,0,0,2,4
P2855,Blush,NARS,Makeup,1.0455,Low Risk,100.0,False,1,0,0,0,0,0,0,1,0,0,0,0,0,1,3
P422077,Mini Radiant Creamy Concealer,NARS,Mini Size,1.04,Low Risk,80.65,False,1,0,0,0,0,0,0,1,0,0,0,0,0,2,4
P78834,Velvet Matte Lipstick Pencil,NARS,Makeup,1.1923,Low Risk,81.25,False,4,0,0,3,0,0,0,0,0,0,0,0,0,0,7
P416200,Soft Matte Complete Concealer,NARS,Makeup,1.06,Low Risk,73.53,False,2,0,0,0,0,0,0,1,0,0,0,0,0,1,4
P387906,Audacious Lipstick,NARS,Makeup,1.05,Low Risk,78.43,False,4,0,0,0,0,0,0,1,0,0,0,0,0,1,6
P427301,Natural Radiant Longwear Foundation,NARS,Makeup,1.0417,Low Risk,76.6,False,2,0,0,0,0,0,0,1,0,0,0,0,0,1,4
P479338,Light Reflecting Advanced Skincare Foundation,NARS,Makeup,1.0385,Low Risk (Limited Data),63.41,False,2,0,0,0,0,0,0,3,0,0,0,0,0,1,6
P247355,Sheer Glow Foundation,NARS,Makeup,1.0357,Low Risk (Limited Data),48.28,False,0,0,0,0,0,0,0,0,0,0,0,0,0,0,0
P421485,Powermatte Lip Pigment,NARS,Makeup,1.0682,Low Risk,84.62,False,3,0,0,0,0,0,0,1,0,0,0,0,0,1,5
P302923,Pure Radiant Tinted Moisturizer Broad Spectrum SPF 30,NARS,Makeup,1.2,Low Risk (Limited Data),68.18,False,1,0,0,2,0,0,4,3,0,0,0,0,0,1,11
P419506,Liquid Blush,NARS,Makeup,1.0278,Low Risk (Limited Data),69.23,False,1,0,0,0,0,0,0,2,0,0,0,0,0,1,4
P13046537,Afterglow Lip Balm,NARS,Makeup,1.0909,Low Risk (Limited Data),62.86,False,2,0,0,1,0,0,0,1,0,0,0,0,0,1,5
P448502,Lipstick,NARS,Makeup,1.08,Low Risk,78.12,False,2,0,0,0,0,0,2,3,0,0,0,0,0,1,8
P12790,Bronzer Powder,NARS,Makeup,1.0952,Low Risk,91.3,False,2,0,0,1,0,0,0,0,0,0,0,0,0,1,4
P462720,Soft Matte Complete Foundation,NARS,Makeup,1.0192,Low Risk,78.79,False,1,0,0,0,0,0,0,1,0,0,0,0,0,1,3
P2866,"The Multiple Cream Blush, Lip and Eye Stick",NARS,Makeup,1.0,Low Risk (Limited Data),58.33,False,0,0,0,0,0,0,0,0,0,0,0,0,0,0,0
P261211,Pro-Prime Smudge Proof Eyeshadow Base,NARS,Makeup,1.1,Low Risk,80.0,False,1,0,0,0,1,0,0,1,0,0,0,0,0,2,5
P377757,Light Reflecting Pressed Setting Powder,NARS,Makeup,1.0227,Low Risk,88.0,False,1,0,0,0,0,0,0,2,0,0,0,0,0,1,4
P441810,Mini Voyageur Eyeshadow Palette,NARS,Makeup,1.0333,Low Risk,73.17,False,1,0,0,0,0,0,0,2,0,0,0,0,0,1,4
P471270,Laguna Bronzing Cream,NARS,Makeup,1.1875,Low Risk,76.19,False,0,0,0,0,0,0,4,3,0,0,0,0,0,0,7
P479337,Afterglow Lip Shine Gloss,NARS,Makeup,1.0606,Low Risk,91.67,False,2,0,0,1,0,0,0,1,0,0,0,0,0,1,5
P462721,Mini Afterglow Lip Balm Duo,NARS,Mini Size,1.125,Low Risk (Limited Data),68.57,False,3,0,0,2,0,0,0,1,0,0,0,0,0,1,7
P501583,Powermatte Long-Lasting Lipstick,NARS,Makeup,1.0476,Low Risk,91.3,False,2,0,0,0,0,0,0,0,0,0,0,0,0,0,2
P104006,Blush/Bronzer Duo,NARS,Makeup,1.1364,Low Risk (Limited Data),66.67,False,2,0,0,2,0,0,0,0,0,0,0,0,0,1,5
P474358,Air Matte Liquid Lipstick,NARS,Makeup,1.1333,Low Risk,93.75,False,0,0,0,0,0,0,2,2,0,0,0,0,0,0,4
P468392,Soft Matte Tinted Lip Balm,NARS,Makeup,1.0227,Low Risk,81.48,False,1,0,0,0,0,0,0,0,0,0,0,0,0,0,1
P465783,Mini Orgasm Blush,NARS,Mini Size,1.0455,Low Risk,100.0,False,1,0,0,0,0,0,0,1,0,0,0,0,0,1,3
P377756,Light Reflecting Loose Setting Powder,NARS,Makeup,1.0556,Low Risk,78.26,False,2,0,0,0,0,0,0,2,0,0,0,0,0,1,5
P465784,Mini Orgasm X Blush,NARS,Mini Size,1.0455,Low Risk,100.0,False,1,0,0,0,0,0,0,1,0,0,0,0,0,1,3
P422078,Mini Blush/Bronzer Duo,NARS,Mini Size,1.1364,Low Risk (Limited Data),66.67,False,2,0,0,2,0,0,0,0,0,0,0,0,0,1,5
P468700,Air Matte Sheer Cream Blush,NARS,Makeup,1.0217,Low Risk,95.83,False,1,0,0,0,0,0,0,1,0,0,0,0,0,1,3
P457302,Afterglow Lip Balm - Laguna Collection,NARS,Makeup,1.1,Low Risk (Limited Data),62.5,False,1,0,0,1,0,0,0,1,0,0,0,0,0,1,4
P457632,Mini Laguna Getaway Bronzer Powder,NARS,Makeup,1.0952,Low Risk,91.3,False,2,0,0,1,0,0,0,0,0,0,0,0,0,1,4
P482702,Mini Afterglow Lip Shine Gloss Set,NARS,Makeup,1.0741,Low Risk,90.0,False,2,0,0,1,0,0,0,1,0,0,0,0,0,1,5
P422073,Precision Lip Liner,NARS,Makeup,1.0,Low Risk,76.19,False,0,0,0,0,0,0,0,0,0,0,0,0,0,0,0
P457304,Matte Bronzer Powder,NARS,Makeup,1.0263,Low Risk,76.0,False,1,0,0,0,0,0,0,1,0,0,0,0,0,1,3
P473173,Radiant Creamy Liquid Color Corrector,NARS,Makeup,1.0185,Low Risk,84.38,False,1,0,0,0,0,0,0,2,0,0,0,0,0,1,4
P504202,Soft Matte Advanced Perfecting Powder,NARS,Makeup,1.037,Low Risk,72.97,False,2,0,0,0,0,0,0,2,0,0,0,0,0,1,5
P2856,Monoi Body Glow I,NARS,Makeup,1.5,Medium Risk,71.43,True,1,0,0,1,0,1,6,5,0,0,0,0,1,0,15
P448503,High-Pigment Longwear Eyeliner,NARS,Makeup,1.0,Low Risk,74.07,False,0,0,0,0,0,0,0,0,0,0,0,0,0,0,0
P503582,Mini Shine On Dolce Vita Lip Duo Set,NARS,Mini Size,1.1053,Low Risk,80.85,False,2,0,0,3,0,0,0,1,0,0,0,0,0,1,7
P434385,Climax Mascara,NARS,Makeup,1.0938,Low Risk,84.21,False,1,0,0,0,0,0,0,2,0,0,1,0,0,1,5
P422079,Mini Blush Duo,NARS,Makeup,1.0833,Low Risk,90.0,False,3,0,0,0,0,0,0,1,0,0,0,0,0,1,5
P480462,Mini Light Reflecting Setting Powder,NARS,Makeup,1.025,Low Risk,86.96,False,1,0,0,0,0,0,0,2,0,0,0,0,0,1,4
P415965,Radiance Primer Broad Spectrum SPF 35 Sunscreen,NARS,Makeup,1.0577,Low Risk,70.27,False,1,0,0,0,0,0,1,3,0,0,0,0,0,1,6
P440527,Mini Climax Mascara,NARS,Mini Size,1.0938,Low Risk,84.21,False,1,0,0,0,0,0,0,2,0,0,1,0,0,1,5
P504808,Mini Orgasm Blush and Lip Gloss Duo Set,NARS,Makeup,1.0375,Low Risk,86.96,False,1,0,0,1,0,0,0,2,0,0,0,0,0,1,5
P504836,"Orgasm The Multiple Cream Blush, Lip and Eye Stick",NARS,Makeup,1.0667,Low Risk (Limited Data),68.18,False,0,0,0,1,0,0,0,0,0,0,0,0,0,0,1
P504821,Orgasm Rising Eyeshadow Palette,NARS,Makeup,1.0179,Low Risk,90.32,False,1,0,0,0,0,0,0,1,0,0,0,0,0,1,3
P504832,"Orgasm Four Play Blush, Contour, and Highlighter Palette",NARS,Makeup,1.0,Low Risk,92.11,False,0,0,0,0,0,0,0,1,0,0,0,0,0,0,1
P475138,Soft Matte Face Primer,NARS,Makeup,1.02,Low Risk,80.65,False,1,0,0,0,0,0,0,2,0,0,0,0,0,1,4
P475139,Climax Waterproof Liquid Eyeliner,NARS,Makeup,1.1667,Low Risk (Limited Data),47.37,False,1,0,0,0,0,0,0,2,0,0,1,0,0,1,5
P504830,Orgasm Thrills Lip Balm and Blush Set,NARS,Makeup,1.0405,Low Risk (Limited Data),68.52,False,1,0,0,1,0,0,0,2,0,0,0,0,0,1,5
P504081,Lunar New Year Light Reflecting Pressed Setting Powder and Puff,NARS,Makeup,1.0227,Low Risk,88.0,False,1,0,0,0,0,0,0,2,0,0,0,0,0,1,4
P505043,Mini Radiant Creamy Concealer and Afterglow Lip Shine Gloss Customizable Set,NARS,Makeup,1.0435,Low Risk,83.64,False,1,0,0,1,0,0,0,1,0,0,0,0,0,2,5
P505364,Afterglow Sensual Shine Hydrating Lipstick,NARS,Makeup,1.0,Low Risk,82.98,False,0,0,0,0,0,0,0,0,0,0,0,0,0,0,0
P461188,Glam Eyeshadow Palette,Natasha Denona,Makeup,1.0357,Low Risk (Limited Data),65.12,False,1,0,0,0,1,0,0,1,0,1,0,0,0,0,4
P411826,Eyeshadow Palette 5,Natasha Denona,Makeup,1.0217,Low Risk,74.19,False,0,0,0,0,1,0,0,1,0,1,0,0,0,0,3
P440313,Mini Nude Eyeshadow Palette,Natasha Denona,Makeup,1.0227,Low Risk,88.0,False,0,0,0,0,1,0,0,1,0,1,0,0,0,0,3
P459829,Bronze Eyeshadow Palette,Natasha Denona,Makeup,1.0,Insufficient Data,10.53,False,0,0,0,0,0,0,0,0,0,0,0,0,0,0,0
P475969,Retro Eyeshadow Palette,Natasha Denona,Makeup,1.0185,Insufficient Data,39.71,False,1,0,0,0,0,0,0,1,0,0,0,0,0,0,2
P436273,Mini Star Eyeshadow Palette,Natasha Denona,Makeup,1.0227,Low Risk,78.57,False,0,0,0,0,1,0,0,1,0,1,0,0,0,0,3
P453218,Mini Glam Eyeshadow Palette,Natasha Denona,Makeup,1.0294,Low Risk (Limited Data),56.67,False,0,0,0,0,1,0,0,1,0,1,0,0,0,0,3
P478018,Glam Face & Eye Palette,Natasha Denona,Makeup,1.0167,Low Risk (Limited Data),68.18,False,1,0,0,0,0,0,0,1,0,0,0,0,0,1,3
P457653,Mini Retro Eyeshadow Palette,Natasha Denona,Makeup,1.0278,Low Risk (Limited Data),51.43,False,0,0,0,0,1,0,0,1,0,1,0,0,0,0,3
P413523,Star Eyeshadow Palette,Natasha Denona,Makeup,1.0227,Low Risk,78.57,False,0,0,0,0,1,0,0,1,0,1,0,0,0,0,3
P450057,Mini Gold Eyeshadow Palette,Natasha Denona,Makeup,1.0185,Low Risk,84.38,False,0,0,0,0,1,0,0,1,0,1,0,0,0,0,3
P502079,My Dream Eyeshadow Palette,Natasha Denona,Makeup,1.0,Low Risk (Limited Data),68.25,False,0,0,0,0,0,0,0,1,0,0,0,0,0,0,1
P444024,Mini Bronze & Glow Cheek Duo,Natasha Denona,Makeup,1.0185,Low Risk,84.38,False,1,0,0,0,0,0,0,1,0,0,0,0,0,1,3
P482292,Pastel Eyeshadow Palette,Natasha Denona,Makeup,1.0143,Low Risk,81.4,False,1,0,0,0,0,0,0,1,0,0,0,0,0,0,2
P479976,Mini Biba Eyeshadow Palette,Natasha Denona,Mini Size,1.0,Low Risk,88.24,False,0,0,0,0,0,0,0,1,0,0,0,0,0,0,1
P471790,Zendo Eyeshadow Palette,Natasha Denona,Makeup,1.0278,Low Risk (Limited Data),65.45,False,1,0,0,0,1,0,0,1,0,1,0,0,0,0,4
P468701,Mini Love Eyeshadow Palette,Natasha Denona,Makeup,,Insufficient Data,0.0,False,0,0,0,0,0,0,0,0,0,0,0,0,0,0,0
P441872,Bloom Cheek Palette,Natasha Denona,Makeup,1.0303,Low Risk,75.0,False,2,0,0,0,0,0,0,1,0,0,0,0,0,1,4
P501473,Retro Glam Eyeshadow Palette,Natasha Denona,Makeup,,Insufficient Data,0.0,False,0,0,0,0,0,0,0,0,0,0,0,0,0,0,0
P464791,Mini Zendo Eyeshadow Palette,Natasha Denona,Makeup,1.0312,Low Risk,80.0,False,1,0,0,0,1,0,0,1,0,1,0,0,0,0,4
P444921,Tan Bronze & Glow Palette,Natasha Denona,Makeup,1.0341,Low Risk,83.02,False,0,0,0,1,1,0,0,1,0,1,0,0,0,0,4
P500627,Mini Bronze Eyeshadow Palette,Natasha Denona,Mini Size,1.0,Low Risk,86.96,False,0,0,0,0,0,0,0,1,0,0,0,0,0,0,1
P500263,Hy-Gen Skinglass Energizing & Hydrating Primer Serum,Natasha Denona,Makeup,1.1094,Low Risk,76.19,False,2,0,0,0,0,0,3,6,0,0,0,0,0,1,12
P434566,Transformatte Pore Vanishing Matte Foundation,Natasha Denona,Makeup,1.0926,Low Risk,75.0,False,1,0,1,0,0,0,1,1,0,0,0,0,0,2,6
P472992,Puff Paint Liquid Blush,Natasha Denona,Makeup,1.0312,Low Risk,86.49,False,0,0,0,0,0,0,1,2,0,0,0,0,0,0,3
P481728,I Need A Rose Cream Lipstick,Natasha Denona,Makeup,,Insufficient Data,0.0,False,0,0,0,0,0,0,0,0,0,0,0,0,0,0,0
P502073,"My Dream Cheek Trio - Cream Blush, Glow Cream Base and Glow Powder Highlighter",Natasha Denona,Makeup,1.0,Low Risk,92.86,False,0,0,0,0,0,0,0,1,0,0,0,0,0,0,1
P482051,I Need A Rose Long Lasting Easy Glide Lip Pencil,Natasha Denona,Makeup,1.0278,Low Risk,85.71,False,1,0,0,0,0,0,0,0,0,0,0,0,0,0,1
P444034,Transfix Matte Concealer,Natasha Denona,Makeup,1.0,Low Risk,86.67,False,0,0,0,0,0,0,0,0,0,0,0,0,0,0,0
P503993,Mini Pastel Eyeshadow Palette,Natasha Denona,Makeup,1.0122,Low Risk,91.11,False,1,0,0,0,0,0,0,1,0,0,0,0,0,0,2
P482052,I Need A Rose Lipgloss,Natasha Denona,Makeup,1.0417,Low Risk,72.73,False,2,0,0,0,0,0,0,1,0,0,0,0,0,1,4
P502442,My Dream Lipstick - Creamy Lip Color,Natasha Denona,Makeup,,Insufficient Data,0.0,False,0,0,0,0,0,0,0,0,0,0,0,0,0,0,0
P502303,My Dream Lip Crayon - Long Lasting Easy Glide Lip Liner,Natasha Denona,Makeup,1.0882,Low Risk,80.95,False,1,0,0,1,0,0,0,0,0,0,0,0,0,0,2
P502353,My Dream Lip Gloss - Soft & Hydrating Lip Shine,Natasha Denona,Makeup,1.05,Low Risk (Limited Data),68.97,False,2,0,0,0,0,0,0,1,0,0,0,0,0,1,4
P475142,Work & Set Gel Eyeliner,Natasha Denona,Makeup,1.0,Low Risk,76.47,False,0,0,0,0,0,0,0,0,0,0,0,0,0,0,0
P475141,Macro Tech Eyeliner Crayon,Natasha Denona,Makeup,,Insufficient Data,0.0,False,0,0,0,0,0,0,0,0,0,0,0,0,0,0,0
P474359,Macro Blade Liquid Eyeliner,Natasha Denona,Makeup,1.05,Low Risk (Limited Data),55.56,False,1,0,0,0,0,0,0,1,0,0,0,0,0,1,3
P505250,Love Face Eyeshadow & Cheek Essential Palette,Natasha Denona,Makeup,1.027,Low Risk,80.43,False,0,0,0,1,0,0,0,1,0,0,0,0,0,0,2
P502350,Travel Brush Set & Makeup Pouch,Natasha Denona,Makeup,,Insufficient Data,0.0,False,0,0,0,0,0,0,0,0,0,0,0,0,0,0,0
P433973,Get Even Cold-Pressed Peel Pads,Naturally Serious,Skincare,1.1364,Low Risk (Limited Data),61.11,False,0,0,0,0,0,0,5,6,0,0,0,0,0,0,11
P473133,Fruit-Tox Resurfacing Facial Remedy,Naturally Serious,Skincare,1.0909,Low Risk (Limited Data),68.75,False,0,0,0,0,0,0,3,4,0,0,0,1,0,0,8
P444216,After-Dark Natural Peptide Sleeping Cream,Naturally Serious,Skincare,1.1379,Low Risk (Limited Data),67.44,False,0,0,0,0,0,0,5,5,0,0,0,0,0,0,10
P433971,Skin Warrior Moisture Rescue Cream,Naturally Serious,Skincare,1.1429,Low Risk (Limited Data),67.31,False,0,0,0,0,0,0,7,7,0,0,0,0,0,0,14
P473148,Mask-imum Revival Hydra-Plumping Mask,Naturally Serious,Skincare,1.0172,Low Risk (Limited Data),65.91,False,0,0,0,0,0,0,1,2,0,0,0,0,0,0,3
P433975,Zero Baggage Anti-Dark Circle Eye Cream,Naturally Serious,Skincare,1.0192,Low Risk (Limited Data),66.67,False,0,0,0,0,0,0,1,2,0,0,0,0,0,0,3
P433974,Supercharge Anti-Oxidant Moisture Serum,Naturally Serious,Skincare,1.1212,Low Risk (Limited Data),66.0,False,0,0,0,0,0,0,6,7,0,0,0,0,0,0,13
P450587,Illumi-nation Anti-Fatigue Power Serum,Naturally Serious,Skincare,1.0333,Low Risk (Limited Data),65.22,False,0,0,0,0,0,0,1,2,0,0,0,0,0,0,3
P500160,Mineral Sun Defense Moisturizer Broad Spectrum SPF 30,Naturally Serious,Skincare,1.0588,Low Risk (Limited Data),50.0,False,0,0,0,0,0,0,1,0,0,0,0,0,0,0,1
P478020,Lemon-Aid Makeup-Removing Cleansing Gel,Naturally Serious,Skincare,1.2368,Low Risk (Limited Data),57.58,False,0,0,0,0,0,0,1,3,1,0,0,3,0,1,9
P478021,Sleepover Retin-Oil Nighttime Treatment,Naturally Serious,Skincare,1.1333,Low Risk (Limited Data),48.39,False,1,0,0,0,0,0,1,0,0,0,0,0,1,0,3
P459727,"The Body Wash - With Niacinamide, Vitamins + Plant Surfactants",Nécessaire,Bath & Body,1.1176,Low Risk,77.27,False,2,0,0,0,0,0,0,2,0,0,0,1,0,1,6
P459138,"The Body Lotion - With Niacinamide, Vitamins + Peptides",Nécessaire,Bath & Body,1.0417,Low Risk,75.0,False,0,0,0,0,0,0,0,1,0,0,0,1,0,0,2
P474847,"The Body Serum - With Hyaluronic Acid, Niacinamide + Ceramide",Nécessaire,Bath & Body,1.0,Low Risk,84.21,False,0,0,0,0,0,0,0,0,0,0,0,0,0,0,0
P459728,The Body Exfoliator - With Bamboo Charcoal,Nécessaire,Bath & Body,1.2368,Low Risk (Limited Data),63.33,False,1,0,0,0,0,0,0,6,1,0,0,1,0,2,11
P480463,The Deodorant Gel - With 5% Alpha Hydroxy Acid (AHA) and Niacinamide,Nécessaire,Bath & Body,1.1471,Low Risk,73.91,False,1,0,0,0,0,0,1,4,0,0,0,1,0,1,8
P460570,The Hand Cream - With Peptide,Nécessaire,Bath & Body,1.0,Low Risk,84.62,False,0,0,0,0,0,0,0,0,0,0,0,0,0,0,0
P500993,"The Sunscreen - 100% Mineral, Broad Spectrum SPF 30 with 20% Non-Nano Zinc, Hyaluronic Acid and Niacinamide",Nécessaire,Skincare,1.0,Low Risk,88.57,False,0,0,0,0,0,0,0,0,0,0,0,0,0,0,0
P503143,The Scalp Serum - With 5% Biomimetic Peptide Blend For Hair Growth,Nécessaire,Hair,1.0,Low Risk (Limited Data),55.0,False,0,0,0,0,0,0,0,0,0,0,0,0,0,0,0
P502707,"The Shampoo- Balancing Cleanse With Hyaluronic Acid, Niacinamide + Panthenol",Nécessaire,Hair,1.0556,Low Risk,85.71,False,0,0,0,0,0,0,0,0,1,0,0,0,0,1,2
P474076,The Body Oil - 100% Organic. 100% Cold-Pressed.,Nécessaire,Bath & Body,1.0,Low Risk (Limited Data),40.0,False,0,0,0,0,0,0,0,0,0,0,0,0,0,0,0
P502757,"The Conditioner- Hydrating Cream with Hyaluronic Acid, Niacinamide + Panthenol",Nécessaire,Hair,1.0,Low Risk,90.91,False,0,0,0,0,0,0,0,0,0,0,0,0,0,0,0
P500039,The Neck Serum - With 5 Peptides | 9% Peptide Blend,Nécessaire,Skincare,1.0577,Low Risk,78.79,False,0,0,0,0,0,0,2,2,0,0,0,0,0,0,4
P504029,"The Body Cream - With 5 Ceramides, Colloidal Oatmeal + Niacinamide",Nécessaire,Bath & Body,1.0,Low Risk,73.53,False,0,0,0,0,0,0,0,0,0,0,0,0,0,0,0
P503875,"The Body Bar - With 2% Physical Exfoliant, 5 Ceramides + Niacinamide",Nécessaire,Bath & Body,1.0,Low Risk (Limited Data),62.5,False,0,0,0,0,0,0,0,0,0,0,0,0,0,0,0
P504054,"Mini The Body Lotion - With Niacinamide, Vitamins + Peptides",Nécessaire,Bath & Body,1.0417,Low Risk,75.0,False,0,0,0,0,0,0,0,1,0,0,0,1,0,0,2
P504074,"The Body Wash - With Niacinamide, Vitamins + Plant Surfactants Refill",Nécessaire,Bath & Body,1.1176,Low Risk,77.27,False,2,0,0,0,0,0,0,2,0,0,0,1,0,1,6
P385317,Indigo Eau de Parfum,NEST New York,Fragrance,1.7273,Medium Risk,100.0,False,0,0,1,0,0,0,9,8,0,0,0,0,0,0,18
P470232,Madagascar Vanilla Perfume Oil,NEST New York,Fragrance,1.5,Medium Risk,77.78,False,0,0,0,0,0,0,4,3,0,0,0,0,0,0,7
P470233,Madagascar Vanilla Perfume Oil Rollerball,NEST New York,Fragrance,1.5,Medium Risk,77.78,False,0,0,0,0,0,0,4,3,0,0,0,0,0,0,7
P385319,Indigo Eau de Parfum Travel Spray,NEST New York,Fragrance,1.7273,Medium Risk,100.0,False,0,0,1,0,0,0,9,8,0,0,0,0,0,0,18
P415763,Black Tulip Eau de Parfum,NEST New York,Fragrance,1.8,Medium Risk,100.0,True,0,0,1,0,0,1,12,11,0,0,0,0,1,0,26
P440637,Wild Poppy Eau de Parfum,NEST New York,Fragrance,1.8,Medium Risk,100.0,True,3,0,1,1,0,1,14,13,0,0,0,0,1,0,34
P454827,Sunkissed Hibiscus Eau de Parfum,NEST New York,Fragrance,1.5833,Medium Risk,100.0,False,3,0,1,1,0,0,1,0,0,0,0,0,0,0,6
P480332,Golden Nectar Eau de Parfum,NEST New York,Fragrance,1.7083,Medium Risk,100.0,False,0,0,1,0,0,0,10,9,0,0,0,0,0,0,20
P470045,Mini Perfume Oil Set,NEST New York,Fragrance,1.6765,Medium Risk,89.47,False,0,0,0,0,0,0,14,13,0,0,0,0,0,0,27
P454828,Sunkissed Hibiscus Eau de Parfum Travel Spray,NEST New York,Fragrance,1.5833,Medium Risk,100.0,False,3,0,1,1,0,0,1,0,0,0,0,0,0,0,6
P503925,Balinese Coconut Perfume Oil,NEST New York,Fragrance,1.6111,Medium Risk,75.0,False,0,0,0,0,0,0,6,5,0,0,0,0,0,0,11
P470236,Turkish Rose Perfume Oil,NEST New York,Fragrance,1.6538,Medium Risk,86.67,False,0,0,0,0,0,0,10,9,0,0,0,0,0,0,19
P406775,Citrine Eau de Parfum,NEST New York,Fragrance,1.7188,Medium Risk,100.0,False,3,0,1,2,0,0,10,9,0,0,0,0,0,0,25
P480331,Golden Nectar Eau de Parfum Travel Spray,NEST New York,Fragrance,1.7083,Medium Risk,100.0,False,0,0,1,0,0,0,10,9,0,0,0,0,0,0,20
P480335,Perfume Rollerball Set,NEST New York,Fragrance,1.7917,Medium Risk,100.0,True,3,0,1,1,0,1,17,16,0,0,0,0,1,0,40
P440638,Wild Poppy Eau de Parfum Travel Spray,NEST New York,Fragrance,1.8,Medium Risk,100.0,True,3,0,1,1,0,1,14,13,0,0,0,0,1,0,34
P470237,Turkish Rose Perfume Oil Rollerball,NEST New York,Fragrance,1.6538,Medium Risk,86.67,False,0,0,0,0,0,0,10,9,0,0,0,0,0,0,19
P467037,Seville Orange Perfume Oil,NEST New York,Fragrance,1.6154,Medium Risk,86.67,False,0,0,0,0,0,0,10,9,0,0,0,0,0,0,19
P470231,Indian Jasmine Perfume Oil Rollerball,NEST New York,Fragrance,1.6333,Medium Risk,88.24,False,0,0,0,0,0,0,12,11,0,0,0,0,0,0,23
P427608,Wisteria Blue Eau de Parfum,NEST New York,Fragrance,1.8529,Medium Risk,94.44,True,1,0,1,1,0,1,14,13,0,0,0,0,1,0,32
P470230,Indian Jasmine Perfume Oil,NEST New York,Fragrance,1.6333,Medium Risk,88.24,False,0,0,0,0,0,0,12,11,0,0,0,0,0,0,23
P415765,Black Tulip Eau de Parfum Travel Spray,NEST New York,Fragrance,1.8,Medium Risk,100.0,True,0,0,1,0,0,1,12,11,0,0,0,0,1,0,26
P406776,Citrine Eau de Parfum Travel Spray,NEST New York,Fragrance,1.7188,Medium Risk,100.0,False,3,0,1,2,0,0,10,9,0,0,0,0,0,0,25
P503898,Balinese Coconut Perfume Oil Rollerball,NEST New York,Fragrance,1.6111,Medium Risk,75.0,False,0,0,0,0,0,0,6,5,0,0,0,0,0,0,11
P502931,Madagascar Vanilla Perfume Oil Set,NEST New York,Fragrance,1.5,Medium Risk,77.78,False,0,0,0,0,0,0,4,3,0,0,0,0,0,0,7
P470229,Mini Perfume Oil Set,NEST New York,Fragrance,1.6429,Medium Risk,87.5,False,0,0,0,0,0,0,11,10,0,0,0,0,0,0,21
P427607,Wisteria Blue Eau de Parfum Travel Spray,NEST New York,Fragrance,1.8529,Medium Risk,94.44,True,1,0,1,1,0,1,14,13,0,0,0,0,1,0,32
P463480,Mini Ornament Holiday Candle,NEST New York,Fragrance,2.0,Insufficient Data,25.0,False,0,0,0,0,0,0,1,0,0,0,0,0,0,0,1
P461189,Mini Festive Candle Set,NEST New York,Fragrance,2.0,Insufficient Data,25.0,False,0,0,0,0,0,0,1,0,0,0,0,0,0,0,1
P470234,South Pacific Sandalwood Perfume Oil,NEST New York,Fragrance,1.5417,Medium Risk,85.71,False,0,0,0,0,0,0,9,8,0,0,0,0,0,0,17
P470235,South Pacific Sandalwood Perfume Oil Rollerball,NEST New York,Fragrance,1.5417,Medium Risk,85.71,False,0,0,0,0,0,0,9,8,0,0,0,0,0,0,17
P502899,Sunkissed Hibiscus Fine Fragrance Set,NEST New York,Fragrance,1.5833,Medium Risk,100.0,False,3,0,1,1,0,0,1,0,0,0,0,0,0,0,6
P474362,Pumpkin Chai Candle,NEST New York,Fragrance,2.0,Insufficient Data,33.33,False,0,0,0,0,0,0,1,0,0,0,0,0,0,0,1
P474361,Mini Pumpkin Chai Candle,NEST New York,Fragrance,2.0,Insufficient Data,33.33,False,0,0,0,0,0,0,1,0,0,0,0,0,0,0,1
P504319,Golden Nectar Perfume Set,NEST New York,Fragrance,1.7083,Medium Risk,100.0,False,0,0,1,0,0,0,10,9,0,0,0,0,0,0,20
P468393,Wild Poppy Perfume Set,NEST New York,Fragrance,1.8,Medium Risk,100.0,True,3,0,1,1,0,1,14,13,0,0,0,0,1,0,34
P463481,Mini Birchwood Pine Candle,NEST New York,Fragrance,2.0,Insufficient Data,16.67,False,0,0,0,0,0,0,1,0,0,0,0,0,0,0,1
P505138,Mini Perfume Oil Discovery Sampler Set,NEST New York,Fragrance,1.6765,Medium Risk,85.0,False,0,0,0,0,0,0,14,13,0,0,0,0,0,0,27
P480623,Driftwood & Chamomile Candle,NEST New York,Fragrance,2.0,Insufficient Data,14.29,False,0,0,0,0,0,0,1,0,0,0,0,0,0,0,1
P460869,Grapefruit Hand Soap,NEST New York,Bath & Body,1.4167,Low Risk (Limited Data),64.29,False,1,0,0,0,0,0,6,6,3,0,0,0,0,2,18
P500462,Mini Wild Mint & Eucalyptus Candle,NEST New York,Fragrance,2.0,Insufficient Data,14.29,False,0,0,0,0,0,0,1,0,0,0,0,0,0,0,1
P505122,Mini Perfume Oil Set,NEST New York,Fragrance,1.6765,Medium Risk,85.0,False,0,0,0,0,0,0,14,13,0,0,0,0,0,0,27
P381775,Bamboo Liquid Hand Soap,NEST New York,Bath & Body,1.5,Medium Risk (Limited Data),62.07,True,1,0,0,0,0,1,5,5,3,0,0,0,0,3,18
P502676,Crystallized Ginger & Vanilla Bean Candle,NEST New York,Fragrance,2.0,Insufficient Data,14.29,False,0,0,0,0,0,0,1,0,0,0,0,0,0,0,1
P500463,Mini Driftwood & Chamomile Candle,NEST New York,Fragrance,2.0,Insufficient Data,14.29,False,0,0,0,0,0,0,1,0,0,0,0,0,0,0,1
P419419,Citrine Body Cream,NEST New York,Bath & Body,1.2667,Low Risk,80.36,False,3,0,0,1,0,0,10,11,0,0,1,0,0,1,27
P504703,Lime Zest & Matcha Votive Candle,NEST New York,Fragrance,2.0,Insufficient Data,14.29,False,0,0,0,0,0,0,1,0,0,0,0,0,0,0,1
P448841,Pumpkin Chai Reed Diffuser,NEST New York,Fragrance,2.0,Insufficient Data,33.33,False,0,0,0,0,0,0,1,0,0,0,0,0,0,0,1
P501007,Pumpkin Chai Liquid Soap,NEST New York,Bath & Body,1.3824,Low Risk (Limited Data),60.71,False,1,0,0,0,0,0,5,5,2,0,0,0,0,1,14
P504685,Lime Zest & Matcha Candle,NEST New York,Fragrance,2.0,Insufficient Data,14.29,False,0,0,0,0,0,0,1,0,0,0,0,0,0,0,1
P505155,Lime Zest & Matcha Diffuser,NEST New York,Fragrance,2.0,Insufficient Data,14.29,False,0,0,0,0,0,0,1,0,0,0,0,0,0,0,1
P503233,Himalayan Salt & Rosewater Luxury Candle,NEST New York,Fragrance,2.0,Insufficient Data,14.29,False,0,0,0,0,0,0,1,0,0,0,0,0,0,0,1
P503228,Driftwood & Chamomile  Luxury Candle,NEST New York,Fragrance,2.0,Insufficient Data,14.29,False,0,0,0,0,0,0,1,0,0,0,0,0,0,0,1
P419107,Nudies Matte Cream Blush,NUDESTIX,Makeup,1.025,Low Risk,95.24,False,1,0,0,0,0,0,0,1,0,0,0,0,0,1,3
P388953,Magnetic Eye Color,NUDESTIX,Makeup,1.0,Low Risk,79.17,False,0,0,0,0,0,0,0,0,0,0,0,0,0,0,0
P428673,Nude Metallics For Eyes,NUDESTIX,Makeup,1.0,Low Risk (Limited Data),62.96,False,0,0,0,0,0,0,0,0,0,0,0,0,0,0,0
P444609,Nudies Bloom All Over Dewy Color,NUDESTIX,Makeup,1.0556,Low Risk,72.0,False,1,0,0,0,0,0,0,1,0,0,0,0,0,2,4
P478523,Mini NUDIES Roses 'N Honey Nudes 3pc Kit,NUDESTIX,Mini Size,1.0375,Low Risk,76.92,False,2,0,0,0,0,0,0,1,0,0,0,0,0,2,5
P405290,Intense Matte Lip + Cheek Pencil,NUDESTIX,Makeup,1.0,Low Risk,75.0,False,0,0,0,0,0,0,0,0,0,0,0,0,0,0,0
P431758,Tinted Blur Foundation Stick,NUDESTIX,Makeup,1.0294,Low Risk,80.95,False,1,0,0,0,0,0,0,1,0,0,0,0,0,1,3
P417912,Nudies All Over Face Color Bronze + Glow,NUDESTIX,Makeup,1.0588,Low Risk,73.91,False,1,0,0,0,0,0,0,1,0,0,0,0,0,2,4
P457828,Sunset Nudes 3-piece Set,NUDESTIX,Makeup,1.0119,Low Risk,80.77,False,1,0,0,0,0,0,0,1,0,0,0,0,0,1,3
P416774,Magnetic Matte Lip Color,NUDESTIX,Makeup,1.0,Low Risk (Limited Data),60.0,False,0,0,0,0,0,0,0,0,0,0,0,0,0,0,0
P408286,Gel Color Lip + Cheek Balm,NUDESTIX,Makeup,1.0526,Low Risk,70.37,False,2,0,0,0,0,0,0,0,0,0,0,0,0,0,2
P444920,Nude Plumping Lip Glace,NUDESTIX,Makeup,1.0556,Low Risk,76.6,False,2,0,0,0,0,0,1,2,0,0,0,0,0,1,6
P448152,Tinted Cover Skin Tint Foundation,NUDESTIX,Makeup,1.0139,Low Risk,70.59,False,0,0,0,0,0,0,0,2,0,0,0,0,0,1,3
P482056,Mini Nudefix Cream Concealer,NUDESTIX,Mini Size,1.0256,Low Risk,79.59,False,0,0,1,0,0,0,0,2,0,0,0,0,0,0,3
P501811,Mini Soft & Warm Nudes 3-Piece Kit,NUDESTIX,Makeup,1.0256,Low Risk,79.59,False,1,0,0,0,0,0,0,1,0,0,0,0,0,2,4
P400017,Eyebrow Stylus Pencil & Gel,NUDESTIX,Makeup,1.0952,Low Risk,84.0,False,1,0,1,0,0,0,0,2,0,0,1,0,0,1,6
P500480,Nudies Matte Cream Bronzer,NUDESTIX,Makeup,1.025,Low Risk,95.24,False,1,0,0,0,0,0,0,1,0,0,0,0,0,1,3
P501183,Nudies Matte Lux All-Over Face Blush,NUDESTIX,Makeup,1.0278,Low Risk,78.26,False,1,0,0,0,0,0,0,1,0,0,0,0,0,1,3
P463098,Nudefix Cream Concealer,NUDESTIX,Makeup,1.087,Low Risk (Limited Data),67.65,False,1,0,0,2,0,0,0,0,0,0,0,0,0,0,3
P481828,Nudescreen Daily Mineral Veil SPF 30,NUDESTIX,Skincare,1.0588,Low Risk (Limited Data),68.0,False,0,0,0,0,0,0,1,1,0,0,0,0,0,0,2
P501155,Tinted Blur Contour Sculpting Stick,NUDESTIX,Makeup,1.0263,Low Risk,86.36,False,1,0,0,0,0,0,0,1,0,0,0,0,0,1,3
P463096,Glowy Nude Skin 2pcs,NUDESTIX,Makeup,1.0278,Low Risk,90.0,False,1,0,0,0,0,0,0,1,0,0,0,0,0,2,4
P501177,Blot & Blur Matte Stick,NUDESTIX,Makeup,1.0312,Low Risk,72.73,False,1,0,0,0,0,0,0,1,0,0,0,0,0,1,3
P501780,Mini 90's Nude Lips 3-Piece Kit,NUDESTIX,Makeup,1.0,Low Risk,75.0,False,0,0,0,0,0,0,0,0,0,0,0,0,0,0,0
P463099,Pretty Nude Skin 2pcs,NUDESTIX,Makeup,1.0303,Low Risk,86.84,False,1,0,0,0,0,0,0,1,0,0,0,0,0,2,4
P476894,NUDESKIN Lemon-Aid Detox & Glow Micro-Peel,NUDESTIX,Skincare,1.1389,Low Risk,85.71,False,1,0,0,0,0,0,1,5,0,0,0,1,0,1,9
P476893,NUDESKIN Citrus-C Mask & Daily Moisturizer,NUDESTIX,Skincare,1.0926,Low Risk,72.97,False,0,0,0,0,0,0,2,4,0,0,1,1,0,1,9
P475143,NUDESKIN 3-Step: Citrus Renew Set For Makeup,NUDESTIX,Skincare,1.1379,Low Risk,74.36,False,1,0,0,0,0,0,5,13,0,0,1,3,0,3,26
P502770,"No Edit, No Filter, Just Glam 3-Piece Glamzilla Set",NUDESTIX,Makeup,1.0152,Low Risk,76.74,False,1,0,0,0,0,0,0,1,0,0,0,0,0,1,3
P482054,Euphoric Nudes 7pc Festival Palette,NUDESTIX,Makeup,1.0556,Low Risk,72.97,False,2,0,0,0,0,0,1,3,0,0,0,0,0,3,9
P472178,Brow Set Gel XL,NUDESTIX,Makeup,1.125,Low Risk,84.21,False,1,0,1,0,0,0,0,2,0,0,1,0,0,1,6
P388950,Lash Lengthening Mascara,NUDESTIX,Makeup,1.0441,Low Risk (Limited Data),68.0,False,1,0,2,0,0,0,0,3,0,0,0,0,0,1,7
P482055,Hydra-Peptide Lip Butter with Mini Intense Matte Lip + Cheek Pencil,NUDESTIX,Makeup,1.0833,Low Risk,76.92,False,1,0,0,0,0,0,3,4,0,0,0,0,0,1,9
P501789,Mini Trendy Blush 3-Piece Kit,NUDESTIX,Makeup,1.0441,Low Risk,82.93,False,3,0,0,0,0,0,0,1,0,0,0,0,0,1,5
P478511,Brows & Lashes 3pc Kit,NUDESTIX,Makeup,1.0439,Low Risk,72.15,False,1,0,2,0,0,0,0,4,0,0,1,0,0,1,9
P504874,Nudescreen Lip Primer SPF 30 Natural,NUDESTIX,Makeup,1.0455,Low Risk,73.33,False,0,0,0,0,0,0,1,1,0,0,0,0,0,0,2
P504873,Nude Earth Eye Palette 6 Pc Kit,NUDESTIX,Makeup,1.0,Low Risk,79.31,False,0,0,0,0,0,0,0,0,0,0,0,0,0,0,0
P472179,Vegan Splashproof Mascara,NUDESTIX,Makeup,1.1,Low Risk (Limited Data),68.18,False,1,0,0,0,0,0,0,2,0,0,1,0,0,1,5
P476892,NUDESKIN Citrus Clean Balm & Make-Up Melt,NUDESTIX,Makeup,1.1176,Low Risk (Limited Data),54.84,False,0,0,0,0,0,0,1,3,0,0,0,1,0,1,6
P504322,Gentle Hydra-Gel Face Cleanser,NUDESTIX,Skincare,1.1333,Low Risk (Limited Data),68.18,False,0,0,0,0,0,0,1,4,0,0,1,1,0,1,8
P504330,5% Citrus Fruit & Glycolic Glow Toner,NUDESTIX,Skincare,1.2609,Low Risk (Limited Data),62.16,False,0,0,0,0,0,0,3,9,0,0,0,3,0,1,16
P504306,Citrus Clean Balm & Makeup Melt,NUDESTIX,Makeup,1.1176,Low Risk (Limited Data),54.84,False,0,0,0,0,0,0,1,3,0,0,0,1,0,1,6
P407080,Love is Louder Lip + Cheek Pencil,NUDESTIX,Makeup,1.0,Low Risk,75.0,False,0,0,0,0,0,0,0,0,0,0,0,0,0,0,0
P504286,Nudestix Lemon-Aid Detox & Glow Micro-Peel,NUDESTIX,Skincare,1.1389,Low Risk,85.71,False,1,0,0,0,0,0,1,5,0,0,0,1,0,1,9
P502852,NuFACE Mini+ Petite Facial Toning Device,NuFACE,Skincare,1.0625,Low Risk,72.73,False,1,0,0,0,0,0,1,4,0,0,0,0,0,2,8
P385320,Trinity + Eye and Lip Enhancer Attachment Bundle,NuFACE,Skincare,1.0385,Low Risk,92.86,False,1,0,0,0,0,0,0,2,0,0,0,0,0,1,4
P402992,Trinity + Eye and Lip Enhancer Attachment Bundle,NuFACE,Skincare,1.0,Insufficient Data,33.33,False,0,0,0,0,0,0,0,0,0,0,0,0,0,0,0
P474968,NuFACE Hydrating Aqua Gel,NuFACE,Skincare,1.1,Low Risk,80.0,False,1,0,0,0,0,0,1,3,0,0,0,0,0,2,7
P428005,NuBODY Skin Toning Device,NuFACE,Skincare,1.1,Low Risk,80.0,False,1,0,0,0,0,0,1,3,0,0,0,0,0,2,7
P474967,NuFACE Firming and Brightening Silk Crème,NuFACE,Skincare,1.0741,Low Risk,71.05,False,1,0,0,0,0,0,1,4,0,0,0,0,0,2,8
P393600,Trinity Facial Toning Device + Wrinkle Reducer Attachment Bundle,NuFACE,Skincare,1.0,Insufficient Data,33.33,False,0,0,0,0,0,0,0,0,0,0,0,0,0,0,0
P481138,FIX  Line Smoothing Device,NuFACE,Skincare,1.0769,Low Risk,72.22,False,1,0,0,0,0,0,1,4,0,0,0,0,0,2,8
P402993,Trinity Facial Toning Device + Wrinkle Reducer Attachment Bundle,NuFACE,Skincare,1.0,Insufficient Data,33.33,False,0,0,0,0,0,0,0,0,0,0,0,0,0,0,0
P500464,NuBODY - Body Toning Device,NuFACE,Skincare,1.1,Low Risk,80.0,False,1,0,0,0,0,0,1,3,0,0,0,0,0,2,7
P504221,Trinity+ Starter Kit,NuFACE,Skincare,1.0645,Low Risk (Limited Data),67.39,False,1,0,0,0,0,0,1,4,0,0,0,0,0,2,8
P504676,NuFACE Trinity+ & Effective Lip and Eye Attachment,NuFACE,Skincare,1.0625,Low Risk,72.73,False,1,0,0,0,0,0,1,4,0,0,0,0,0,2,8
P481137,FIX Line Smoothing Serum,NuFACE,Skincare,1.0769,Low Risk,72.22,False,1,0,0,0,0,0,1,4,0,0,0,0,0,2,8
P504148,WOMEN Clinically Proven Hair Growth Supplement for Thinning,Nutrafol,Hair,1.0,Insufficient Data,9.52,False,0,0,0,0,0,0,0,0,0,0,0,0,0,0,0
P504161,Women’s Lightweight Thickening-Hair Serum for Thinning Hair,Nutrafol,Hair,1.1071,Low Risk (Limited Data),53.85,False,0,0,1,0,0,0,0,1,0,0,0,0,0,1,3
P504173,WOMEN’S BALANCE 45+ Clinically Proven Hair Growth Supplement for Thinning,Nutrafol,Hair,1.0,Insufficient Data,5.0,False,0,0,0,0,0,0,0,0,0,0,0,0,0,0,0
P504186,Root Purifier Scalp Shampoo for Thinning Hair,Nutrafol,Hair,1.1944,Low Risk (Limited Data),60.0,False,0,0,0,0,0,0,2,2,1,0,0,0,0,1,6
P504184,Strand Defender Lightweight Strengthening Conditioner for Thinning Hair,Nutrafol,Hair,1.28,Low Risk (Limited Data),67.57,False,0,0,1,0,0,0,6,8,0,0,0,0,0,0,15
P504155,Build-Up Blocker Scalp Exfoliating Hair Mask with AHAs and Jojoba Esters,Nutrafol,Hair,1.1786,Low Risk (Limited Data),56.0,False,0,0,0,0,0,0,1,2,0,0,0,1,0,0,4
P504130,WOMEN’S VEGAN Clinically Proven Hair Growth Supplement for Thinning,Nutrafol,Hair,1.0,Insufficient Data,5.0,False,0,0,0,0,0,0,0,0,0,0,0,0,0,0,0
P504157,Stress Reliever Soothing Serum for Dry & Sensitive Scalps,Nutrafol,Hair,1.2,Low Risk (Limited Data),65.22,False,1,0,0,0,0,0,2,3,0,0,0,0,0,1,7
P504172,MEN Clinically Proven Hair Growth Supplement for Thinning,Nutrafol,Hair,1.0,Insufficient Data,9.52,False,0,0,0,0,0,0,0,0,0,0,0,0,0,0,0
P504165,POSTPARTUM OBGYN-Formulated Hair Growth Supplement for Thinning & Full-Body Recovery Support,Nutrafol,Hair,1.0,Insufficient Data,4.35,False,0,0,0,0,0,0,0,0,0,0,0,0,0,0,0
P428224,No. 3 Hair Repair Perfector,Olaplex,Hair,1.1667,Low Risk,77.78,False,1,0,0,0,0,0,2,4,0,0,0,0,0,1,8
P447376,No. 7 Bonding Hair Oil,Olaplex,Hair,1.3125,Low Risk (Limited Data),64.0,False,1,0,0,1,0,0,6,5,0,0,0,0,0,0,13
P433172,No. 4 Bond Maintenance Shampoo,Olaplex,Hair,1.0789,Low Risk (Limited Data),53.52,False,2,0,0,0,0,0,3,5,0,0,0,0,0,1,11
P441831,No. 6 Bond Smoother Reparative Styling Creme,Olaplex,Hair,1.3333,Low Risk (Limited Data),60.0,False,1,0,1,0,0,0,8,11,0,0,0,0,0,1,22
P433173,No. 5 Bond Maintenance Conditioner,Olaplex,Hair,1.2083,Low Risk (Limited Data),48.0,False,2,0,0,1,0,0,4,7,0,0,0,0,0,1,15
P461483,No. 0 Intensive Bond Building Hair Treatment,Olaplex,Hair,1.1667,Low Risk,75.0,False,1,0,0,0,0,0,0,1,0,0,0,0,0,1,3
P469856,No. 8 Bond Intense Moisture Hair Mask,Olaplex,Hair,1.131,Low Risk,79.25,False,1,0,1,0,0,0,4,8,0,0,0,0,0,1,15
P443331,Mini No. 5 Bond Maintenance Conditioner,Olaplex,Hair,1.2083,Low Risk (Limited Data),47.37,False,2,0,0,1,0,0,4,7,0,0,0,0,0,1,15
P443332,Mini No. 4 Bond Maintenance Shampoo,Olaplex,Hair,1.0789,Low Risk (Limited Data),53.52,False,2,0,0,0,0,0,3,5,0,0,0,0,0,1,11
P482541,No. 9 Bond Protector Nourishing Hair Serum,Olaplex,Hair,1.2292,Low Risk,80.0,False,1,0,0,0,0,0,6,8,0,0,0,0,0,1,16
P476895,No.4P Blonde Enhancer Toning Purple Shampoo,Olaplex,Hair,1.3125,Low Risk,84.21,False,1,0,0,0,0,0,3,5,2,0,0,0,0,2,13
P500624,No. 4C Bond Maintenance Clarifying Shampoo,Olaplex,Hair,1.1562,Low Risk,74.42,False,2,0,0,0,0,0,4,4,1,0,0,0,0,2,13
P480336,No. 3 & No. 8 Hair Repair Remedies Set,Olaplex,Hair,1.1296,Low Risk,73.97,False,1,0,1,0,0,0,5,10,0,0,0,0,0,1,18
P504622,No.4D Clean Volume Detox Dry Shampoo,Olaplex,Hair,1.3333,Low Risk (Limited Data),52.94,False,1,0,1,0,0,0,1,2,0,0,0,0,0,1,6
P430337,C-Rush Vitamin C Gel Moisturizer,OLEHENRIKSEN,Skincare,1.1447,Low Risk,82.61,False,1,0,0,0,0,0,5,7,0,0,0,1,0,1,15
P439061,Glow2OH Dark Spot Toner,OLEHENRIKSEN,Skincare,1.275,Low Risk,90.91,False,1,0,0,0,0,0,4,8,0,0,0,1,0,1,15
P448207,PHAT Glow Facial Mask,OLEHENRIKSEN,Skincare,1.1471,Low Risk,79.07,False,2,0,0,0,0,0,4,5,0,0,0,1,0,1,13
P416816,Balancing Force Oil Control Toner,OLEHENRIKSEN,Skincare,1.2059,Low Risk (Limited Data),65.38,False,2,0,0,0,0,0,1,6,0,0,0,0,0,2,11
P431848,Cold Plunge Pore Mask,OLEHENRIKSEN,Skincare,1.1667,Low Risk (Limited Data),67.74,False,3,0,0,0,0,0,0,6,0,0,0,0,0,2,11
P473322,Dewtopia 20% Acid Night Treatment,OLEHENRIKSEN,Skincare,1.2241,Low Risk,70.73,False,2,0,0,0,0,0,4,9,0,0,0,2,0,1,18
P416815,Find Your Balance Oil Control Cleanser,OLEHENRIKSEN,Skincare,1.1591,Low Risk,78.57,False,1,0,0,0,0,0,1,6,1,0,0,0,0,3,12
P466142,Lemonade Smoothing Scrub,OLEHENRIKSEN,Skincare,1.2,Low Risk,76.92,False,1,0,0,0,0,0,4,9,0,0,0,2,0,1,17
P434545,Glow Cycle Retin-ALT Power Serum,OLEHENRIKSEN,Skincare,1.2031,Low Risk,76.19,False,1,0,0,0,0,0,4,9,0,0,1,1,0,1,17
P456566,Banana Bright 15% Vitamin C Serum,OLEHENRIKSEN,Skincare,1.1579,Low Risk,84.44,False,2,0,0,0,0,0,3,7,0,0,1,2,0,2,17
P472050,Cold Plunge Pore Remedy Moisturizer with BHA/LHA,OLEHENRIKSEN,Skincare,1.1731,Low Risk,74.29,False,4,0,0,0,0,0,2,5,0,0,0,0,0,1,12
P442012,Banana Bright Face Primer,OLEHENRIKSEN,Makeup,1.1,Low Risk,84.91,False,1,0,0,0,0,0,4,6,0,0,0,1,0,1,13
P469213,Wrinkle Blur Bakuchiol Eye Gel Crème,OLEHENRIKSEN,Skincare,1.1071,Low Risk,75.0,False,1,0,0,0,0,0,4,6,0,0,0,1,0,1,13
P418872,Pore-Balance Facial Sauna Scrub,OLEHENRIKSEN,Skincare,1.1316,Low Risk (Limited Data),67.86,False,1,0,0,0,0,0,1,6,0,0,0,0,0,2,10
P479339,Strength Trainer Peptide Boost Moisturizer,OLEHENRIKSEN,Skincare,1.0481,Low Risk,72.22,False,1,0,0,0,0,0,3,5,0,0,0,0,0,1,10
P483679,Truth Barrier Booster Orange Ferment Vitamin C Essence,OLEHENRIKSEN,Skincare,1.15,Low Risk,71.43,False,3,0,0,0,0,0,3,5,0,0,0,1,0,1,13
P500613,Banana Bright+ Vitamin C Eye Crème,OLEHENRIKSEN,Skincare,1.0116,Low Risk,71.67,False,1,0,0,0,0,0,0,1,0,0,0,0,0,1,3
P453227,Truth Juice Daily Cleanser,OLEHENRIKSEN,Skincare,1.1034,Low Risk,80.56,False,1,0,0,0,0,0,2,5,0,0,0,2,0,1,11
P459133,Mini Truth Juice Daily Cleanser,OLEHENRIKSEN,Skincare,1.1034,Low Risk,80.56,False,1,0,0,0,0,0,2,5,0,0,0,2,0,1,11
P434546,Goodnight Glow Bakuchiol Sleeping Crème,OLEHENRIKSEN,Skincare,1.1538,Low Risk,78.0,False,2,0,0,0,0,0,4,8,0,0,0,1,0,1,16
P503651,Dewtopia 5% AHA Firming Night Crème,OLEHENRIKSEN,Skincare,1.1512,Low Risk,75.44,False,2,0,0,0,0,0,4,10,0,0,0,2,0,1,19
P504639,Banana Bright+ Vitamin CC Eye Sticks,OLEHENRIKSEN,Skincare,1.0217,Low Risk,76.67,False,1,0,0,0,0,0,0,2,0,0,0,0,0,1,4
P504043,Hydrabarrier Nourishing Face Oil,OLEHENRIKSEN,Skincare,1.1765,Low Risk (Limited Data),65.38,False,0,0,0,0,0,0,4,3,0,0,0,0,0,0,7
P500033,Firmly Yours Dry Body Oil with Peptides,OLEHENRIKSEN,Bath & Body,1.1765,Low Risk (Limited Data),53.12,False,0,0,0,0,0,0,2,4,0,0,0,2,0,0,8
P470240,Truth Serum Vitamin C Serum,OLEHENRIKSEN,Skincare,1.1071,Low Risk,75.68,False,1,0,0,0,0,0,4,4,0,0,0,0,0,1,10
P503878,Pout Preserve Peptide Lip Treatment,OLEHENRIKSEN,Skincare,1.25,Insufficient Data,29.27,False,0,0,0,0,0,0,4,3,0,0,0,0,0,0,7
P459131,3 Mega Wonders,OLEHENRIKSEN,Skincare,1.1429,Low Risk,80.77,False,2,0,0,0,0,0,5,11,0,0,1,2,0,2,23
P500047,BeamCream Smoothing Body Moisturizer with AHAs,OLEHENRIKSEN,Bath & Body,1.1912,Low Risk,72.34,False,1,0,0,0,0,0,2,9,0,0,1,3,0,0,16
P471566,Mini Lemonade Smoothing Scrub,OLEHENRIKSEN,Skincare,1.2,Low Risk,76.92,False,1,0,0,0,0,0,4,9,0,0,0,2,0,1,17
P473323,Acids Done Bright Smoothing Skincare Set,OLEHENRIKSEN,Men,1.1596,Low Risk,74.6,False,2,0,0,0,0,0,5,10,0,0,0,2,0,1,20
P502976,Stay in Touch Restorative Hand Crème,OLEHENRIKSEN,Bath & Body,1.1875,Low Risk (Limited Data),57.14,False,1,0,0,0,0,0,2,7,0,0,0,3,0,1,14
P472180,Balance It All Oil Control & Pore-Refining Set,OLEHENRIKSEN,Skincare,1.1489,Low Risk,73.44,False,4,0,0,0,0,0,2,8,1,0,0,0,0,3,18
P503572,Let's Get Luminous Brightening Essentials Set,OLEHENRIKSEN,Skincare,1.0862,Low Risk,71.6,False,1,0,0,0,0,0,5,6,0,0,0,1,0,1,14
P454800,Mini Glow2OH Dark Spot Toner,OLEHENRIKSEN,Skincare,1.275,Low Risk,90.91,False,1,0,0,0,0,0,4,8,0,0,0,1,0,1,15
P503933,The Night Time Edit- Jenna Rennert X OLEHENRIKSEN,OLEHENRIKSEN,Skincare,1.1212,Low Risk,75.0,False,2,0,0,0,0,0,5,11,0,0,0,3,0,1,22
P503876,OLE Glow Icons Skincare Set,OLEHENRIKSEN,Skincare,1.0952,Low Risk,77.06,False,2,0,0,0,0,0,4,10,0,0,1,2,0,2,21
P504035,Mini BeamCream Smoothing Body Moisturizer with AHAs,OLEHENRIKSEN,Bath & Body,1.1912,Low Risk,72.34,False,1,0,0,0,0,0,2,9,0,0,1,3,0,0,16
P504032,Glow Strong Mini Moisturizer + Eye Cream Duo,OLEHENRIKSEN,Skincare,1.0412,Low Risk,73.28,False,1,0,0,0,0,0,4,5,0,0,0,0,0,1,11
P469953,Turn Up The Base Versatile Powder Foundation,ONE/SIZE by Patrick Starrr,Makeup,1.0,Low Risk,80.0,False,0,0,0,0,0,0,0,0,0,0,0,0,0,0,0
P466143,Mini Ultimate Blurring Setting Powder,ONE/SIZE by Patrick Starrr,Makeup,1.0278,Low Risk,90.0,False,1,0,0,0,0,0,0,1,0,0,0,0,0,1,3
P466144,Ultimate Blurring Setting Powder,ONE/SIZE by Patrick Starrr,Makeup,1.0278,Low Risk,90.0,False,1,0,0,0,0,0,0,1,0,0,0,0,0,1,3
P478536,Turn Up the Base Blurring Foundation,ONE/SIZE by Patrick Starrr,Makeup,1.0227,Low Risk,75.86,False,1,0,0,0,0,0,0,1,0,0,0,0,0,1,3
P476719,On 'Til Dawn Mattifying Waterproof Setting Spray,ONE/SIZE by Patrick Starrr,Makeup,1.25,Low Risk,76.19,False,1,0,2,0,0,0,4,4,0,0,0,0,0,1,12
P473741,Turn Up the Base Butter Silk Concealer,ONE/SIZE by Patrick Starrr,Makeup,1.0161,Low Risk,93.94,False,1,0,0,0,0,0,0,1,0,0,0,0,0,1,3
P476718,Mini On 'Til Dawn Mattifying Waterproof Setting Spray,ONE/SIZE by Patrick Starrr,Makeup,1.25,Low Risk,76.19,False,1,0,2,0,0,0,4,4,0,0,0,0,0,1,12
P461665,Point Made Waterproof Liquid Eyeliner Pen,ONE/SIZE by Patrick Starrr,Makeup,1.1364,Low Risk (Limited Data),57.89,False,1,0,0,1,0,0,0,1,0,0,0,0,0,1,4
P468394,Secure the Blur Makeup Magnet Primer,ONE/SIZE by Patrick Starrr,Makeup,1.025,Low Risk,90.91,False,1,0,0,0,0,0,0,2,0,0,0,0,0,1,4
P461664,PATRICK STARRR Visionary Eyeshadow Palette,ONE/SIZE by Patrick Starrr,Makeup,1.0455,Low Risk,78.57,False,3,0,0,0,0,0,0,1,0,0,0,0,0,1,5
P482710,Made for Shade Bronze & Sculpt Trio Palette,ONE/SIZE by Patrick Starrr,Makeup,1.0,Low Risk,100.0,False,0,0,0,0,0,0,0,1,0,0,0,0,0,0,1
P461666,Eye Popper Sparkle Vision Liquid Eyeshadow,ONE/SIZE by Patrick Starrr,Makeup,1.0667,Low Risk,71.43,False,1,0,1,0,0,0,0,2,0,0,0,0,0,1,5
P504363,Lip Snatcher Hydrating Liquid Lipstick and Lip Gloss Duo,ONE/SIZE by Patrick Starrr,Makeup,1.0345,Low Risk,85.29,False,2,0,0,0,0,0,0,0,0,0,0,0,0,0,2
P461923,Point Made 24-Hour Gel Eyeliner Pencil,ONE/SIZE by Patrick Starrr,Makeup,1.0,Low Risk,75.0,False,0,0,0,0,0,0,0,0,0,0,0,0,0,0,0
P504605,Lip Snatcher Waterproof Precision Lip Liner,ONE/SIZE by Patrick Starrr,Makeup,1.0,Low Risk,72.22,False,0,0,0,0,0,0,0,0,0,0,0,0,0,0,0
P461667,Mini GO OFF Makeup Dissolving Mist,ONE/SIZE by Patrick Starrr,Skincare,1.3,Low Risk (Limited Data),50.0,False,0,0,0,0,0,0,1,0,0,0,0,0,0,0,1
P91627362,GO OFF Makeup Dissolving Mist,ONE/SIZE by Patrick Starrr,Skincare,1.3,Low Risk (Limited Data),50.0,False,0,0,0,0,0,0,1,0,0,0,0,0,0,0,1
P500481,Fantasize Lifting & Lengthening Mascara,ONE/SIZE by Patrick Starrr,Makeup,1.0,Low Risk,74.07,False,0,0,0,0,0,0,0,0,0,0,0,0,0,0,0
P500501,Mini Fantasize Lifting & Lengthening Mascara,ONE/SIZE by Patrick Starrr,Makeup,1.0,Low Risk,74.07,False,0,0,0,0,0,0,0,0,0,0,0,0,0,0,0
P472993,BrowKiki Nourishing Tinted Brow Gel,ONE/SIZE by Patrick Starrr,Makeup,1.0588,Low Risk,73.91,False,1,0,1,0,0,0,0,2,0,0,0,0,0,1,5
P472995,BrowKiki Micro Brow Defining Pencil,ONE/SIZE by Patrick Starrr,Makeup,1.0,Low Risk,81.25,False,0,0,0,0,0,0,0,0,0,0,0,0,0,0,0
P501749,Disney Fantasia and ONE/SIZE Face and Eye Palette,ONE/SIZE by Patrick Starrr,Makeup,1.0526,Low Risk,84.44,False,3,0,0,0,0,0,0,3,0,0,0,0,0,1,7
P500733,Eye Popper Creamy Matte Liquid Eyeshadow,ONE/SIZE by Patrick Starrr,Makeup,1.0,Low Risk,95.24,False,0,0,0,0,0,0,0,0,0,0,0,0,0,0,0
P472994,BrowKiki Nourishing Clear Brow Gel,ONE/SIZE by Patrick Starrr,Makeup,1.0,Low Risk,83.33,False,0,0,0,0,0,0,0,1,0,0,0,0,0,0,1
P469097,Gold Lust Repair & Restore Shampoo,Oribe,Hair,1.1897,Low Risk (Limited Data),65.17,False,2,0,1,1,0,0,5,11,2,0,0,1,0,2,25
P469094,Mini Gold Lust Nourishing Hair Oil,Oribe,Hair,1.2895,Low Risk,70.37,False,0,0,0,0,0,0,5,6,0,0,0,2,0,1,14
P469076,Dry Texturizing Spray,Oribe,Hair,1.2826,Low Risk (Limited Data),65.71,False,3,0,2,1,0,0,5,6,0,0,0,0,0,1,18
P469093,Gold Lust Nourishing Hair Oil,Oribe,Hair,1.2895,Low Risk,70.37,False,0,0,0,0,0,0,5,6,0,0,0,2,0,1,14
P469096,Gold Lust Repair & Restore Conditioner,Oribe,Hair,1.1525,Low Risk,72.84,False,2,0,2,1,0,0,4,9,0,0,0,1,0,1,20
P469140,#OribeObsessed Hair Set,Oribe,Hair,1.1782,Low Risk (Limited Data),65.91,False,4,0,3,2,0,0,6,14,2,0,0,1,0,2,34
P469195,Supershine Moisturizing Hair Cream,Oribe,Hair,1.2045,Low Risk,74.58,False,4,0,0,1,1,0,7,8,0,0,0,0,0,1,22
P469156,Mini Royal Blowout Heat Styling Spray,Oribe,Hair,1.2647,Low Risk,73.91,False,0,0,0,0,0,0,6,5,0,0,0,0,0,0,11
P469155,Royal Blowout Heat Styling Spray,Oribe,Hair,1.2647,Low Risk,73.91,False,0,0,0,0,0,0,6,5,0,0,0,0,0,0,11
P469122,Mini Dry Texturizing Spray,Oribe,Hair,1.2826,Low Risk (Limited Data),65.71,False,3,0,2,1,0,0,5,6,0,0,0,0,0,1,18
P469099,Gold Lust Transformative Hair Mask,Oribe,Hair,1.1607,Low Risk,71.79,False,2,0,2,1,0,0,4,9,0,0,0,1,0,1,20
P479978,Hair Alchemy Strengthening Treatment Serum,Oribe,Hair,1.1129,Low Risk,72.09,False,3,0,1,0,0,0,5,9,0,0,0,0,0,1,19
P469169,Serene Scalp Thickening Hair Treatment Spray,Oribe,Hair,1.0513,Low Risk,72.22,False,2,0,0,0,0,0,1,3,0,0,0,0,0,2,8
P481140,Hair Alchemy Strengthening Shampoo,Oribe,Hair,1.0873,Low Risk (Limited Data),62.38,False,3,0,1,0,0,0,2,7,1,0,0,0,0,2,16
P469098,Mini Gold Lust Repair & Restore Shampoo,Oribe,Hair,1.1897,Low Risk (Limited Data),65.17,False,2,0,1,1,0,0,5,11,2,0,0,1,0,2,25
P469163,Serene Scalp Anti-Dandruff Shampoo,Oribe,Hair,1.1275,Low Risk,75.0,False,3,0,0,0,0,0,4,6,1,0,0,1,0,2,17
P469091,Mini Gold Lust Repair & Restore Conditioner,Oribe,Hair,1.1525,Low Risk,72.84,False,2,0,2,1,0,0,4,9,0,0,0,1,0,1,20
P469115,Maximista Hair Thickening Spray,Oribe,Hair,1.3158,Low Risk,76.0,False,1,0,2,0,0,0,5,7,0,0,0,0,0,1,16
P469186,Straight Away Smoothing Blowout Hair Cream,Oribe,Hair,1.1705,Low Risk,75.86,False,3,0,0,2,0,0,5,7,0,0,0,0,0,1,18
P469157,Run-Through Detangling Hair Primer,Oribe,Hair,1.1463,Low Risk,73.21,False,1,0,0,0,0,0,5,8,0,0,0,0,0,1,15
P481141,Hair Alchemy Strengthening Conditioner,Oribe,Hair,1.0902,Low Risk,71.76,False,2,0,1,0,0,0,2,8,0,0,0,0,0,1,14
P481139,Mini Supershine Moisturizing Hair Cream,Oribe,Hair,1.2045,Low Risk,74.58,False,4,0,0,1,1,0,7,8,0,0,0,0,0,1,22
P469092,Gold Lust Dry Shampoo,Oribe,Hair,1.2292,Low Risk (Limited Data),66.67,False,2,0,1,0,0,0,5,5,0,0,0,0,0,1,14
P469130,Moisture & Control Deep Treatment Hair Mask,Oribe,Hair,1.2812,Low Risk,80.0,True,2,0,1,1,0,1,4,8,0,0,0,0,1,1,19
P469180,Signature Shampoo,Oribe,Hair,1.1512,Low Risk (Limited Data),66.15,False,1,0,0,1,0,0,5,8,1,0,0,0,0,1,17
P469173,Shampoo for Magnificent Volume,Oribe,Hair,1.125,Low Risk (Limited Data),63.16,False,1,0,1,1,0,0,3,6,0,0,0,0,0,1,13
P469105,Imperial Blowout Transformative Styling Hair Cream,Oribe,Hair,1.1176,Low Risk (Limited Data),69.86,False,3,0,0,1,0,0,5,7,0,0,0,1,0,2,19
P469185,Split End Seal Beautiful Color Hair Treatment,Oribe,Hair,1.234,Low Risk (Limited Data),62.67,False,3,0,0,1,0,0,4,8,1,0,1,1,0,1,20
P469174,Shampoo for Moisture & Control,Oribe,Hair,1.0641,Low Risk,84.78,False,1,0,0,0,0,0,3,4,0,0,0,0,0,1,9
P469164,Serene Scalp Balancing Conditioner,Oribe,Hair,1.0952,Low Risk,91.3,False,2,0,1,0,0,0,4,8,0,0,0,0,0,1,16
P500038,Mini Gold Lust Transformative mask,Oribe,Hair,1.1607,Low Risk,71.79,False,2,0,2,1,0,0,4,9,0,0,0,1,0,1,20
P469124,Mini Impermeable Anti-Humidity Hair Spray,Oribe,Hair,1.5,Medium Risk (Limited Data),66.67,False,2,0,1,1,0,0,5,4,0,0,0,0,0,0,13
P469144,Hair Priming Lotion Leave-In Conditioning Detangler,Oribe,Hair,1.125,Low Risk,83.33,False,1,0,0,0,0,0,5,6,0,0,0,0,0,1,13
P469033,Aprés Beach Wave and Shine Spray,Oribe,Hair,1.25,Low Risk (Limited Data),66.67,False,1,0,1,0,0,0,5,5,0,0,0,0,0,1,13
P469101,Grandiose Hair Plumping Mousse,Oribe,Hair,1.2414,Low Risk (Limited Data),64.44,False,2,0,1,1,0,0,5,8,0,0,1,0,0,1,19
P469168,Serene Scalp Soothing Leave-On Hair Treatment,Oribe,Hair,1.1552,Low Risk (Limited Data),69.05,False,2,0,1,0,0,0,0,6,0,0,1,1,0,2,13
P469191,Superfine Hair Spray,Oribe,Hair,1.3333,Low Risk (Limited Data),65.62,False,3,0,1,1,0,0,5,6,0,0,1,0,0,1,18
P469194,Supershine Light Moisturizing Hair Cream,Oribe,Hair,1.2,Low Risk,71.43,False,3,0,0,1,1,0,7,8,0,0,0,0,0,1,21
P501251,Signature Blowout Hair Set,Oribe,Hair,1.1579,Low Risk (Limited Data),68.47,False,4,0,0,2,0,0,7,11,1,0,0,0,0,1,26
P469171,Shampoo for Beautiful Color,Oribe,Hair,1.1635,Low Risk,74.29,False,4,0,1,2,0,0,5,7,1,0,0,0,0,1,21
P469106,Impermeable Anti-Humidity Hair Spray,Oribe,Hair,1.5,Medium Risk (Limited Data),66.67,False,2,0,1,1,0,0,5,4,0,0,0,0,0,0,13
P500638,Replenishing Body Wash,Oribe,Bath & Body,1.197,Low Risk (Limited Data),63.46,False,1,0,0,0,0,0,7,7,2,0,0,0,0,1,18
P469108,Intense Conditioner for Moisture & Control,Oribe,Hair,1.1735,Low Risk,73.13,False,2,0,2,1,0,0,5,9,0,0,0,0,0,1,20
P469095,Gold Lust Power Drops Damage Hair Repair Booster,Oribe,Hair,1.1735,Low Risk (Limited Data),68.06,False,1,0,1,1,0,0,6,12,0,0,0,0,0,1,22
P504151,Lunar New Year Gold Lust Travel Hair Set,Oribe,Hair,1.1667,Low Risk,70.91,False,3,0,2,1,0,0,5,13,2,0,0,1,0,2,29
P469123,Mini Gold Lust Dry Shampoo,Oribe,Hair,1.2292,Low Risk (Limited Data),66.67,False,2,0,1,0,0,0,5,5,0,0,0,0,0,1,14
P469199,The Cleanse Clarifying Shampoo,Oribe,Hair,1.1222,Low Risk,76.27,True,2,0,0,0,0,1,3,4,0,0,0,0,1,1,12
P500641,Restorative Body Crème,Oribe,Bath & Body,1.16,Low Risk,84.75,False,2,0,0,0,0,0,8,10,0,0,1,0,0,1,22
P469037,Bright Blonde Sun Lightening Hair Mist,Oribe,Hair,1.2241,Low Risk (Limited Data),63.04,False,2,0,0,1,0,0,4,8,0,0,0,0,0,1,16
P469126,Mini Superfine Hair Spray,Oribe,Hair,1.3333,Low Risk (Limited Data),65.62,False,3,0,1,1,0,0,5,6,0,0,1,0,0,1,18
P469061,Curl Gloss,Oribe,Hair,1.1406,Low Risk (Limited Data),66.67,False,1,0,1,0,0,0,5,8,0,0,0,0,0,1,16
P469042,Mini Bright Blonde Shampoo for Beautiful Color,Oribe,Hair,1.1981,Low Risk (Limited Data),63.1,False,3,0,1,0,0,0,5,11,2,0,0,1,0,2,25
P469114,Matte Waves Texture Hair Lotion,Oribe,Hair,1.1515,Low Risk,71.74,False,3,0,0,0,0,0,5,6,0,0,0,0,0,1,15
P469172,Shampoo for Brilliance & Shine,Oribe,Hair,1.1739,Low Risk (Limited Data),68.66,False,3,0,1,1,0,0,4,8,1,0,0,0,0,1,19
P469041,Bright Blonde Shampoo for Beautiful Color,Oribe,Hair,1.1981,Low Risk (Limited Data),63.1,False,3,0,1,0,0,0,5,11,2,0,0,1,0,2,25
P469046,Cleansing Cream for Moisture & Control,Oribe,Hair,1.1569,Low Risk (Limited Data),69.86,False,2,0,1,1,0,0,4,9,0,0,0,1,0,1,19
P469167,Serene Scalp Exfoliating Scrub,Oribe,Hair,1.17,Low Risk (Limited Data),66.67,False,3,0,1,0,0,0,4,9,1,0,0,1,0,4,23
P469057,Conditioner for Brilliance & Shine,Oribe,Hair,1.163,Low Risk,73.02,False,4,0,0,1,0,0,5,6,0,0,0,0,0,1,17
P469059,Curl Control Silkening Cream,Oribe,Hair,1.1019,Low Risk,83.08,False,1,0,0,0,0,0,5,8,0,0,0,0,0,1,15
P469040,Bright Blonde Essential Priming Hair Serum,Oribe,Hair,1.1848,Low Risk,70.77,False,3,0,1,1,0,0,5,9,0,0,1,0,0,1,21
P469179,Signature Moisture Hair Mask,Oribe,Hair,1.1224,Low Risk (Limited Data),64.47,False,3,0,1,0,0,0,4,6,0,0,0,0,0,1,15
P469178,Signature Conditioner,Oribe,Hair,1.163,Low Risk,74.19,False,4,0,0,1,0,0,5,7,0,0,0,0,0,1,18
P469060,Curl Gelée for Shine and Definition,Oribe,Hair,1.2826,Low Risk,82.14,False,2,0,0,1,0,0,5,8,0,0,1,0,0,1,18
P469109,Invisible Defense Universal Protection Hair Spray,Oribe,Hair,1.1447,Low Risk,74.51,False,3,0,0,1,0,0,4,6,0,0,0,0,0,1,15
P500863,Mini Maximista Hair Thickening Spray,Oribe,Hair,1.3158,Low Risk,76.0,False,1,0,2,0,0,0,5,7,0,0,0,0,0,1,16
P469039,Mini Bright Blonde Conditioner for Beautiful Color,Oribe,Hair,1.1636,Low Risk,71.43,False,3,0,2,1,0,0,4,9,0,0,0,1,0,1,21
P469056,Conditioner for Beautiful Color,Oribe,Hair,1.1562,Low Risk,76.19,False,4,0,0,1,0,0,5,7,0,0,0,0,0,1,18
P469090,Gold Lust All Over Oil,Oribe,Hair,1.2368,Low Risk,86.36,False,0,0,0,0,0,0,4,5,0,0,0,2,0,1,12
P469188,Styling Butter Curl Enhancing Cream,Oribe,Hair,1.1471,Low Risk,85.0,False,1,0,0,0,0,0,5,7,0,0,0,0,0,1,14
P469192,Superfine Strong Hair Spray,Oribe,Hair,1.5,Medium Risk,75.0,False,1,0,1,1,0,0,5,5,0,0,1,0,0,0,14
P469104,Conditioner for Magnificent Volume,Oribe,Hair,1.1829,Low Risk,71.93,False,1,0,1,1,0,0,4,9,0,0,0,0,0,1,17
P469038,Bright Blonde Conditioner for Beautiful Color,Oribe,Hair,1.1636,Low Risk,71.43,False,3,0,2,1,0,0,4,9,0,0,0,1,0,1,21
P469031,Airbrush Root Touch-Up Spray,Oribe,Hair,1.2708,Low Risk (Limited Data),64.86,False,2,0,0,2,0,0,4,5,0,0,0,0,0,1,14
P474368,Run Through Detangling Shampoo,Oribe,Hair,1.1275,Low Risk,71.83,False,3,0,0,0,0,0,5,8,1,0,0,0,0,1,18
P469205,Tres Set Structure Spray,Oribe,Hair,1.2241,Low Risk (Limited Data),63.04,False,2,0,0,1,0,0,4,8,0,0,0,0,0,1,16
P469103,Hair Mask for Beautiful Color,Oribe,Hair,1.25,Low Risk (Limited Data),65.38,True,3,0,1,0,0,1,3,7,0,0,0,0,1,1,17
P469062,Curl Shaping Mousse,Oribe,Hair,1.2143,Low Risk (Limited Data),57.14,False,1,0,0,0,0,0,6,7,0,0,1,0,0,1,16
P504624,Hair Alchemy Strengthening Mask,Oribe,Hair,1.1556,Low Risk,76.27,False,2,0,0,0,0,0,5,8,0,0,0,0,0,2,17
P469102,Hair Cream for Style,Oribe,Hair,1.24,Low Risk,71.43,False,2,0,0,0,0,0,6,6,1,0,0,0,0,1,16
P504619,Mini Hair Alchemy Strengthening Shampoo,Oribe,Hair,1.0873,Low Risk (Limited Data),62.38,False,3,0,1,0,0,0,2,7,1,0,0,0,0,2,16
P471274,Bright Blonde Radiance & Repair Treatment,Oribe,Hair,1.2553,Low Risk (Limited Data),69.12,False,6,0,0,2,0,0,5,10,0,0,1,1,0,1,26
P469182,Silverati Conditioner,Oribe,Hair,1.1316,Low Risk (Limited Data),67.06,False,1,0,2,1,0,0,4,9,0,0,0,0,0,1,18
P504598,Mini Hair Alchemy Strengthening Conditioner,Oribe,Hair,1.0902,Low Risk,71.76,False,2,0,1,0,0,0,2,8,0,0,0,0,0,1,14
P501779,Dry Texturizing Spray,Oribe,Hair,1.2826,Low Risk (Limited Data),65.71,False,3,0,2,1,0,0,5,6,0,0,0,0,0,1,18
P500871,Mini Straight Away Smoothing Blowout Hair Cream,Oribe,Hair,1.1705,Low Risk,75.86,False,3,0,0,2,0,0,5,7,0,0,0,0,0,1,18
P500843,Mini Run-Through Detangling Hair Primer,Oribe,Mini Size,1.1463,Low Risk,73.21,False,1,0,0,0,0,0,5,8,0,0,0,0,0,1,15
P297524,Clear Improvement Active Charcoal Mask to Clear Pores,Origins,Skincare,1.0667,Low Risk (Limited Data),65.22,False,1,0,0,0,0,0,0,3,0,0,0,0,0,1,5
P297516,Checks and Balances Frothy Face Wash,Origins,Skincare,1.2188,Low Risk (Limited Data),59.26,False,1,0,0,0,0,0,2,3,1,0,0,1,0,1,9
P422536,Original Skin Matte Moisturizer with Willowherb,Origins,Skincare,1.2561,Low Risk (Limited Data),69.49,False,2,0,1,0,0,0,7,13,0,0,1,3,0,2,29
P297517,Super Spot Remover Acne Treatment Gel,Origins,Skincare,1.1944,Low Risk,78.26,False,2,0,1,0,0,0,2,4,0,0,0,0,0,1,10
P440925,Drink Up Intensive Overnight Hydrating Mask with Avocado & Swiss Glacier Water,Origins,Skincare,1.0811,Low Risk (Limited Data),58.73,False,2,0,1,0,0,0,2,4,0,0,0,1,0,1,11
P386197,GinZing Refreshing Scrub Cleanser,Origins,Skincare,1.0833,Low Risk (Limited Data),58.06,False,1,0,0,0,0,0,0,3,0,0,0,1,0,1,6
P434360,High-Potency Night-a-Mins Resurfacing Cream with Fruit-Derived AHAs,Origins,Skincare,1.15,Low Risk (Limited Data),65.57,False,2,0,0,0,0,0,4,10,0,0,1,1,0,1,19
P446421,Clear Improvement Pore Clearing Moisturizer with Salicylic Acid,Origins,Skincare,1.3125,Low Risk (Limited Data),57.14,False,1,0,1,0,0,0,6,9,0,0,0,1,0,2,20
P433444,Clear Improvement Charcoal Honey Mask to Purify and Nourish,Origins,Skincare,1.1515,Low Risk,70.21,False,1,0,0,0,0,0,5,8,0,0,0,1,0,1,16
P475589,Ginzing Vitamin C Eye Cream to Brighten and Depuff,Origins,Skincare,1.0568,Low Risk,74.58,False,2,0,0,1,0,0,0,2,0,0,0,0,0,2,7
P482298,Dr. Andrew Weil for Origins Mega-Mushroom Relief & Resilience Soothing Treatment Lotion,Origins,Skincare,1.1875,Low Risk (Limited Data),61.54,False,2,0,0,0,0,0,4,7,0,0,0,0,0,2,15
P297531,Eye Doctor Moisture Care For Skin Around Eyes,Origins,Skincare,1.125,Low Risk (Limited Data),63.64,False,1,0,0,1,0,0,1,3,0,0,0,1,0,0,7
P434361,High-Potency Night-A-Mins Oil-Free Resurfacing Cream with Fruit Derived AHAs,Origins,Skincare,1.1571,Low Risk (Limited Data),68.63,False,2,0,0,0,0,0,3,9,0,0,1,1,0,1,17
P462891,GinZing Into the Glow Brightening Serum,Origins,Skincare,1.2344,Low Risk,74.42,False,2,0,0,1,0,0,3,10,0,0,0,2,0,2,20
P468396,PLANTSCRIPTION Multi-powered Anti-Aging Peptide Serum,Origins,Skincare,1.1795,Low Risk (Limited Data),62.9,False,1,0,0,1,0,0,5,8,0,0,0,2,0,3,20
P385253,Dr. Andrew Weil For Origins Mega-Bright SPF 30 Skin Tone Correcting Oil-Free Moisturizer,Origins,Skincare,1.2564,Low Risk (Limited Data),55.71,False,2,0,0,0,0,0,8,12,0,0,1,1,0,1,25
P375831,Ginger Souffle Whipped Body Cream,Origins,Bath & Body,1.2258,Low Risk,72.09,False,1,0,0,0,0,0,6,9,0,0,0,3,0,1,20
P394702,Plantscription Anti-Aging Power Eye Cream,Origins,Skincare,1.0323,Low Risk (Limited Data),58.49,False,2,0,0,0,0,0,0,2,0,0,0,0,0,1,5
P440933,Mini Clear Improvement Active Charcoal Mask to Clear Pore,Origins,Skincare,1.0667,Low Risk (Limited Data),65.22,False,1,0,0,0,0,0,0,3,0,0,0,0,0,1,5
P502046,GinZing Energizing Gel Cream with Caffeine & Niacinamide,Origins,Skincare,1.125,Low Risk,74.42,False,1,0,0,0,0,0,3,7,0,0,0,2,0,1,14
P440929,Mini Original Skin Retexturizing Mask with Rose Clay,Origins,Skincare,1.16,Low Risk (Limited Data),59.52,False,1,0,0,0,0,0,4,7,0,0,0,0,0,1,13
P440926,Mini Drink Up Intensive Overnight Hydrating Mask with Avocado & Swiss Glacier Water,Origins,Skincare,1.0811,Low Risk (Limited Data),58.73,False,2,0,1,0,0,0,2,4,0,0,0,1,0,1,11
P377919,Plantscription Anti-Aging Cleanser,Origins,Skincare,1.1786,Low Risk (Limited Data),41.18,False,1,0,0,0,0,0,3,4,0,0,0,1,0,1,10
P471567,Checks and Balances Polishing Exfoliator,Origins,Skincare,1.1034,Low Risk,76.32,False,1,0,0,0,0,0,3,6,0,0,0,1,0,2,13
P401570,Mega-Mushroom Skin Relief Micellar Cleanser,Origins,Skincare,1.125,Low Risk (Limited Data),51.28,False,0,0,0,0,0,0,2,3,0,0,0,0,0,0,5
P408241,Plantscription Youth-Renewing Power Night Cream,Origins,Skincare,1.1707,Low Risk (Limited Data),56.94,False,1,0,0,0,0,0,6,9,0,0,0,3,0,1,20
P455004,Pretty in Bloom SPF 20 Flower-Infused Long-Wear Foundation,Origins,Makeup,1.0957,Low Risk (Limited Data),64.38,False,1,0,0,1,0,0,4,5,0,0,0,0,0,1,12
P409834,Plantscription SPF 25 Power Anti-Aging Cream,Origins,Skincare,1.1522,Low Risk (Limited Data),57.5,False,1,0,0,0,0,0,6,11,0,0,0,3,0,2,23
P409816,Plantscription SPF 25 Power Anti-Aging Oil-Free Cream,Origins,Skincare,1.1628,Low Risk (Limited Data),55.84,False,1,0,0,0,0,0,6,11,0,0,0,3,0,2,23
P470048,Bestsellers Recruitment Set,Origins,Skincare,1.1419,Low Risk (Limited Data),50.68,False,2,0,0,1,0,0,6,13,1,0,0,3,0,3,29
P475590,MINI GINZING VITAMIN C EYE CREAM TO BRIGHTEN AND DEPUFF,Origins,Skincare,1.0568,Low Risk,74.58,False,2,0,0,1,0,0,0,2,0,0,0,0,0,2,7
P442745,Plantscription Retinol Night Moisturizer,Origins,Skincare,1.1848,Low Risk (Limited Data),66.67,False,2,0,0,1,0,0,5,9,0,0,0,3,1,3,24
P443550,Dr. Andrew Weil for Origins Mega-Mushroom Relief & Resilience Hydra Burst Gel Lotion,Origins,Skincare,1.1458,Low Risk (Limited Data),51.06,False,0,0,0,1,0,0,4,5,0,0,0,0,0,0,10
P443549,Dr. Andrew Weil for Origins Mega-Mushroom Relief & Resilience Soothing Cream,Origins,Skincare,1.1458,Low Risk (Limited Data),50.0,False,0,0,0,1,0,0,4,5,0,0,0,0,0,0,10
P433446,Mini Original Skin Matte Moisturizer with Willowherb,Origins,Skincare,1.2561,Low Risk (Limited Data),69.49,False,2,0,1,0,0,0,7,13,0,0,1,3,0,2,29
P482058,Dr. Andrew Weil for Origins Mega-Mushroom Weightless Hydrating Moisturizer,Origins,Skincare,1.0854,Low Risk,71.93,False,1,0,0,0,0,0,4,6,0,0,0,0,0,2,13
P474369,Clear Improvement Zero Oil Cleanser With Charcoal,Origins,Skincare,1.2,Low Risk,71.43,False,2,0,0,0,0,0,3,8,0,0,0,1,0,2,16
P465794,Rattan Sandalwood Vegan Candle,OTHERLAND,Fragrance,2.0,Insufficient Data,33.33,False,0,0,0,0,0,0,1,0,0,0,0,0,0,0,1
P465786,Fallen Fir Vegan Candle,OTHERLAND,Fragrance,2.0,Insufficient Data,33.33,False,0,0,0,0,0,0,1,0,0,0,0,0,0,0,1
P465785,Black Velvet Jasmine Vegan Candle,OTHERLAND,Fragrance,2.0,Insufficient Data,33.33,False,0,0,0,0,0,0,1,0,0,0,0,0,0,0,1
P465790,Canopy Fig Vegan Candle,OTHERLAND,Fragrance,2.0,Insufficient Data,33.33,False,0,0,0,0,0,0,1,0,0,0,0,0,0,0,1
P465792,Daybed Rose Vegan Candle,OTHERLAND,Fragrance,2.0,Insufficient Data,33.33,False,0,0,0,0,0,0,1,0,0,0,0,0,0,0,1
P471570,Extra Hour Shiso and Mint Vegan Candle,OTHERLAND,Fragrance,2.0,Insufficient Data,33.33,False,0,0,0,0,0,0,1,0,0,0,0,0,0,0,1
P477467,Old Fashioned Vegan Candle,OTHERLAND,Fragrance,2.0,Insufficient Data,33.33,False,0,0,0,0,0,0,1,0,0,0,0,0,0,0,1
P475594,Dappled Wood Vegan Candle,OTHERLAND,Fragrance,,Insufficient Data,0.0,False,0,0,0,0,0,0,0,0,0,0,0,0,0,0,0
P475595,Mountain Lace Vegan Candle,OTHERLAND,Fragrance,,Insufficient Data,0.0,False,0,0,0,0,0,0,0,0,0,0,0,0,0,0,0
P483479,Coco Blossom Vegan Candle,OTHERLAND,Fragrance,2.0,Insufficient Data,25.0,False,0,0,0,0,0,0,1,0,0,0,0,0,0,0,1
P503720,Discovery Set,OTHERLAND,Fragrance,2.0,Insufficient Data,14.29,False,0,0,0,0,0,0,1,0,0,0,0,0,0,0,1
P475592,Sun Suede Vegan Candle,OTHERLAND,Fragrance,,Insufficient Data,0.0,False,0,0,0,0,0,0,0,0,0,0,0,0,0,0,0
P471568,Ruby Root Ginger Vegan Candle,OTHERLAND,Fragrance,2.0,Insufficient Data,33.33,False,0,0,0,0,0,0,1,0,0,0,0,0,0,0,1
P475596,Tapestry Vegan Candle,OTHERLAND,Fragrance,,Insufficient Data,0.0,False,0,0,0,0,0,0,0,0,0,0,0,0,0,0,0
P475593,Crisp Cornflower Vegan Candle,OTHERLAND,Fragrance,,Insufficient Data,0.0,False,0,0,0,0,0,0,0,0,0,0,0,0,0,0,0
P457223,Detox Shampoo,OUAI,Hair,1.2679,Low Risk,82.35,False,3,0,1,1,0,0,3,6,2,0,0,0,0,2,18
P428222,Detangling and Frizz Fighting Leave In Conditioner,OUAI,Hair,1.2174,Low Risk,75.41,False,1,0,1,1,0,0,9,11,0,0,0,0,0,1,24
P406922,Hair Oil,OUAI,Hair,1.25,Low Risk,72.34,False,2,0,0,2,0,0,7,7,0,0,0,0,0,1,19
P434221,Cleansing Scalp & Body Sugar Scrub,OUAI,Hair,1.1429,Low Risk,75.68,False,1,0,0,1,0,0,3,3,0,0,0,0,0,2,10
P406665,Wave Spray,OUAI,Hair,1.1875,Low Risk,71.64,False,4,0,0,1,0,0,7,10,0,0,1,0,0,1,24
P466430,Treatment Mask for Fine and Medium Hair,OUAI,Hair,1.0846,Low Risk,73.86,False,2,0,1,1,0,0,4,7,0,0,0,0,0,1,16
P419005,Rose Hair & Body Oil,OUAI,Hair,1.3333,Low Risk (Limited Data),64.29,False,1,0,0,2,0,0,5,4,0,0,0,0,0,0,12
P483508,"Hydrating Scalp Serum for Healthy, Fuller Looking Hair",OUAI,Hair,1.2368,Low Risk (Limited Data),67.86,False,1,0,0,0,0,0,4,5,1,0,0,0,0,1,12
P472330,St. Barts Cleansing Scalp & Body Sugar Scrub,OUAI,Hair,1.2258,Low Risk,77.5,False,1,0,0,1,0,0,6,6,0,0,0,0,0,2,16
P420948,Heat Protection Spray,OUAI,Hair,1.375,Low Risk (Limited Data),45.45,False,1,0,1,1,0,0,7,7,0,0,1,0,0,0,18
P455865,Fine Hair Shampoo,OUAI,Hair,1.2917,Low Risk (Limited Data),66.67,False,1,0,0,0,0,0,5,6,2,0,0,0,0,2,16
P425999,Mini Wave Spray,OUAI,Mini Size,1.1875,Low Risk,71.64,False,4,0,0,1,0,0,7,10,0,0,1,0,0,1,24
P457420,Mini Detangling and Frizz Fighting Leave in Conditioner,OUAI,Hair,1.2174,Low Risk,75.41,False,1,0,1,1,0,0,9,11,0,0,0,0,0,1,24
P479723,Mini Detox Shampoo,OUAI,Hair,1.2679,Low Risk,82.35,False,3,0,1,1,0,0,3,6,2,0,0,0,0,2,18
P406666,Texturizing Hair Spray,OUAI,Hair,1.381,Low Risk,72.41,True,2,0,1,0,0,1,6,6,0,0,0,0,1,1,18
P455864,Fine Hair Conditioner,OUAI,Hair,1.16,Low Risk,80.65,False,1,0,1,0,0,0,4,6,0,0,0,0,0,1,13
P458951,Mini Hair Oil,OUAI,Hair,1.25,Low Risk,72.34,False,2,0,0,2,0,0,7,7,0,0,0,0,0,1,19
P411727,Matte Pomade,OUAI,Hair,1.3636,Low Risk,73.33,False,0,0,0,1,0,0,5,4,0,0,0,0,0,0,10
P452730,Chill Pills,OUAI,Bath & Body,1.3,Low Risk,83.33,False,0,0,0,0,0,0,4,3,0,0,0,0,0,0,7
P427703,Volume Spray,OUAI,Hair,1.4,Low Risk,90.91,False,1,0,0,0,0,0,9,11,0,0,0,0,0,1,22
P430851,Air Dry Foam,OUAI,Hair,1.1923,Low Risk (Limited Data),61.9,False,1,0,0,0,0,0,1,2,1,0,0,0,0,2,7
P449136,Super Dry Shampoo,OUAI,Hair,1.3462,Low Risk (Limited Data),50.0,False,0,0,1,0,0,0,5,5,0,0,0,0,0,0,11
P466429,Treatment Mask for Thick Hair,OUAI,Hair,1.1757,Low Risk (Limited Data),67.27,False,2,0,1,1,0,0,4,7,0,0,0,0,0,1,16
P503707,Anti-Dandruff Shampoo,OUAI,Hair,1.2812,Low Risk (Limited Data),64.0,False,3,0,0,0,0,0,1,2,1,0,0,0,0,1,8
P462725,Mini Melrose Place Eau De Parfum,OUAI,Fragrance,1.5769,Medium Risk,92.86,False,3,0,1,2,0,0,5,4,0,0,0,0,0,0,15
P407610,Finishing Crème,OUAI,Hair,1.2162,Low Risk (Limited Data),68.52,False,2,0,1,1,0,0,7,9,0,0,0,0,0,1,21
P449774,Shibuya Moisturizing Body Cream,OUAI,Bath & Body,1.2593,Low Risk (Limited Data),67.5,False,1,0,0,1,0,0,8,8,0,0,0,0,0,0,18
P479853,Melrose Place Gentle Body Wash,OUAI,Bath & Body,1.24,Low Risk,86.21,False,2,0,0,1,0,0,3,5,2,0,0,0,0,2,15
P479852,Melrose Place Moisturizing Body Cream,OUAI,Bath & Body,1.1818,Low Risk,91.67,False,2,0,1,1,0,0,5,6,0,0,0,0,0,1,16
P455862,Medium Hair Conditioner,OUAI,Hair,1.1333,Low Risk,71.43,False,1,0,1,0,0,0,4,6,0,0,0,0,0,1,13
P455863,Medium Hair Shampoo,OUAI,Hair,1.2414,Low Risk,70.73,False,1,0,0,0,0,0,5,6,2,0,0,0,0,2,16
P455860,Thick Hair Conditioner,OUAI,Hair,1.129,Low Risk,75.61,False,1,0,1,0,0,0,4,6,0,0,0,0,0,1,13
P449773,Dean Street Gentle Body Wash,OUAI,Bath & Body,1.3704,Low Risk,87.1,False,3,0,0,1,0,0,7,9,2,0,0,0,0,2,24
P455861,Thick Hair Shampoo,OUAI,Hair,1.2121,Low Risk,71.74,False,1,0,0,0,0,0,5,6,2,0,0,0,0,2,16
P426000,Mini Texturizing Hair Spray,OUAI,Mini Size,1.381,Low Risk,72.41,True,2,0,1,0,0,1,6,6,0,0,0,0,1,1,18
P462726,Mini North Bondi Eau De Parfum,OUAI,Fragrance,1.5882,Medium Risk,94.44,False,4,0,1,1,0,0,9,8,0,0,0,0,0,0,23
P483509,Thick and Full Hair Supplements,OUAI,Hair,1.0,Insufficient Data,25.0,False,0,0,0,0,0,0,0,0,0,0,0,0,0,0,0
P466426,Hand Wash,OUAI,Bath & Body,1.2903,Low Risk,91.18,False,3,0,1,1,0,0,5,9,2,0,0,0,0,2,23
P471057,Pet Shampoo,OUAI,Hair,1.225,Low Risk (Limited Data),68.97,False,2,0,0,0,0,0,1,3,2,0,0,0,0,2,10
P469822,Curl Cream with North Bondi Fragrance,OUAI,Hair,1.3333,Low Risk,70.59,False,1,0,1,0,0,0,8,10,0,0,1,0,0,1,22
P458952,Mini Super Dry Shampoo,OUAI,Hair,1.4643,Low Risk (Limited Data),58.33,True,0,0,1,0,0,1,4,6,0,0,0,0,1,0,13
P466427,Hand Lotion,OUAI,Bath & Body,1.2955,Low Risk,95.65,False,2,0,0,0,0,0,6,7,0,0,1,0,0,1,17
P473179,Rue St. Honoré Eau De Parfum,OUAI,Fragrance,1.6333,Medium Risk,100.0,False,3,0,1,2,0,0,8,7,0,0,0,0,0,0,21
P501195,"Hydrating Scalp Serum & Supplements Set for Healthy, Fuller Looking Hair",OUAI,Hair,1.1957,Low Risk (Limited Data),52.27,False,1,0,0,0,0,0,4,5,1,0,0,0,0,1,12
P501256,Scalp Scrub St. Barts & Hair Oil Set,OUAI,Hair,1.2105,Low Risk,75.0,False,2,0,0,2,0,0,11,10,0,0,0,0,0,2,27
P466428,Hand Cream,OUAI,Bath & Body,1.2222,Low Risk,94.74,False,2,0,1,1,0,0,8,9,0,0,0,0,0,1,22
P469823,Curl Cream Fragrance Free,OUAI,Hair,1.1765,Low Risk (Limited Data),62.96,False,1,0,1,0,0,0,1,4,0,0,1,0,0,1,9
P505016,St. Barts Moisturizing Body Cream,OUAI,Bath & Body,1.2286,Low Risk,94.59,False,2,0,2,1,0,0,6,9,0,0,0,0,0,1,21
P505045,St. Barts Gentle Body Wash,OUAI,Bath & Body,1.3448,Low Risk,85.29,False,2,0,1,1,0,0,6,10,2,0,0,0,0,2,24
P505012,Detox Shampoo & Refill Hair Set,OUAI,Hair,1.2679,Low Risk,82.35,False,3,0,1,1,0,0,3,6,2,0,0,0,0,2,18
P466674,Detox Shampoo,OUAI,Hair,1.2679,Low Risk,82.35,False,3,0,1,1,0,0,3,6,2,0,0,0,0,2,18
P269120,1 Million Eau de Toilette,Paco Rabanne,Fragrance,1.8,Medium Risk,93.75,True,0,0,2,0,0,1,11,10,0,0,0,0,1,0,25
P389110,Invictus Eau de Toilette,Paco Rabanne,Fragrance,1.6957,Medium Risk,100.0,True,5,0,1,1,0,1,13,12,0,0,0,0,1,0,34
P475147,Phantom Eau de Toilette,Paco Rabanne,Fragrance,1.6364,Medium Risk,91.67,False,2,0,0,0,0,0,8,8,0,0,0,0,0,0,18
P458631,1 Million Parfum,Paco Rabanne,Fragrance,1.6429,Medium Risk,100.0,False,3,0,1,0,0,0,14,13,0,0,0,0,0,0,31
P502064,FAME Eau de Parfum,Paco Rabanne,Fragrance,1.6579,Medium Risk,95.0,False,2,0,0,0,0,0,14,13,0,0,0,0,0,0,29
P431565,1 Million Lucky Eau de Toilette,Paco Rabanne,Fragrance,1.5667,Medium Risk,88.24,False,4,0,1,0,0,0,7,6,0,0,0,0,0,0,18
P472051,Invictus Victory,Paco Rabanne,Fragrance,1.6818,Medium Risk,100.0,False,1,0,1,0,0,0,8,7,0,0,0,0,0,0,17
P504300,Mini Fame Perfume Set,Paco Rabanne,Fragrance,1.6579,Medium Risk,95.0,False,2,0,0,0,0,0,14,13,0,0,0,0,0,0,29
P445811,Invictus Legend,Paco Rabanne,Fragrance,1.6562,Medium Risk,100.0,False,2,0,1,0,0,0,12,11,0,0,0,0,0,0,26
P482059,1 Million Elixir,Paco Rabanne,Fragrance,1.7083,Medium Risk,100.0,False,1,0,1,0,0,0,9,8,0,0,0,0,0,0,19
P483097,Invictus Platinum Eau de Parfum,Paco Rabanne,Fragrance,1.5667,Medium Risk,93.75,False,3,0,1,0,0,0,8,7,0,0,0,0,0,0,19
P504336,Fame Eau de Parfum,Paco Rabanne,Fragrance,1.6579,Medium Risk,95.0,False,2,0,0,0,0,0,14,13,0,0,0,0,0,0,29
P503558,Deluxe Mini Gift Set,Paco Rabanne,Fragrance,1.6579,Medium Risk,90.48,False,2,0,0,0,0,0,14,13,0,0,0,0,0,0,29
P504285,1 Million Eau de Toilette Cologne Set,Paco Rabanne,Fragrance,1.8,Medium Risk,93.75,True,0,0,2,0,0,1,11,10,0,0,0,0,1,0,25
P504679,1 Million Eau de Toilette Travel Spray,Paco Rabanne,Fragrance,1.8,Medium Risk,93.75,True,0,0,2,0,0,1,11,10,0,0,0,0,1,0,25
P421813,MatteTrance Lipstick,PAT McGRATH LABS,Makeup,1.02,Low Risk,86.21,False,1,0,0,0,0,0,0,0,0,0,0,0,0,0,1
P431852,LUST: Lip Gloss,PAT McGRATH LABS,Makeup,1.05,Low Risk,80.0,False,2,0,0,0,0,0,0,0,0,0,0,0,0,0,2
P447519,Sublime Perfection Foundation,PAT McGRATH LABS,Makeup,1.0526,Low Risk,76.0,False,0,0,1,0,0,0,0,0,0,0,0,0,0,0,1
P86825294,Mothership V Eyeshadow Palette - Bronze Seduction,PAT McGRATH LABS,Makeup,1.0263,Low Risk,80.85,False,1,0,0,0,1,0,0,1,0,1,0,0,0,0,4
P472489,Skin Fetish: Divine Powder Blush,PAT McGRATH LABS,Makeup,1.0,Low Risk,91.67,False,0,0,0,0,0,0,0,0,0,0,0,0,0,0,0
P456106,Sublime Perfection Concealer,PAT McGRATH LABS,Makeup,1.037,Low Risk,87.1,False,1,0,1,0,0,0,0,1,0,0,0,0,0,1,4
P433500,Lip Fetish Noir Lip Balm,PAT McGRATH LABS,Makeup,1.0,Low Risk,85.71,False,0,0,0,0,0,0,0,0,0,0,0,0,0,0,0
P439070,BlitzTrance Lipstick,PAT McGRATH LABS,Makeup,1.0476,Low Risk,87.5,False,1,0,1,0,0,0,0,0,0,0,0,0,0,0,2
P456107,Sublime Perfection Blurring Under-Eye Setting Powder,PAT McGRATH LABS,Makeup,1.0714,Low Risk,100.0,False,0,0,0,0,0,0,1,1,0,0,0,0,0,0,2
P423646,Mothership II Eyeshadow Palette – Sublime,PAT McGRATH LABS,Makeup,1.0408,Low Risk,79.03,False,1,0,0,1,1,0,0,1,0,1,0,0,0,0,5
P476899,Major Mini Lip Trios,PAT McGRATH LABS,Makeup,1.0357,Low Risk,73.68,False,2,0,0,0,0,0,0,0,0,0,0,0,0,0,2
P458276,Mothership VII Eyeshadow Palette - Divine Rose Collection,PAT McGRATH LABS,Makeup,1.05,Low Risk,84.75,False,2,0,0,1,1,0,0,1,0,1,0,0,0,0,6
P440967,FetishEyes Lengthening Mascara,PAT McGRATH LABS,Makeup,1.0417,Low Risk,85.71,False,1,0,0,0,0,0,1,3,0,0,0,0,0,1,6
P423647,Mothership I Eyeshadow Palette - Subliminal,PAT McGRATH LABS,Makeup,1.0377,Low Risk,76.81,False,1,0,0,1,1,0,0,1,0,1,0,0,0,0,5
P423644,PermaGel Eyeliner Pencil,PAT McGRATH LABS,Makeup,1.0,Low Risk,77.78,False,0,0,0,0,0,0,0,0,0,0,0,0,0,0,0
P475598,Mothership IX Eyeshadow Palette: Huetopian Dream,PAT McGRATH LABS,Makeup,1.0319,Low Risk,88.68,False,2,0,0,0,1,0,0,1,0,1,0,0,0,0,5
P432863,Sublime Skin Highlighting Trio,PAT McGRATH LABS,Makeup,1.0,Low Risk,95.45,False,0,0,0,0,0,0,0,1,0,0,0,0,0,0,1
P461956,Lip Fetish Divinyl Lip Shine,PAT McGRATH LABS,Makeup,1.0714,Low Risk,80.0,False,2,0,0,0,0,0,1,0,0,0,0,0,0,0,3
P433003,Skin Fetish Highlighter & Balm Duo,PAT McGRATH LABS,Makeup,1.0,Low Risk,79.31,False,0,0,0,0,0,0,0,0,0,0,0,0,0,0,0
P458774,Mothership VIII Artistry Eyeshadow Palette - Divine Rose II Collection,PAT McGRATH LABS,Makeup,1.0326,Low Risk,92.0,False,2,0,0,0,1,0,0,1,0,1,0,0,0,0,5
P484065,Mini Eye Shadow Palette: Midnight Voyage,PAT McGRATH LABS,Makeup,1.0469,Low Risk,91.43,False,2,0,0,0,1,0,0,1,0,1,0,0,0,0,5
P462783,Lip Fetish Sheer Colour Balm,PAT McGRATH LABS,Makeup,1.0476,Low Risk,87.5,False,2,0,0,0,0,0,0,0,0,0,0,0,0,0,2
P501355,Mini Lip Shine Trio: Nude Venus,PAT McGRATH LABS,Mini Size,1.0167,Low Risk (Limited Data),69.77,False,1,0,0,0,0,0,0,0,0,0,0,0,0,0,1
P449790,Mothership VI Eyeshadow Palette - Midnight Sun,PAT McGRATH LABS,Makeup,1.0227,Low Risk,86.27,False,1,0,0,0,1,0,0,1,0,1,0,0,0,0,4
P468398,LiquiLUST: Legendary Wear Matte Lipstick,PAT McGRATH LABS,Makeup,1.1087,Low Risk,92.0,False,3,0,0,1,0,0,0,0,0,0,0,0,0,0,4
P429405,PERMA PRECISION Liquid Eyeliner,PAT McGRATH LABS,Makeup,1.2692,Low Risk (Limited Data),61.9,False,1,0,0,1,0,0,2,3,0,0,0,0,0,1,8
P500887,Mothership X Eyeshadow Palette:  Moonlit Seduction,PAT McGRATH LABS,Makeup,1.0,Low Risk,77.78,False,0,0,0,0,0,0,0,0,0,0,0,0,0,0,0
P460745,Dark Star Volumizing Mascara,PAT McGRATH LABS,Makeup,1.0938,Low Risk,80.0,False,1,0,0,0,0,0,0,2,0,0,1,0,0,1,5
P447770,Sublime Perfection Setting Powder,PAT McGRATH LABS,Makeup,1.0,Low Risk,87.5,False,0,0,0,0,0,0,0,1,0,0,0,0,0,0,1
P501350,Divine Blush + Glow Face Palette: Nude Venus,PAT McGRATH LABS,Makeup,1.0156,Low Risk,91.43,False,1,0,0,0,0,0,0,0,0,0,0,0,0,0,1
P468706,Divine Rose Luxe Eyeshadow Palette: Eternal Eden - Divine Rose II Collection,PAT McGRATH LABS,Makeup,1.0217,Low Risk,88.46,False,1,0,0,0,0,0,0,1,0,0,0,0,0,1,3
P463924,Celestial Divinity Eyeshadow Palette,PAT McGRATH LABS,Makeup,1.0278,Low Risk,100.0,False,1,0,0,0,0,0,0,1,0,0,0,0,0,1,3
P458775,MatteTrance Lipstick - Divine Rose Collection,PAT McGRATH LABS,Makeup,1.04,Low Risk,86.21,False,2,0,0,0,0,0,0,0,0,0,0,0,0,0,2
P472486,Venus in Fleurs Luxe Eyeshadow Palette: Voyeuristic Vixen,PAT McGRATH LABS,Makeup,1.0167,Low Risk,85.71,False,1,0,0,0,0,0,0,1,0,0,0,0,0,1,3
P475597,IntensifEYES Artistry Wand,PAT McGRATH LABS,Makeup,1.0435,Low Risk (Limited Data),69.7,False,0,0,0,1,0,0,0,2,0,0,0,0,0,0,3
P447764,Sublime Perfection Hydrating Primer,PAT McGRATH LABS,Makeup,1.0517,Low Risk,87.88,False,1,0,0,0,0,0,1,2,0,0,0,0,0,1,5
P468849,PermaGel Ultra Lip Pencil - Divine Rose II Collection,PAT McGRATH LABS,Makeup,1.0,Low Risk,73.33,False,0,0,0,0,0,0,0,0,0,0,0,0,0,0,0
P500311,Skin Fetish: Divine Glow Highlighter,PAT McGRATH LABS,Makeup,1.0294,Low Risk,89.47,False,1,0,0,0,0,0,0,1,0,0,0,0,0,1,3
P504181,ChromaLuxe Artistry Pigment Star Wars Edition,PAT McGRATH LABS,Makeup,1.0,Low Risk,100.0,False,0,0,0,0,0,0,0,0,0,0,0,0,0,0,0
P504164,The Golden One Eye Shadow Palette Star Wars Edition,PAT McGRATH LABS,Makeup,1.0,Low Risk,91.67,False,0,0,0,0,0,0,0,1,0,0,0,0,0,0,1
P504187,Mothership VI: Midnight Sun Star Wars Edition,PAT McGRATH LABS,Makeup,1.0227,Low Risk,84.62,False,1,0,0,0,1,0,0,1,0,1,0,0,0,0,4
P503717,Lunar New Year Collection: Venus in Fleurs Luxe Eyeshadow Quad: Voyeuristic Vixen,PAT McGRATH LABS,Makeup,1.0167,Low Risk,88.24,False,1,0,0,0,0,0,0,1,0,0,0,0,0,1,3
P504908,The Love Collection MTHRSHP: Iconic Infatuation,PAT McGRATH LABS,Makeup,1.0147,Low Risk,94.44,False,1,0,0,0,0,0,0,1,0,0,0,0,0,1,3
P504179,LUST: Gloss Star Wars Edition,PAT McGRATH LABS,Makeup,1.0,Low Risk,80.95,False,0,0,0,0,0,0,0,0,0,0,0,0,0,0,0
P504909,The Love Collection MTHRSHP: Velvet Liaison,PAT McGRATH LABS,Makeup,1.0238,Low Risk,95.45,False,1,0,0,0,0,0,0,1,0,0,0,0,0,1,3
P504077,Lunar New Year Collection: Skin Fetish: Sublime Perfection Blurring Under-Eye Powder,PAT McGRATH LABS,Makeup,1.0909,Low Risk,100.0,False,0,0,0,0,0,0,1,1,0,0,0,0,0,0,2
P504063,Lunar New Year Collection:  MatteTrance Lipstick,PAT McGRATH LABS,Makeup,1.0208,Low Risk,88.89,False,1,0,0,0,0,0,0,0,0,0,0,0,0,0,1
P458747,Major Beauty Headlines - Double-Take Crème & Powder Blush,PATRICK TA,Makeup,1.0758,Low Risk,75.0,False,2,0,0,0,0,0,2,3,0,0,0,0,0,1,8
P471059,Major Sculpt Creme Contour & Powder Bronzer Duo,PATRICK TA,Makeup,1.0588,Low Risk,79.07,False,2,0,0,0,0,0,1,1,0,0,0,0,0,1,5
P473145,Major Dimension Eyeshadow Palette,PATRICK TA,Makeup,1.0152,Low Risk,80.49,False,1,0,0,0,0,0,0,1,0,0,0,0,0,1,3
P502039,Major Skin Crème Foundation and Finishing Powder Duo,PATRICK TA,Makeup,1.0156,Low Risk,82.05,False,1,0,0,0,0,0,0,1,0,0,0,0,0,1,3
P443623,Major Glow Lip Shine,PATRICK TA,Makeup,1.0357,Low Risk (Limited Data),63.64,False,0,0,0,0,0,0,1,1,0,0,0,0,0,0,2
P443626,Major Glow Body Oil,PATRICK TA,Bath & Body,1.1875,Low Risk,88.89,False,0,0,0,0,0,0,4,3,0,0,0,0,0,0,7
P451937,Monochrome Moment - Precision Lip Crayon,PATRICK TA,Makeup,1.05,Low Risk,95.24,False,1,0,0,0,0,0,0,1,0,0,0,0,0,0,2
P481729,Major Volume Plumping Lip Gloss,PATRICK TA,Makeup,1.1667,Low Risk (Limited Data),68.18,False,2,0,0,0,0,0,4,6,0,0,0,0,0,2,14
P483484,Major Dimension II Rose Eyeshadow Palette,PATRICK TA,Makeup,1.0192,Low Risk (Limited Data),49.06,False,1,0,0,0,0,0,0,1,0,0,0,0,0,1,3
P456592,Major Brow Shaping Wax,PATRICK TA,Makeup,1.0,Low Risk (Limited Data),57.89,False,0,0,0,0,0,0,0,0,0,0,0,0,0,0,0
P451938,Monochrome Moment - Silky Lip Crème,PATRICK TA,Makeup,1.0714,Low Risk,77.78,False,3,0,0,0,0,0,0,1,0,0,0,0,0,1,5
P474848,Major Brow Lamination Gel,PATRICK TA,Makeup,1.15,Low Risk (Limited Data),55.56,False,1,0,1,0,0,0,0,3,0,0,0,0,0,1,6
P454050,Mini Major Glow Body Oil,PATRICK TA,Bath & Body,1.2143,Low Risk,82.35,False,0,0,0,0,0,0,4,3,0,0,0,0,0,0,7
P473146,Major Dimension Precision Gel Eyeliner,PATRICK TA,Makeup,1.0556,Low Risk (Limited Data),69.23,False,1,0,0,0,0,0,0,2,0,0,0,0,0,1,4
P458748,Major Beauty Headlines - Matte Suede Lipstick,PATRICK TA,Makeup,1.0476,Low Risk,91.3,False,2,0,0,0,0,0,0,0,0,0,0,0,0,0,2
P461223,Major Glow Balm,PATRICK TA,Bath & Body,1.0,Low Risk (Limited Data),62.5,False,0,0,0,0,0,0,0,0,0,0,0,0,0,0,0
P458749,Major Beauty Headlines - Precision Lip Crayon,PATRICK TA,Makeup,1.0882,Low Risk,85.0,False,2,0,0,0,0,0,0,1,0,0,0,0,0,0,3
P461222,Major Glow Dewy Milk Mist,PATRICK TA,Makeup,1.0385,Low Risk,76.47,False,1,0,0,0,0,0,0,2,0,0,0,0,0,1,4
P461224,Major Glow Softening Lip Masque,PATRICK TA,Makeup,1.0909,Low Risk,73.33,False,0,0,0,0,0,0,1,2,0,0,0,0,0,1,4
P451939,Monochrome Moment - Blush Brush #1,PATRICK TA,Makeup,,Insufficient Data,0.0,False,0,0,0,0,0,0,0,0,0,0,0,0,0,0,0
P501193,Major Brow Defining Pencil,PATRICK TA,Makeup,1.0,Low Risk,76.92,False,0,0,0,0,0,0,0,0,0,0,0,0,0,0,0
P501156,Mini Major Brow Lamination Gel,PATRICK TA,Makeup,1.15,Low Risk (Limited Data),55.56,False,1,0,1,0,0,0,0,3,0,0,0,0,0,1,6
P476724,Major Volume Mascara,PATRICK TA,Makeup,1.1579,Low Risk (Limited Data),50.0,False,1,0,0,0,0,0,2,5,0,0,1,0,0,1,10
P474849,Leave- In Conditioner for Curly & Coily Hair,PATTERN by Tracee Ellis Ross,Hair,1.2857,Low Risk,87.5,True,1,0,1,0,0,1,9,13,0,0,1,0,1,1,28
P474851,Styling Cream for Curly &Coily Hair,PATTERN by Tracee Ellis Ross,Hair,1.0769,Low Risk,86.67,False,1,0,0,0,0,0,2,3,0,0,0,0,0,1,7
P475986,Treatment Mask,PATTERN by Tracee Ellis Ross,Hair,1.3269,Low Risk,81.25,False,2,0,1,0,0,0,5,11,0,0,1,0,0,1,21
P474852,Curl Gel,PATTERN by Tracee Ellis Ross,Hair,1.2576,Low Risk,86.84,False,1,0,0,0,0,0,10,12,0,0,0,0,0,1,24
P475974,Jojoba Hair & Scalp Oil Blend,PATTERN by Tracee Ellis Ross,Hair,1.1,Low Risk,83.33,False,0,0,0,0,0,0,0,1,0,0,0,0,0,1,2
P475996,Mini Hydrating Hair Mist,PATTERN by Tracee Ellis Ross,Hair,1.2432,Low Risk,71.15,False,1,0,0,0,0,0,9,12,0,0,1,0,0,1,24
P501812,Curl Mousse,PATTERN by Tracee Ellis Ross,Hair,1.4318,Low Risk,75.86,False,0,0,0,0,0,0,11,11,1,0,0,0,0,1,24
P475999,Mini Leave-In Conditioner,PATTERN by Tracee Ellis Ross,Hair,1.2857,Low Risk,87.5,True,1,0,1,0,0,1,9,13,0,0,1,0,1,1,28
P501810,Leave-In Conditioner & Mini Hydration Shampoo Hair Set,PATTERN by Tracee Ellis Ross,Hair,1.2632,Low Risk,82.61,True,1,0,1,0,0,1,10,14,1,0,1,0,1,2,32
P475987,Scalp Serum for Dry Hair & Scalp,PATTERN by Tracee Ellis Ross,Hair,1.1364,Low Risk,81.48,False,2,0,0,0,0,0,2,6,0,0,0,0,0,3,13
P475976,Hydrating Hair Mist,PATTERN by Tracee Ellis Ross,Hair,1.2432,Low Risk,71.15,False,1,0,0,0,0,0,9,12,0,0,1,0,0,1,24
P475971,Cleansing Shampoo,PATTERN by Tracee Ellis Ross,Hair,1.1296,Low Risk,79.41,False,1,0,0,0,0,0,2,4,1,0,0,0,0,2,10
P477001,Mini Styling Cream for Curly &Coily Hair,PATTERN by Tracee Ellis Ross,Hair,1.0769,Low Risk,86.67,False,1,0,0,0,0,0,2,3,0,0,0,0,0,1,7
P501798,Curl Cocktail Hair Set,PATTERN by Tracee Ellis Ross,Hair,1.2377,Low Risk,82.43,True,1,0,1,0,0,1,12,15,0,0,1,0,1,1,33
P500996,Detangling Nectar,PATTERN by Tracee Ellis Ross,Hair,1.175,Low Risk,86.96,False,1,0,0,0,0,0,2,4,0,0,0,0,0,1,8
P475997,Mini Curl Gel,PATTERN by Tracee Ellis Ross,Hair,1.2576,Low Risk,86.84,False,1,0,0,0,0,0,10,12,0,0,0,0,0,1,24
P475149,Medium Conditioner,PATTERN by Tracee Ellis Ross,Hair,1.1429,Low Risk,75.68,False,1,0,1,0,0,0,2,6,0,0,0,0,0,1,11
P475995,Mini Strong Hold Hair Gel,PATTERN by Tracee Ellis Ross,Hair,1.2857,Low Risk,82.35,False,2,0,1,0,0,0,7,10,0,0,1,0,0,1,22
P475970,Argan Hair & Scalp Oil Blend,PATTERN by Tracee Ellis Ross,Hair,1.0,Low Risk,100.0,False,0,0,0,0,0,0,0,0,0,0,0,0,0,0,0
P474850,Edge Control,PATTERN by Tracee Ellis Ross,Hair,1.2885,Low Risk,74.29,False,2,0,0,0,0,0,9,11,0,0,0,0,0,1,23
P480338,Styling Custard Hair Gel,PATTERN by Tracee Ellis Ross,Hair,1.3889,Low Risk,78.26,False,1,0,0,0,0,0,9,10,0,0,0,0,0,1,21
P475990,Heavy Conditioner,PATTERN by Tracee Ellis Ross,Hair,1.1136,Low Risk,84.62,False,1,0,0,0,0,0,2,4,0,0,0,0,0,1,8
P475977,Strong Hold Hair Gel,PATTERN by Tracee Ellis Ross,Hair,1.2857,Low Risk,82.35,False,2,0,1,0,0,0,7,10,0,0,1,0,0,1,22
P475985,Lightweight Conditioner,PATTERN by Tracee Ellis Ross,Hair,1.28,Low Risk,78.12,False,1,0,0,0,0,0,6,9,0,0,0,0,0,1,17
P475973,Intensive Conditioner,PATTERN by Tracee Ellis Ross,Hair,1.1042,Low Risk,88.89,False,1,0,1,0,0,0,2,4,0,0,0,0,0,1,9
P481410,Transition Mask,PATTERN by Tracee Ellis Ross,Hair,1.2826,Low Risk,88.46,False,2,0,1,0,0,0,5,8,0,0,0,0,0,1,17
P475975,Jojoba Oil Hair Serum Self-Heating Packs,PATTERN by Tracee Ellis Ross,Hair,1.1429,Low Risk,87.5,False,0,0,0,0,0,0,2,2,0,0,0,0,0,0,4
P475998,Mini Hydration Shampoo,PATTERN by Tracee Ellis Ross,Hair,1.1061,Low Risk,75.0,False,1,0,0,0,0,0,2,3,1,0,0,0,0,2,9
P475989,Mini Conditioners Kit,PATTERN by Tracee Ellis Ross,Hair,1.1023,Low Risk,78.57,False,1,0,2,0,0,0,2,6,0,0,0,0,0,1,12
P476000,Mini Medium Conditioner,PATTERN by Tracee Ellis Ross,Hair,1.1429,Low Risk,75.68,False,1,0,1,0,0,0,2,6,0,0,0,0,0,1,11
P475972,Mini Intensive Conditioner,PATTERN by Tracee Ellis Ross,Hair,1.1042,Low Risk,88.89,False,1,0,1,0,0,0,2,4,0,0,0,0,0,1,9
P475991,Mini Heavy Conditioner,PATTERN by Tracee Ellis Ross,Hair,1.1136,Low Risk,84.62,False,1,0,0,0,0,0,2,4,0,0,0,0,0,1,8
P504842,Heat Protectant,PATTERN by Tracee Ellis Ross,Hair,1.5,Medium Risk,86.67,False,0,0,0,0,0,0,9,8,0,0,0,0,0,0,17
P504843,Shine Spray,PATTERN by Tracee Ellis Ross,Hair,1.5333,Medium Risk,78.95,False,2,0,0,1,0,0,9,9,0,0,0,0,0,1,22
P475984,Mini Lightweight Conditioner,PATTERN by Tracee Ellis Ross,Hair,1.28,Low Risk,78.12,False,1,0,0,0,0,0,6,9,0,0,0,0,0,1,17
P469502,Skin Perfecting 2% BHA Liquid Exfoliant,Paula's Choice,Skincare,1.1429,Low Risk,87.5,False,1,0,0,0,0,0,0,1,0,0,0,0,0,0,2
P469506,C15 Vitamin C Super Booster,Paula's Choice,Skincare,1.0312,Low Risk,76.19,False,1,0,0,0,0,0,0,3,0,0,0,0,0,1,5
P469503,Mini Skin Perfecting 2% BHA Liquid Exfoliant,Paula's Choice,Skincare,1.1429,Low Risk,87.5,False,1,0,0,0,0,0,0,1,0,0,0,0,0,0,2
P469522,RESIST Youth-Extending Daily Hydrating Fluid SPF 50,Paula's Choice,Skincare,1.0882,Low Risk (Limited Data),58.62,False,1,0,0,0,0,0,1,2,0,0,0,0,0,1,5
P501288,C5 Super Boost Vitamin C Eye Cream,Paula's Choice,Skincare,1.0303,Low Risk,80.49,False,1,0,0,0,0,0,0,2,0,0,0,0,0,2,5
P501282,C5 Super Boost Vitamin C Moisturizer,Paula's Choice,Skincare,1.0143,Low Risk,74.47,False,1,0,0,0,0,0,0,2,0,0,0,0,0,1,4
P482060,Mini RESIST Youth-Extending Daily Hydrating Fluid SPF 50,Paula's Choice,Mini Size,1.0882,Low Risk (Limited Data),58.62,False,1,0,0,0,0,0,1,2,0,0,0,0,0,1,5
P504433,Pro Collagen Multi-Peptide Booster,Paula's Choice,Skincare,1.0,Low Risk (Limited Data),54.84,False,0,0,0,0,0,0,0,2,0,0,0,0,0,0,2
P469510,CLINICAL 1% Retinol Treatment,Paula's Choice,Skincare,1.0395,Low Risk,71.7,False,2,0,0,0,0,0,0,3,0,0,0,0,1,1,7
P469519,RESIST Advanced Replenishing Toner with Hyaluronic Acid,Paula's Choice,Skincare,1.0962,Low Risk (Limited Data),63.41,False,2,0,0,0,0,0,0,3,0,0,1,0,0,1,7
P480627,Weightless Body Treatment 2% BHA,Paula's Choice,Bath & Body,1.0,Insufficient Data,3.45,False,0,0,0,0,0,0,0,0,0,0,0,0,0,0,0
P469511,CLINICAL Niacinamide 20% Treatment,Paula's Choice,Skincare,1.025,Low Risk,80.0,False,1,0,0,0,0,0,0,3,0,0,0,0,0,1,5
P469507,10% Azelaic Acid Booster,Paula's Choice,Skincare,1.1111,Low Risk,85.71,False,2,0,0,0,0,0,0,2,0,0,0,0,0,1,5
P469520,RESIST Perfectly Balanced Foaming Cleanser,Paula's Choice,Skincare,1.0208,Low Risk,82.76,False,1,0,0,0,0,0,0,1,0,0,0,0,0,1,3
P480628,10% Niacinamide Booster,Paula's Choice,Skincare,1.0,Insufficient Data,3.85,False,0,0,0,0,0,0,0,0,0,0,0,0,0,0,0
P481348,Clinical 0.3% Retinol + 2% Bakuchiol Treatment,Paula's Choice,Skincare,1.0,Insufficient Data,1.85,False,0,0,0,0,0,0,0,0,0,0,0,0,0,0,0
P471793,Omega + Complex Cleansing Balm,Paula's Choice,Skincare,1.0,Low Risk (Limited Data),54.55,False,0,0,0,0,0,0,0,0,0,0,0,0,0,0,0
P469505,Skin Perfecting BHA 9 Treatment,Paula's Choice,Skincare,1.15,Low Risk,76.92,False,1,0,0,0,0,0,0,2,0,0,0,0,0,0,3
P473126,CLINICAL Discoloration Repair Serum,Paula's Choice,Skincare,1.0,Insufficient Data,3.33,False,0,0,0,0,0,0,0,0,0,0,0,0,0,0,0
P469528,Skin Perfecting 25% AHA + 2% BHA Exfoliant Peel,Paula's Choice,Skincare,1.1944,Low Risk (Limited Data),69.23,False,2,0,0,0,0,0,0,5,0,0,1,0,0,1,9
P469524,RESIST Super-Light Daily Wrinkle Defense SPF 30,Paula's Choice,Skincare,1.0435,Low Risk,71.88,False,1,0,0,0,0,0,0,2,0,0,0,0,0,1,4
P469517,CLEAR Oil-Free Moisturizer,Paula's Choice,Skincare,1.0227,Low Risk (Limited Data),64.71,False,1,0,0,0,0,0,0,2,0,0,0,0,0,1,4
P469513,CLEAR Pore Normalizing Acne Cleanser,Paula's Choice,Skincare,1.1154,Low Risk,72.22,False,2,0,0,0,0,0,0,1,1,0,0,0,0,1,5
P469515,CLEAR Daily Skin Clearing Treatment with 2.5% Benzoyl Peroxide,Paula's Choice,Skincare,1.0769,Low Risk,92.86,False,1,0,0,0,0,0,0,2,0,0,0,0,0,1,4
P481390,Omega+ Complex Moisturizer,Paula's Choice,Skincare,1.0556,Insufficient Data,16.36,False,1,0,0,0,0,0,0,1,0,0,0,0,0,1,3
P469527,The UnScrub Gentle Cleansing Scrub,Paula's Choice,Skincare,1.0312,Low Risk (Limited Data),69.57,False,1,0,0,0,0,0,0,2,0,0,0,0,0,1,4
P469516,CLEAR Ultra-Light Daily Hydrating Fluid SPF 30+,Paula's Choice,Skincare,1.0882,Low Risk (Limited Data),58.62,False,1,0,0,0,0,0,1,2,0,0,0,0,0,1,5
P469525,Omega+ Complex Serum,Paula's Choice,Skincare,1.0435,Low Risk (Limited Data),53.49,False,0,0,0,0,0,0,1,2,0,0,0,0,0,0,3
P469514,CLEAR Anti-Redness Exfoliating Solution with 2% Salicylic Acid,Paula's Choice,Skincare,1.0357,Low Risk,77.78,False,0,0,0,0,0,0,0,1,0,0,0,0,0,1,2
P474970,Hyaluronic Acid + Peptide Lip Treatment Booster,Paula's Choice,Skincare,1.025,Low Risk (Limited Data),60.61,False,0,0,0,0,0,0,0,1,0,0,0,0,0,0,1
P469504,Skin Perfecting 8% AHA Gel Exfoliant,Paula's Choice,Skincare,1.1154,Low Risk,86.67,False,1,0,0,0,0,0,0,3,0,0,0,0,0,1,5
P469508,Hyaluronic Acid Booster,Paula's Choice,Skincare,1.0294,Low Risk,77.27,False,1,0,0,0,0,0,0,2,0,0,0,0,0,1,4
P469526,Water-Infusing Electrolyte Moisturizer,Paula's Choice,Skincare,1.02,Low Risk (Limited Data),53.19,False,1,0,0,0,0,0,0,2,0,0,0,0,0,1,4
P469512,CLINICAL Ceramide-Enriched Firming Eye Cream,Paula's Choice,Skincare,1.0556,Low Risk (Limited Data),64.29,False,3,0,0,0,0,0,0,1,0,0,0,0,1,1,6
P469518,RESIST Barrier Repair Moisturizer with Retinol,Paula's Choice,Skincare,1.1111,Low Risk (Limited Data),64.29,False,2,0,0,0,0,0,0,2,0,0,0,0,1,1,6
P469521,RESIST Weightless Advanced Repairing Toner,Paula's Choice,Skincare,1.0278,Low Risk,75.0,False,1,0,0,0,0,0,0,2,0,0,0,0,0,1,4
P469523,RESIST Anti-Aging Clear Skin Hydrator,Paula's Choice,Skincare,1.0455,Low Risk,75.86,False,1,0,0,0,0,0,0,1,0,0,0,0,0,1,3
P481347,Clear Skin Kit Acne Treatment Kit,Paula's Choice,Skincare,1.25,Insufficient Data,8.0,False,2,0,0,0,0,0,0,2,0,0,0,0,0,1,5
P481350,Complexion Clarity Kit,Paula's Choice,Skincare,1.0,Insufficient Data,1.35,False,0,0,0,0,0,0,0,0,0,0,0,0,0,0,0
P421275,Salicylic Acid Acne Healing Dots,Peace Out,Skincare,1.0,Insufficient Data,25.0,False,0,0,0,0,0,0,0,0,0,0,0,0,0,0,0
P428250,Oil-Absorbing Pore Treatment Strips,Peace Out,Skincare,,Insufficient Data,0.0,False,0,0,0,0,0,0,0,0,0,0,0,0,0,0,0
P467038,Retinol Eye Stick,Peace Out,Skincare,1.0938,Low Risk (Limited Data),48.48,False,2,0,0,0,0,0,0,1,0,0,0,0,1,1,5
P500757,Microneedling Anti-Wrinkle Retinol Patches,Peace Out,Skincare,1.0769,Low Risk (Limited Data),61.9,False,1,0,0,0,0,0,0,1,0,0,0,0,1,0,3
P503721,Salicylic Acid Acne Day Dots,Peace Out,Skincare,1.0,Insufficient Data,25.0,False,0,0,0,0,0,0,0,0,0,0,0,0,0,0,0
P472052,Microneedling Dark Spot Brightening Dots,Peace Out,Skincare,1.0,Low Risk (Limited Data),61.11,False,0,0,0,0,0,0,0,1,0,0,0,0,0,0,1
P479340,Retinol Face Stick,Peace Out,Skincare,1.0833,Low Risk (Limited Data),46.15,False,1,0,0,0,0,0,0,0,0,0,0,0,1,0,2
P501781,Instant Pore Perfector,Peace Out,Skincare,1.0263,Low Risk (Limited Data),50.0,False,1,0,0,0,0,0,0,2,0,0,0,0,0,1,4
P480629,Dark Spots Serum,Peace Out,Skincare,1.0625,Low Risk (Limited Data),53.33,False,0,0,0,0,0,0,0,3,0,0,0,0,0,0,3
P469530,Blemish Balm Cleanser,Peace Out,Skincare,1.0625,Low Risk,71.11,False,1,0,0,0,0,0,1,2,0,0,0,0,0,0,4
P474971,Daily Blemish Repairing Moisturizer,Peace Out,Skincare,1.0185,Low Risk (Limited Data),61.36,False,1,0,0,0,0,0,0,2,0,0,0,0,0,1,4
P465365,Puffy Under-Eye Patches,Peace Out,Skincare,1.0,Low Risk,70.59,False,0,0,0,0,0,0,0,1,0,0,0,0,0,0,1
P502997,Salicylic Acid Acne Treatment Serum,Peace Out,Skincare,1.0278,Low Risk (Limited Data),64.29,False,1,0,0,0,0,0,0,2,0,0,0,0,0,1,4
P503683,Acne Salicylic Acid Day & Night Duo,Peace Out,Skincare,1.0,Insufficient Data,25.0,False,0,0,0,0,0,0,0,0,0,0,0,0,0,0,0
P500856,Retinol Anti-Aging Power Duo,Peace Out,Skincare,1.0435,Low Risk (Limited Data),45.1,False,1,0,0,0,0,0,0,0,0,0,0,0,1,0,2
P415701,Water Drench Hyaluronic Acid Moisturizer,Peter Thomas Roth,Skincare,1.0741,Low Risk (Limited Data),60.0,False,1,0,0,0,1,0,0,3,0,0,0,0,0,1,6
P377561,FIRMx Exfoliating Peel Gel,Peter Thomas Roth,Skincare,1.0789,Low Risk,76.0,False,1,0,0,0,0,0,0,2,0,0,1,0,0,1,5
P450917,Mini FIRMx Exfoliating Peel Gel,Peter Thomas Roth,Skincare,1.0789,Low Risk,76.0,False,1,0,0,0,0,0,0,2,0,0,1,0,0,1,5
P39274,Anti-Aging Cleansing Gel,Peter Thomas Roth,Skincare,1.4048,Low Risk,80.77,False,2,0,0,1,0,0,3,7,2,0,0,1,0,2,18
P449599,Mini Anti-Aging Cleansing Gel,Peter Thomas Roth,Skincare,1.4048,Low Risk,80.77,False,2,0,0,1,0,0,3,7,2,0,0,1,0,2,18
P114902,Goodbye Acne  Max Complexion Correction Pads,Peter Thomas Roth,Skincare,1.4464,Low Risk,93.33,True,3,1,1,0,0,1,9,11,0,0,1,0,1,1,29
P3617,Therapeutic Sulfur Acne Treatment Mask,Peter Thomas Roth,Skincare,1.2692,Low Risk,81.25,False,1,0,0,2,0,0,1,1,0,0,0,0,0,0,5
P458576,Water Drench Hyaluronic Hydrating Moisturizer SPF 45,Peter Thomas Roth,Skincare,1.0758,Low Risk (Limited Data),60.0,False,2,0,0,0,1,0,0,3,0,0,0,0,0,1,7
P471065,Mini Water Drench  Hyaluronic Hydrating Moisturizer SPF 45,Peter Thomas Roth,Skincare,1.0758,Low Risk (Limited Data),60.0,False,2,0,0,0,1,0,0,3,0,0,0,0,0,1,7
P428100,Potent-C Vitamin C Power Serum,Peter Thomas Roth,Skincare,1.02,Low Risk,86.21,False,1,0,0,0,0,0,0,2,0,0,0,0,0,1,4
P387261,Pumpkin Enzyme Mask Enzymatic Dermal Resurfacer,Peter Thomas Roth,Skincare,1.2917,Low Risk,92.31,False,4,1,0,1,0,0,3,3,0,0,1,0,0,1,14
P453824,Vital-E Antioxidant Recovery Cream,Peter Thomas Roth,Skincare,1.0217,Low Risk (Limited Data),62.16,False,1,0,0,0,0,0,0,1,0,0,0,0,0,1,3
P283106,Instant FIRMx Eye Temporary Eye Tightener,Peter Thomas Roth,Skincare,1.0294,Low Risk (Limited Data),58.62,False,1,0,0,0,0,0,0,2,0,0,0,0,0,1,4
P3550,Goodbye Acne AHA/BHA Acne Clearing Gel Face Body Spot Treatment,Peter Thomas Roth,Skincare,1.125,Low Risk,95.24,False,2,0,1,0,0,0,0,3,0,0,0,0,0,1,7
P474078,Mini Goodbye Acne  AHA/BHA Acne Clearing Gel Face Body Spot Treatment,Peter Thomas Roth,Skincare,1.125,Low Risk,95.24,False,2,0,1,0,0,0,0,3,0,0,0,0,0,1,7
P453823,Vital-E Antioxidant Recovery Eye Cream,Peter Thomas Roth,Skincare,1.0179,Low Risk (Limited Data),62.22,False,1,0,0,0,0,0,0,2,0,0,0,0,0,1,4
P426312,Mini Water Drench Hyaluronic Acid Moisturizer,Peter Thomas Roth,Mini Size,1.0741,Low Risk (Limited Data),60.0,False,1,0,0,0,1,0,0,3,0,0,0,0,0,1,6
P251529,Retinol Fusion PM Night Serum,Peter Thomas Roth,Skincare,1.2,Low Risk,83.33,False,1,0,1,0,0,0,0,1,0,0,0,0,1,0,4
P442741,Peptide 21 Wrinkle Resist Serum,Peter Thomas Roth,Skincare,1.0735,Low Risk (Limited Data),60.71,False,3,1,0,0,0,0,0,1,0,0,1,0,0,1,7
P399932,Acne-Clear Invisible Dots,Peter Thomas Roth,Skincare,1.15,Low Risk (Limited Data),62.5,False,1,0,1,0,0,0,0,1,0,0,0,0,0,2,5
P442742,Peptide 21 Amino Acid Exfoliating Peel Pads,Peter Thomas Roth,Skincare,1.0811,Low Risk,71.15,False,3,0,0,0,0,0,1,3,0,0,0,0,0,1,8
P392608,Irish Moor Mud Purifying Black Mask,Peter Thomas Roth,Skincare,1.0667,Low Risk (Limited Data),65.22,False,1,0,0,0,0,0,0,2,0,0,0,0,0,1,4
P382204,Cucumber Gel Mask Extreme Detoxifying Hydrator,Peter Thomas Roth,Skincare,1.1591,Low Risk,75.86,False,3,1,0,0,0,0,0,3,0,0,1,1,0,1,10
P442743,Peptide 21 Wrinkle Resist Moisturizer,Peter Thomas Roth,Skincare,1.0357,Low Risk (Limited Data),59.15,False,2,1,0,0,0,0,0,2,0,0,1,0,0,1,7
P467137,Water Drench Hyaluronic Glow Serum,Peter Thomas Roth,Skincare,1.0682,Low Risk,75.86,False,2,0,0,0,0,0,0,4,0,0,0,0,0,1,7
P271682,Instant FIRMx Temporary Face Tightener,Peter Thomas Roth,Skincare,1.0455,Low Risk (Limited Data),68.75,False,1,0,0,0,0,0,0,1,0,0,0,0,0,1,3
P479706,Even Smoother Glycolic Retinol Resurfacing Serum,Peter Thomas Roth,Skincare,1.0714,Low Risk,74.47,False,2,0,1,0,0,0,0,4,0,0,0,0,1,1,9
P470243,PRO Strength Microdermabrasion Blackhead Eliminator,Peter Thomas Roth,Skincare,1.0833,Low Risk,81.82,False,2,0,0,0,0,0,0,3,0,0,0,0,0,1,6
P474079,Goodbye Acne   Complete Acne Treatment Gel,Peter Thomas Roth,Skincare,1.0833,Low Risk,75.0,False,3,0,1,0,0,0,0,3,0,0,0,0,1,1,9
P448719,PRO Strength Lactic Pore Treatment,Peter Thomas Roth,Skincare,1.1176,Low Risk (Limited Data),62.96,False,0,0,0,0,0,0,0,4,0,0,0,1,0,0,5
P479705,Even Smoother Glycolic Retinol Resurfacing Peel Pads,Peter Thomas Roth,Skincare,1.1471,Low Risk,94.44,False,2,0,1,0,0,0,0,4,0,0,0,0,1,1,9
P462390,PRO Strength 10% PHA Exfoliating Clarifying Liquid,Peter Thomas Roth,Skincare,1.1842,Low Risk,82.61,False,3,0,0,0,0,0,0,5,0,0,0,0,0,1,9
P412025,Cucumber De-Tox Hydra-Gel Eye Patches,Peter Thomas Roth,Skincare,1.0962,Low Risk,78.79,False,3,0,0,0,0,0,1,2,0,0,0,0,0,1,7
P454102,PRO Strength Niacinamide Discoloration Treatment,Peter Thomas Roth,Skincare,1.0156,Low Risk (Limited Data),69.57,False,1,0,0,0,0,0,0,2,0,0,0,0,0,1,4
P433456,Potent-C Vitamin C Power Eye Cream,Peter Thomas Roth,Skincare,1.0167,Low Risk (Limited Data),69.77,False,1,0,0,0,0,0,0,2,0,0,0,0,0,1,4
P406104,24K Gold Pure Luxury Lift & Firm Hydra-Gel Eye Patches,Peter Thomas Roth,Skincare,1.0682,Low Risk,75.86,False,2,0,0,0,0,0,0,2,0,0,0,0,0,2,6
P433457,Potent-C Vitamin C Targeted Spot Brightener,Peter Thomas Roth,Skincare,1.0238,Low Risk,80.77,False,1,0,0,0,0,0,0,1,0,0,0,0,0,1,3
P423254,Water Drench Hyaluronic Cloud Hydra-Gel Eye Patches,Peter Thomas Roth,Skincare,1.0263,Low Risk (Limited Data),62.3,False,2,0,0,0,0,0,0,2,0,0,0,0,0,1,5
P482061,Max Clear Invisible Priming Sunscreen Broad Spectrum SPF 45,Peter Thomas Roth,Skincare,1.0357,Low Risk (Limited Data),56.0,False,1,0,0,0,0,0,0,0,0,0,0,0,0,0,1
P503690,Water Drench Hyaluronic Cloud Rich Barrier Moisturizer,Peter Thomas Roth,Skincare,1.0385,Low Risk,81.25,False,1,0,0,0,0,0,0,4,0,0,0,0,0,1,6
P500244,FIRMx Collagen Face & Eye Hydra-Gel Patches,Peter Thomas Roth,Skincare,1.0323,Low Risk,70.45,False,2,0,0,0,0,0,0,2,0,0,0,0,0,1,5
P503702,Instant FIRMx No-Filter Primer,Peter Thomas Roth,Makeup,1.0192,Low Risk (Limited Data),60.47,False,1,0,0,0,0,0,0,1,0,0,0,0,0,1,3
P392607,24K Gold Mask Pure Luxury Lift & Firm,Peter Thomas Roth,Skincare,1.0714,Low Risk,82.35,False,1,0,0,0,0,0,0,2,0,0,0,0,0,2,5
P481142,PRO Strength Vitamin A/C/E Retinoid Treatment,Peter Thomas Roth,Skincare,1.0167,Low Risk,78.95,False,1,0,0,0,0,0,0,3,0,0,0,0,0,1,5
P430812,Max Mineral Tinted Sunscreen Broad Spectrum SPF 45,Peter Thomas Roth,Skincare,1.0185,Low Risk,71.05,False,1,0,0,0,0,0,0,1,0,0,0,0,0,1,3
P481731,PRO Strength Stretch Mark Cream,Peter Thomas Roth,Bath & Body,1.0323,Low Risk (Limited Data),68.89,False,1,0,0,0,0,0,0,2,0,0,0,0,0,1,4
P505158,Max Vitamin D-Fense Sunscreen Serum Broad Spectrum SPF 50,Peter Thomas Roth,Skincare,1.0588,Low Risk (Limited Data),62.96,False,2,0,0,0,0,0,0,2,0,0,0,0,0,1,5
P410883,Acne Clearing Wash,Peter Thomas Roth,Skincare,1.3654,Low Risk,86.67,True,4,0,0,2,0,1,3,4,2,0,0,0,1,2,19
P440317,Potent-C Vitamin C Bright & Plump Moisturizer,Peter Thomas Roth,Skincare,1.0294,Low Risk (Limited Data),59.65,False,1,0,0,0,0,0,0,3,0,0,0,0,0,1,5
P471062,Full-Size Water Drench Hydra-Pair 2-Piece Kit,Peter Thomas Roth,Skincare,1.0455,Low Risk (Limited Data),57.29,False,2,0,0,0,1,0,0,3,0,0,0,0,0,1,7
P457519,Water Drench Hyaluronic Cloud Hydrating Eye Gel,Peter Thomas Roth,Skincare,1.0116,Low Risk (Limited Data),67.19,False,1,0,0,0,0,0,0,2,0,0,0,0,0,1,4
P446101,Lashes to Die For Turbo Conditioning Lash Enhancer,Peter Thomas Roth,Makeup,1.125,Low Risk,80.0,False,3,1,0,0,0,0,0,3,0,0,1,0,0,1,9
P471064,Max Matte Shine Control Sunscreen Broad Spectrum SPF 45,Peter Thomas Roth,Skincare,1.0312,Low Risk (Limited Data),65.31,False,2,0,0,0,0,0,0,3,0,0,0,0,0,1,6
P457520,FIRMx Collagen Moisturizer,Peter Thomas Roth,Skincare,1.0179,Low Risk,75.68,False,1,0,0,0,0,0,0,2,0,0,0,0,0,1,4
P464799,Potent-C Power Brightening Hydra-Gels,Peter Thomas Roth,Skincare,1.0769,Low Risk,70.27,False,2,0,0,0,0,0,0,2,0,0,0,1,0,1,6
P500127,Water Drench Hyaluronic Cloud Hydrating Body Cream,Peter Thomas Roth,Bath & Body,1.0192,Low Risk,100.0,False,1,0,0,0,0,0,0,2,0,0,0,0,0,1,4
P473185,Water Drench Hyaluronic Cloud Makeup Removing Gel Cleanser,Peter Thomas Roth,Skincare,1.1304,Low Risk,74.19,False,1,0,0,0,0,0,1,3,1,0,0,0,0,2,8
P474080,Water Drench Hyaluronic Cloud Mask Hydrating Gel,Peter Thomas Roth,Skincare,1.1,Low Risk,86.96,False,1,0,0,0,0,0,0,4,0,0,0,0,0,2,7
P502740,Masking Minis 5-Piece Mask Kit,Peter Thomas Roth,Skincare,1.1304,Low Risk (Limited Data),69.7,False,4,1,0,0,0,0,3,9,0,0,1,1,0,3,22
P502725,Multi-Masker 4-Piece Mask Kit,Peter Thomas Roth,Skincare,1.1889,Low Risk,75.0,False,4,1,0,0,0,0,3,8,0,0,1,1,0,3,21
P501550,Acne-Clear Essentials 4-Piece Acne Kit,Peter Thomas Roth,Skincare,1.2246,Low Risk,80.23,True,4,1,2,0,0,1,9,13,1,0,1,0,2,2,36
P505380,Patch & Protect Summer Essentials 2-Piece Kit,Peter Thomas Roth,Skincare,1.09,Low Risk (Limited Data),63.29,False,4,0,0,0,1,0,1,3,0,0,0,0,0,1,10
P502690,"Snow Angel Shampoo, Shower Gel & Bubble Bath",philosophy,Bath & Body,1.34,Low Risk (Limited Data),60.98,True,2,0,0,0,0,2,2,2,2,0,0,0,1,1,12
P482716,Missing Person Eau de Parfum,PHLUR,Fragrance,1.5,Medium Risk,100.0,False,0,0,1,0,0,0,1,0,0,0,0,0,0,0,2
P482717,Missing Person Eau de Parfum Travel Spray,PHLUR,Fragrance,1.5,Medium Risk,100.0,False,0,0,1,0,0,0,1,0,0,0,0,0,0,0,2
P503600,Discovery Sampler Set,PHLUR,Fragrance,1.5,Medium Risk (Limited Data),66.67,False,0,0,0,0,0,0,1,0,0,0,0,0,0,0,1
P501353,Missing Person Perfume Set,PHLUR,Fragrance,1.5,Medium Risk,100.0,False,0,0,1,0,0,0,1,0,0,0,0,0,0,0,2
P482715,Perfume Sampler Set,PHLUR,Fragrance,1.5,Medium Risk,100.0,False,0,0,1,0,0,0,1,0,0,0,0,0,0,0,2
P502693,Somebody Wood Eau de Parfum Travel Spray,PHLUR,Fragrance,1.5,Medium Risk,100.0,False,0,0,1,0,0,0,1,0,0,0,0,0,0,0,2
P503911,Tangerine Boy Eau de Parfum,PHLUR,Fragrance,1.5,Medium Risk (Limited Data),66.67,False,0,0,0,0,0,0,1,0,0,0,0,0,0,0,1
P482726,Not Your Baby Eau de Parfum,PHLUR,Fragrance,1.5,Medium Risk,100.0,False,0,0,1,0,0,0,1,0,0,0,0,0,0,0,2
P482724,Apricot Privée Eau de Parfum,PHLUR,Fragrance,1.5,Medium Risk,100.0,False,0,0,1,0,0,0,1,0,0,0,0,0,0,0,2
P502652,Somebody Wood Eau de Parfum,PHLUR,Fragrance,1.5,Medium Risk,100.0,False,0,0,1,0,0,0,1,0,0,0,0,0,0,0,2
P482725,Apricot Privée Eau de Parfum Travel Spray,PHLUR,Fragrance,1.5,Medium Risk,100.0,False,0,0,1,0,0,0,1,0,0,0,0,0,0,0,2
P482727,Not Your Baby Eau de Parfum Travel Spray,PHLUR,Fragrance,1.5,Medium Risk,100.0,False,0,0,1,0,0,0,1,0,0,0,0,0,0,0,2
P440207,Ameline Eau de Parfum,PHLUR,Fragrance,1.5,Medium Risk,100.0,False,0,0,1,0,0,0,1,0,0,0,0,0,0,0,2
P482720,Lost Cause Eau de Parfum,PHLUR,Fragrance,1.5,Medium Risk,100.0,False,0,0,1,0,0,0,1,0,0,0,0,0,0,0,2
P482718,Phloria Eau de Parfum,PHLUR,Fragrance,1.5,Medium Risk,100.0,False,0,0,1,0,0,0,1,0,0,0,0,0,0,0,2
P447761,Ameline Eau de Parfum Travel Spray,PHLUR,Fragrance,1.5,Medium Risk,100.0,False,0,0,1,0,0,0,1,0,0,0,0,0,0,0,2
P482721,Lost Cause Eau de Parfum Travel Spray,PHLUR,Fragrance,1.5,Medium Risk,100.0,False,0,0,1,0,0,0,1,0,0,0,0,0,0,0,2
P482719,Phloria Eau de Parfum Travel Spray,PHLUR,Fragrance,1.5,Medium Risk,100.0,False,0,0,1,0,0,0,1,0,0,0,0,0,0,0,2
P504992,Solar Power Eau de Parfum Travel Spray,PHLUR,Fragrance,1.7222,Medium Risk,100.0,False,0,0,1,0,0,0,7,6,0,0,0,0,0,0,14
P503665,Missing Person Body Lotion,PHLUR,Bath & Body,1.1094,Low Risk,78.05,False,1,0,0,0,0,0,3,4,0,0,0,0,0,1,9
P504990,Solar Power Eau de Parfum,PHLUR,Fragrance,1.7222,Medium Risk,100.0,False,0,0,1,0,0,0,7,6,0,0,0,0,0,0,14
P376127,CANDY Eau de Parfum,Prada,Fragrance,1.6429,Medium Risk,93.33,False,1,0,1,1,0,0,9,8,0,0,0,0,0,0,20
P387903,Candy Eau de Parfum Travel Spray,Prada,Fragrance,1.6429,Medium Risk,93.33,False,1,0,1,1,0,0,9,8,0,0,0,0,0,0,20
P502053,Mini Paradoxe Perfume Giftset,Prada,Fragrance,1.7059,Medium Risk,89.47,False,3,0,1,0,0,0,12,11,0,0,0,0,0,0,27
P76001,Prada Amber,Prada,Fragrance,1.8421,Medium Risk,86.36,True,3,0,1,1,0,2,12,11,0,0,0,0,1,1,32
P503187,Candy Eau de Parfum Giftset,Prada,Fragrance,1.6429,Medium Risk,93.33,False,1,0,1,1,0,0,9,8,0,0,0,0,0,0,20
P475152,Luna Rossa Ocean Eau de Toilette,Prada,Fragrance,1.5455,Medium Risk,84.62,False,1,0,1,0,0,0,7,6,0,0,0,0,0,0,15
P417974,Luna Rossa Carbon,Prada,Fragrance,1.6538,Medium Risk,100.0,False,4,0,1,1,0,0,7,6,0,0,0,0,0,0,19
P433656,Luna Rossa Black Eau de Parfum,Prada,Fragrance,1.625,Medium Risk,100.0,False,4,0,1,2,0,0,5,4,0,0,0,0,0,0,16
P378660,Luna Rossa,Prada,Fragrance,1.6667,Medium Risk,70.59,False,3,0,1,2,0,0,6,5,0,0,0,0,0,0,17
P398365,Luna Rossa Sport Eau de Toilette,Prada,Fragrance,1.6111,Medium Risk,81.82,False,3,0,1,1,0,0,4,3,0,0,0,0,0,0,12
P478314,Luna Rossa Ocean Eau de Toilette Travel Spray,Prada,Fragrance,1.5455,Medium Risk,84.62,False,1,0,1,0,0,0,7,6,0,0,0,0,0,0,15
P163102,Prada Amber Pour Homme,Prada,Fragrance,1.7955,Medium Risk,88.0,True,3,0,1,1,0,1,15,15,0,0,0,0,1,0,37
P503241,Luna Rossa Carbon Eau de Toilette Set,Prada,Fragrance,1.6538,Medium Risk,100.0,False,4,0,1,1,0,0,7,6,0,0,0,0,0,0,19
P456192,Night Magic Restorative Face Oil with Firming Botanicals,Prima,Skincare,1.0,Insufficient Data,33.33,False,0,0,0,0,0,0,0,0,0,0,0,0,0,0,0
P456193,The Afterglow Deep Moisturizing Cream with Hyaluronic Acid & Vegan Collagen,Prima,Skincare,1.0,Low Risk (Limited Data),57.89,False,0,0,0,0,0,0,0,2,0,0,0,0,0,0,2
P456216,Unwind Bath Gem Relaxing Bath Soak with Epsom Salt + Moisturizing Oils,Prima,Bath & Body,1.0714,Low Risk (Limited Data),50.0,False,0,0,0,0,0,0,0,1,0,0,0,0,0,1,2
P474854,"Beyond Body Oil Lightweight, Anti-Aging & Nourishing Oil",Prima,Bath & Body,1.25,Low Risk (Limited Data),40.0,False,0,0,0,0,0,0,3,4,0,0,0,1,0,0,8
P456215,R+R Cream Cooling Recovery Rub for Soothing Comfort with Menthol + Hemp,Prima,Bath & Body,1.1389,Low Risk,75.0,False,0,0,0,0,0,0,1,4,0,0,0,0,0,3,8
P456217,Skin Therapy Rich Ultra-Hydrating Body Butter for Dry Skin,Prima,Bath & Body,1.1,Low Risk (Limited Data),46.51,False,0,0,0,0,0,0,1,3,0,0,0,2,0,0,6
P483684,Recover Bath Gem Body-Soothing Bath Soak with Arnica + Magnesium,Prima,Bath & Body,1.2143,Low Risk (Limited Data),46.67,False,0,0,0,0,0,0,1,2,0,0,0,0,0,1,4
P504310,Arousal Bath Gem Sensual Bath Soak with Natural Aphrodisiacs,Prima,Bath & Body,1.3182,Insufficient Data,39.29,False,0,0,0,0,0,0,3,5,0,0,0,2,0,1,11
P461633,Color Fanatic Heat Protectant Leave-In Conditioner,Pureology,Hair,1.3594,Low Risk,80.0,False,2,0,1,2,0,0,7,13,0,0,0,0,0,1,26
P461601,"Hydrate Shampoo for Dry, Color-Treated Hair",Pureology,Hair,1.2174,Low Risk,74.19,False,4,0,0,1,0,0,5,8,2,0,0,0,0,2,22
P461603,"Hydrate Conditioner for Dry, Color-Treated Hair",Pureology,Hair,1.2308,Low Risk,70.27,False,2,0,1,1,0,0,3,7,0,0,0,0,0,1,15
P461610,Strength Cure Strengthening Shampoo for Damaged Color-Treated Hair,Pureology,Hair,1.1977,Low Risk,71.67,False,3,0,0,1,0,0,6,9,1,0,0,0,0,1,21
P461960,Mini Hydrating + Color Protecting Hair Kit,Pureology,Hair,1.25,Low Risk (Limited Data),65.45,False,4,0,2,2,0,0,9,18,2,0,0,0,0,2,39
P461611,Strength Cure Strengthening Conditioner for Damaged Color-Treated Hair,Pureology,Hair,1.3,Low Risk,75.76,False,3,0,1,1,0,0,5,8,0,0,0,0,0,1,19
P461615,Strength Cure Miracle Filler Heat Protectant Spray,Pureology,Hair,1.3846,Low Risk,72.22,False,4,0,1,2,0,0,3,8,0,0,0,0,0,1,19
P461605,Hydrate Nourishing Superfoods Treatment Hair Mask,Pureology,Hair,1.2955,Low Risk,81.48,False,2,0,1,2,0,0,3,7,0,0,0,0,0,1,16
P461606,"Hydrate Sheer Shampoo for Fine, Dry, Color-Treated Hair",Pureology,Hair,1.2879,Low Risk,80.49,False,3,0,0,1,0,0,5,8,2,0,0,0,0,2,21
P461616,Strength Cure Blonde Purple Shampoo,Pureology,Hair,1.1774,Low Risk (Limited Data),67.39,False,3,0,0,1,0,0,1,5,0,0,0,0,0,1,11
P461602,Mini Hydrate Shampoo,Pureology,Hair,1.2174,Low Risk,74.19,False,4,0,0,1,0,0,5,8,2,0,0,0,0,2,22
P461614,Strength Cure Superfoods Treatment Hair Mask,Pureology,Hair,1.2941,Low Risk,77.27,False,2,0,1,1,0,0,2,5,0,0,0,0,0,1,12
P461634,Color Fanatic Multi-Tasking Deep-Conditioning Hair Mask,Pureology,Hair,1.4211,Low Risk,73.08,False,1,0,1,2,0,0,4,8,0,0,0,0,0,0,16
P461604,Mini Hydrate Conditioner,Pureology,Hair,1.2308,Low Risk,70.27,False,2,0,1,1,0,0,3,7,0,0,0,0,0,1,15
P461608,"Hydrate Sheer Conditioner for Fine, Dry, Color-Treated Hair",Pureology,Hair,1.2708,Low Risk,75.0,False,2,0,1,1,0,0,3,9,0,0,0,0,0,2,18
P461629,Nanoworks Gold Hydrating Shampoo,Pureology,Hair,1.2051,Low Risk,75.0,False,3,0,1,2,0,0,2,8,1,0,0,0,0,2,19
P474855,Color Fanatic Top Coat + Tone Hair Gloss,Pureology,Hair,1.275,Low Risk,83.33,False,2,0,0,1,0,0,4,4,0,0,0,0,0,0,11
P461618,Strength Cure Blonde Purple Conditioner,Pureology,Hair,1.275,Low Risk (Limited Data),68.97,False,3,0,1,1,0,0,1,4,0,0,0,0,0,1,11
P461613,Strength Cure Split-End Salve Leave-In Treatment,Pureology,Hair,1.3036,Low Risk,70.0,False,2,0,1,2,0,0,5,9,0,0,0,0,0,1,20
P461620,Pure Volume Shampoo,Pureology,Hair,1.25,Low Risk,80.0,False,4,0,0,1,0,0,3,6,1,0,0,0,0,2,17
P461631,Nanoworks Gold Strengthening Hydrating Conditioner,Pureology,Hair,1.2679,Low Risk,93.33,False,3,0,1,2,0,0,2,7,0,0,0,0,0,1,16
P461607,"Mini Hydrate Sheer Shampoo for Fine, Dry, Color-Treated Hair",Pureology,Hair,1.2879,Low Risk,80.49,False,3,0,0,1,0,0,5,8,2,0,0,0,0,2,21
P461642,Smooth Perfection Smoothing Hair Serum,Pureology,Hair,1.1818,Low Risk,75.86,False,2,0,0,1,0,0,2,4,0,0,0,0,0,1,10
P474856,Color Fanatic Top Coat + Clear Hair Gloss,Pureology,Hair,1.275,Low Risk,83.33,False,2,0,0,1,0,0,4,4,0,0,0,0,0,0,11
P461624,Smooth Perfection Shampoo,Pureology,Hair,1.2125,Low Risk,75.47,False,3,0,0,1,0,0,3,6,2,0,0,0,0,2,17
P461641,Hydrate Soft Softening Treatment Hair Mask,Pureology,Hair,1.35,Low Risk,90.91,False,2,0,1,1,0,0,3,7,0,0,0,0,0,1,15
P461635,Style + Protect Refresh & Go Dry Shampoo,Pureology,Hair,1.4333,Low Risk,78.95,False,1,0,1,1,0,0,6,5,0,0,0,0,0,0,14
P461617,Mini Strength Cure Blonde Shampoo,Pureology,Hair,1.1774,Low Risk (Limited Data),67.39,False,3,0,0,1,0,0,1,5,0,0,0,0,0,1,11
P461628,Smooth Perfection Smoothing Hair Lotion,Pureology,Hair,1.1842,Low Risk,73.08,False,2,0,0,1,0,0,2,2,0,0,0,0,0,1,8
P461626,Smooth Perfection Conditioner,Pureology,Hair,1.25,Low Risk,82.76,False,2,0,1,1,0,0,2,6,0,0,0,0,0,1,13
P461622,Pure Volume Conditioner,Pureology,Hair,1.2174,Low Risk,82.14,False,2,0,1,1,0,0,2,5,0,0,0,0,0,1,12
P461609,"Mini Hydrate Sheer Conditioner for Fine, Dry, Color-Treated Hair",Pureology,Hair,1.2708,Low Risk,75.0,False,2,0,1,1,0,0,3,9,0,0,0,0,0,2,18
P503824,Hydrate Shampoo & Conditioner Jumbo Value Set,Pureology,Hair,1.2273,Low Risk (Limited Data),67.9,False,4,0,1,1,0,0,5,12,2,0,0,0,0,2,27
P461636,Mini Style + Protect Refresh & Go Dry Shampoo,Pureology,Hair,1.4333,Low Risk,78.95,False,1,0,1,1,0,0,6,5,0,0,0,0,0,0,14
P461619,Mini Strength Cure Blonde Conditioner,Pureology,Hair,1.275,Low Risk (Limited Data),68.97,False,3,0,1,1,0,0,1,4,0,0,0,0,0,1,11
P461637,Style + Protect Soft Finish Hairspray,Pureology,Hair,1.6154,Medium Risk,81.25,False,1,0,1,0,0,0,8,8,0,0,1,0,0,0,19
P461643,Style + Protect Weightless Hair Mousse,Pureology,Hair,1.4583,Low Risk (Limited Data),66.67,False,2,0,0,1,0,0,9,12,1,0,1,0,0,2,28
P461639,Style + Protect Volumizing Texture Finishing Hairspray,Pureology,Hair,1.4211,Low Risk,79.17,False,1,0,1,0,0,0,9,8,0,0,0,0,0,0,19
P474082,Mini Nanoworks Gold Conditioner,Pureology,Hair,1.2679,Low Risk,93.33,False,3,0,1,2,0,0,2,7,0,0,0,0,0,1,16
P503823,Strength Cure Shampoo & Conditioner Jumbo Value Set,Pureology,Hair,1.2347,Low Risk,73.13,False,4,0,1,1,0,0,6,12,1,0,0,0,0,1,26
P474081,Mini Nanoworks Gold Shampoo,Pureology,Hair,1.2051,Low Risk,75.0,False,3,0,1,2,0,0,2,8,1,0,0,0,0,2,19
P505014,Hydrate & Color Fanatic Kit,Pureology,Hair,1.25,Low Risk (Limited Data),66.0,False,4,0,1,2,0,0,8,17,2,0,0,0,0,2,36
P505035,Strength Cure & Color Fanatic Kit,Pureology,Hair,1.2623,Low Risk,71.76,False,4,0,1,2,0,0,9,18,1,0,0,0,0,1,36
P505034,"Color Fanatic Spray, Clear Topcoat Kit",Pureology,Hair,1.314,Low Risk,78.18,False,3,0,1,2,0,0,8,14,0,0,0,0,0,1,29
P448446,Hydration Detangler + UV Barrier,Rahua,Hair,1.0,Insufficient Data,23.81,False,0,0,0,0,0,0,0,0,0,0,0,0,0,0,0
P407493,Omega 9 Hair Mask,Rahua,Hair,1.0833,Low Risk (Limited Data),40.0,False,0,0,0,0,0,0,0,1,0,0,0,0,0,1,2
P6463,Romance,Ralph Lauren,Fragrance,1.75,Medium Risk,80.0,False,0,0,1,0,0,0,14,13,0,0,0,0,0,0,28
P9009,Ralph,Ralph Lauren,Fragrance,1.65,Medium Risk,83.33,False,0,0,1,0,0,0,8,7,0,0,0,0,0,0,16
P380994,Polo Red Eau de Toilette,Ralph Lauren,Fragrance,1.6818,Medium Risk,78.57,False,0,0,1,1,0,0,8,7,0,0,0,0,0,0,17
P474083,Ralph's Club Eau de Parfum,Ralph Lauren,Fragrance,1.6071,Medium Risk,93.33,False,1,0,1,0,0,0,9,8,0,0,0,0,0,0,19
P36740,Polo Blue Eau de Toilette,Ralph Lauren,Fragrance,1.7,Medium Risk,88.24,False,2,0,1,0,0,0,11,10,0,0,0,0,0,0,24
P408252,Polo Blue Eau de Parfum,Ralph Lauren,Fragrance,1.75,Medium Risk,85.71,False,0,0,1,0,0,0,10,9,0,0,0,0,0,0,20
P474084,Ralph's Club Eau de Parfum Travel Spray,Ralph Lauren,Fragrance,1.6071,Medium Risk,93.33,False,1,0,1,0,0,0,9,8,0,0,0,0,0,0,19
P460784,Polo Red Eau de Parfum,Ralph Lauren,Fragrance,1.6364,Medium Risk,91.67,False,0,0,1,0,0,0,9,8,0,0,0,0,0,0,18
P500911,Ralph's Club Parfum,Ralph Lauren,Fragrance,1.6786,Medium Risk,82.35,False,2,0,1,0,0,0,10,9,0,0,0,0,0,0,22
P481335,Brightening Saffron Serum - Radiant Rani,RANAVAT,Skincare,1.0,Insufficient Data,9.09,False,0,0,0,0,0,0,0,0,0,0,0,0,0,0,0
P481354,Renewing Bakuchi Crème - Eternal Reign,RANAVAT,Skincare,1.0,Insufficient Data,29.41,False,0,0,0,0,0,0,0,0,0,0,0,0,0,0,0
P481336,Resurfacing Saffron AHA Masque - Radiant Rani,RANAVAT,Skincare,1.2,Insufficient Data,35.71,False,0,0,0,0,0,0,1,1,0,0,0,0,0,0,2
P481363,Smoothing Facial Polish - Imperial Glow,RANAVAT,Skincare,1.1,Insufficient Data,28.57,False,0,0,0,0,0,0,1,1,0,0,0,0,0,0,2
P481371,Balancing Crème Cleanser - Luminous Ceremony,RANAVAT,Skincare,1.0909,Low Risk (Limited Data),68.75,False,0,0,0,0,0,0,1,1,0,0,0,0,0,0,2
P504446,Restoring Moonseed Treatment - L’Immortale Empress,RANAVAT,Skincare,1.0,Insufficient Data,4.88,False,0,0,0,0,0,0,0,0,0,0,0,0,0,0,0
P481374,Fortifying Hair Serum - Mighty Majesty,RANAVAT,Hair,,Insufficient Data,0.0,False,0,0,0,0,0,0,0,0,0,0,0,0,0,0,0
P481401,Hydrating Jasmine Mist - Royal Refresh,RANAVAT,Skincare,,Insufficient Data,0.0,False,0,0,0,0,0,0,0,0,0,0,0,0,0,0,0
P502191,Mini Brightening Saffron Serum - Radiant Rani,RANAVAT,Mini Size,1.0,Insufficient Data,9.09,False,0,0,0,0,0,0,0,0,0,0,0,0,0,0,0
P503881,Regenerative Veda⁴ Bond Repair Shampoo - Mighty Majesty,RANAVAT,Hair,1.0833,Low Risk (Limited Data),50.0,False,0,0,0,0,0,0,1,1,0,0,0,0,0,0,2
P503863,Regenerative Veda⁴ Bond Repair Conditioner- Mighty Majesty,RANAVAT,Hair,1.0833,Low Risk (Limited Data),60.0,False,0,0,0,0,0,0,1,1,0,0,0,0,0,0,2
P502183,Sacred Rose Restoring Hand Crème with Antioxidants,RANAVAT,Bath & Body,1.25,Insufficient Data,19.05,False,0,0,0,0,0,0,1,1,0,0,0,0,0,0,2
P97989778,Soft Pinch Liquid Blush,Rare Beauty by Selena Gomez,Makeup,1.0476,Low Risk,84.0,False,1,0,0,0,0,0,0,0,0,0,0,0,0,1,2
P38855877,Positive Light Liquid Luminizer Highlight,Rare Beauty by Selena Gomez,Makeup,1.0,Low Risk,76.19,False,0,0,0,0,0,0,0,0,0,0,0,0,0,0,0
P479343,Warm Wishes Effortless Bronzer Sticks,Rare Beauty by Selena Gomez,Makeup,1.0833,Low Risk,75.0,False,1,0,0,1,0,0,0,0,0,0,0,0,0,0,2
P49848448,Liquid Touch Weightless Foundation,Rare Beauty by Selena Gomez,Makeup,1.0238,Low Risk,72.41,False,1,0,0,0,0,0,0,1,0,0,0,0,0,1,3
P64546856,Liquid Touch Brightening Concealer,Rare Beauty by Selena Gomez,Makeup,1.0179,Low Risk,80.0,False,1,0,0,0,0,0,0,1,0,0,0,0,0,1,3
P467451,Stay Vulnerable Melting Cream Blush,Rare Beauty by Selena Gomez,Makeup,1.0526,Low Risk,79.17,False,2,0,0,0,0,0,0,0,0,0,0,0,0,0,2
P503711,Positive Light Silky Touch Highlighter,Rare Beauty by Selena Gomez,Makeup,1.0,Low Risk,93.33,False,0,0,0,0,0,0,0,0,0,0,0,0,0,0,0
P87987897,Lip Soufflé Matte Cream Lipstick,Rare Beauty by Selena Gomez,Makeup,1.14,Low Risk,89.29,False,4,0,0,0,0,0,2,2,0,0,0,0,0,1,9
P500636,Kind Words Lip Liner,Rare Beauty by Selena Gomez,Makeup,1.0714,Low Risk,77.78,False,1,0,0,0,0,0,1,0,0,0,0,0,0,0,2
P503714,Positive Light Under Eye Brightener,Rare Beauty by Selena Gomez,Makeup,1.0,Low Risk,75.76,False,0,0,0,0,0,0,0,0,0,0,0,0,0,0,0
P11487778,With Gratitude Dewy Lip Balm,Rare Beauty by Selena Gomez,Makeup,1.125,Low Risk,76.19,False,1,0,0,0,0,0,1,0,0,0,0,0,0,1,3
P500637,Kind Words Matte Lipstick,Rare Beauty by Selena Gomez,Makeup,1.119,Low Risk,87.5,False,1,0,0,1,0,0,1,0,0,0,0,0,0,0,3
P467449,Stay Vulnerable Glossy Lip Balm,Rare Beauty by Selena Gomez,Makeup,1.2059,Low Risk,80.95,False,2,0,0,0,0,0,3,3,0,0,0,0,0,1,9
P475599,Perfect Strokes Universal Volumizing Mascara,Rare Beauty by Selena Gomez,Makeup,1.0714,Low Risk,72.41,False,1,0,0,0,0,0,0,2,0,0,1,0,0,1,5
P55849781,Always An Optimist 4-in-1 Prime & Set Mist,Rare Beauty by Selena Gomez,Makeup,1.12,Low Risk,71.43,False,0,0,0,0,0,0,3,6,0,0,0,1,0,2,12
P479345,Always an Optimist Soft Radiance Setting Powder,Rare Beauty by Selena Gomez,Makeup,1.025,Low Risk,95.24,False,1,0,0,0,0,0,0,2,0,0,0,0,0,1,4
P471074,Pore Diffusing Primer - Always an Optimist Collection,Rare Beauty by Selena Gomez,Makeup,1.04,Low Risk,83.33,False,0,0,0,0,0,0,1,0,0,0,0,0,0,0,1
P77484859,Perfect Strokes Matte Liquid Liner,Rare Beauty by Selena Gomez,Makeup,1.1429,Low Risk (Limited Data),50.0,False,1,0,0,0,0,0,0,3,0,0,0,0,0,1,5
P471075,Mini Pore Diffusing Primer- Always An Optimist Collection,Rare Beauty by Selena Gomez,Mini Size,1.04,Low Risk,83.33,False,0,0,0,0,0,0,1,0,0,0,0,0,0,0,1
P467450,Stay Vulnerable Liquid Eyeshadow,Rare Beauty by Selena Gomez,Makeup,1.0263,Low Risk,95.0,False,1,0,0,0,0,0,0,0,0,0,0,0,0,0,1
P82858582,Blot & Glow Touch-Up Kit,Rare Beauty by Selena Gomez,Makeup,1.0,Low Risk,100.0,False,0,0,0,0,0,0,0,0,0,0,0,0,0,0,0
P475600,Mini Perfect Strokes Universal Volumizing Mascara,Rare Beauty by Selena Gomez,Mini Size,1.0714,Low Risk,72.41,False,1,0,0,0,0,0,0,2,0,0,1,0,0,1,5
P47478987,Illuminating Primer- Always An Optimist Collection,Rare Beauty by Selena Gomez,Makeup,1.0357,Low Risk,77.78,False,1,0,0,0,0,0,0,1,0,0,0,0,0,1,3
P501035,Mini Always an Optimist 4-in-1 Mist,Rare Beauty by Selena Gomez,Mini Size,1.1111,Low Risk,72.97,False,0,0,0,0,0,0,3,6,0,0,0,1,0,2,12
P64888798,Mini Illuminating Primer- Always An Optimist Collection,Rare Beauty by Selena Gomez,Mini Size,1.0357,Low Risk,77.78,False,1,0,0,0,0,0,0,1,0,0,0,0,0,1,3
P05048798,Brow Harmony Pencil & Gel,Rare Beauty by Selena Gomez,Makeup,1.0625,Low Risk,88.89,False,1,0,1,0,0,0,0,3,0,0,1,0,0,1,7
P475604,Brow Harmony Shape & Fill Duo,Rare Beauty by Selena Gomez,Makeup,1.0278,Low Risk,90.0,False,1,0,0,0,0,0,0,1,0,0,0,0,0,1,3
P471077,Weightless Eyeshadow Primer- Always An Optimist Collection,Rare Beauty by Selena Gomez,Makeup,1.0217,Low Risk,95.83,False,1,0,0,0,0,0,0,2,0,0,0,0,0,1,4
P79797874,Magnetic Spirit Eyeshadow Palette,Rare Beauty by Selena Gomez,Makeup,1.0,Low Risk,88.0,False,0,0,0,0,0,0,0,1,0,0,0,0,0,0,1
P471076,Discovery Eyeshadow Palette,Rare Beauty by Selena Gomez,Makeup,1.0233,Low Risk,82.69,False,2,0,0,0,0,0,0,3,0,0,0,0,0,1,6
P504643,Mini Sincerely Me Eye Essentials,Rare Beauty by Selena Gomez,Mini Size,1.0319,Low Risk,75.81,False,1,0,0,0,0,0,0,3,0,0,1,0,0,1,6
P39693963,Blot & Glow Powder Puff Refill,Rare Beauty by Selena Gomez,Makeup,1.0,Low Risk,100.0,False,0,0,0,0,0,0,0,0,0,0,0,0,0,0,0
P505369,Discovery Eyeshadow Palette - Give Yourself Grace,Rare Beauty by Selena Gomez,Makeup,1.025,Low Risk,90.91,False,2,0,0,0,0,0,0,3,0,0,0,0,0,1,6
P473120,Brow Sculpt Shape and Hold Gel with Lamination Effect,REFY,Makeup,1.0882,Low Risk,85.0,False,2,1,0,0,0,0,0,1,0,0,1,0,0,1,6
P483125,Lip Sculpt Lip Liner and Setter,REFY,Makeup,1.075,Low Risk,90.91,False,1,0,0,0,1,0,0,1,0,0,0,0,0,1,4
P500449,Glow and Sculpt Face Serum Primer with Niacinamide,REFY,Makeup,1.0588,Low Risk,73.91,False,0,0,0,0,0,0,0,2,0,0,1,0,0,0,3
P483124,Lip Gloss,REFY,Makeup,1.0417,Low Risk,85.71,False,1,0,0,0,0,0,0,1,0,0,0,0,0,1,3
P475156,Cream Blush,REFY,Makeup,1.0,Low Risk,92.31,False,0,0,0,0,0,0,0,0,0,0,0,0,0,0,0
P475158,Gloss Highlighter,REFY,Makeup,1.125,Low Risk,80.0,False,1,0,0,0,0,0,1,2,0,0,0,0,0,2,6
P501560,"Universal Collection - Brow Sculpt, Lip Gloss, and Gloss Highlighter",REFY,Makeup,1.0556,Low Risk,83.33,False,2,1,0,0,0,0,0,2,0,0,1,0,0,2,8
P483123,"Lip Collection: Lip Liner, Setter, and Lip Gloss",REFY,Makeup,1.05,Low Risk,88.24,False,1,0,0,0,1,0,0,1,0,0,0,0,0,1,4
P475157,Cream Bronzer,REFY,Makeup,1.04,Low Risk (Limited Data),62.5,False,1,0,0,0,0,0,0,1,0,0,0,0,0,1,3
P473174,"REFY 3.0 Stage Brow Collection- Sculpt, Pomade & Pencil",REFY,Makeup,1.0571,Low Risk (Limited Data),67.31,False,2,1,0,0,0,0,0,1,0,0,1,0,0,1,6
P473118,Brow Pencil,REFY,Makeup,1.0625,Low Risk (Limited Data),66.67,False,0,0,0,0,0,0,0,0,0,0,0,0,0,0,0
P500494,Body Glow Highlighting Serum,REFY,Bath & Body,1.0263,Low Risk,73.08,False,1,0,0,0,0,0,0,1,0,0,0,0,0,1,3
P500162,Skin Finish Water Based Loose Setting Powder,REFY,Makeup,1.05,Low Risk,100.0,False,1,0,0,0,0,0,0,1,0,0,0,0,0,1,3
P505347,Brow Tint Eyebrow Gel,REFY,Makeup,1.1,Low Risk,88.24,False,2,0,1,0,0,0,0,2,0,0,0,0,0,1,6
P203616,Glycol Lactic Radiance Renewal Mask,REN Clean Skincare,Skincare,1.3261,Low Risk (Limited Data),65.71,False,1,0,1,0,0,0,6,8,0,0,0,1,0,1,18
P428095,Ready Steady Glow Daily AHA Tonic,REN Clean Skincare,Skincare,1.25,Low Risk (Limited Data),50.0,False,0,0,0,0,0,0,2,2,0,0,0,0,0,0,4
P465368,Mini Ready Steady Glow Daily AHA Tonic,REN Clean Skincare,Skincare,1.25,Low Risk (Limited Data),50.0,False,0,0,0,0,0,0,2,2,0,0,0,0,0,0,4
P214002,Evercalm Barrier Support Antioxidant Moisturizer,REN Clean Skincare,Skincare,1.2321,Low Risk,71.79,False,1,0,1,0,0,0,6,10,0,0,0,0,0,2,20
P436094,Evercalm Overnight Recovery Balm,REN Clean Skincare,Skincare,1.225,Low Risk,71.43,False,0,0,0,0,0,0,6,5,0,0,0,0,0,0,11
P415620,Evercalm Ultra Comforting Rescue Mask,REN Clean Skincare,Skincare,1.1379,Low Risk,72.5,False,1,0,0,0,0,0,5,5,0,0,0,0,0,1,12
P423666,Perfect Canvas Clean Primer,REN Clean Skincare,Makeup,1.2308,Low Risk,72.22,False,1,0,0,0,0,0,3,4,0,0,0,0,0,1,9
P457512,Overnight Glow Dark Spot Sleeping Cream,REN Clean Skincare,Skincare,1.0357,Low Risk (Limited Data),68.85,False,1,0,0,0,0,0,0,5,0,0,0,0,0,2,8
P431845,AHA Smart Renewal Body Serum,REN Clean Skincare,Bath & Body,1.1591,Low Risk,70.97,False,0,0,0,0,0,0,4,4,0,0,0,0,0,0,8
P442990,Clean Screen Mineral SPF 30 Mattifying Face Sunscreen,REN Clean Skincare,Skincare,1.1852,Low Risk (Limited Data),61.36,False,1,0,0,0,0,0,6,7,0,0,0,0,0,1,15
P481732,Radiance Vitamin C Glow Serum,REN Clean Skincare,Skincare,1.1739,Low Risk (Limited Data),67.65,False,0,0,0,0,0,0,5,4,0,0,0,0,0,0,9
P467971,Brightening Dark Circle Eye Cream,REN Clean Skincare,Skincare,1.0435,Low Risk (Limited Data),69.7,False,0,0,0,0,0,0,1,1,0,0,0,0,0,0,2
P475159,Evercalm Redness Relief Serum,REN Clean Skincare,Skincare,1.1042,Low Risk (Limited Data),66.67,False,1,0,0,0,0,0,2,5,0,0,0,0,0,1,9
P454095,Perfect Canvas Clean Jelly Oil Cleanser,REN Clean Skincare,Skincare,,Insufficient Data,0.0,False,0,0,0,0,0,0,0,0,0,0,0,0,0,0,0
P484067,Evercalm Barrier Support Face Oil,REN Clean Skincare,Skincare,1.0,Low Risk (Limited Data),40.0,False,0,0,0,0,0,0,0,0,0,0,0,0,0,0,0
P436089,Atlantic Kelp and Magnesium Anti-Fatigue Body Wash - 100% Recycled Plastic,REN Clean Skincare,Bath & Body,1.2368,Low Risk (Limited Data),65.52,False,0,0,0,0,0,0,5,4,1,0,0,0,0,1,11
P473172,Glow Daily Vitamin C Gel Cream,REN Clean Skincare,Skincare,1.1842,Low Risk (Limited Data),65.52,False,1,0,0,0,0,0,4,4,0,0,0,0,0,1,10
P474371,Evercalm Gentle Cleansing Milk,REN Clean Skincare,Skincare,1.1667,Low Risk,70.59,False,1,0,0,0,0,0,5,6,0,0,0,0,0,1,13
P504056,"Perfect Canvas Smooth, Prep & Plump Essence",REN Clean Skincare,Skincare,1.1364,Low Risk (Limited Data),61.11,False,1,0,0,0,0,0,1,2,0,0,0,0,0,1,5
P476726,Evercalm Gentle Cleansing Gel,REN Clean Skincare,Skincare,1.15,Low Risk (Limited Data),62.5,False,1,0,0,0,0,0,1,3,0,0,0,0,0,1,6
P437477,Stop Being So Sensitive Evercalm Kit,REN Clean Skincare,Skincare,1.1562,Low Risk (Limited Data),47.52,False,1,0,0,0,0,0,8,9,0,0,0,0,0,1,19
P470049,Clearcalm Clarifying Clay Cleanser,REN Clean Skincare,Skincare,1.275,Low Risk (Limited Data),68.97,False,0,0,0,0,0,0,6,8,0,0,0,0,0,1,15
P455227,Glow One Step Further Radiance Kit,REN Clean Skincare,Skincare,1.2083,Low Risk (Limited Data),62.07,False,1,0,1,0,0,0,6,8,0,0,0,1,0,1,18
P502047,Evercalm Skin Zen Trio,REN Clean Skincare,Skincare,1.1711,Low Risk (Limited Data),59.38,False,1,0,0,0,0,0,7,9,0,0,0,0,0,1,18
P503345,Evercalm Skin Zen Trio,REN Clean Skincare,Skincare,1.1711,Low Risk (Limited Data),59.38,False,1,0,0,0,0,0,7,9,0,0,0,0,0,1,18
P501801,The Essential Refillable Travel Container,RIES,Hair,,Insufficient Data,0.0,False,0,0,0,0,0,0,0,0,0,0,0,0,0,0,0
P408972,UnCoverup Natural Finish Concealer,rms beauty,Makeup,1.0,Low Risk,81.82,False,0,0,0,0,0,0,0,0,0,0,0,0,0,0,0
P408973,Living Luminizer Highlighter,rms beauty,Makeup,1.0,Low Risk,85.71,False,0,0,0,0,0,0,0,0,0,0,0,0,0,0,0
P500051,ReDimension Hydra Powder Blush,rms beauty,Makeup,1.0,Low Risk,90.0,False,0,0,0,0,0,0,0,2,0,0,0,0,0,0,2
P457458,Hydrating Tinted Daily Lip Balm,rms beauty,Makeup,1.0385,Low Risk,76.47,False,1,0,0,0,0,0,0,1,0,0,0,0,0,0,2
P479707,Eyelights Cream Eyeshadow,rms beauty,Makeup,1.0,Low Risk,88.89,False,0,0,0,0,0,0,0,1,0,0,0,0,0,0,1
P450899,UnCoverup Natural Finish Cream Foundation,rms beauty,Makeup,1.0,Low Risk (Limited Data),52.17,False,0,0,0,0,0,0,0,1,0,0,0,0,0,0,1
P454033,Mini Living Luminizer Highlighter Glow Quad,rms beauty,Makeup,1.0,Low Risk,70.0,False,0,0,0,0,0,0,0,0,0,0,0,0,0,0,0
P475606,ReEvolve Radiance Locking Hydrating Primer,rms beauty,Makeup,1.1607,Low Risk (Limited Data),65.12,False,0,0,0,0,0,0,3,8,0,0,1,2,0,2,16
P501548,ReEvolve Medium Coverage Liquid Foundation,rms beauty,Makeup,1.0,Low Risk (Limited Data),58.14,False,0,0,0,0,0,0,0,0,0,0,0,0,0,0,0
P472053,Straight Up Volumizing Peptide Mascara,rms beauty,Makeup,1.0417,Low Risk (Limited Data),57.14,False,0,0,0,0,0,0,1,1,0,0,0,0,0,0,2
P472054,Mini Straight Up Volumizing Peptide Mascara,rms beauty,Makeup,1.0417,Low Risk (Limited Data),57.14,False,0,0,0,0,0,0,1,1,0,0,0,0,0,0,2
P476005,Cream Blush Refillable Cheek & Lip Color,ROSE INC,Makeup,1.0185,Low Risk,87.1,False,1,0,0,0,0,0,0,0,0,0,0,0,0,0,1
P480345,Skin Enhance Luminous Skin Tint Serum Foundation,ROSE INC,Makeup,1.0417,Low Risk,72.73,False,0,0,0,0,0,0,1,2,0,0,0,0,0,0,3
P476011,Softlight Clean Dewy Hydrating Concealer,ROSE INC,Makeup,1.0,Low Risk (Limited Data),68.0,False,0,0,0,0,0,0,0,1,0,0,0,0,0,0,1
P482730,Satin Lip Color Refillable Hydrating Lipstick,ROSE INC,Makeup,1.1094,Low Risk,82.05,False,2,0,0,0,0,0,4,4,0,0,0,0,0,0,10
P476008,Lip Sculpt Clean Moisturizing Pigmented Lipstick,ROSE INC,Makeup,1.025,Low Risk (Limited Data),68.97,False,1,0,0,0,0,0,0,0,0,0,0,0,0,0,1
P504309,Solar Power Luminous SPF 30 Brightening Serum,ROSE INC,Skincare,1.0,Low Risk (Limited Data),56.67,False,0,0,0,0,0,0,0,0,0,0,0,0,0,0,0
P500294,Solar Infusion Moisturizing Cream Bronzer,ROSE INC,Makeup,1.1667,Low Risk (Limited Data),67.5,False,0,0,0,0,0,0,5,6,0,0,0,0,0,0,11
P481145,Hydration Replenish Microencapsulated Plumping Gel Moisturizer,ROSE INC,Skincare,1.1852,Low Risk,81.82,False,0,0,0,0,0,0,6,8,0,0,0,0,0,0,14
P500696,Eye Revival Brightening Eye Cream,ROSE INC,Skincare,1.0,Low Risk (Limited Data),62.86,False,0,0,0,0,0,0,0,0,0,0,0,0,0,0,0
P476010,Skin Resolution Clean Exfoliating Acid Toner,ROSE INC,Skincare,1.04,Low Risk,73.53,False,0,0,0,0,0,0,0,2,0,0,0,0,0,0,2
P504315,Mini Skin Resolution Clarifying Acid Toner,ROSE INC,Skincare,1.04,Low Risk,73.53,False,0,0,0,0,0,0,0,2,0,0,0,0,0,0,2
P481146,Skin Enhancing Duo: Luminous Skin Tint Serum Foundation & Foundation Brush,ROSE INC,Makeup,1.0417,Low Risk,72.73,False,0,0,0,0,0,0,1,2,0,0,0,0,0,0,3
P500425,Solar Radiance Hydrating Cream Highlighter,ROSE INC,Makeup,1.0,Low Risk,84.0,False,0,0,0,0,0,0,0,1,0,0,0,0,0,0,1
P476009,Radiant Reveal Clean Brightening Vitamin C Serum,ROSE INC,Skincare,1.1667,Low Risk,75.0,False,0,0,0,0,0,0,5,6,0,0,0,0,0,0,11
P481160,Number 3 Foundation Brush,ROSE INC,Makeup,,Insufficient Data,0.0,False,0,0,0,0,0,0,0,0,0,0,0,0,0,0,0
P481144,Mini Hydration Replenish Microencapsulated Plumping Gel Moisturizer,ROSE INC,Mini Size,1.1852,Low Risk,81.82,False,0,0,0,0,0,0,6,8,0,0,0,0,0,0,14
P502071,Ultra-Black Lash Lifting & Lengthening Serum Mascara,ROSE INC,Makeup,1.0682,Low Risk,88.0,False,1,0,0,0,0,0,1,2,0,0,0,0,0,1,5
P476007,Brow Renew Clean Tinted Eyebrow-Growth Gel,ROSE INC,Makeup,1.0,Low Risk,81.82,False,0,0,0,0,0,0,0,0,0,0,0,0,0,0,0
P476006,Brow Renew Clean Clear Eyebrow-Growth Gel,ROSE INC,Makeup,1.0,Low Risk,81.82,False,0,0,0,0,0,0,0,0,0,0,0,0,0,0,0
P502066,Satin & Shimmer Duet Powder & Cream Eyeshadow,ROSE INC,Makeup,1.0,Low Risk,82.35,False,0,0,0,0,0,0,0,0,0,0,0,0,0,0,0
P503331,Mini Ultra-Black Lash Lifting & Lengthening Serum Mascara,ROSE INC,Mini Size,1.0682,Low Risk,88.0,False,1,0,0,0,0,0,1,2,0,0,0,0,0,1,5
P476012,Cream Blush Refillable Cheek & Lip Color Refill,ROSE INC,Makeup,1.0185,Low Risk,87.1,False,1,0,0,0,0,0,0,0,0,0,0,0,0,0,1
P482731,Satin Lip Color Hydrating Lipstick Refill,ROSE INC,Makeup,1.1094,Low Risk,82.05,False,2,0,0,0,0,0,4,4,0,0,0,0,0,0,10
P500325,No. 5 Bronzer Brush,ROSE INC,Makeup,,Insufficient Data,0.0,False,0,0,0,0,0,0,0,0,0,0,0,0,0,0,0
P504594,The Brightening Essentials Skincare Gift Set,ROSE INC,Skincare,1.1333,Low Risk (Limited Data),63.38,False,0,0,0,0,0,0,7,9,0,0,0,0,0,0,16
P504283,Mini Solar Power Luminous SPF 30 Serum,ROSE INC,Skincare,1.0,Low Risk (Limited Data),56.67,False,0,0,0,0,0,0,0,0,0,0,0,0,0,0,0
P500333,No. 6 Highlighter Brush,ROSE INC,Makeup,,Insufficient Data,0.0,False,0,0,0,0,0,0,0,0,0,0,0,0,0,0,0
P500426,Solar Radiance Hydrating Cream Highlighter Refill,ROSE INC,Makeup,1.0,Low Risk,84.0,False,0,0,0,0,0,0,0,1,0,0,0,0,0,0,1
P468850,Signature Moisturizer,ROSE Ingleton MD,Skincare,1.0641,Low Risk,78.0,False,1,0,0,0,0,0,0,6,0,0,0,1,0,1,9
P470245,Complexion Brightening Booster Serum,ROSE Ingleton MD,Skincare,1.1087,Low Risk,74.19,False,1,0,0,0,0,0,0,5,0,0,0,1,0,1,8
P470247,Blemish Control Booster Serum,ROSE Ingleton MD,Skincare,1.1087,Low Risk (Limited Data),58.97,False,1,0,0,0,0,0,0,5,0,0,0,1,0,1,8
P470246,Calming Hydration Booster Serum,ROSE Ingleton MD,Skincare,1.0714,Low Risk,70.0,False,1,0,0,0,0,0,0,4,0,0,0,1,0,1,7
P470248,Retexturizing Retinol Booster Serum,ROSE Ingleton MD,Skincare,1.1458,Low Risk (Limited Data),68.57,False,2,0,0,0,0,0,0,5,0,0,0,1,1,1,10
P480346,SuperFruit Gentle Brightening Cleanser,ROSE Ingleton MD,Skincare,1.1562,Low Risk,76.19,False,1,0,0,0,0,0,0,3,1,0,0,1,0,2,8
P500502,SuperFruit Exfoliating Tonic 8% AHA Solution,ROSE Ingleton MD,Skincare,1.1471,Low Risk,77.27,False,2,0,0,0,0,0,0,4,0,0,0,1,0,1,8
P501778,Mini SuperFruit Gentle Brightening Cleanser,ROSE Ingleton MD,Mini Size,1.1562,Low Risk,76.19,False,1,0,0,0,0,0,0,3,1,0,0,1,0,2,8
P42204,Rosebud Salve,Rosebud Perfume Co.,Skincare,,Insufficient Data,0.0,False,0,0,0,0,0,0,0,0,0,0,0,0,0,0,0
P42205,Strawberry Lip Balm,Rosebud Perfume Co.,Skincare,,Insufficient Data,0.0,False,0,0,0,0,0,0,0,0,0,0,0,0,0,0,0
P266126,Rosebud Salve in a Tube,Rosebud Perfume Co.,Skincare,,Insufficient Data,0.0,False,0,0,0,0,0,0,0,0,0,0,0,0,0,0,0
P164932,Minted Rose Lip Balm,Rosebud Perfume Co.,Skincare,,Insufficient Data,0.0,False,0,0,0,0,0,0,0,0,0,0,0,0,0,0,0
P392239,Menthol And Eucalyptus Lip Balm,Rosebud Perfume Co.,Skincare,1.0,Insufficient Data,25.0,False,0,0,0,0,0,0,0,0,0,0,0,0,0,0,0
P397465,Strawberry Lip Balm,Rosebud Perfume Co.,Skincare,1.0,Insufficient Data,20.0,False,0,0,0,0,0,0,0,0,0,0,0,0,0,0,0
P409407,Grandioso Volumizing Spray,Rossano Ferretti Parma,Hair,1.2941,Low Risk,73.91,False,1,0,0,0,0,0,6,6,0,0,0,0,0,1,14
P453274,Grandioso Extra Volume Shampoo,Rossano Ferretti Parma,Hair,1.2917,Low Risk (Limited Data),64.86,False,1,0,0,0,0,0,5,6,2,0,0,0,0,2,16
P409419,Brillante Protect & Shine Hair Oil,Rossano Ferretti Parma,Hair,1.4643,Low Risk,87.5,True,1,0,0,1,0,1,4,3,0,0,0,0,0,1,11
P409416,Dolce 16 Protective and Detangling Spray,Rossano Ferretti Parma,Hair,1.3889,Low Risk,90.0,False,1,0,0,0,0,0,6,7,1,0,0,0,0,1,16
P409413,Prodigio Regenerating Hair Treatment Oil,Rossano Ferretti Parma,Hair,1.3333,Low Risk (Limited Data),60.0,True,0,0,0,0,0,1,3,2,0,0,0,0,0,1,7
P409412,Intenso Smoothing Mask for Thick Hair,Rossano Ferretti Parma,Hair,1.3,Low Risk,76.92,True,1,0,0,0,0,1,2,4,0,0,0,0,0,2,10
P409418,Velluto Anti-Frizz Straightening Serum,Rossano Ferretti Parma,Hair,1.2917,Low Risk,70.59,False,1,0,0,0,0,0,4,5,0,0,0,0,0,1,11
P453280,Dry Shampoo Cream,Rossano Ferretti Parma,Hair,1.1429,Low Risk,73.68,False,1,0,0,0,0,0,2,3,0,0,0,0,0,1,7
P428062,Favoloso Volumizing Mousse,Rossano Ferretti Parma,Hair,1.381,Low Risk,75.0,True,1,0,0,0,0,2,5,5,0,0,0,0,1,2,16
P453276,Intenso Smoothing Shampoo for Thick Hair,Rossano Ferretti Parma,Hair,1.1346,Low Risk (Limited Data),63.41,False,1,0,0,0,0,0,1,2,2,0,0,0,0,2,8
P428061,Vita Rejuvenating Anti-Aging Hair Mask,Rossano Ferretti Parma,Hair,1.2069,Low Risk (Limited Data),69.05,False,1,0,0,0,0,0,5,7,0,0,0,0,0,1,14
P428063,Vita Rejuvenating Anti-Aging Shampoo,Rossano Ferretti Parma,Hair,1.1852,Low Risk (Limited Data),62.79,False,1,0,0,0,0,0,4,4,2,0,0,0,0,2,13
P409417,Favoloso Hair Movement Spray,Rossano Ferretti Parma,Hair,1.2941,Low Risk,70.83,False,1,0,0,0,0,0,6,6,0,0,0,0,0,1,14
P483122,Prodigio Regenerating Pre-Wash Hair Mask Treatment,Rossano Ferretti Parma,Hair,1.1029,Low Risk (Limited Data),69.39,False,1,0,1,0,0,0,3,6,0,0,0,0,0,1,12
P483084,Dolce Satin Glow Booster,Rossano Ferretti Parma,Hair,1.0682,Low Risk,78.57,False,1,0,0,0,0,0,1,3,0,0,0,0,0,1,6
P453277,Mini Grandioso Extra Volumizing Conditioner,Rossano Ferretti Parma,Hair,1.2105,Low Risk,70.37,False,1,0,0,0,0,0,4,5,0,0,0,0,0,1,11
P502055,Dolce Nourishing Shampoo,Rossano Ferretti Parma,Hair,1.15,Low Risk (Limited Data),69.77,False,1,0,0,0,0,0,3,4,2,0,0,0,0,2,12
P409406,Grandioso 02 Volumising Conditioner,Rossano Ferretti Parma,Hair,1.2105,Low Risk,70.37,False,1,0,0,0,0,0,4,5,0,0,0,0,0,1,11
P483094,Grandioso Volumising Conditioner,Rossano Ferretti Parma,Hair,1.1842,Low Risk (Limited Data),67.86,False,1,0,0,0,0,0,3,4,0,0,0,0,0,1,9
P502065,Dolce Nourishing Hair Mask,Rossano Ferretti Parma,Hair,1.1364,Low Risk (Limited Data),67.35,False,1,0,0,0,0,0,4,7,0,0,0,0,0,1,13
P502059,Mini Dolce Nourishing Hair Mask,Rossano Ferretti Parma,Hair,1.1364,Low Risk (Limited Data),67.35,False,1,0,0,0,0,0,4,7,0,0,0,0,0,1,13
P502078,Mini Dolce Nourishing Shampoo,Rossano Ferretti Parma,Hair,1.15,Low Risk (Limited Data),69.77,False,1,0,0,0,0,0,3,4,2,0,0,0,0,2,12
P469825,Dew Blush Liquid Cheek Blush,Saie,Makeup,1.0,Low Risk (Limited Data),57.58,False,0,0,0,0,0,0,0,0,0,0,0,0,0,0,0
P468210,Slip Tint Dewy Tinted Moisturizer SPF 35 Sunscreen,Saie,Makeup,1.0,Low Risk,73.08,False,0,0,0,0,0,0,0,0,0,0,0,0,0,0,0
P468206,Glowy Super Gel Lightweight Dewy Highlighter,Saie,Makeup,1.0455,Low Risk,91.67,False,0,0,0,0,0,0,1,3,0,0,0,0,0,0,4
P472997,Sun Melt Natural Cream Bronzer,Saie,Makeup,1.0769,Low Risk (Limited Data),65.0,False,0,0,0,0,0,0,1,0,0,0,0,0,0,0,1
P468207,Mini Glowy Super Gel Lightweight Dewy Highlighter,Saie,Makeup,1.0625,Low Risk,94.12,False,0,0,0,0,0,0,1,3,0,0,0,0,0,0,4
P483685,Hydrabeam Brightening + Hydrating Creamy Under Eye Concealer,Saie,Makeup,1.0,Low Risk,85.0,False,0,0,0,0,0,0,0,0,0,0,0,0,0,0,0
P480188,Airset Radiant Loose Setting Powder,Saie,Makeup,1.0,Low Risk,92.31,False,0,0,0,0,0,0,0,1,0,0,0,0,0,0,1
P501451,Lip Blur Soft-Matte Hydrating Lipstick with Hyaluronic Acid,Saie,Makeup,1.0,Low Risk (Limited Data),45.45,False,0,0,0,0,0,0,0,0,0,0,0,0,0,0,0
P468204,Mascara 101 Lengthening and Lifting,Saie,Makeup,1.0385,Low Risk (Limited Data),68.42,False,0,0,0,0,0,0,1,1,0,0,0,0,0,0,2
P468211,Sunvisor Radiant Moisturizing Face Sunscreen SPF 35,Saie,Skincare,1.0,Low Risk (Limited Data),57.58,False,0,0,0,0,0,0,0,0,0,0,0,0,0,0,0
P468208,Brow Butter Styling and Volumizing Eyebrow Gel,Saie,Makeup,1.0,Low Risk (Limited Data),60.0,False,0,0,0,0,0,0,0,0,0,0,0,0,0,0,0
P478730,Mini Mascara 101 Lengthening and Lifting,Saie,Mini Size,1.0385,Low Risk (Limited Data),68.42,False,0,0,0,0,0,0,1,1,0,0,0,0,0,0,2
P503324,Mini Sunvisor Radiant Moisturizing Face Sunscreen SPF 35,Saie,Mini Size,1.0,Low Risk (Limited Data),66.67,False,0,0,0,0,0,0,0,0,0,0,0,0,0,0,0
P504907,Glowy Super Skin Lightweight Hydrobounce  Serum Foundation,Saie,Makeup,1.0,Low Risk (Limited Data),68.75,False,0,0,0,0,0,0,0,0,0,0,0,0,0,0,0
P501321,Luxury Sun Ritual Pore Smoothing Sunscreen SPF 30,Saint Jane Beauty,Skincare,1.0357,Low Risk,70.0,False,1,0,0,0,0,0,0,2,0,0,0,0,0,1,4
P461491,Bright Repair Eye Cream – 10% Vitamin C,Saint Jane Beauty,Skincare,1.0625,Low Risk (Limited Data),64.0,False,1,0,0,0,0,0,0,3,0,0,0,0,0,1,5
P467972,The C Drops – 20% Vitamin C Blend Brightening Serum,Saint Jane Beauty,Skincare,1.0,Insufficient Data,21.43,False,0,0,0,0,0,0,0,0,0,0,0,0,0,0,0
P473723,Hydrating Petal Cream – 1% Pure Hyaluronic Acid Moisturizer,Saint Jane Beauty,Skincare,1.0,Insufficient Data,27.5,False,0,0,0,0,0,0,0,0,0,0,0,0,0,0,0
P451503,Luxury Body Nourishing Serum,Saint Jane Beauty,Bath & Body,1.0,Insufficient Data,10.0,False,0,0,0,0,0,0,0,0,0,0,0,0,0,0,0
P482068,Sacred Sleep Overnight Repair with Retinol,Saint Jane Beauty,Skincare,1.1,Low Risk (Limited Data),45.45,False,2,0,0,0,0,0,0,2,0,0,0,0,1,1,6
P501185,Luxury Lip Shine – Longwear Hydration Lip Oil with Vitamin C,Saint Jane Beauty,Skincare,1.0,Insufficient Data,22.22,False,0,0,0,0,0,0,0,0,0,0,0,0,0,0,0
P504159,Hydrabloom Body Silk With Hyaluronic Acid,Saint Jane Beauty,Bath & Body,1.0333,Low Risk (Limited Data),62.5,False,1,0,0,0,0,0,0,2,0,0,0,0,0,1,4
P281411,Cream Lip Stain Liquid Lipstick,SEPHORA COLLECTION,Makeup,1.1176,Low Risk,89.47,False,1,0,0,0,1,0,1,1,0,0,0,0,0,0,4
P430932,Sephora Colorful Eyeshadow,SEPHORA COLLECTION,Makeup,1.0238,Low Risk,100.0,False,1,0,0,0,0,0,0,1,0,0,0,0,0,0,2
P424915,#LIPSTORIES Lipstick,SEPHORA COLLECTION,Makeup,1.0714,Low Risk,87.5,False,1,0,0,0,0,0,1,0,0,0,0,0,0,0,2
P230234,Retractable Waterproof Eyeliner,SEPHORA COLLECTION,Makeup,1.0455,Low Risk,73.33,False,0,0,0,0,0,0,0,0,0,0,0,0,0,0,0
P377784,12 Hour Contour Pencil Eyeliner,SEPHORA COLLECTION,Makeup,1.0,Low Risk,93.75,False,0,0,0,0,0,0,0,0,0,0,0,0,0,0,0
P409800,Cleansing & Exfoliating Wipes,SEPHORA COLLECTION,Skincare,1.1667,Low Risk,88.24,False,1,0,0,0,0,0,2,3,0,0,0,0,0,1,7
P284507,Sephora Colorful Waterproof Eyeshadow & Eyeliner Multi-Stick,SEPHORA COLLECTION,Makeup,1.0,Low Risk,86.67,False,0,0,0,0,0,0,0,0,0,0,0,0,0,0,0
P415438,Lip Balm & Scrub,SEPHORA COLLECTION,Makeup,1.0556,Low Risk,81.82,False,0,0,0,0,0,0,1,0,0,0,0,0,0,0,1
P401715,Retractable Rouge Gel Lip Liner,SEPHORA COLLECTION,Makeup,1.0909,Low Risk (Limited Data),57.89,False,2,0,0,0,0,0,0,0,0,0,0,0,0,0,2
P266811,Ultra Shine Lip Gloss,SEPHORA COLLECTION,Makeup,1.2353,Low Risk,77.27,False,3,0,0,2,0,0,1,0,0,0,0,0,0,0,6
P395532,Lip Liner To Go,SEPHORA COLLECTION,Makeup,1.0,Low Risk,82.35,False,0,0,0,0,0,0,0,0,0,0,0,0,0,0,0
P286513,Retractable Brow Pencil - Waterproof,SEPHORA COLLECTION,Makeup,1.0,Low Risk,72.22,False,0,0,0,0,0,0,0,0,0,0,0,0,0,0,0
P417985,Outrageous Plumping Lip Gloss,SEPHORA COLLECTION,Makeup,1.1905,Low Risk,80.77,False,2,0,0,1,0,0,1,1,0,0,0,0,0,1,6
P398009,Bright Future Gel Serum Under Eye Concealer,SEPHORA COLLECTION,Makeup,1.0435,Low Risk,82.14,False,1,0,0,0,0,0,0,1,0,0,0,0,0,1,3
P403322,Sephora Colorful Lip Gloss Balm,SEPHORA COLLECTION,Makeup,1.0,Low Risk,71.43,False,0,0,0,0,0,0,0,0,0,0,0,0,0,0,0
P379509,10 Hour Wear Perfection Foundation,SEPHORA COLLECTION,Makeup,1.0741,Low Risk,93.1,False,1,0,1,1,0,0,0,1,0,0,0,0,0,1,5
P433005,"Sephora Colorful Face Powders – Blush, Bronze, Highlight, & Contour",SEPHORA COLLECTION,Makeup,1.0714,Low Risk,100.0,False,1,0,0,1,0,0,0,1,0,0,0,0,0,0,3
P467140,Best Skin Ever Liquid Foundation,SEPHORA COLLECTION,Makeup,1.037,Low Risk,84.38,False,0,0,1,0,0,0,1,1,0,0,0,0,0,0,3
P457430,Glossed Lip Gloss,SEPHORA COLLECTION,Makeup,1.1786,Low Risk,77.78,False,0,0,0,0,0,0,3,2,0,0,0,0,0,0,5
P398001,Sephora Colorful Wink-It Felt Tip Liquid Waterproof Eyeliner,SEPHORA COLLECTION,Makeup,1.3,Low Risk (Limited Data),66.67,False,2,0,1,2,0,0,0,1,0,0,0,0,0,1,7
P381155,Perfection Mist Airbrush Foundation,SEPHORA COLLECTION,Makeup,1.0741,Low Risk,75.0,False,2,0,0,0,0,0,0,2,0,0,0,0,0,1,5
P435832,Color Hit Mini Nail Polish,SEPHORA COLLECTION,Makeup,1.0333,Low Risk (Limited Data),55.56,False,0,0,1,0,0,0,0,1,0,0,0,0,0,0,2
P408606,Matte Perfection Powder Foundation,SEPHORA COLLECTION,Makeup,1.0,Low Risk,100.0,False,0,0,0,0,0,0,0,1,0,0,0,0,0,0,1
P276319,Waterproof Eye Makeup Remover,SEPHORA COLLECTION,Makeup,1.1429,Low Risk (Limited Data),60.87,False,1,0,0,1,0,0,0,0,0,0,0,0,0,0,2
P310719,MicroSmooth Baked Powder Foundation,SEPHORA COLLECTION,Makeup,1.0185,Low Risk,93.1,False,1,0,0,0,0,0,0,1,0,0,0,0,0,1,3
P467139,Astrology Lip Stories Lipstick,SEPHORA COLLECTION,Makeup,1.1765,Low Risk,94.44,False,2,0,0,1,0,0,1,0,0,0,0,0,0,0,4
P443336,Rouge Lacquer Long-Lasting Lipstick,SEPHORA COLLECTION,Makeup,1.0833,Low Risk,81.08,False,1,0,0,1,0,0,1,0,0,0,0,0,0,0,3
P442594,Ultra Glow Serum: Glow + Strengthen Vitamin C Serum,SEPHORA COLLECTION,Skincare,1.1176,Low Risk,70.83,False,0,0,0,0,0,0,1,2,0,0,0,1,0,0,4
P432080,Melting Lip Clicks Lip Balm,SEPHORA COLLECTION,Makeup,1.0312,Low Risk,84.21,False,1,0,0,0,0,0,0,0,0,0,0,0,0,0,1
P420440,Make No Mistake Foundation & Concealer Stick,SEPHORA COLLECTION,Makeup,1.025,Low Risk,80.0,False,1,0,0,0,0,0,0,1,0,0,0,0,0,1,3
P439401,Sheer Liquid Eyeshadow,SEPHORA COLLECTION,Makeup,1.0333,Low Risk,100.0,False,1,0,0,0,0,0,0,1,0,0,0,0,0,1,3
P448496,Matte Perfection Lightweight Tinted Moisturizer,SEPHORA COLLECTION,Makeup,1.0192,Low Risk,89.66,False,1,0,0,0,0,0,0,2,0,0,0,0,0,1,4
P474388,Microsmooth Multi-Tasking Baked Face Powder Foundation,SEPHORA COLLECTION,Makeup,1.0167,Low Risk,96.77,False,1,0,0,0,0,0,0,1,0,0,0,0,0,1,3
P500453,Best Skin Ever Full Coverage Multi-Use Concealer,SEPHORA COLLECTION,Makeup,1.0217,Low Risk,82.14,False,1,0,0,0,0,0,0,2,0,0,0,0,0,1,4
P443317,Cream Lip Shine Liquid Lipstick,SEPHORA COLLECTION,Makeup,1.125,Low Risk,88.89,False,2,0,0,0,0,0,1,1,0,0,0,0,0,0,4
P420607,Golden Hour Luminizing Powder,SEPHORA COLLECTION,Makeup,1.0278,Low Risk,100.0,False,1,0,0,0,0,0,0,1,0,0,0,0,0,1,3
P479854,Ultimate Gel Waterproof Eyeliner Pencil,SEPHORA COLLECTION,Makeup,1.0,Low Risk,84.62,False,0,0,0,0,0,0,0,0,0,0,0,0,0,0,0
P474100,All Day Makeup Setting Spray,SEPHORA COLLECTION,Makeup,1.0385,Low Risk,92.86,False,0,0,1,0,0,0,0,0,0,0,0,0,0,0,1
P443321,Eyeliner Pencil To Go,SEPHORA COLLECTION,Makeup,1.0,Low Risk,73.33,False,0,0,0,0,0,0,0,0,0,0,0,0,0,0,0
P303302,Long Lasting Eyeliner High Precision Brush,SEPHORA COLLECTION,Makeup,1.05,Low Risk,83.33,False,0,0,1,0,0,0,0,0,0,0,0,0,0,0,1
P446621,Organic Cotton Pads,SEPHORA COLLECTION,Makeup,,Insufficient Data,0.0,False,0,0,0,0,0,0,0,0,0,0,0,0,0,0,0
P421234,Make No Mistake Full Coverage Concealer,SEPHORA COLLECTION,Makeup,1.0312,Low Risk,76.19,False,0,0,0,0,0,0,0,0,0,0,0,0,0,1,1
P377785,Long Lasting Kohl Pencil,SEPHORA COLLECTION,Makeup,1.0,Low Risk (Limited Data),66.67,False,0,0,0,0,0,0,0,0,0,0,0,0,0,0,0
P460855,Clean Lip Balm & Scrub,SEPHORA COLLECTION,Skincare,1.0938,Low Risk,76.19,False,1,0,0,0,0,0,1,0,0,0,0,0,0,0,2
P467142,Translucent Loose Setting Powder,SEPHORA COLLECTION,Makeup,1.0,Low Risk,94.44,False,0,0,0,0,0,0,0,0,0,0,0,0,0,0,0
P473328,Apple Cider Vinegar Cleansing Scalp Scrub,SEPHORA COLLECTION,Hair,1.1111,Low Risk (Limited Data),69.23,False,0,0,0,0,0,0,1,0,1,0,0,0,0,0,2
P427017,Deep-Cleaning Brush and Sponge Shampoo,SEPHORA COLLECTION,Makeup,1.4595,Low Risk,82.22,False,6,0,2,2,0,0,14,12,0,0,0,0,0,0,36
P474101,Lip Blush Blotted Matte Lipstick,SEPHORA COLLECTION,Makeup,1.0789,Low Risk,95.0,False,1,0,0,0,0,0,1,0,0,0,0,0,0,0,2
P467144,Mini Pocket Palette Eyeshadow Palette,SEPHORA COLLECTION,Makeup,1.0476,Low Risk,100.0,False,2,0,0,0,0,0,0,2,0,0,0,0,0,1,5
P438619,Brightening Eye Cream with Caffeine and Hyaluronic Acid,SEPHORA COLLECTION,Skincare,1.0,Low Risk,91.3,False,0,0,0,0,0,0,0,0,0,0,0,0,0,0,0
P461515,Clean Glossy Lip Oil,SEPHORA COLLECTION,Makeup,1.0,Low Risk (Limited Data),66.67,False,0,0,0,0,0,0,0,0,0,0,0,0,0,0,0
P473329,Strengthening Hair Serum with Biotin and Phytoprotiens,SEPHORA COLLECTION,Hair,1.1786,Low Risk,82.35,False,0,0,0,0,0,0,3,3,0,0,0,0,0,0,6
P479855,Outrageous Plump Intense Hydrating Lip Gloss,SEPHORA COLLECTION,Makeup,1.1111,Low Risk,81.82,False,0,0,0,0,0,0,1,1,0,0,0,0,0,1,3
P427367,Spice Market Contour Powder & Blush Palette,SEPHORA COLLECTION,Makeup,1.0227,Low Risk,95.65,False,1,0,0,0,0,0,0,2,0,0,0,0,0,1,4
P439601,Soft Matte Perfection Blush Duos,SEPHORA COLLECTION,Makeup,1.0217,Low Risk,92.0,False,1,0,0,0,0,0,0,1,0,0,0,0,0,0,2
P460723,Clean Cleansing & Gentle Exfoliating Wipes,SEPHORA COLLECTION,Skincare,1.125,Low Risk (Limited Data),66.67,False,0,0,0,0,0,0,1,0,0,0,0,0,0,0,1
P474372,Microsmooth Multi-Tasking Baked Face Palette,SEPHORA COLLECTION,Makeup,1.0156,Low Risk,84.21,False,1,0,0,0,0,0,0,1,0,0,0,0,0,1,3
P406569,Dry Shampoo Brush Cleaner,SEPHORA COLLECTION,Makeup,1.5,Insufficient Data,25.0,False,0,0,0,0,0,0,1,0,0,0,0,0,0,0,1
P457433,Soft Matte Bronzer Powder,SEPHORA COLLECTION,Makeup,1.0417,Low Risk,92.31,False,1,0,0,0,0,0,0,1,0,0,0,0,0,1,3
P471089,Moisturizing Body Lotion,SEPHORA COLLECTION,Bath & Body,1.1667,Low Risk,91.3,False,1,0,0,0,0,0,4,5,0,0,0,0,0,1,11
P408602,Lashcraft Lengthening & Volumizing Mascara,SEPHORA COLLECTION,Makeup,1.125,Low Risk,76.19,False,2,1,0,0,0,0,0,2,0,0,1,0,0,1,7
P479856,Charged Up Liquid Eyeshadow,SEPHORA COLLECTION,Makeup,1.0789,Low Risk,76.0,False,0,0,1,1,0,0,0,0,0,0,0,0,0,0,2
P460716,Lip Last Matte Lipstick,SEPHORA COLLECTION,Makeup,1.0263,Low Risk,86.36,False,1,0,0,0,0,0,0,0,0,0,0,0,0,0,1
P460719,Intense Felt-Tip Liquid Waterproof Eyeliner,SEPHORA COLLECTION,Makeup,1.1,Low Risk,76.92,False,1,0,1,1,0,0,0,2,0,0,0,0,0,1,6
P500744,Clean Lip Balm & Scrub,SEPHORA COLLECTION,Skincare,1.0714,Low Risk,77.78,False,0,0,0,0,0,0,1,0,0,0,0,0,0,0,1
P438620,Nourishing Moisturizer with Prebiotics,SEPHORA COLLECTION,Skincare,1.0,Low Risk,74.29,False,0,0,0,0,0,0,0,0,0,0,0,0,0,0,0
P480190,Clean Vegan Hydrating Satin Lipstick,SEPHORA COLLECTION,Makeup,1.05,Low Risk,90.91,False,2,0,0,0,0,0,0,0,0,0,0,0,0,0,2
P379324,Beauty Amplifier Clear Universal Waterproof Lip Liner,SEPHORA COLLECTION,Makeup,1.0909,Low Risk (Limited Data),57.89,False,2,0,0,0,0,0,0,0,0,0,0,0,0,0,2
P471081,Flushed Cream Blush,SEPHORA COLLECTION,Makeup,1.0,Low Risk,100.0,False,0,0,0,0,0,0,0,0,0,0,0,0,0,0,0
P442589,Instant Masks,SEPHORA COLLECTION,Skincare,1.1136,Low Risk,84.62,False,1,0,0,0,0,0,2,3,0,0,0,0,0,1,7
P442535,Glow Peel Pads,SEPHORA COLLECTION,Skincare,1.1,Low Risk (Limited Data),58.82,False,0,0,0,0,0,0,0,1,0,0,0,1,0,0,2
P503921,Color Shifter Mini Eyeshadow Palette,SEPHORA COLLECTION,Makeup,1.0167,Low Risk,93.75,False,1,0,0,0,0,0,0,0,0,0,0,0,0,0,1
P471088,Bubble Bath & Shower Gel,SEPHORA COLLECTION,Bath & Body,1.2727,Low Risk (Limited Data),68.75,False,2,0,0,0,0,0,3,3,3,0,0,0,0,2,13
P471080,Eye Love Bloom Eyeshadow Palette,SEPHORA COLLECTION,Makeup,1.0,Low Risk,77.42,False,0,0,0,0,0,0,0,1,0,0,0,0,0,0,1
P438617,All Day Hyaluronic Acid Hydrator Moisturizer,SEPHORA COLLECTION,Skincare,1.0,Low Risk,88.89,False,0,0,0,0,0,0,0,1,0,0,0,0,0,0,1
P438618,Clean Skin Gel Cleanser with Prebiotics,SEPHORA COLLECTION,Skincare,1.0,Low Risk,90.0,False,0,0,0,0,0,0,0,0,0,0,0,0,0,0,0
P457429,Clear and Cover Acne Treatment Cream Concealer with 2% Salicylic Acid,SEPHORA COLLECTION,Makeup,1.0769,Low Risk,86.67,False,2,0,0,0,0,0,0,2,0,0,0,0,0,1,5
P466443,Size Up Volumizing Mascara,SEPHORA COLLECTION,Makeup,1.0789,Low Risk,79.17,False,1,0,0,0,0,0,0,2,0,0,1,0,0,1,5
P443328,Hot Line Brush Tip Waterproof Liquid Eyeliner,SEPHORA COLLECTION,Makeup,1.25,Low Risk (Limited Data),54.55,False,1,0,2,0,0,0,0,2,0,0,0,0,0,1,6
P467141,Vegan Hydrating Lip Balm,SEPHORA COLLECTION,Makeup,1.0435,Low Risk,88.46,False,0,0,0,0,0,0,1,2,0,0,0,0,0,1,4
P460701,Clean Face Mask,SEPHORA COLLECTION,Skincare,1.1,Low Risk (Limited Data),62.5,False,0,0,0,0,0,0,1,0,0,0,0,0,0,0,1
P461523,Clean Hair Sleeping Mask,SEPHORA COLLECTION,Hair,1.0476,Low Risk,75.0,False,0,0,0,0,0,0,1,0,0,0,0,0,0,0,1
P454320,Brow Shaper Pencil - Waterproof,SEPHORA COLLECTION,Makeup,1.0,Low Risk,100.0,False,0,0,0,0,0,0,0,0,0,0,0,0,0,0,0
P432077,Beauty Amplifier Pore Primer,SEPHORA COLLECTION,Makeup,1.0417,Low Risk,85.71,False,0,0,0,0,0,0,0,1,0,0,0,0,0,1,2
P460856,Clean Eye Mask,SEPHORA COLLECTION,Skincare,1.0938,Low Risk,76.19,False,1,0,0,0,0,0,1,0,0,0,0,0,0,0,2
P454322,Clear Long-Lasting Brow Gel,SEPHORA COLLECTION,Makeup,1.2727,Low Risk,100.0,False,2,0,1,0,0,0,1,4,0,0,0,0,0,1,9
P471079,Sephora Colorful Gloss Balm Super Fruits,SEPHORA COLLECTION,Makeup,1.0,Low Risk,100.0,False,0,0,0,0,0,0,0,0,0,0,0,0,0,0,0
P483138,Targeted Pores Serum with BHA + PHA,SEPHORA COLLECTION,Skincare,1.0882,Low Risk,77.27,False,1,0,1,0,0,0,0,2,0,0,0,0,0,0,4
P484071,Insta-Brow Waxy Brow Pencil,SEPHORA COLLECTION,Makeup,1.0,Low Risk,71.43,False,0,0,0,0,0,0,0,0,0,0,0,0,0,0,0
P467647,Melting Cleansing Balm Cleanse + Balance,SEPHORA COLLECTION,Skincare,1.1765,Low Risk (Limited Data),68.0,False,1,0,0,0,0,0,2,1,1,0,0,0,0,1,6
P483137,Targeted Dark Spots Serum with Enzymes,SEPHORA COLLECTION,Skincare,1.0,Low Risk,87.5,False,0,0,0,0,0,0,0,1,0,0,0,0,0,0,1
P467652,Lip Sleeping Mask,SEPHORA COLLECTION,Skincare,1.0833,Low Risk,75.0,False,0,0,0,0,0,0,1,0,0,0,0,0,0,0,1
P454325,Trio Face Palette,SEPHORA COLLECTION,Makeup,1.0417,Low Risk,100.0,False,2,0,0,0,0,0,0,2,0,0,0,0,0,1,5
P471278,Lilly Lashes x Sephora Collection Faux 3D Lashes,SEPHORA COLLECTION,Makeup,,Insufficient Data,0.0,False,0,0,0,0,0,0,0,0,0,0,0,0,0,0,0
P474102,Smooth + Blur Primer,SEPHORA COLLECTION,Makeup,1.0,Low Risk,88.24,False,0,0,0,0,0,0,0,0,0,0,0,0,0,0,0
P445724,Triple Action Cleansing Water - Cleanse + Purify,SEPHORA COLLECTION,Makeup,1.0833,Low Risk,85.71,False,0,0,0,0,0,0,1,0,0,0,0,0,0,0,1
P501341,Wishing You Outrageous Plump Intense Set,SEPHORA COLLECTION,Makeup,1.0862,Low Risk,85.29,False,1,0,0,0,0,0,1,1,0,0,0,0,0,1,4
P439036,One Two Lash Magnetic Lashes,SEPHORA COLLECTION,Makeup,,Insufficient Data,0.0,False,0,0,0,0,0,0,0,0,0,0,0,0,0,0,0
P503929,Sheer Matte Lip Balm,SEPHORA COLLECTION,Makeup,1.0,Low Risk,81.82,False,0,0,0,0,0,0,0,0,0,0,0,0,0,0,0
P501346,Wishing You Cream Lip Stain Set,SEPHORA COLLECTION,Makeup,1.1154,Low Risk,83.87,False,2,0,0,0,1,0,1,1,0,0,0,0,0,0,5
P479649,Big By Definition Defining & Volumizing Mascara,SEPHORA COLLECTION,Makeup,1.0556,Low Risk (Limited Data),69.23,False,0,0,0,0,0,0,0,1,0,0,1,0,0,0,2
P501496,Satin Hydrating Lipstick,SEPHORA COLLECTION,Makeup,1.0385,Low Risk,86.67,False,0,0,0,0,0,0,1,0,0,0,0,0,0,0,1
P473725,Resurfacing Peel Mask,SEPHORA COLLECTION,Skincare,1.0882,Low Risk,80.95,False,1,0,0,0,0,0,0,3,0,0,0,0,0,0,4
P457442,Face Serum,SEPHORA COLLECTION,Skincare,1.0652,Low Risk,85.19,False,0,0,1,0,0,0,1,1,0,0,0,0,0,0,3
P504429,Hydrating Serum,SEPHORA COLLECTION,Skincare,1.0,Low Risk,81.25,False,0,0,0,0,0,0,0,1,0,0,0,0,0,0,1
P501571,Trio Contour Face Palette,SEPHORA COLLECTION,Makeup,1.0577,Low Risk,100.0,False,3,0,0,0,0,0,0,2,0,0,0,0,0,1,6
P504421,Overnight Hydrating Mask,SEPHORA COLLECTION,Skincare,1.0,Low Risk,82.35,False,0,0,0,0,0,0,0,0,0,0,0,0,0,0,0
P501365,Wishing You Blockbuster Multi-Use Makeup Palette,SEPHORA COLLECTION,Makeup,1.0595,Low Risk,89.36,False,3,0,0,1,0,0,0,2,0,0,0,0,0,1,7
P479711,Hand Balm with Shea Butter,SEPHORA COLLECTION,Bath & Body,1.0556,Low Risk,81.82,False,0,0,0,0,0,0,1,1,0,0,0,0,0,0,2
P432079,Golden Hour Liquid Highlighter,SEPHORA COLLECTION,Makeup,1.0,Low Risk,82.76,False,0,0,0,0,0,0,0,0,0,0,0,0,0,0,0
P483136,Targeted Anti-Aging Bakuchiol Serum,SEPHORA COLLECTION,Skincare,1.0,Low Risk,94.12,False,0,0,0,0,0,0,0,1,0,0,0,0,0,0,1
P455219,All Day Body Hydrator,SEPHORA COLLECTION,Bath & Body,1.0455,Low Risk,81.48,False,0,0,0,0,0,0,1,0,0,0,0,0,0,0,1
P473729,Vitamin Mask,SEPHORA COLLECTION,Skincare,1.0556,Low Risk,96.43,False,1,0,0,0,0,0,1,1,0,0,0,0,0,0,3
P479857,Golden Hour Highlighter Duo,SEPHORA COLLECTION,Makeup,1.0,Low Risk,94.74,False,0,0,0,0,0,0,0,0,0,0,0,0,0,0,0
P461514,Clean Liquid Lip Mousse,SEPHORA COLLECTION,Makeup,1.0,Low Risk,92.86,False,0,0,0,0,0,0,0,0,0,0,0,0,0,0,0
P457432,Weekend Warrior Tone Up Cream,SEPHORA COLLECTION,Makeup,1.0167,Low Risk,88.24,False,1,0,0,0,0,0,0,2,0,0,0,0,0,1,4
P461522,Clean Charcoal Nose Strip,SEPHORA COLLECTION,Skincare,1.1429,Low Risk,82.35,False,0,0,1,0,0,0,2,2,0,0,0,0,0,0,5
P502459,Wishing You 8 Pan Eyeshadow Palette,SEPHORA COLLECTION,Makeup,1.037,Low Risk,100.0,False,2,0,0,0,0,0,0,2,0,0,0,0,0,1,5
P471090,Hand Wash,SEPHORA COLLECTION,Bath & Body,1.2273,Low Risk,75.86,False,2,0,0,0,0,0,3,3,2,0,0,0,0,2,12
P502401,Mini Wishing You Blockbuster Palette,SEPHORA COLLECTION,Mini Size,1.0676,Low Risk,90.24,False,3,0,0,1,0,0,0,2,0,0,0,0,0,1,7
P443322,Fine Line Waterproof Felt Tip Liquid Eyeliner,SEPHORA COLLECTION,Makeup,1.1818,Low Risk,84.62,False,1,0,1,0,0,0,0,4,0,0,1,0,0,1,8
P473726,Smoothing Cleanser,SEPHORA COLLECTION,Skincare,1.2143,Low Risk,73.68,False,1,0,0,0,0,0,0,2,1,0,0,1,0,1,6
P471084,Clean Solid Deodorants,SEPHORA COLLECTION,Bath & Body,1.1071,Low Risk (Limited Data),60.87,False,0,0,0,0,0,0,1,2,0,0,0,0,0,0,3
P461520,Clean Foot Mask,SEPHORA COLLECTION,Skincare,1.1562,Low Risk (Limited Data),61.54,False,1,0,1,0,0,0,2,1,0,0,0,0,0,0,5
P500626,Melting Cleansing Balm Cleanse + Balance,SEPHORA COLLECTION,Skincare,1.125,Low Risk (Limited Data),69.57,False,1,0,0,0,0,0,1,1,1,0,0,0,0,1,5
P464804,Hand Sanitizer,SEPHORA COLLECTION,Bath & Body,1.3158,Low Risk,95.0,False,4,0,1,2,0,0,1,1,0,0,1,0,0,0,10
P454321,Volumizing Fiber Brow Gel,SEPHORA COLLECTION,Makeup,1.05,Low Risk,83.33,False,0,0,0,0,0,0,1,1,0,0,0,0,0,0,2
P504431,Body Oil Shower Body Oil,SEPHORA COLLECTION,Bath & Body,1.2273,Low Risk,91.67,False,3,0,0,0,0,0,3,2,2,0,0,0,0,1,11
P432076,LashCraft Eyelash Primer,SEPHORA COLLECTION,Makeup,1.0926,Low Risk,72.97,False,1,0,0,1,0,0,1,3,0,0,0,0,0,1,7
P460554,Clarifying Peel Pads,SEPHORA COLLECTION,Skincare,1.2308,Low Risk,76.47,False,1,0,0,0,0,0,1,2,0,0,0,1,0,0,5
P470542,B.Y.O.B. Build Your Own Brow Customizable Set,SEPHORA COLLECTION,Makeup,1.2727,Low Risk,100.0,False,2,0,1,0,0,0,1,4,0,0,0,0,0,1,9
P500897,Repairing Hair Mask,SEPHORA COLLECTION,Hair,1.1786,Low Risk (Limited Data),66.67,False,0,0,0,0,0,0,1,2,0,0,0,0,0,0,3
P502417,Wishing You 12 Pan Eyeshadow Palette,SEPHORA COLLECTION,Makeup,1.0294,Low Risk,94.44,False,2,0,0,0,0,0,0,2,0,0,0,0,0,1,5
P432078,LashCraft Have It All Mascara,SEPHORA COLLECTION,Makeup,1.0556,Low Risk,81.82,False,2,0,0,0,0,0,0,2,0,0,0,0,0,1,5
P483146,Ultra Glow Toner with Vitamins C + E,SEPHORA COLLECTION,Skincare,1.0,Low Risk,78.95,False,0,0,0,0,0,0,0,1,0,0,0,0,0,0,1
P445725,Mini Triple Action Cleansing Water - Cleanse + Purify,SEPHORA COLLECTION,Mini Size,1.0833,Low Risk,85.71,False,0,0,0,0,0,0,1,0,0,0,0,0,0,0,1
P502512,Mini Wishing You Glossed Lip Gloss Set,SEPHORA COLLECTION,Mini Size,1.1087,Low Risk,82.14,False,0,0,0,0,0,0,3,2,0,0,0,0,0,0,5
P503900,Destinations Eye Palette,SEPHORA COLLECTION,Makeup,1.0161,Low Risk,96.88,False,1,0,0,0,0,0,0,0,0,0,0,0,0,0,1
P432421,SUPERMASK - The Charcoal Mask,SEPHORA COLLECTION,Skincare,1.1,Low Risk,80.0,False,1,0,1,0,0,0,1,2,0,0,0,0,0,1,6
P500890,Hydrating Leave In Conditioner,SEPHORA COLLECTION,Hair,1.1786,Low Risk (Limited Data),66.67,False,0,0,0,0,0,0,1,2,0,0,0,0,0,0,3
P460724,Mini Clean Cleansing & Gentle Exfoliating Wipes,SEPHORA COLLECTION,Mini Size,1.125,Low Risk (Limited Data),66.67,False,0,0,0,0,0,0,1,0,0,0,0,0,0,0,1
P471082,Golden Hour All Over Illuminator,SEPHORA COLLECTION,Makeup,1.0,Low Risk (Limited Data),66.67,False,0,0,0,0,0,0,0,0,0,0,0,0,0,0,0
P482734,Protective Hair Oil with Moringa Oil,SEPHORA COLLECTION,Hair,1.1,Low Risk (Limited Data),66.67,False,0,0,0,0,0,0,1,0,0,0,0,0,0,0,1
P461521,Clean Hand Mask,SEPHORA COLLECTION,Skincare,1.0625,Low Risk,84.21,False,0,0,0,0,0,0,1,0,0,0,0,0,0,0,1
P455217,Gradual Self-Tanning Face Gel,SEPHORA COLLECTION,Skincare,1.0526,Low Risk,82.61,False,0,0,0,0,0,0,1,0,0,0,0,0,0,0,1
P456957,Clarifying Serum,SEPHORA COLLECTION,Skincare,1.2,Low Risk (Limited Data),65.22,False,1,0,0,0,0,0,1,3,0,0,0,1,0,0,6
P467651,Pores Target Serum,SEPHORA COLLECTION,Skincare,1.1389,Low Risk,78.26,False,1,0,1,0,0,0,1,2,0,0,0,0,0,0,5
P484068,Boost + Lock Eyeshadow Primer,SEPHORA COLLECTION,Makeup,1.087,Low Risk,85.19,False,1,0,0,1,0,0,0,1,0,0,0,0,0,2,5
P500787,All Day Body Hydrator with Shea Butter,SEPHORA COLLECTION,Bath & Body,1.0476,Low Risk,77.78,False,0,0,0,0,0,0,1,0,0,0,0,0,0,0,1
P473724,Vitamin Tonic,SEPHORA COLLECTION,Skincare,1.0588,Low Risk,77.27,False,0,0,0,0,0,0,1,0,0,0,0,0,0,0,1
P445726,Firming Night Cream with Peptides,SEPHORA COLLECTION,Skincare,1.05,Low Risk,71.43,False,0,0,0,0,0,0,0,1,0,0,0,1,0,0,2
P502504,Holiday Surprise Makeup Gift Set,SEPHORA COLLECTION,Makeup,1.0455,Low Risk,82.5,False,1,0,0,0,1,0,0,0,0,0,0,0,0,0,2
P502473,#Lipstories Set,SEPHORA COLLECTION,Makeup,1.0882,Low Risk,91.89,False,2,0,0,1,0,0,1,0,0,0,0,0,0,0,4
P455215,Illuminating Hydrator - Radiance + Smoothing,SEPHORA COLLECTION,Skincare,1.05,Low Risk,95.24,False,0,0,0,0,0,0,1,0,0,0,0,0,0,0,1
P480986,Firming Eye Cream with Peptides,SEPHORA COLLECTION,Skincare,1.0,Low Risk,88.46,False,0,0,0,0,0,0,0,1,0,0,0,0,0,0,1
P479688,AHA Peeling Masks,SEPHORA COLLECTION,Skincare,1.1053,Low Risk,86.36,False,0,0,0,0,0,0,1,2,0,0,0,1,0,0,4
P502333,Mini Color Hit Nail Polish Set,SEPHORA COLLECTION,Mini Size,1.05,Low Risk (Limited Data),50.0,False,0,0,2,0,0,0,0,1,0,0,0,0,0,0,3
P455220,Glow Body Cream,SEPHORA COLLECTION,Bath & Body,1.0526,Low Risk,82.61,False,0,0,0,0,0,0,1,0,0,0,0,0,0,0,1
P461195,Clean Hemp Mask,SEPHORA COLLECTION,Skincare,1.1316,Low Risk (Limited Data),63.33,False,1,0,2,0,0,0,1,3,0,0,0,0,0,0,7
P471085,Targeted Dark Spots Serum,SEPHORA COLLECTION,Skincare,1.0714,Low Risk,82.35,False,0,0,0,0,0,0,1,1,0,0,0,0,0,0,2
P446820,Grapefruit Peeling Mask - Skin Perfection,SEPHORA COLLECTION,Skincare,1.1136,Low Risk,84.62,False,1,0,0,0,0,0,2,3,0,0,0,0,0,1,7
P483151,Vitamin Eye Masks,SEPHORA COLLECTION,Skincare,1.0769,Low Risk (Limited Data),65.0,False,0,0,0,0,0,0,1,0,0,0,0,0,0,0,1
P456548,Air Dry Styling Cream,SEPHORA COLLECTION,Hair,1.2955,Low Risk,84.62,False,0,0,2,0,0,0,6,8,0,0,0,0,0,0,16
P457441,The Clarifying Kit,SEPHORA COLLECTION,Skincare,1.0294,Low Risk,79.07,False,0,0,0,0,0,0,1,0,0,0,0,0,0,0,1
P503907,Colorful Gloss Balm Feeling Groovy,SEPHORA COLLECTION,Makeup,1.0,Low Risk,72.73,False,0,0,0,0,0,0,0,0,0,0,0,0,0,0,0
P467650,Self-Tanning Body Mousse,SEPHORA COLLECTION,Skincare,1.0833,Low Risk,85.71,False,0,0,0,0,0,0,1,0,0,0,0,0,0,0,1
P483092,Glow Peel Pads with AHA + PHA,SEPHORA COLLECTION,Skincare,1.125,Low Risk,75.0,False,0,0,0,0,0,0,0,2,0,0,0,1,0,0,3
P457439,Clarifying Lotion,SEPHORA COLLECTION,Skincare,1.3333,Low Risk (Limited Data),69.23,False,1,0,2,0,0,0,0,3,0,0,0,1,0,0,7
P471086,Targeted Wrinkle Serum,SEPHORA COLLECTION,Skincare,1.0,Low Risk,93.75,False,0,0,0,0,0,0,0,1,0,0,0,0,0,0,1
P502481,Lip Gloss Ornament,SEPHORA COLLECTION,Makeup,1.1667,Low Risk,85.71,False,2,0,0,1,0,0,1,2,0,0,0,0,0,1,7
P461200,Clean Watermelon After Sun Mask,SEPHORA COLLECTION,Skincare,1.0385,Low Risk,78.79,False,0,0,0,0,0,0,1,0,0,0,0,0,0,0,1
P502386,Wishing You Eye Makeup Set,SEPHORA COLLECTION,Makeup,1.0357,Low Risk,82.35,False,1,0,0,0,0,0,0,2,0,0,1,0,0,1,5
P446822,Hemp Mousse Mask - Anti-Blemish,SEPHORA COLLECTION,Skincare,1.1618,Low Risk,85.0,False,5,0,0,2,0,0,1,3,0,0,0,0,0,1,12
P483075,Brightening Dual Facial Enzyme Exfoliator,SEPHORA COLLECTION,Skincare,1.0,Low Risk,84.62,False,0,0,0,0,0,0,0,0,0,0,0,0,0,0,0
P461199,Clean Peeling Mask,SEPHORA COLLECTION,Skincare,1.1042,Low Risk,82.76,False,0,0,1,0,0,0,1,2,0,0,0,1,0,0,5
P474103,Mattify + Refine Primer,SEPHORA COLLECTION,Makeup,1.025,Low Risk,74.07,False,1,0,0,0,0,0,0,1,0,0,0,0,0,1,3
P500774,Clarifying Toner with Niacinamide and Zinc,SEPHORA COLLECTION,Skincare,1.0,Low Risk,81.82,False,0,0,0,0,0,0,0,0,0,0,0,0,0,0,0
P460704,The Hydrating Kit,SEPHORA COLLECTION,Skincare,1.0714,Low Risk,73.68,False,1,0,0,0,0,0,1,2,0,0,0,1,0,0,5
P504437,Resurfacing Sugar Body Scrub,SEPHORA COLLECTION,Bath & Body,1.2143,Low Risk,73.68,False,0,0,0,0,0,0,3,3,0,0,0,0,0,0,6
P504459,Moisturizing Body Lotion Body Care,SEPHORA COLLECTION,Bath & Body,1.2222,Low Risk,85.71,False,3,0,0,0,0,0,1,0,2,0,0,0,0,1,7
P460556,Hair Primer,SEPHORA COLLECTION,Hair,1.1765,Low Risk,94.44,False,1,0,0,0,0,0,4,4,0,0,0,0,0,1,10
P483090,Firming Day Moisturizer with Peptides,SEPHORA COLLECTION,Skincare,1.0,Low Risk,80.77,False,0,0,0,0,0,0,0,1,0,0,0,0,0,0,1
P503904,Big By Definition Defining & Volumizing Waterproof Mascara,SEPHORA COLLECTION,Makeup,1.0,Low Risk,73.08,False,0,0,0,0,0,0,0,1,0,0,0,0,0,0,1
P500743,Vitamin Face Masks,SEPHORA COLLECTION,Skincare,1.0714,Low Risk,70.0,False,0,0,0,0,0,0,1,0,0,0,0,0,0,0,1
P500905,Strengthening Shampoo with Biotin,SEPHORA COLLECTION,Hair,1.1562,Low Risk (Limited Data),69.57,False,0,0,1,0,0,0,1,1,1,0,0,0,0,1,5
P500785,Vitamin C Skincare Set,SEPHORA COLLECTION,Skincare,1.0968,Low Risk,70.45,False,0,0,0,0,0,0,2,3,0,0,0,1,0,0,6
P471083,Dry Shampoo,SEPHORA COLLECTION,Hair,1.2222,Low Risk (Limited Data),45.0,False,1,0,1,0,0,0,1,2,0,0,0,0,0,1,6
P500847,Strengthening Conditioner with Biotin,SEPHORA COLLECTION,Hair,1.1471,Low Risk,85.0,False,0,0,1,0,0,0,1,2,0,0,0,0,0,0,4
P504441,Prebiotic Smoothie Mask,SEPHORA COLLECTION,Skincare,1.0926,Low Risk,93.1,False,1,0,0,0,0,0,2,2,0,0,0,0,0,0,5
P444237,Mini Cleansing Wipes - Coconut Water,SEPHORA COLLECTION,Skincare,1.1765,Low Risk,89.47,False,1,0,0,0,0,0,3,4,0,0,0,0,0,1,9
P482304,Sigma x Sephora Brush Cleanser,SEPHORA COLLECTION,Makeup,,Insufficient Data,0.0,False,0,0,0,0,0,0,0,0,0,0,0,0,0,0,0
P504447,Gradual Tanning Drops Face & Body,SEPHORA COLLECTION,Skincare,1.0625,Low Risk,80.0,False,0,0,1,0,0,0,0,1,0,0,0,0,0,0,2
P467649,Clean 1 Minute Face Masks,SEPHORA COLLECTION,Skincare,1.1,Low Risk,75.0,False,0,0,1,0,0,0,1,0,0,0,0,0,0,0,2
P483145,Ultra Glow Mask with Vitamins C + E,SEPHORA COLLECTION,Skincare,1.0588,Low Risk,89.47,False,0,0,0,0,0,0,1,1,0,0,0,0,0,0,2
P454604,Sulfate-free Shampoo,SEPHORA COLLECTION,Hair,1.2,Low Risk,76.92,False,1,0,0,0,0,0,2,3,2,0,0,0,0,2,10
P500729,Best Sellers Set,SEPHORA COLLECTION,Skincare,1.0357,Low Risk,75.0,False,1,0,1,0,0,0,0,2,0,0,0,0,0,0,4
P469064,Depart Scented Candle,SEPHORA COLLECTION,Fragrance,2.0,Insufficient Data,25.0,False,0,0,0,0,0,0,1,0,0,0,0,0,0,0,1
P504514,Bath Bomb Bath Fizzy,SEPHORA COLLECTION,Bath & Body,1.1429,Low Risk,82.35,False,0,0,0,0,0,0,3,2,0,0,0,0,0,0,5
P502842,Wishing You Essentials Skincare Kit,SEPHORA COLLECTION,Skincare,1.093,Low Risk,70.49,False,1,0,0,0,0,0,1,3,1,0,0,1,0,1,8
P454605,Color Safe Conditioner,SEPHORA COLLECTION,Hair,1.1176,Low Risk,80.95,False,1,0,0,0,0,0,2,3,0,0,0,0,0,1,7
P500763,Lip Sleeping Mask,SEPHORA COLLECTION,Skincare,1.1111,Low Risk (Limited Data),69.23,False,0,0,0,0,0,0,1,0,0,0,0,0,0,0,1
P504424,Clarifying Peel Pads Purify + Exfoliate,SEPHORA COLLECTION,Skincare,1.1364,Low Risk,84.62,False,1,0,0,0,0,0,0,2,0,0,0,0,0,0,3
P504417,Acne Treatment Gel,SEPHORA COLLECTION,Skincare,1.1818,Low Risk (Limited Data),68.75,False,1,0,0,0,0,0,0,3,0,0,0,1,0,0,5
P501159,Luxe Vibes Luxury Beauty Sampler Set,Sephora Favorites,Makeup,1.133,Low Risk (Limited Data),68.55,False,4,1,1,1,1,0,12,13,0,0,1,0,0,2,36
P503819,Hottest in Haircare,Sephora Favorites,Hair,1.2098,Low Risk (Limited Data),53.85,False,2,0,2,0,0,0,16,23,2,0,0,3,0,3,51
P455926,Retinol Reform Treatment Serum,Shani Darden Skin Care,Skincare,1.0811,Low Risk,78.72,False,2,0,0,1,0,0,0,3,0,0,0,0,1,1,8
P455927,Mini Retinol Reform,Shani Darden Skin Care,Skincare,1.0811,Low Risk,78.72,False,2,0,0,1,0,0,0,3,0,0,0,0,1,1,8
P455929,Cleansing Serum,Shani Darden Skin Care,Skincare,1.0625,Low Risk (Limited Data),66.67,False,1,0,0,0,0,0,1,3,0,0,0,0,0,1,6
P467973,Intensive Eye Renewal Cream with Firming Peptides,Shani Darden Skin Care,Skincare,1.0435,Low Risk,76.67,False,2,0,0,0,0,0,0,3,0,0,0,0,0,1,6
P478731,Lactic Acid AHA Exfoliating Serum,Shani Darden Skin Care,Skincare,1.0781,Low Risk,82.05,False,1,0,0,0,0,0,0,6,0,0,0,1,0,1,9
P455930,Weightless Oil-Free Moisturizer,Shani Darden Skin Care,Skincare,1.0588,Low Risk,85.0,False,1,0,0,0,0,0,0,2,0,0,0,0,0,1,4
P471097,Facial Sculpting Wand,Shani Darden Skin Care,Skincare,1.0312,Low Risk,94.12,False,0,0,0,0,0,0,1,3,0,0,0,0,0,0,4
P503920,Triple Acid Signature Peel,Shani Darden Skin Care,Skincare,1.0833,Low Risk,75.0,False,1,0,0,0,0,0,1,5,0,0,0,0,0,1,8
P455931,Sake Toning Essence,Shani Darden Skin Care,Skincare,1.0417,Low Risk,70.59,False,1,0,0,0,0,0,0,2,0,0,0,0,0,1,4
P474858,Hydra Prep Soothing & Hydrating Gel,Shani Darden Skin Care,Skincare,1.0312,Low Risk,94.12,False,0,0,0,0,0,0,1,3,0,0,0,0,0,0,4
P456398,Ultimate Sun Protector Lotion SPF 50+ Sunscreen,Shiseido,Skincare,1.1667,Low Risk (Limited Data),65.85,False,1,0,2,2,0,0,1,0,0,0,0,0,0,1,7
P173726,Facial Cotton,Shiseido,Skincare,,Insufficient Data,0.0,False,0,0,0,0,0,0,0,0,0,0,0,0,0,0,0
P429242,Clear Sunscreen Stick SPF 50+,Shiseido,Skincare,1.1538,Low Risk (Limited Data),48.15,False,0,0,0,1,0,0,1,0,0,0,0,0,0,0,2
P448203,Benefiance Wrinkle Smoothing Eye Cream,Shiseido,Skincare,1.2059,Low Risk (Limited Data),58.62,False,1,0,1,2,0,0,6,5,0,0,0,0,0,1,16
P482739,Urban Environment Oil-Free Sunscreen Broad-Spectrum SPF 42,Shiseido,Skincare,1.1786,Low Risk (Limited Data),58.33,False,2,1,2,1,0,0,1,1,0,0,1,0,0,2,11
P449106,Synchro Skin Self-Refreshing Foundation SPF 30,Shiseido,Makeup,1.0952,Low Risk (Limited Data),55.26,False,1,0,0,1,0,0,0,1,0,0,0,0,0,1,4
P482742,Urban Environment Fresh-Moisture Sunscreen Broad-Spectrum SPF 42,Shiseido,Skincare,1.1607,Low Risk (Limited Data),65.12,False,2,0,2,1,0,0,1,1,0,0,0,0,0,2,9
P448202,Benefiance Wrinkle Smoothing Cream Enriched,Shiseido,Skincare,1.1806,Low Risk,70.59,False,2,0,2,0,0,0,6,6,0,0,0,0,0,2,18
P463105,Benefiance Wrinkle Smoothing Retinol Serum,Shiseido,Skincare,1.2353,Low Risk (Limited Data),62.96,False,3,0,2,2,0,0,5,5,0,0,0,0,0,2,19
P481164,Essential Energy Hydrating Day Cream Broad Spectrum SPF 20,Shiseido,Skincare,1.1607,Low Risk (Limited Data),50.91,False,2,0,2,1,0,0,1,1,0,0,0,0,0,2,9
P481161,Ultimune Power Infusing Anti-Aging Serum,Shiseido,Skincare,1.3095,Low Risk (Limited Data),48.84,False,2,0,2,1,0,0,4,4,0,0,0,0,0,2,15
P398736,Full Lash and Brow Serum,Shiseido,Makeup,1.1667,Low Risk,78.95,False,3,0,1,1,0,0,0,2,0,0,0,0,0,1,8
P449107,Synchro Skin Self-Refreshing Concealer,Shiseido,Makeup,1.0536,Low Risk,70.0,False,1,0,0,0,0,0,0,1,0,0,0,0,0,2,4
P456399,Ultimate Sun Protector Cream SPF 50+ Face Sunscreen,Shiseido,Skincare,1.1481,Low Risk (Limited Data),69.23,False,1,0,2,1,0,0,1,1,0,0,0,0,0,2,8
P435415,MicroLiner Ink Eyeliner,Shiseido,Makeup,1.0,Low Risk,85.0,False,0,0,0,0,0,0,0,0,0,0,0,0,0,0,0
P468401,Synchro Skin Radiant Lifting Foundation SPF 30,Shiseido,Makeup,1.0652,Low Risk (Limited Data),58.97,False,1,0,0,1,0,0,0,1,0,0,0,0,0,1,4
P504986,Urban Environment Vita-Clear Sunscreen SPF 42,Shiseido,Skincare,1.1429,Low Risk (Limited Data),62.22,False,1,0,2,1,0,0,1,1,0,0,0,0,0,2,8
P435416,VisionAiry Gel Lipstick,Shiseido,Makeup,1.0645,Low Risk,86.11,False,2,0,0,1,0,0,0,1,0,0,0,0,0,1,5
P173619,Benefiance WrinkleResist24 Pure Retinol Express Smoothing Eye Mask,Shiseido,Skincare,1.2857,Low Risk,70.0,False,4,0,2,2,0,0,1,1,0,0,0,0,1,1,12
P482741,Urban Environment Oil-Free Mineral Sunscreen Broad-Spectrum SPF 42,Shiseido,Skincare,1.0517,Low Risk (Limited Data),59.18,False,1,0,1,0,0,0,0,1,0,0,0,0,0,2,5
P481162,Essential Energy Hydrating Cream,Shiseido,Skincare,1.1286,Low Risk (Limited Data),67.31,False,2,0,2,0,0,0,3,3,0,0,0,0,0,2,12
P435412,"Kajal Ink Artist Shadow, Liner, Brow",Shiseido,Makeup,1.0192,Low Risk,96.3,False,1,0,0,0,0,0,0,0,0,0,0,0,0,0,1
P205614,White Lucent Anti-Dark Circles Eye Cream,Shiseido,Skincare,1.1667,Low Risk,81.82,True,1,0,1,0,0,1,5,5,0,0,0,0,1,1,15
P480353,Synchro Skin Self-Refreshing Tint SPF 20,Shiseido,Makeup,1.0517,Low Risk (Limited Data),69.05,False,1,0,0,1,0,0,0,1,0,0,0,0,0,1,4
P173652,Bio-Performance Advanced Super Revitalizing Cream,Shiseido,Skincare,1.2931,Low Risk,74.36,True,2,0,0,1,0,1,8,8,0,0,0,0,1,1,22
P443795,Color Gel Lip Balm,Shiseido,Makeup,1.1,Low Risk (Limited Data),62.5,False,2,0,0,1,0,0,0,1,0,0,0,0,0,1,5
P468402,Synchro Skin Soft Blurring Primer,Shiseido,Makeup,1.0385,Low Risk,76.47,False,2,0,0,0,0,0,0,1,0,0,0,0,0,1,4
P405944,Ultra Sun Protection Lotion Broad Spectrum SPF 50+ WetForce for Sensitive Skin & Children,Shiseido,Skincare,1.0,Low Risk (Limited Data),56.25,False,0,0,0,0,0,0,0,0,0,0,0,0,0,0,0
P448201,Benefiance Wrinkle Smoothing Day Cream SPF 23,Shiseido,Skincare,1.15,Low Risk (Limited Data),61.22,False,2,0,2,1,0,0,1,1,0,0,0,0,0,2,9
P454978,Synchro Skin Self-Refreshing Custom Finish Powder Foundation,Shiseido,Makeup,1.0909,Low Risk,71.74,False,3,0,0,2,0,0,0,2,0,0,0,0,0,1,8
P448200,Benefiance Wrinkle Smoothing Cream,Shiseido,Skincare,1.1806,Low Risk (Limited Data),67.92,False,2,0,2,0,1,0,5,5,0,0,0,0,0,2,17
P388545,Perfect Cleansing Oil,Shiseido,Skincare,1.25,Low Risk,83.33,False,0,0,1,1,0,0,1,0,0,0,0,0,0,0,3
P433618,Clarifying Cleansing Foam,Shiseido,Skincare,1.1957,Low Risk,74.19,False,1,0,0,0,0,0,4,3,1,0,0,0,0,1,10
P173622,Benefiance Pure Retinol Intensive Revitalizing Face Mask,Shiseido,Skincare,1.371,Low Risk,77.5,True,4,0,2,2,0,1,7,7,0,0,0,0,2,1,26
P482740,Mini Urban Environment Oil-Free Sunscreen Broad-Spectrum SPF 42,Shiseido,Skincare,1.1786,Low Risk (Limited Data),58.33,False,2,1,2,1,0,0,1,1,0,0,1,0,0,2,11
P433617,Deep Cleansing Foam,Shiseido,Skincare,1.1852,Low Risk,75.0,False,1,0,0,0,0,0,4,4,0,0,0,0,0,2,11
P423165,Future Solution LX Eye and Lip Contour Regenerating Cream,Shiseido,Skincare,1.2209,Low Risk (Limited Data),69.35,True,2,0,1,1,0,1,7,7,0,0,0,0,1,2,22
P202935,Benefiance NutriPerfect Night Cream,Shiseido,Skincare,1.2812,Low Risk,72.73,True,2,0,0,2,0,1,7,7,0,0,0,0,1,1,21
P428423,Refreshing Cleansing Sheets,Shiseido,Skincare,1.2857,Low Risk (Limited Data),63.64,False,2,0,0,1,0,0,4,4,0,0,0,0,0,1,12
P443375,White Lucent Brightening Gel Cream,Shiseido,Skincare,1.1571,Low Risk (Limited Data),60.34,False,1,0,2,0,0,0,5,5,0,0,0,0,0,2,15
P428422,Oil Control Blotting Paper,Shiseido,Skincare,1.2692,Low Risk,86.67,False,0,0,0,0,0,0,5,4,0,0,0,0,0,0,9
P433621,Treatment Softener Enriched,Shiseido,Skincare,1.2895,Low Risk (Limited Data),52.78,False,2,0,1,1,0,0,4,4,0,0,0,0,0,2,14
P423164,Future Solution LX Extra Rich Cleansing Foam,Shiseido,Skincare,1.35,Low Risk,76.92,True,1,0,0,0,0,1,4,3,1,0,0,0,1,1,12
P455421,Complete Cleansing Microfoam,Shiseido,Skincare,1.275,Low Risk,80.0,False,1,0,2,1,0,0,2,3,2,0,0,0,0,2,13
P443376,White Lucent Overnight Cream & Mask,Shiseido,Skincare,1.1667,Low Risk (Limited Data),66.0,False,1,0,2,0,0,0,5,5,0,0,0,0,0,2,15
P433619,Extra Rich Cleansing Milk,Shiseido,Skincare,1.2619,Low Risk,80.77,False,2,0,1,0,0,0,4,4,1,0,0,0,0,2,14
P457854,Vital Perfection Uplifting and Firming Cream Day Cream,Shiseido,Skincare,1.1731,Low Risk (Limited Data),47.27,False,1,0,2,1,0,0,1,2,0,0,0,0,0,3,10
P423163,Future Solution LX Concentrated Balancing Softener,Shiseido,Skincare,1.2571,Low Risk,74.47,True,2,0,2,0,0,1,7,7,0,0,0,0,1,2,22
P443377,White Lucent Day Emulsion Broad Spectrum SPF 23,Shiseido,Skincare,1.1667,Low Risk (Limited Data),51.92,False,2,1,1,1,0,0,1,1,0,0,1,0,0,2,10
P423169,Future Solution LX Total Regenerating Cream,Shiseido,Skincare,1.2647,Low Risk (Limited Data),68.0,True,1,0,1,1,0,1,7,7,0,0,0,0,1,2,21
P433620,Treatment Softener,Shiseido,Skincare,1.3421,Low Risk (Limited Data),59.38,False,3,0,2,1,0,0,4,4,0,0,0,0,0,2,16
P484076,Ultimate Sun Protector SPF 50+ Sunscreen Duo,Shiseido,Skincare,1.1667,Low Risk (Limited Data),60.0,False,1,0,2,2,0,0,1,0,0,0,0,0,0,1,7
P463951,Mini Benefiance Wrinkle Smoothing Cream Enriched,Shiseido,Skincare,1.1806,Low Risk,70.59,False,2,0,2,0,0,0,6,6,0,0,0,0,0,2,18
P463106,Vital Perfection Uplifting and Firming Eye Cream,Shiseido,Skincare,1.1765,Low Risk (Limited Data),54.84,False,1,0,1,1,0,0,5,6,0,0,0,0,0,3,17
P423166,Future Solution LX Intensive Firming Contour Serum,Shiseido,Skincare,1.2375,Low Risk,72.73,True,2,0,1,1,0,1,7,7,0,0,0,0,1,2,22
P455229,White Lucent Illuminating Micro-Spot Serum,Shiseido,Skincare,1.1719,Low Risk (Limited Data),60.38,False,2,0,1,0,0,0,5,5,0,0,0,0,0,2,15
P423167,Future Solution LX Total Protective Cream Broad Spectrum SPF 20 Sunscreen,Shiseido,Skincare,1.1667,Low Risk (Limited Data),63.16,False,1,0,2,2,0,0,1,0,0,0,0,0,0,0,6
P423168,Future Solution LX Total Protective Emulsion Broad Spectrum SPF 20 Sunscreen,Shiseido,Skincare,1.1786,Low Risk (Limited Data),63.64,False,2,1,2,2,0,0,1,0,0,0,1,0,0,0,9
P468406,Vital Perfection Intensive WrinkleSpot Treatment,Shiseido,Skincare,1.2059,Low Risk (Limited Data),56.67,False,3,0,1,1,0,0,5,6,0,0,0,0,1,2,19
P504302,Wrinkle Correcting Skincare Set,Shiseido,Skincare,1.1724,Low Risk (Limited Data),50.88,False,3,0,3,2,0,0,7,6,0,0,0,0,0,2,23
P504291,Daily Hydrating Sun Protection Set,Shiseido,Skincare,1.1887,Low Risk (Limited Data),53.54,False,3,1,3,1,0,0,5,4,1,0,1,0,0,3,22
P505280,Wrinkle Smoothing Starter Set,Shiseido,Skincare,1.1471,Low Risk (Limited Data),55.74,False,3,0,3,2,0,0,6,6,1,0,0,0,0,3,24
P505265,Eudermine Activating Essence,Shiseido,Skincare,1.25,Low Risk,71.79,False,3,0,1,0,0,0,7,7,0,0,0,0,0,2,20
P481163,Mini Essential Energy Hydrating Cream,Shiseido,Mini Size,1.1286,Low Risk (Limited Data),67.31,False,2,0,2,0,0,0,3,3,0,0,0,0,0,2,12
P504324,Ultimune Eye Power Infusing Eye Concentrate,Shiseido,Skincare,1.2174,Low Risk (Limited Data),48.94,False,1,0,2,0,0,0,4,4,0,0,0,0,0,2,13
P468407,Vital Perfection Uplifting and Firming Day Cream SPF 30,Shiseido,Skincare,1.1731,Low Risk (Limited Data),47.27,False,1,0,2,1,0,0,1,2,0,0,0,0,0,3,10
P403913,Essence Absolue Nourishing Protective Hair Oil,shu uemura,Hair,1.8571,Medium Risk,87.5,True,1,0,0,1,0,1,3,2,0,0,0,0,1,0,9
P453923,Mini Essence Absolue Nourishing Protective Oil,shu uemura,Hair,1.8571,Medium Risk,87.5,True,1,0,0,1,0,1,3,2,0,0,0,0,1,0,9
P434206,Ultimate Reset Hair Mask for Very Damaged Hair,shu uemura,Hair,1.3636,Low Risk,73.33,False,1,0,1,1,0,0,5,8,0,0,0,0,0,1,17
P430127,Essence Absolue Overnight Nourishing Hair Treatment,shu uemura,Hair,1.3846,Low Risk,81.25,False,1,0,0,0,1,0,4,4,0,0,0,0,0,1,11
P475613,Izumi Tonic Strengthening Rice Water Treatment,shu uemura,Hair,1.5,Medium Risk (Limited Data),64.29,False,0,0,1,0,0,0,8,11,0,0,0,0,0,0,20
P414027,Urban Moisture Deep Hydration Treatment Mask for Dry Hair,shu uemura,Hair,1.3636,Low Risk,78.57,False,2,0,2,2,0,0,3,6,0,0,0,0,0,1,16
P414029,Urban Moisture Deep Hydration Shampoo for Dry Hair,shu uemura,Hair,1.2885,Low Risk,76.47,False,2,0,2,1,0,0,3,7,1,0,0,0,0,1,17
P434207,Ultimate Reset Shampoo for Very Damaged Hair,shu uemura,Hair,1.2759,Low Risk,76.32,False,2,0,0,1,0,0,5,6,2,0,0,0,0,2,18
P403930,Silk Bloom Treatment Hair Mask for Damaged Hair,shu uemura,Hair,1.45,Low Risk,83.33,False,2,0,2,1,0,0,5,8,0,0,0,0,0,1,19
P403936,Color Lustre Sulfate-Free Shampoo for Color-Treated Hair,shu uemura,Hair,1.2083,Low Risk,78.26,False,2,0,1,0,0,0,3,6,2,0,0,0,0,2,16
P442287,Ultimate Reset Serum for Damaged Hair,shu uemura,Hair,1.3167,Low Risk (Limited Data),57.69,False,1,0,1,1,0,0,8,9,0,0,0,0,0,1,21
P414030,Urban Moisture Hydro-Nourishing Conditioner,shu uemura,Hair,1.3182,Low Risk,75.86,False,1,0,2,1,0,0,3,6,0,0,0,0,0,1,14
P434205,Ultimate Reset Conditioner for Very Damaged Hair,shu uemura,Hair,1.3333,Low Risk,75.0,False,1,0,1,1,0,0,5,8,0,0,0,0,0,1,17
P475614,Mini Izumi Tonic Strengthening Rice Water Treatment,shu uemura,Hair,1.5,Medium Risk (Limited Data),64.29,False,0,0,1,0,0,0,8,11,0,0,0,0,0,0,20
P461985,Netsu Design Blow Dry Cream,shu uemura,Hair,1.3261,Low Risk,82.14,False,2,1,0,0,0,0,9,10,0,0,1,0,0,1,24
P461986,Tsuki Shape Heat-Activated Blow Dry Spray,shu uemura,Hair,1.5625,Medium Risk,88.89,False,0,0,2,0,0,0,9,11,0,0,1,0,0,0,23
P469216,Yūbi Blonde Anti-Brass Purple Shampoo for Blonde Hair,shu uemura,Hair,1.2174,Low Risk,82.14,False,1,0,0,0,0,0,5,5,1,0,0,0,0,0,12
P469215,Yūbi Blonde Anti-Brass Purple Mask for Blonde Hair,shu uemura,Hair,1.3889,Low Risk,72.0,False,1,0,1,0,0,0,5,8,1,0,0,0,0,2,18
P403914,Essence Absolue Nourishing Oil-In-Cream Camellia Hair Oil,shu uemura,Hair,1.5,Medium Risk,89.47,True,2,0,1,1,0,1,3,6,0,0,0,0,1,1,16
P403928,Color Lustre Treatment Hair Mask for Color-Treated Hair,shu uemura,Hair,1.28,Low Risk,73.53,False,2,0,2,1,0,0,2,6,0,0,0,0,0,1,14
P461981,Wata Wave Dry Texturizing Hair Spray,shu uemura,Hair,1.4167,Low Risk,75.0,False,0,0,1,0,0,0,7,6,0,0,0,0,0,0,14
P449373,Muroto Volume Lightweight Care Shampoo For Fine Hair,shu uemura,Hair,1.425,Low Risk (Limited Data),68.97,True,1,0,1,0,0,1,4,6,1,0,0,0,1,0,15
P461982,Awa Volume Volumizing Mousse,shu uemura,Hair,1.4333,Low Risk (Limited Data),55.56,False,2,0,0,1,0,0,5,8,0,0,1,0,0,1,18
P461987,Shiki Worker Multi-Benefit Hair Primer,shu uemura,Hair,1.3478,Low Risk,88.46,False,1,0,1,0,0,0,8,11,0,0,0,0,0,1,22
P449376,Muroto Volume Hydro-Texturizing Mist For Fine Hair,shu uemura,Hair,1.5,Medium Risk,88.24,False,1,0,1,0,0,0,9,9,0,0,0,0,0,1,21
P461983,Kaze Wave Curl and Wave Defining Hair Mousse,shu uemura,Hair,1.2826,Low Risk (Limited Data),69.7,False,2,1,0,0,0,0,7,9,0,0,1,0,0,1,21
P403934,Silk Bloom Shampoo for Damaged Hair,shu uemura,Hair,1.2727,Low Risk,81.48,False,2,0,2,1,0,0,2,4,1,0,0,0,0,1,13
P481733,Ashita Supreme Strengthening Leave-In Treatment for Damaged Hair,shu uemura,Hair,1.5,Medium Risk,77.78,False,1,0,0,0,0,0,8,8,0,0,0,0,0,1,18
P403926,Color Lustre Conditioner for Color-Treated Hair,shu uemura,Hair,1.2857,Low Risk,75.0,False,1,0,2,1,0,0,1,5,0,0,0,0,0,1,11
P461988,Ishi Sculpt Texturizing & Sculpting Hair Paste,shu uemura,Hair,1.3,Low Risk,81.08,False,2,0,0,1,0,0,9,11,0,0,1,0,0,1,25
P481734,Ashita Supreme Purifying Sea Salt Scalp Scrub,shu uemura,Hair,1.4706,Low Risk,80.95,False,1,0,0,0,0,0,7,8,1,0,0,0,0,1,18
P403924,Silk Bloom Conditioner for Damaged Hair,shu uemura,Hair,1.48,Low Risk,78.12,True,2,0,2,2,0,1,5,8,0,0,0,0,1,1,22
P461984,Tsuyu Sleek Blow Dry Hair Oil,shu uemura,Hair,1.6538,Medium Risk,100.0,False,0,0,0,0,0,0,10,9,0,0,0,0,0,0,19
P461979,Moya Hold Finishing Hair Spray,shu uemura,Hair,1.6667,Medium Risk,81.82,False,0,0,1,0,0,0,7,7,0,0,1,0,0,0,16
P469217,Yūbi Blonde Nourishing Conditioner for Blonde Hair,shu uemura,Hair,1.3125,Low Risk,84.21,False,1,0,0,0,0,0,5,5,1,0,0,0,0,0,12
P502665,Gentle Radiance Clarifying Shampoo for All Scalp & Hair Types,shu uemura,Hair,1.2955,Low Risk (Limited Data),61.11,False,2,0,1,0,0,0,4,7,1,0,0,0,0,2,17
P449375,Muroto Volume Lightweight Care Treatment For Fine Hair,shu uemura,Hair,1.4545,Low Risk,70.97,True,2,0,2,1,0,1,4,7,0,0,0,0,1,1,19
P469218,Yūbi Blonde Nourishing Shampoo for Blonde Hair,shu uemura,Hair,1.3125,Low Risk,84.21,False,1,0,0,0,0,0,5,5,1,0,0,0,0,0,12
P454742,Essence Absolue Multi-Purpose All-in-Oil Hair Milk,shu uemura,Hair,1.375,Low Risk,80.0,False,1,0,1,0,0,0,4,10,0,0,0,0,0,1,17
P481737,Ashita Supreme Strengthening Mask for Damaged Hair,shu uemura,Hair,1.5294,Medium Risk,80.95,False,1,0,1,0,0,0,7,11,0,0,0,0,0,2,22
P449374,Muroto Volume Lightweight Care Conditioner For Fine Hair,shu uemura,Hair,1.375,Low Risk (Limited Data),64.52,False,1,0,2,1,0,0,4,7,0,0,0,0,0,1,16
P481735,Ashita Supreme Strengthening Shampoo for Damaged Hair,shu uemura,Hair,1.381,Low Risk,77.78,False,1,0,1,0,0,0,7,10,0,0,0,0,0,1,20
P481736,Ashita Supreme Strengthening Conditioner for Damaged Hair,shu uemura,Hair,1.381,Low Risk,77.78,False,1,0,1,0,0,0,7,10,0,0,0,0,0,1,20
P503349,Velvet Blur Matte Lipstick Balm,SIMIHAZE BEAUTY,Makeup,1.0217,Low Risk,88.46,False,1,0,0,0,0,0,0,0,0,0,0,0,0,0,1
P503333,Sun Flush All-Over Face Tint Liquid Blush,SIMIHAZE BEAUTY,Makeup,1.0469,Low Risk,86.49,False,1,0,0,0,0,0,1,2,0,0,0,0,0,0,4
P503350,Mini Super Slick Tinted Lip Balm,SIMIHAZE BEAUTY,Makeup,1.125,Low Risk,86.96,False,2,0,0,0,0,0,2,1,0,0,0,0,0,0,5
P503342,Solar Tint Cream Blush Duo,SIMIHAZE BEAUTY,Makeup,1.04,Low Risk (Limited Data),69.44,False,2,0,0,0,0,0,0,0,0,0,0,0,0,0,2
P503304,Lunar Lip Gel Lip Gloss,SIMIHAZE BEAUTY,Makeup,1.0294,Low Risk,85.0,False,1,0,0,0,0,0,0,0,0,0,0,0,0,0,1
P503300,Easy Lash Clean Lift Tubing Mascara,SIMIHAZE BEAUTY,Makeup,1.0312,Low Risk (Limited Data),64.0,False,1,0,0,0,0,0,0,2,0,0,0,0,0,1,4
P503310,Eye Play Gem Sticker Pack,SIMIHAZE BEAUTY,Makeup,,Insufficient Data,0.0,False,0,0,0,0,0,0,0,0,0,0,0,0,0,0,0
P375849,Facial Treatment Essence (Pitera Essence),SK-II,Skincare,1.1667,Low Risk,85.71,False,1,0,0,1,0,0,0,1,0,0,0,0,0,0,3
P426183,Mini Facial Treatment Essence (Pitera Essence),SK-II,Skincare,1.1667,Low Risk,85.71,False,1,0,0,1,0,0,0,1,0,0,0,0,0,0,3
P375853,Facial Treatment Clear Lotion Toner,SK-II,Skincare,1.1923,Low Risk,81.25,False,2,0,0,1,0,0,0,2,0,0,0,0,0,0,5
P375850,Facial Treatment Cleanser,SK-II,Skincare,1.3333,Low Risk (Limited Data),60.0,False,1,0,0,3,0,0,1,3,0,0,0,0,0,0,8
P468409,SKINPOWER Airy Milky Lotion,SK-II,Skincare,1.1429,Low Risk,74.47,False,1,0,0,2,0,0,2,2,1,0,0,0,0,0,8
P468408,SKINPOWER Eye Cream,SK-II,Skincare,1.1429,Low Risk,70.0,False,1,0,0,2,0,0,2,2,1,0,0,0,0,0,8
P468411,SKINPOWER Cream,SK-II,Skincare,1.1471,Low Risk,75.56,False,1,0,0,2,0,0,2,2,1,0,0,0,0,0,8
P375852,Pitera Facial Treatment Mask,SK-II,Skincare,1.2,Low Risk,71.43,False,1,0,0,1,0,0,0,0,0,0,0,0,0,0,2
P410756,GenOptics Aura Essence Serum,SK-II,Skincare,1.2414,Low Risk,70.73,False,2,0,0,1,0,0,6,8,0,0,1,0,0,1,19
P410755,GenOptics Spot Essence Serum,SK-II,Skincare,1.1481,Low Risk,72.97,False,2,0,0,1,0,0,1,4,0,0,1,0,0,1,10
P447773,PITERA First Experience Kit,SK-II,Skincare,1.1786,Low Risk,73.68,False,2,0,0,1,0,0,0,3,0,0,0,0,0,0,6
P375864,Brightening Derm Revival Mask,SK-II,Skincare,1.2083,Low Risk,80.0,False,2,0,0,1,0,0,1,3,0,0,0,0,0,1,8
P375854,Ultimate Revival Cream,SK-II,Skincare,1.0682,Low Risk (Limited Data),52.38,False,1,0,0,1,0,0,0,2,0,0,0,0,0,0,4
P468412,Pitera Power Kit,SK-II,Skincare,1.1395,Low Risk (Limited Data),69.35,False,1,0,0,2,0,0,3,4,1,0,0,0,0,0,11
P428103,Ultimate Revival Essence,SK-II,Skincare,1.0909,Low Risk,78.57,False,1,0,0,1,0,0,0,1,0,0,0,0,0,0,3
P468410,SKINPOWER Essence Serum,SK-II,Skincare,1.22,Low Risk (Limited Data),69.44,False,2,0,0,1,0,0,2,4,1,0,1,0,0,1,12
P416312,Gentle Foaming Face Wash,Skin Laundry,Skincare,1.1562,Low Risk,88.89,False,1,0,0,0,0,0,1,2,1,0,0,0,0,2,7
P416589,Wrinkle Release Facial Sheet Mask,Skin Laundry,Skincare,1.0833,Low Risk (Limited Data),50.0,False,0,0,0,0,0,0,0,1,0,0,1,0,0,0,2
P416588,Wrinkle Release Neck & Chest Sheet Mask,Skin Laundry,Skincare,1.0833,Low Risk (Limited Data),50.0,False,0,0,0,0,0,0,0,1,0,0,1,0,0,0,2
P442840,Barrier+ Triple Lipid-Peptide Face Cream,Skinfix,Skincare,1.0303,Low Risk,71.74,False,1,0,0,0,0,0,1,4,0,0,0,0,0,1,7
P479860,Mini Barrier+ Triple Lipid-Peptide Face Cream,Skinfix,Skincare,1.0303,Low Risk,71.74,False,1,0,0,0,0,0,1,4,0,0,0,0,0,1,7
P442844,Resurface+ Glycolic and Lactic Acid Renewing Body Scrub,Skinfix,Bath & Body,1.0938,Low Risk,82.05,False,2,0,0,0,0,0,0,4,0,0,0,1,0,1,8
P442845,Resurface+ AHA Renewing Body Cream,Skinfix,Bath & Body,1.05,Low Risk,76.92,False,1,0,0,0,0,0,0,3,0,0,0,1,0,1,6
P442836,Barrier+ Foaming Oil Hydrating Cleanser,Skinfix,Skincare,1.0435,Low Risk,79.31,False,1,0,0,0,0,0,1,4,0,0,0,0,0,1,7
P442838,Barrier+ Triple Lipid-Boost 360° Brightening Eye Cream,Skinfix,Skincare,1.0179,Low Risk,80.0,False,1,0,0,0,0,0,0,2,0,0,0,0,0,1,4
P481739,Barrier+ Skin Barrier Niacinamide Restoring Gel Cream,Skinfix,Skincare,1.0333,Low Risk (Limited Data),60.0,False,1,0,0,0,0,0,0,2,0,0,0,0,0,1,4
P442839,Barrier+ Triple Lipid-Peptide Lotion Moisturizer,Skinfix,Skincare,1.0161,Low Risk,79.49,False,1,0,0,0,0,0,0,3,0,0,0,0,0,1,5
P471101,Resurface+ AHA/BHA Niacinamide Exfoliating Pads for Face and Targeted Body,Skinfix,Skincare,1.1471,Low Risk,73.91,False,2,0,0,0,0,0,0,5,0,0,0,0,0,1,8
P442842,Eczema+ Hand Repair Cream,Skinfix,Bath & Body,1.0217,Low Risk,85.19,False,1,0,0,0,0,0,0,2,0,0,0,0,0,1,4
P442843,Eczema+ Dermatitis Face Balm,Skinfix,Skincare,1.0,Low Risk,88.89,False,0,0,0,0,0,0,0,0,0,0,0,0,0,0,0
P503668,Barrier+ Triple Lipid + Collagen + Niacinamide Activating Serum,Skinfix,Skincare,1.0333,Low Risk (Limited Data),54.55,False,1,0,0,0,0,0,0,4,0,0,0,0,0,1,6
P476415,Acne+ 2% BHA + Azelaic Acid + Niacinamide + AHA Cleanser,Skinfix,Skincare,1.1,Low Risk,76.92,False,2,0,0,0,0,0,0,4,0,0,0,0,0,1,7
P479348,Acne+ 2% BHA and Azelaic Acid Acne Spot Treatment,Skinfix,Skincare,1.0278,Low Risk (Limited Data),62.07,False,1,0,0,0,0,0,0,2,0,0,0,0,0,1,4
P442837,Barrier+ Triple Lipid-Hyaluronate Serum,Skinfix,Skincare,1.0179,Low Risk,73.68,False,1,0,0,0,0,0,0,3,0,0,0,0,0,1,5
P505049,barrier+ Triple Lipid + Collagen Brightening Eye Treatment,Skinfix,Skincare,1.0278,Low Risk (Limited Data),56.25,False,1,0,0,0,0,0,0,4,0,0,0,0,0,1,6
P442847,Eczema+ Foaming Oil Body Wash,Skinfix,Bath & Body,1.0238,Low Risk,80.77,False,1,0,0,0,0,0,0,2,0,0,0,0,0,1,4
P450599,Barrier+ Lipid-Boost Body Cream,Skinfix,Bath & Body,1.0185,Low Risk,79.41,False,1,0,0,0,0,0,0,2,0,0,0,0,0,1,4
P442850,Redness Recovery+ Antioxidant Redness Treatment Overnight Mask,Skinfix,Skincare,1.0208,Low Risk (Limited Data),57.14,False,1,0,0,0,0,0,0,2,0,0,0,0,0,1,4
P442846,Eczema+ Extra Strength Body Cream,Skinfix,Bath & Body,1.0217,Low Risk,85.19,False,1,0,0,0,0,0,0,2,0,0,0,0,0,1,4
P446916,Eczema+ Care Kit,Skinfix,Skincare,1.0167,Low Risk,75.0,False,1,0,0,0,0,0,0,2,0,0,0,0,0,1,4
P502169,Barrier+ Besties Hydrating and Nourishing Kit,Skinfix,Skincare,1.0185,Low Risk,70.13,False,1,0,0,0,0,0,1,4,0,0,0,0,0,1,7
P448562,Barrier+ Foaming Clay Cleanser,Skinfix,Skincare,1.0,Low Risk,76.0,False,0,0,0,0,0,0,0,0,0,0,0,0,0,0,0
P442848,Eczema+ Targeted Body Balm,Skinfix,Bath & Body,1.0,Low Risk,80.0,False,0,0,0,0,0,0,0,0,0,0,0,0,0,0,0
P442841,Barrier+ Lip Repair Balm,Skinfix,Skincare,1.0,Low Risk,83.33,False,0,0,0,0,0,0,0,0,0,0,0,0,0,0,0
P442851,Remedy+ 911 Ointment,Skinfix,Bath & Body,1.0,Low Risk,75.0,False,0,0,0,0,0,0,0,0,0,0,0,0,0,0,0
P502192,Acne Away Kit + Salicylic Acid + Azelaic Acid + Niacinamide,Skinfix,Skincare,1.08,Low Risk (Limited Data),69.44,False,2,0,0,0,0,0,0,4,0,0,0,0,0,1,7
P467146,Vanilla Sky Eau de Parfum,SKYLAR,Fragrance,1.375,Insufficient Data,8.33,False,0,0,1,0,0,0,1,0,0,0,0,0,0,0,2
P467147,Vanilla Sky Eau de Parfum Rollerball,SKYLAR,Fragrance,1.375,Insufficient Data,8.33,False,0,0,1,0,0,0,1,0,0,0,0,0,0,0,2
P477240,Eau De Parfum Discovery Set,SKYLAR,Fragrance,1.375,Insufficient Data,2.67,False,0,0,1,0,0,0,1,0,0,0,0,0,0,0,2
P479350,Coconut Cove Eau de Parfum Rollerball,SKYLAR,Fragrance,1.375,Insufficient Data,9.3,False,0,0,1,0,0,0,1,0,0,0,0,0,0,0,2
P479349,Coconut Cove Eau de Parfum,SKYLAR,Fragrance,1.375,Insufficient Data,9.3,False,0,0,1,0,0,0,1,0,0,0,0,0,0,0,2
P502052,Peach Fields Eau de Parfum Rollerball,SKYLAR,Fragrance,1.3333,Insufficient Data,13.64,False,0,0,1,0,0,0,2,1,0,0,0,0,0,0,4
P502076,Peach Fields Eau de Parfum,SKYLAR,Fragrance,1.3333,Insufficient Data,13.64,False,0,0,1,0,0,0,2,1,0,0,0,0,0,0,4
P456975,Salt Air Eau De Parfum,SKYLAR,Fragrance,1.5,Insufficient Data,9.09,False,0,0,1,0,0,0,1,0,0,0,0,0,0,0,2
P476020,Fall Cashmere Eau de Parfum Rollerball,SKYLAR,Fragrance,1.375,Insufficient Data,13.79,False,0,0,1,0,0,0,1,0,0,0,0,0,0,0,2
P476022,Pink Canyon Eau de Parfum Rollerball,SKYLAR,Fragrance,1.5,Insufficient Data,6.25,False,0,0,1,0,0,0,1,0,0,0,0,0,0,0,2
P447529,Capri Summer Eau De Parfum Rollerball,SKYLAR,Fragrance,1.5,Insufficient Data,7.32,False,0,0,1,0,0,0,1,0,0,0,0,0,0,0,2
P476021,Pink Canyon Eau De Parfum,SKYLAR,Fragrance,1.75,Insufficient Data,4.44,False,0,0,1,0,0,0,1,0,0,0,0,0,0,0,2
P476019,Fall Cashmere Eau De Parfum,SKYLAR,Fragrance,1.375,Insufficient Data,13.79,False,0,0,1,0,0,0,1,0,0,0,0,0,0,0,2
P483690,Honeysuckle Dream Eau de Parfum Travel Spray,SKYLAR,Fragrance,1.5,Insufficient Data,5.45,False,0,0,1,0,0,0,1,0,0,0,0,0,0,0,2
P447530,Capri Summer Eau De Parfum,SKYLAR,Fragrance,1.5,Insufficient Data,7.32,False,0,0,1,0,0,0,1,0,0,0,0,0,0,0,2
P456976,Salt Air Eau De Parfum Rollerball,SKYLAR,Mini Size,1.5,Insufficient Data,9.09,False,0,0,1,0,0,0,1,0,0,0,0,0,0,0,2
P483689,Honeysuckle Dream Eau de Parfum,SKYLAR,Fragrance,1.5,Insufficient Data,5.45,False,0,0,1,0,0,0,1,0,0,0,0,0,0,0,2
P447536,Isle Escape Eau De Parfum,SKYLAR,Fragrance,1.5,Insufficient Data,10.0,False,0,0,1,0,0,0,1,0,0,0,0,0,0,0,2
P501787,Fall Cashmere Set,SKYLAR,Fragrance,1.375,Insufficient Data,13.79,False,0,0,1,0,0,0,1,0,0,0,0,0,0,0,2
P470544,Vanilla Sky Candle,SKYLAR,Fragrance,1.5,Insufficient Data,6.67,False,0,0,0,0,0,0,1,0,0,0,0,0,0,0,1
P447535,Isle Escape Eau De Parfum Rollerball,SKYLAR,Fragrance,1.5,Insufficient Data,10.0,False,0,0,1,0,0,0,1,0,0,0,0,0,0,0,2
P477239,Sun Shower Eau De Parfum Rollerball,SKYLAR,Fragrance,1.375,Insufficient Data,7.27,False,0,0,1,0,0,0,1,0,0,0,0,0,0,0,2
P477238,Sun Shower Eau De Parfum,SKYLAR,Fragrance,1.375,Insufficient Data,7.27,False,0,0,1,0,0,0,1,0,0,0,0,0,0,0,2
P481741,Coconut Cove Perfume Set,SKYLAR,Fragrance,1.375,Insufficient Data,9.3,False,0,0,1,0,0,0,1,0,0,0,0,0,0,0,2
P402944,Silk Pillowcase - Standard/Queen,Slip,Skincare,,Insufficient Data,0.0,False,0,0,0,0,0,0,0,0,0,0,0,0,0,0,0
P402943,Silk Pillowcase - King,Slip,Skincare,,Insufficient Data,0.0,False,0,0,0,0,0,0,0,0,0,0,0,0,0,0,0
P467264,Reusable Face Mask,Slip,Hair,,Insufficient Data,0.0,False,0,0,0,0,0,0,0,0,0,0,0,0,0,0,0
P477242,Starlet Crystal Scrunchie Set,Slip,Hair,,Insufficient Data,0.0,False,0,0,0,0,0,0,0,0,0,0,0,0,0,0,0
P477761,Lovely Lashes Contour Sleep Mask,Slip,Skincare,,Insufficient Data,0.0,False,0,0,0,0,0,0,0,0,0,0,0,0,0,0,0
P505038,Silk Pillowcase + Small Slipsilk Scrunchies,Slip,Hair,,Insufficient Data,0.0,False,0,0,0,0,0,0,0,0,0,0,0,0,0,0,0
P409317,Always On Longwear Matte Liquid Lipstick,Smashbox,Makeup,1.0938,Low Risk,84.21,False,4,0,0,0,1,0,0,1,0,0,0,0,0,1,7
P9889,Photo Finish Smooth & Blur Oil-Free Foundation Primer,Smashbox,Makeup,1.25,Low Risk (Limited Data),66.67,False,2,0,0,0,0,0,0,1,0,0,0,0,0,0,3
P19267373,Cover Shot Eye Shadow Palette,Smashbox,Makeup,1.0179,Low Risk,73.68,False,1,0,0,0,0,0,0,0,0,0,0,0,0,0,1
P387426,Step-By-Step Contour Kit,Smashbox,Makeup,1.0909,Low Risk,91.67,False,1,0,0,0,1,0,0,1,0,1,0,0,0,1,5
P292403,Studio Skin 24 Hour Oil-Free Hydra Foundation,Smashbox,Makeup,1.0469,Low Risk,82.05,False,2,0,0,0,0,0,0,2,0,0,0,0,0,1,5
P429909,Cali Contour Face Palette,Smashbox,Makeup,1.0488,Low Risk,82.0,False,3,0,0,0,1,0,0,0,0,1,0,0,0,0,5
P422463,Mini Photo Finish Smooth & Blur Oil-Free Foundation Primer,Smashbox,Mini Size,1.2273,Low Risk,73.33,False,2,0,0,0,0,0,0,1,0,0,0,0,0,0,3
P477826,Smashbox X Becca Under Eye Brightening Corrector,Smashbox,Makeup,1.0484,Low Risk,79.49,False,2,0,0,0,0,0,0,1,0,0,0,0,0,2,5
P447363,Studio Skin 24 Hour Full Coverage Waterproof Foundation,Smashbox,Makeup,1.0,Low Risk,83.87,False,0,0,0,0,0,0,0,0,0,0,0,0,0,0,0
P460019,Halo Healthy Glow Tinted Moisturizer Broad Spectrum SPF 25 with Hyaluronic Acid,Smashbox,Makeup,1.0333,Low Risk,80.36,False,1,0,0,1,0,0,0,1,0,0,0,0,0,1,4
P380998,Always Sharp Longwear Waterproof Kôhl Eyeliner Pencil,Smashbox,Makeup,1.0,Low Risk (Limited Data),68.42,False,0,0,0,0,0,0,0,0,0,0,0,0,0,0,0
P427042,Photo Edit Eye Shadow Trio,Smashbox,Makeup,1.04,Low Risk,92.59,False,2,0,0,0,0,0,0,1,0,0,0,0,0,1,4
P375100,Photo Finish Hydrating Under Eye Primer,Smashbox,Makeup,1.0143,Low Risk (Limited Data),67.31,False,1,0,0,0,0,0,0,1,0,0,0,0,0,1,3
P454512,Always On Cream to Matte Lipstick,Smashbox,Makeup,1.0833,Low Risk,83.33,False,4,0,0,0,0,0,0,1,0,0,0,0,0,0,5
P440044,Studio Skin Flawless Oil-Free 24 Hour Concealer,Smashbox,Makeup,1.0143,Low Risk,92.11,False,1,0,0,0,0,0,0,1,0,0,0,0,0,1,3
P467974,Always On Cream Shadow,Smashbox,Makeup,1.0333,Low Risk,83.33,False,2,0,0,0,0,0,0,0,0,0,0,0,0,0,2
P439936,Gloss Angeles Lip Gloss,Smashbox,Makeup,1.0806,Low Risk,88.57,False,4,0,0,0,0,0,1,1,0,0,0,0,0,0,6
P477825,Smashbox X BECCA Shimmering Skin Perfector Pressed Highlighter,Smashbox,Makeup,1.0417,Low Risk,92.31,False,2,0,0,0,0,0,0,0,0,0,0,0,0,1,3
P284701,Full Exposure Lash Volumizing Mascara,Smashbox,Makeup,1.0395,Low Risk,80.85,False,2,0,0,0,1,0,0,0,0,1,0,0,0,0,4
P429021,Super Fan Lash Lengthening Mascara,Smashbox,Makeup,1.0323,Low Risk (Limited Data),68.89,False,2,0,0,0,0,0,0,2,0,0,0,0,0,1,5
P477824,Smashbox X BECCA Mini Shimmering Skin Perfector Pressed Highlighter,Smashbox,Mini Size,1.0417,Low Risk,92.31,False,2,0,0,0,0,0,0,0,0,0,0,0,0,1,3
P260311,Waterproof Brow Tech To Go Pencil & Gel Brush,Smashbox,Makeup,1.0385,Low Risk,76.47,False,1,0,0,0,0,0,0,1,0,0,0,0,0,1,3
P479989,Mini Photo Finish Primerizer+ Hydrating Face Primer with Hyaluronic Acid,Smashbox,Mini Size,1.06,Low Risk,71.43,False,1,0,0,1,0,0,0,1,0,0,0,0,0,1,4
P479985,Photo Finish Primerizer+ Hydrating Face Primer with Hyaluronic Acid,Smashbox,Makeup,1.06,Low Risk,71.43,False,1,0,0,1,0,0,0,1,0,0,0,0,0,1,4
P454358,Jumbo Photo Finish Smooth & Blur Oil-Free Foundation Primer,Smashbox,Makeup,1.25,Low Risk (Limited Data),66.67,False,2,0,0,0,0,0,0,1,0,0,0,0,0,0,3
P453267,Mindful 5 Nourishing Lip Oil,Smashbox,Makeup,1.125,Low Risk (Limited Data),66.67,False,4,0,0,0,0,0,1,1,0,0,0,0,0,0,6
P417882,Always On Waterproof Gel Eye Liner,Smashbox,Makeup,1.0208,Low Risk,82.76,False,1,0,0,0,0,0,0,0,0,0,0,0,0,0,1
P456374,Halo Fresh Setting & Perfecting Powder,Smashbox,Makeup,1.0208,Low Risk,75.0,False,1,0,0,0,0,0,0,1,0,0,0,0,0,1,3
P479988,Mini Photo Finish Control Mattifying Face Primer with Salicylic Acid,Smashbox,Mini Size,1.0758,Low Risk (Limited Data),67.35,False,2,0,0,1,0,0,0,3,0,0,0,0,0,1,7
P439937,Gloss Angeles Extra Shine Clear Lip Gloss,Smashbox,Makeup,1.0,Low Risk,75.0,False,0,0,0,0,0,0,0,0,0,0,0,0,0,0,0
P479982,Photo Finish Control Mattifying Face Primer with Salicylic Acid,Smashbox,Makeup,1.0758,Low Risk (Limited Data),67.35,False,2,0,0,1,0,0,0,3,0,0,0,0,0,1,7
P500297,Mini Halo Healthy Glow Tinted Moisturizer Broad Spectrum SPF 25 with Hyaluronic Acid,Smashbox,Mini Size,1.0333,Low Risk,76.27,False,1,0,0,1,0,0,0,1,0,0,0,0,0,1,4
P429910,Always On Liquid Eyeliner,Smashbox,Makeup,1.05,Low Risk (Limited Data),66.67,False,0,0,1,0,0,0,0,1,0,0,0,0,0,0,2
P479983,Photo Finish Correct Anti-Redness Face Primer,Smashbox,Makeup,1.0395,Low Risk,74.51,False,1,0,0,1,0,0,0,2,0,0,0,0,0,1,5
P398372,Brow Tech Matte Pencil & Brush,Smashbox,Makeup,1.0217,Low Risk,79.31,False,1,0,0,0,0,0,0,0,0,0,0,0,0,0,1
P479986,Mini Photo Finish Correct Anti-Redness Face Primer,Smashbox,Mini Size,1.0395,Low Risk,74.51,False,1,0,0,1,0,0,0,2,0,0,0,0,0,1,5
P501284,Halo Sheer To Stay Cream Cheek + Lip Tint,Smashbox,Makeup,1.0455,Low Risk,89.19,False,3,0,0,0,0,0,0,1,0,0,0,0,0,1,5
P479987,Mini Photo Finish Illuminate Glow Face Primer,Smashbox,Mini Size,1.0385,Low Risk (Limited Data),69.64,False,1,0,0,1,0,0,0,2,0,0,0,0,0,1,5
P479984,Photo Finish Illuminate Glow Face Primer,Smashbox,Makeup,1.0385,Low Risk (Limited Data),69.64,False,1,0,0,1,0,0,0,2,0,0,0,0,0,1,5
P482744,Mini Photo Finish Revitalize 8-in-1 Primer Essence,Smashbox,Makeup,1.1,Low Risk,74.07,False,1,0,0,0,0,0,3,4,0,0,0,0,0,1,9
P502061,Photo Finish Endurance Breathable Setting Spray,Smashbox,Makeup,1.0833,Low Risk,81.82,False,1,0,0,1,0,0,0,1,0,0,0,0,0,1,4
P502009,Mini Photo Finish Endurance Breathable Setting Spray,Smashbox,Mini Size,1.0833,Low Risk,81.82,False,1,0,0,1,0,0,0,1,0,0,0,0,0,1,4
P482743,Photo Finish Revitalize 8-in-1 Primer Essence,Smashbox,Makeup,1.1,Low Risk,74.07,False,1,0,0,0,0,0,3,4,0,0,0,0,0,1,9
P503218,Skin Obsessed Color-Correcting Primer Set,Smashbox,Makeup,1.0652,Low Risk,73.02,False,1,0,0,1,0,0,3,5,0,0,0,0,0,1,11
P504170,On-Set Essentials: Primer + Setting Spray Trio Set,Smashbox,Makeup,1.09,Low Risk,79.37,False,3,0,0,1,0,0,0,2,0,0,0,0,0,2,8
P447213,4.5% Retinol Serum,SOBEL SKIN Rx,Skincare,1.0625,Low Risk,80.0,False,2,0,0,0,0,0,0,3,0,0,0,0,1,1,7
P451748,15% Niacinamide Gel Serum,SOBEL SKIN Rx,Skincare,1.0,Low Risk,90.91,False,0,0,0,0,0,0,0,1,0,0,0,0,0,0,1
P451745,30% Glycolic Acid Peel Concentrate,SOBEL SKIN Rx,Skincare,1.125,Low Risk,85.71,False,1,0,1,0,0,0,0,3,0,0,0,0,0,1,6
P451750,Oligo Peptide Eye Cream,SOBEL SKIN Rx,Skincare,1.0238,Low Risk (Limited Data),55.26,False,1,0,0,0,0,0,0,3,0,0,0,0,0,1,5
P477706,35% Vitamin C Fusion Serum,SOBEL SKIN Rx,Skincare,1.025,Low Risk,74.07,False,1,0,0,0,0,0,0,2,0,0,0,0,0,1,4
P504698,Bio Hyaluronic Moisturizer Cream,SOBEL SKIN Rx,Skincare,1.0185,Low Risk,77.14,False,1,0,0,0,0,0,0,3,0,0,0,0,0,1,5
P406080,Brazilian Bum Bum Body Cream,Sol de Janeiro,Bath & Body,1.3226,Low Risk,75.61,True,1,0,0,0,0,1,9,10,0,0,0,0,1,1,23
P444048,Bum Bum Jet Set,Sol de Janeiro,Bath & Body,1.3333,Low Risk (Limited Data),67.35,True,1,0,1,1,0,1,5,6,3,0,0,0,1,2,21
P421481,Mini Brazilian Crush Body Fragrance Mist,Sol de Janeiro,Mini Size,1.6923,Medium Risk,100.0,False,0,0,1,0,0,0,10,9,0,0,0,0,0,0,20
P417312,Brazilian Crush Cheirosa ’62 Bum Bum Hair & Body Fragrance Mist,Sol de Janeiro,Fragrance,1.6923,Medium Risk,100.0,False,0,0,1,0,0,0,10,9,0,0,0,0,0,0,20
P425318,Mini Brazilian Bum Bum Cream,Sol de Janeiro,Mini Size,1.3226,Low Risk,75.61,True,1,0,0,0,0,1,9,10,0,0,0,0,1,1,23
P472072,Brazilian Crush Cheirosa ’40 Bom Dia Hair & Body Fragrance Mist,Sol de Janeiro,Fragrance,1.375,Low Risk,100.0,False,0,0,1,0,0,0,1,0,0,0,0,0,0,0,2
P442821,Glowmotions Glow Body Oil,Sol de Janeiro,Bath & Body,1.3043,Low Risk,79.31,True,1,0,0,1,0,1,4,5,0,0,0,0,1,1,14
P411862,Brazilian 4 Play Moisturizing Shower Cream-Gel,Sol de Janeiro,Bath & Body,1.25,Low Risk,82.76,False,1,0,0,0,0,0,5,6,1,0,0,0,0,2,15
P483156,Brazilian Crush Cheirosa ’68 Beija Flor Hair & Body Fragrance Mist,Sol de Janeiro,Fragrance,1.0938,Low Risk,80.0,False,1,0,0,0,0,0,3,5,0,0,0,0,0,1,10
P482745,Mini Brazilian Crush Cheirosa ’68 Beija Flor Hair & Body Fragrance Mist,Sol de Janeiro,Mini Size,1.0938,Low Risk,80.0,False,1,0,0,0,0,0,3,5,0,0,0,0,0,1,10
P482316,Beija Flor Elasti-Cream with Collagen and Squalane,Sol de Janeiro,Bath & Body,1.0938,Low Risk,80.0,False,1,0,0,0,0,0,3,5,0,0,0,0,0,1,10
P463959,Brazilian Crush Cheirosa ’71 Hair & Body Fragrance Mist,Sol de Janeiro,Fragrance,1.4,Low Risk,100.0,False,0,0,1,0,0,0,2,1,0,0,0,0,0,0,4
P470125,Bom Dia Bright Body Cream with Vitamin C,Sol de Janeiro,Bath & Body,1.1154,Low Risk,72.22,False,2,0,0,0,0,0,2,3,0,0,0,0,0,1,8
P503931,Bum Bum Firmeza Firming & Debloating Body Oil,Sol de Janeiro,Bath & Body,1.4722,Low Risk (Limited Data),66.67,False,0,0,0,0,0,0,10,10,0,0,0,0,0,0,20
P459306,Bum Bum Body Scrub,Sol de Janeiro,Bath & Body,1.2083,Low Risk,80.0,False,1,0,0,0,0,0,5,5,0,0,0,0,0,1,12
P415747,Brazilian Kiss Cupuaçu Lip Butter,Sol de Janeiro,Skincare,1.0,Insufficient Data,7.69,False,0,0,0,0,0,0,0,0,0,0,0,0,0,0,0
P500027,Brazilian Joia  Milky Leave-In Conditioner,Sol de Janeiro,Hair,1.3095,Low Risk,75.0,False,1,0,0,0,0,0,6,7,0,0,0,0,0,1,15
P479990,Brazilian Glossy Nourishing Anti-Frizz Hair Oil,Sol de Janeiro,Hair,1.3929,Low Risk,70.0,False,0,0,0,0,0,0,6,5,0,0,0,0,0,0,11
P482317,Mini Beija Flor Elasti-Cream with Collagen and Squalane,Sol de Janeiro,Bath & Body,1.0938,Low Risk,80.0,False,1,0,0,0,0,0,3,5,0,0,0,0,0,1,10
P472187,Rio Deo Aluminum-Free Refillable Deodorant Cheirosa '62,Sol de Janeiro,Bath & Body,1.3824,Low Risk (Limited Data),62.96,False,0,0,0,0,0,0,6,6,0,0,0,1,0,0,13
P448211,Coco Cabana Intense Hydration Body Cream,Sol de Janeiro,Bath & Body,1.1176,Low Risk,70.83,False,1,0,0,0,0,0,2,3,0,0,0,0,0,1,7
P470126,Mini Bom Dia Bright Body Cream,Sol de Janeiro,Bath & Body,1.1154,Low Risk,72.22,False,2,0,0,0,0,0,2,3,0,0,0,0,0,1,8
P457858,Coco Cabana Jet Set,Sol de Janeiro,Bath & Body,1.0862,Low Risk,78.38,False,1,0,1,0,0,0,2,3,0,0,0,0,0,1,8
P406081,Samba 2-Step Foot Fetish Care,Sol de Janeiro,Bath & Body,1.1786,Low Risk,82.35,False,1,0,0,0,0,0,1,2,0,0,1,0,0,1,6
P467265,Triple Brazilian Butter Hair Repair Treatment Mask,Sol de Janeiro,Hair,1.2759,Low Risk,78.38,True,0,0,1,0,0,1,5,6,0,0,0,0,1,0,14
P501775,Bom Dia Bright Clarifying AHA BHA Body Wash,Sol de Janeiro,Bath & Body,1.2619,Low Risk (Limited Data),65.62,False,2,0,0,0,0,0,2,5,1,0,0,0,0,2,12
P476427,Brazilian Touch Hand Cream,Sol de Janeiro,Bath & Body,1.2692,Low Risk,74.29,True,1,0,0,0,0,1,5,6,0,0,0,0,1,1,15
P501809,Bom Dia Body Scrub 10% AHA BHA Resurfacing Complex + Crushed Maracujá Seeds,Sol de Janeiro,Bath & Body,1.1607,Low Risk (Limited Data),68.29,False,2,0,0,0,0,0,1,5,0,0,0,1,0,0,9
P449168,Coco Cabana Body Cream - With New Coconut Scent and Plush Moisture Mini,Sol de Janeiro,Bath & Body,1.1176,Low Risk,70.83,False,1,0,0,0,0,0,2,3,0,0,0,0,0,1,7
P447775,Brazilian 4 Play Moisturizing Shower Cream-Gel Mini,Sol de Janeiro,Bath & Body,1.4,Low Risk,74.07,True,1,0,0,0,0,1,5,6,1,0,0,0,1,2,17
P503113,SOL Cheirosa '62 Eau de Parfum,Sol de Janeiro,Fragrance,1.5312,Medium Risk,100.0,False,3,0,1,1,0,0,7,6,0,0,0,0,0,0,18
P457275,Coco Cabana Moisturizing Body Cream-Cleanser,Sol de Janeiro,Bath & Body,1.125,Low Risk,75.0,False,1,0,0,0,0,0,1,1,0,0,0,0,0,1,4
P504143,Rio Deo Aluminum-Free Deodorant Cheirosa '40,Sol de Janeiro,Bath & Body,1.1923,Low Risk (Limited Data),54.17,False,0,0,0,0,0,0,2,2,0,0,0,1,0,0,5
P503096,Mini SOL Cheirosa 62 Eau de Parfum,Sol de Janeiro,Mini Size,1.5312,Medium Risk,100.0,False,3,0,1,1,0,0,7,6,0,0,0,0,0,0,18
P457276,Mini Coco Cabana Moisturizing Body Cream-Cleanser,Sol de Janeiro,Bath & Body,1.125,Low Risk,75.0,False,1,0,0,0,0,0,1,1,0,0,0,0,0,1,4
P505159,Mini Rio Radiance Perfume Mist,Sol de Janeiro,Mini Size,1.625,Medium Risk,100.0,False,0,0,1,0,0,0,9,8,0,0,0,0,0,0,18
P505154,Rio Radiance Perfume Mist,Sol de Janeiro,Fragrance,1.625,Medium Risk,100.0,False,0,0,1,0,0,0,9,8,0,0,0,0,0,0,18
P505355,Brazilian Joia Strengthening + Smoothing Shampoo,Sol de Janeiro,Hair,1.2812,Low Risk,71.11,False,1,0,0,0,0,0,7,9,2,0,0,0,0,2,21
P505372,Brazilian Joia Strengthening + Smoothing Conditioner,Sol de Janeiro,Hair,1.3387,Low Risk,72.09,False,1,0,1,0,0,0,7,12,1,0,0,0,0,1,23
P505341,Mini Brazilian Joia Strengthening + Smoothing Shampoo,Sol de Janeiro,Hair,1.2812,Low Risk,71.11,False,1,0,0,0,0,0,7,9,2,0,0,0,0,2,21
P505352,Mini Brazilian Joia Strengthening + Smoothing Conditioner,Sol de Janeiro,Hair,1.3387,Low Risk,72.09,False,1,0,1,0,0,0,7,12,1,0,0,0,0,1,23
P504508,Set + Protect Makeup Setting Spray SPF 30 with Hyaluronic Acid,Soleil Toujours,Makeup,1.0833,Insufficient Data,35.29,False,1,0,1,0,0,0,0,0,0,0,0,0,0,0,2
P504517,Brightening Eye Cream Mineral SPF 15 with Peptides,Soleil Toujours,Skincare,1.0161,Low Risk,75.61,False,1,0,0,0,0,0,0,2,0,0,0,0,0,1,4
P504509,Hydra Lip Masque Mineral SPF 15 with Peptides,Soleil Toujours,Skincare,1.0417,Low Risk,85.71,False,0,0,0,0,0,0,1,3,0,0,0,0,0,1,5
P504513,Tinted Glow Lotion Mineral SPF 50,Soleil Toujours,Bath & Body,1.05,Low Risk (Limited Data),62.5,False,0,0,0,0,0,0,1,0,0,0,0,0,0,0,1
P504515,Daily Defense Moisturizer Mineral SPF 60 with Vitamin C,Soleil Toujours,Skincare,1.2424,Low Risk (Limited Data),44.59,False,1,0,0,0,0,0,10,12,0,0,0,0,0,1,24
P504510,Clean Conscious Body Sunscreen Mist with Vitamin C,Soleil Toujours,Bath & Body,1.2,Low Risk (Limited Data),62.5,False,1,0,1,0,0,0,1,0,0,0,0,0,0,0,3
P504519,Daily Defense Mineral Body Lotion SPF 30,Soleil Toujours,Bath & Body,1.2258,Low Risk,81.58,False,1,0,0,0,0,0,8,9,0,0,0,0,0,1,19
P481831,Tan Tonic Glow Drops,St. Tropez,Skincare,1.3478,Low Risk,82.14,False,1,0,0,0,0,0,9,9,0,0,0,0,0,2,21
P407450,Self Tan Classic Bronzing Mousse,St. Tropez,Skincare,1.3889,Low Risk,90.0,True,2,0,0,0,0,1,9,10,0,0,0,0,1,2,25
P481830,Self-Tan Luxe Whipped Crème Mousse,St. Tropez,Skincare,1.2903,Low Risk,73.81,False,2,0,0,0,0,0,10,11,0,0,0,0,0,2,25
P407448,Self Tan Express Bronzing Mousse,St. Tropez,Skincare,1.2,Low Risk,86.96,False,2,0,0,0,0,0,3,5,0,0,0,0,0,2,12
P456206,Self Tan Purity Vitamins Bronzing Water Body Mist,St. Tropez,Skincare,1.25,Low Risk (Limited Data),61.54,False,1,0,0,0,0,0,5,7,0,0,0,0,0,1,14
P432262,Self Tan Purity Bronzing Water Face Mist,St. Tropez,Skincare,1.4167,Low Risk,88.89,True,1,0,0,0,0,1,9,10,0,0,0,0,1,2,24
P481832,Gradual Tan Watermelon Daily Firming Lotion,St. Tropez,Skincare,1.16,Low Risk (Limited Data),67.57,False,1,0,0,0,0,0,4,5,0,0,0,0,0,1,11
P429683,Self Tan Purity Bronzing Water Mousse,St. Tropez,Skincare,1.2857,Low Risk,77.78,False,1,0,0,0,0,0,5,5,0,0,0,0,0,2,13
P407452,Self Tan Dark Bronzing Mousse,St. Tropez,Bath & Body,1.4038,Low Risk,86.67,True,2,0,0,0,0,1,9,11,0,0,0,0,1,2,26
P442747,Self Tan Purity Water Gel,St. Tropez,Skincare,1.2391,Low Risk,82.14,False,1,0,0,0,0,0,6,7,0,0,0,0,0,2,16
P456204,Purity Tanning Waters Mini Kit,St. Tropez,Skincare,1.2632,Low Risk,82.61,False,1,0,0,0,0,0,6,6,0,0,0,0,0,2,15
P456401,Self Tan Express Bronzing Gel,St. Tropez,Skincare,1.3846,Low Risk,81.25,False,2,0,0,0,0,0,11,11,0,0,0,0,0,2,26
P456203,Self Tan Express Starter Kit,St. Tropez,Skincare,1.3654,Low Risk,86.67,False,2,0,0,0,0,0,10,12,0,0,0,0,0,2,26
P482318,Gradual Tan Tinted Daily Firming Lotion,St. Tropez,Skincare,1.1833,Low Risk,73.17,False,2,0,0,0,0,0,6,6,0,0,0,0,0,1,15
P409602,Self Tan Classic Bronzing Mist,St. Tropez,Bath & Body,1.6458,Medium Risk,80.0,True,2,0,1,2,0,2,10,11,0,0,0,0,1,2,31
P407201,Self Tan Classic Bronzing Lotion,St. Tropez,Bath & Body,1.3548,Low Risk,91.18,True,2,0,0,0,0,1,10,11,0,0,0,0,1,2,27
P504785,Luxe Body Serum,St. Tropez,Bath & Body,1.3077,Low Risk,92.86,False,1,0,0,0,0,0,9,10,0,0,0,0,0,2,22
P471796,Self Tan Kit,St. Tropez,Bath & Body,1.3889,Low Risk,90.0,True,2,0,0,0,0,1,9,10,0,0,0,0,1,2,25
P483691,Gradual Tan Classic Daily Youth Boosting Cream,St. Tropez,Skincare,1.1852,Low Risk (Limited Data),61.36,False,1,0,0,0,0,0,6,6,0,0,0,0,0,1,14
P63087293,Glitter & Glow Liquid Eye Shadow,stila,Makeup,1.1,Low Risk,83.33,False,2,1,0,0,0,0,0,1,0,0,1,0,0,1,6
P253818,Stay All Day Waterproof Liquid Eye Liner,stila,Makeup,1.3333,Low Risk (Limited Data),69.23,False,2,0,1,2,0,0,0,1,0,0,0,0,0,1,7
P427385,Shimmer & Glow Liquid Eye Shadow,stila,Makeup,1.0789,Low Risk,95.0,False,2,1,0,0,0,0,0,1,0,0,1,0,0,1,6
P261621,Smudge Stick Waterproof Eye Liner,stila,Makeup,1.0312,Low Risk (Limited Data),66.67,False,0,0,0,0,0,0,0,0,0,0,0,0,0,0,0
P269019,One Step Correct,stila,Makeup,1.1184,Low Risk,71.7,False,3,0,0,2,0,0,0,2,0,0,0,0,0,1,8
P406281,Correct & Perfect All-In-One Color Correcting Palette,stila,Makeup,1.0645,Low Risk,86.11,False,3,0,0,0,0,0,0,1,0,0,0,0,0,1,5
P429008,Stay All Day Waterproof Liquid Eye Liner - Micro Tip,stila,Makeup,1.2083,Low Risk,70.59,False,2,0,0,2,0,0,0,2,0,0,0,0,0,1,7
P397901,Huge Extreme Lash Mascara,stila,Makeup,1.0682,Low Risk,75.86,False,1,0,0,0,0,0,0,3,0,0,1,0,0,1,6
P466152,Stay All Day Dual-Ended Waterproof Liquid Eye Liner,stila,Makeup,1.375,Low Risk (Limited Data),61.54,False,2,0,1,2,0,0,0,1,0,0,0,0,0,1,7
P482319,Mini Stay All Day Waterproof Liquid Eye Liner,stila,Mini Size,1.3333,Low Risk (Limited Data),69.23,False,2,0,1,2,0,0,0,1,0,0,0,0,0,1,7
P504316,Glisten & Glow Liquid Eye Shadow,stila,Makeup,1.1,Low Risk,88.24,False,2,1,0,0,0,0,0,1,0,0,1,0,0,1,6
P474113,TL Advanced  Tightening Neck Cream PLUS for Firming & Brightening,StriVectin,Skincare,1.1064,Low Risk (Limited Data),67.14,False,2,0,0,1,0,0,3,5,0,0,0,0,0,1,12
P474117,Mini TL Advanced  Tightening Neck Cream PLUS for Firming & Brightening,StriVectin,Skincare,1.1064,Low Risk (Limited Data),67.14,False,2,0,0,1,0,0,3,5,0,0,0,0,0,1,12
P474110,Super-C Retinol Brighten & Correct Vitamin C Serum,StriVectin,Skincare,1.2051,Low Risk,79.59,False,3,0,0,1,0,0,7,9,0,0,0,0,1,1,22
P474121,SD Advanced  PLUS Intensive Moisturizer For Wrinkles & Stretch Marks,StriVectin,Skincare,1.0556,Low Risk (Limited Data),63.38,False,0,0,0,0,0,0,1,2,0,0,1,0,0,0,4
P474109,Daily Reveal  Exfoliating Face Pads with AHA + BHA + PHA + TXA,StriVectin,Skincare,1.1087,Low Risk (Limited Data),56.1,False,1,0,1,0,0,0,1,5,0,0,0,0,0,0,8
P474122,Advanced Retinol Nightly Renewal Face Moisturizer with Retinol,StriVectin,Skincare,1.1146,Low Risk,73.85,False,2,0,0,1,0,0,2,6,0,0,1,0,1,1,14
P474119,Line BlurFector  Instant Wrinkle Blurring Face Primer,StriVectin,Makeup,1.1429,Low Risk,87.5,False,1,0,0,1,0,0,1,1,0,0,0,0,0,1,5
P474111,Super-C SPF 30 Vitamin C Face Moisturizer,StriVectin,Skincare,1.1765,Low Risk,72.34,False,1,0,0,0,0,0,6,7,0,0,1,0,0,1,16
P480191,Contour Restore Tightening & Sculpting Moisturizing Face Cream,StriVectin,Skincare,1.1053,Low Risk (Limited Data),66.67,False,1,0,0,0,0,0,4,6,0,0,0,0,0,1,12
P474116,Peptight  360˚ Tightening Eye Serum,StriVectin,Skincare,1.0147,Low Risk (Limited Data),69.39,False,1,0,0,0,0,0,0,2,0,0,0,0,0,1,4
P474115,Peptight  Tightening & Brightening Face Serum,StriVectin,Skincare,1.1327,Low Risk (Limited Data),64.47,False,1,0,0,0,0,0,6,7,0,0,1,0,0,1,16
P474107,Hyaluronic Tripeptide Gel-Cream for Eyes,StriVectin,Skincare,1.18,Low Risk,75.76,False,3,0,0,1,0,0,9,11,0,0,0,0,0,1,25
P481743,Peptight Tightening Neck Serum Roller,StriVectin,Skincare,1.0854,Low Risk,73.21,False,0,0,0,0,0,0,3,3,0,0,1,0,0,0,7
P481742,Advanced Retinol Daily Repair Face Moisturizer Broad Spectrum SPF 30,StriVectin,Skincare,1.125,Low Risk (Limited Data),68.97,False,1,0,0,1,0,0,3,4,0,0,1,0,1,0,11
P504050,Advanced Retinol Nightly Multi Correct Serum,StriVectin,Skincare,1.0682,Low Risk,70.97,False,1,0,0,1,0,0,0,2,0,0,1,0,1,0,6
P474118,Intensive Eye Cream Concentrate for Wrinkles PLUS,StriVectin,Skincare,1.0312,Low Risk,75.0,False,1,0,0,0,0,0,0,4,0,0,1,0,0,1,7
P502758,Super-C Dark Circle Brightening Eye Serum,StriVectin,Skincare,1.0185,Low Risk (Limited Data),60.0,False,1,0,0,0,0,0,0,3,0,0,0,0,0,1,5
P474124,Crepe Control  Tightening Body Cream,StriVectin,Bath & Body,1.1098,Low Risk (Limited Data),64.06,False,1,0,0,0,0,0,3,6,0,0,1,0,0,1,12
P474125,The Gamechangers,StriVectin,Skincare,1.0779,Low Risk (Limited Data),59.23,False,2,0,0,1,0,0,3,6,0,0,1,0,0,1,14
P474123,Crepe Control  Exfoliating Body Scrub,StriVectin,Bath & Body,1.1071,Low Risk,76.36,False,1,0,0,0,0,0,3,5,0,0,0,0,0,2,11
P474114,Power Starters Tightening Trio,StriVectin,Skincare,1.1105,Low Risk (Limited Data),63.7,False,2,0,0,1,0,0,7,10,0,0,1,0,0,1,22
P505378,Multi Action Clear Acne Control 30-Day Trial Kit,StriVectin,Skincare,1.1531,Low Risk (Limited Data),64.47,False,1,0,1,0,0,0,6,7,0,0,0,0,0,0,15
P505381,Multi Action Clear Gentle Daily Brightening & Retexturizing Toner for Acne and Breakouts,StriVectin,Skincare,1.2778,Low Risk (Limited Data),60.0,False,1,0,1,0,0,0,4,4,0,0,0,0,0,0,10
P505392,Multi Action Clear Acne Clearing Treatment Lotion for Breakouts,StriVectin,Skincare,1.1607,Low Risk,71.79,False,0,0,0,0,0,0,5,5,0,0,0,0,0,0,10
P505379,Multi Action Clear Gentle Daily Clarifying Cleanser for Acne and Breakouts,StriVectin,Skincare,1.2174,Low Risk,76.67,False,1,0,0,0,0,0,4,5,0,0,0,0,0,0,10
P469538,Anti-Aging First Care Activating Serum,Sulwhasoo,Skincare,1.2586,Low Risk (Limited Data),52.73,False,0,0,1,1,0,0,6,9,0,0,1,0,0,0,18
P476729,Mini First Care Activating Serum,Sulwhasoo,Skincare,1.2586,Low Risk (Limited Data),52.73,False,0,0,1,1,0,0,6,9,0,0,1,0,0,0,18
P505346,First Care Activating Serum 25th Anniversary Limited Edition,Sulwhasoo,Skincare,1.2586,Low Risk (Limited Data),52.73,False,0,0,1,1,0,0,6,9,0,0,1,0,0,0,18
P450633,Gentle Cleansing Oil Makeup Remover,Sulwhasoo,Skincare,1.1538,Low Risk (Limited Data),48.15,False,0,0,0,0,0,0,3,2,0,0,0,0,0,0,5
P476730,Mini Gentle Cleansing Oil Makeup Remover,Sulwhasoo,Skincare,1.1538,Low Risk (Limited Data),48.15,False,0,0,0,0,0,0,3,2,0,0,0,0,0,0,5
P481833,Concentrated Ginseng Renewing Cream,Sulwhasoo,Skincare,1.1786,Low Risk (Limited Data),58.95,False,3,0,1,1,1,0,7,10,0,0,0,0,1,1,25
P469537,Bestsellers Trial Kit,Sulwhasoo,Skincare,1.1641,Low Risk (Limited Data),52.03,False,2,0,1,1,0,0,7,10,1,0,1,0,0,2,25
P450632,Gentle Cleansing Foam Hydrating Makeup Remover,Sulwhasoo,Skincare,1.2059,Low Risk (Limited Data),53.12,False,1,0,0,0,0,0,3,4,1,0,0,0,0,1,10
P476731,Mini Gentle Cleansing Foam Hydrating Makeup Remover,Sulwhasoo,Skincare,1.2059,Low Risk (Limited Data),53.12,False,1,0,0,0,0,0,3,4,1,0,0,0,0,1,10
P483708,Mini Essential Comfort Firming Cream,Sulwhasoo,Skincare,1.1818,Low Risk (Limited Data),63.46,False,0,0,0,0,1,0,7,7,0,0,0,0,0,0,15
P483692,Essential Comfort Firming Cream,Sulwhasoo,Skincare,1.1818,Low Risk (Limited Data),63.46,False,0,0,0,0,1,0,7,7,0,0,0,0,0,0,15
P502395,Concentrated Ginseng Renewing Serum,Sulwhasoo,Skincare,1.1667,Low Risk (Limited Data),65.45,False,2,0,1,1,0,0,3,5,0,0,1,0,1,1,15
P475172,Overnight Vitalizing Mask,Sulwhasoo,Skincare,1.175,Low Risk (Limited Data),63.49,False,0,0,0,0,1,0,7,8,0,0,1,0,0,0,17
P481834,Concentrated Ginseng Renewing Cream Classic,Sulwhasoo,Skincare,1.0658,Low Risk (Limited Data),69.09,False,1,0,0,0,0,0,3,4,0,0,0,0,0,1,9
P481835,Mini Concentrated Ginseng Renewing Cream,Sulwhasoo,Mini Size,1.0658,Low Risk (Limited Data),69.09,False,1,0,0,0,0,0,3,4,0,0,0,0,0,1,9
P463110,Clarifying Peel Off Mask,Sulwhasoo,Skincare,1.1667,Low Risk (Limited Data),50.0,False,0,0,1,0,0,0,3,3,0,0,0,0,0,0,7
P502393,Mini Concentrated Ginseng Renewing Serum,Sulwhasoo,Mini Size,1.1667,Low Risk (Limited Data),65.45,False,2,0,1,1,0,0,3,5,0,0,1,0,1,1,15
P483694,Essential Comfort Balancing Water,Sulwhasoo,Skincare,1.1765,Low Risk (Limited Data),44.74,False,1,0,1,0,0,0,3,4,0,0,0,0,0,0,9
P463109,Overnight Vitalizing Sleeping Mask,Sulwhasoo,Skincare,1.175,Low Risk (Limited Data),63.49,False,0,0,0,0,1,0,7,8,0,0,1,0,0,0,17
P502448,Concentrated Ginseng Renewing Eye Cream,Sulwhasoo,Skincare,1.1176,Low Risk (Limited Data),61.82,False,1,0,0,1,0,0,3,3,0,0,0,0,1,0,9
P483693,Essential Comfort Moisture Cream,Sulwhasoo,Skincare,1.2031,Low Risk (Limited Data),64.0,False,0,0,0,0,1,0,6,7,0,0,1,0,0,0,15
P501175,White Ginseng Radiance Refining Mask,Sulwhasoo,Skincare,1.2059,Low Risk (Limited Data),50.0,False,1,0,1,0,0,0,2,4,0,0,1,0,0,1,10
P483086,Essential Comfort Balancing Emulsion,Sulwhasoo,Skincare,1.1765,Low Risk (Limited Data),61.82,False,0,0,1,0,0,0,6,7,0,0,1,0,0,0,15
P502474,Concentrated Ginseng Renewing Rescue Ampoule,Sulwhasoo,Skincare,1.1042,Low Risk (Limited Data),55.81,False,1,0,0,1,0,0,1,3,0,0,0,0,0,1,7
P502381,Concentrated Ginseng Renewing Sheet Masks,Sulwhasoo,Skincare,1.0897,Low Risk (Limited Data),60.94,False,1,0,0,0,1,0,3,4,0,0,0,0,0,1,10
P505270,First Care Radiance Set,Sulwhasoo,Skincare,1.2,Low Risk (Limited Data),50.85,False,2,0,1,1,1,0,8,11,1,0,1,0,0,2,28
P429952,Jet Lag Mask,Summer Fridays,Skincare,1.0179,Low Risk,84.85,False,1,0,0,0,0,0,0,3,0,0,0,0,0,1,5
P480630,Mini Jet Lag Mask,Summer Fridays,Skincare,1.0179,Low Risk,84.85,False,1,0,0,0,0,0,0,3,0,0,0,0,0,1,5
P501777,Sheer Skin Tint with Hyaluronic Acid + Squalane,Summer Fridays,Makeup,1.0152,Low Risk,86.84,False,1,0,0,0,0,0,0,2,0,0,0,0,0,1,4
P455936,Lip Butter Balm,Summer Fridays,Skincare,1.0385,Low Risk,76.47,False,0,0,0,0,0,0,1,1,0,0,0,0,0,0,2
P449180,CC Me Vitamin C + Niacinamide Serum,Summer Fridays,Skincare,1.1731,Low Risk (Limited Data),65.0,False,1,0,0,0,0,0,4,6,0,0,0,0,0,1,12
P466153,Cloud Dew Gel Cream Moisturizer,Summer Fridays,Skincare,1.0,Low Risk,75.0,False,0,0,0,0,0,0,0,1,0,0,0,0,0,0,1
P479125,Mini Cloud Dew Oil-Free Gel Cream,Summer Fridays,Skincare,1.0,Low Risk,75.0,False,0,0,0,0,0,0,0,1,0,0,0,0,0,0,1
P436387,Overtime Mask,Summer Fridays,Skincare,1.1154,Low Risk (Limited Data),44.83,False,1,0,0,0,0,0,1,3,0,0,0,0,0,1,6
P469189,Summer Silk Nourishing Body Lotion,Summer Fridays,Bath & Body,1.0735,Low Risk,72.34,False,1,0,0,0,0,0,2,3,0,0,0,0,0,1,7
P440504,R + R Mask,Summer Fridays,Skincare,1.0455,Low Risk (Limited Data),64.71,False,1,0,0,0,0,0,0,2,0,0,0,0,0,1,4
P482074,Dream Oasis Deep Hydration Serum,Summer Fridays,Skincare,1.0135,Low Risk,84.09,False,0,0,0,0,0,0,0,1,0,0,0,0,0,0,1
P480192,Light Aura Vitamin C + Peptide Eye Cream,Summer Fridays,Skincare,1.0111,Low Risk,80.36,False,0,0,0,0,0,0,1,2,0,0,0,0,0,0,3
P455242,Super Amino Gel Cleanser,Summer Fridays,Skincare,1.0926,Low Risk,87.1,False,0,0,0,0,0,0,2,1,1,0,0,0,0,1,5
P471283,Babymoon Belly Balm,Summer Fridays,Bath & Body,1.1429,Low Risk,70.0,False,0,0,0,0,0,0,1,2,0,0,0,0,0,1,4
P503827,Midnight Ritual Retinol Renewal Serum,Summer Fridays,Skincare,1.0303,Low Risk,86.84,False,1,0,0,0,0,0,0,0,0,0,0,0,1,0,2
P476028,Heavenly Sixteen All-In-One Face Oil,Summer Fridays,Skincare,1.0,Insufficient Data,36.84,False,0,0,0,0,0,0,0,0,0,0,0,0,0,0,0
P472333,ROOT REFRESH Micellar Rinse with Apple Cider Vinegar,SUNDAY II SUNDAY,Hair,1.1667,Low Risk,70.59,False,1,0,0,0,0,0,1,2,0,0,0,0,0,1,5
P472335,REVIVE ME Daily Moisturizing Spray,SUNDAY II SUNDAY,Hair,1.1667,Low Risk (Limited Data),63.16,False,1,0,0,0,0,0,1,3,0,0,0,0,0,1,6
P472334,SOOTHE ME Daily Scalp Serum for Dry Scalp Relief,SUNDAY II SUNDAY,Hair,1.1429,Low Risk,70.0,False,1,0,0,0,0,0,1,3,0,0,0,0,0,2,7
P472337,HAIR FLOURISH Vegan Biotin Gummies,SUNDAY II SUNDAY,Hair,1.0,Insufficient Data,30.0,False,0,0,0,0,0,0,0,0,0,0,0,0,0,0,0
P472336,"Hair Flourish, Biotin Infused Scalp Serum",SUNDAY II SUNDAY,Hair,1.1111,Low Risk (Limited Data),56.25,False,0,0,0,0,0,0,1,0,0,0,0,0,0,0,1
P472340,Tea Tree Essential Oil,SUNDAY II SUNDAY,Hair,,Insufficient Data,0.0,False,0,0,0,0,0,0,0,0,0,0,0,0,0,0,0
P472339,Peppermint Essential Oil,SUNDAY II SUNDAY,Hair,,Insufficient Data,0.0,False,0,0,0,0,0,0,0,0,0,0,0,0,0,0,0
P502217,"Minis, Post Gym Hair Kit for Travel and Workout Bags",SUNDAY II SUNDAY,Hair,1.0968,Low Risk (Limited Data),58.49,False,1,0,0,0,0,0,1,5,0,0,0,0,0,2,9
P472338,Argan Essential Oil,SUNDAY II SUNDAY,Hair,,Insufficient Data,0.0,False,0,0,0,0,0,0,0,0,0,0,0,0,0,0,0
P483695,Signature Scalp Balancing Shampoo,SUNDAY II SUNDAY,Hair,1.3148,Low Risk,81.82,False,0,0,1,0,0,0,4,9,2,0,0,0,0,2,18
P500999,Signature Scalp Balancing Scrub,SUNDAY II SUNDAY,Hair,1.1875,Low Risk,88.89,False,0,0,0,0,0,0,1,1,0,0,0,0,0,1,3
P500331,Signature Scalp Balancing Conditioner,SUNDAY II SUNDAY,Hair,1.2292,Low Risk (Limited Data),68.57,False,0,0,0,0,0,0,4,6,0,0,0,0,0,1,11
P309308,Good Genes All-In-One AHA Lactic Acid Treatment,Sunday Riley,Skincare,1.1,Low Risk (Limited Data),62.5,False,3,0,0,0,0,0,0,2,0,0,0,0,0,1,6
P393718,Luna Sleeping Retinoid Night Oil,Sunday Riley,Skincare,,Insufficient Data,0.0,False,0,0,0,0,0,0,0,0,0,0,0,0,0,0,0
P410400,U.F.O. Salicylic Acid BHA Acne Treatment Face Oil,Sunday Riley,Skincare,1.0833,Insufficient Data,34.29,False,1,0,0,0,0,0,0,1,0,0,0,0,0,0,2
P418346,C.E.O. 15% Vitamin C Brightening Serum,Sunday Riley,Skincare,1.125,Low Risk (Limited Data),61.54,False,1,0,0,0,0,0,2,4,0,0,0,0,0,1,8
P476414,5 Stars Retinol + Niacinamide Eye Serum,Sunday Riley,Skincare,1.0625,Low Risk (Limited Data),61.54,False,1,0,1,0,0,0,0,1,0,0,0,0,1,0,4
P424948,Auto Correct Brightening + Depuffing Eye Cream for Dark Circles,Sunday Riley,Skincare,1.0435,Low Risk (Limited Data),57.5,False,1,0,0,0,0,0,0,2,0,0,0,0,0,1,4
P402718,Power Couple Advanced Retinol and Lactic Acid Duo,Sunday Riley,Skincare,1.125,Insufficient Data,27.27,False,2,1,0,0,0,0,0,1,0,0,1,0,0,1,6
P448937,ICE Ceramide Moisturizer with Vitamin F,Sunday Riley,Skincare,1.02,Low Risk (Limited Data),47.17,False,1,0,0,0,0,0,0,2,0,0,0,0,0,1,4
P418629,C.E.O. Vitamin C Brightening Rich Hydration Moisturizer,Sunday Riley,Skincare,1.1207,Low Risk (Limited Data),60.42,False,2,0,1,0,0,0,3,4,0,0,0,0,0,1,11
P416139,Mini C.E.O. Vitamin C Brightening Rich Hydration Moisturizer,Sunday Riley,Skincare,1.1207,Low Risk (Limited Data),60.42,False,2,0,1,0,0,0,3,4,0,0,0,0,0,1,11
P309310,Ceramic Slip French Green Clay Cleanser,Sunday Riley,Skincare,1.1071,Low Risk (Limited Data),60.87,False,0,0,0,0,0,0,2,3,0,0,0,0,0,0,5
P442761,C.E.O Glow Vitamin C + Turmeric Face Oil,Sunday Riley,Skincare,1.0,Insufficient Data,36.67,False,0,0,0,0,0,0,0,1,0,0,0,0,0,0,1
P503726,B3 Nice 10% Niacinamide Serum,Sunday Riley,Skincare,1.069,Low Risk (Limited Data),59.18,False,2,0,0,0,0,0,0,2,0,0,0,1,0,1,6
P309306,Juno Antioxidant + Superfood Face Oil,Sunday Riley,Skincare,1.0,Insufficient Data,11.11,False,0,0,0,0,0,0,0,0,0,0,0,0,0,0,0
P482551,C.E.O. Afterglow Brightening Vitamin C Moisturizer,Sunday Riley,Skincare,1.0455,Low Risk (Limited Data),66.67,False,2,0,0,0,0,0,0,3,0,0,0,0,0,1,6
P483076,C.E.O. Afterglow Brightening Vitamin C Moisturizer,Sunday Riley,Skincare,1.0455,Low Risk (Limited Data),66.67,False,2,0,0,0,0,0,0,3,0,0,0,0,0,1,6
P440075,A+ High-Dose Retinol Serum,Sunday Riley,Skincare,1.0571,Low Risk (Limited Data),63.64,False,2,0,1,0,0,0,0,2,0,0,0,0,1,1,7
P459499,Clean Rinse Clarifying Scalp Serum with Niacinamide,Sunday Riley,Hair,1.0926,Low Risk (Limited Data),61.36,False,1,0,1,0,0,0,0,4,0,0,0,0,0,0,6
P402014,Blue Moon Clean-Rinse Cleansing Balm,Sunday Riley,Skincare,1.0769,Low Risk (Limited Data),44.83,False,2,0,0,0,0,0,0,1,0,0,0,0,0,1,4
P432053,Multivitamins 15% Vitamin C + Retinol Mini Set,Sunday Riley,Skincare,1.1154,Insufficient Data,31.71,False,2,0,0,0,0,0,0,2,0,0,0,0,0,1,5
P460627,Saturn Sulfur + Niacinamide Spot Treatment Mask,Sunday Riley,Skincare,1.0714,Low Risk (Limited Data),61.76,False,2,0,1,0,0,0,0,1,0,0,0,0,0,1,5
P463964,Pink Drink Firming Resurfacing Peptide Face Mist,Sunday Riley,Skincare,1.069,Low Risk (Limited Data),51.79,False,1,0,1,0,0,0,0,3,0,0,0,1,0,1,7
P503909,Mini C.E.O. Afterglow Brightening Vitamin C Moisturizer,Sunday Riley,Mini Size,1.0455,Low Risk (Limited Data),66.67,False,2,0,0,0,0,0,0,3,0,0,0,0,0,1,6
P455235,Superstars Anti-Aging Serum and Eye Kit,Sunday Riley,Skincare,1.0811,Low Risk (Limited Data),56.06,False,4,1,1,0,0,0,3,6,0,0,1,0,1,1,18
P461535,All About Acne Breakout + Blackhead Set,Sunday Riley,Skincare,1.075,Low Risk (Limited Data),50.0,False,5,0,1,0,0,0,1,6,0,0,0,0,1,1,15
P483495,Wake Up With Me Morning Routine Kit,Sunday Riley,Skincare,1.0701,Low Risk (Limited Data),50.47,False,3,0,2,0,0,0,3,10,0,0,0,1,0,1,20
P454380,Unseen Sunscreen SPF 40 PA+++,Supergoop!,Skincare,1.0,Low Risk (Limited Data),46.15,False,0,0,0,0,0,0,0,0,0,0,0,0,0,0,0
P470255,Mini Unseen Sunscreen SPF 40 PA+++,Supergoop!,Skincare,1.0,Low Risk (Limited Data),46.15,False,0,0,0,0,0,0,0,0,0,0,0,0,0,0,0
P456218,Glowscreen Sunscreen SPF 40 PA+++ with Hyaluronic Acid + Niacinamide,Supergoop!,Skincare,1.037,Low Risk (Limited Data),65.85,False,2,0,0,0,0,0,0,0,0,0,0,0,0,0,2
P482320,Mini Glowscreen Sunscreen SPF 40 PA+++ with Hyaluronic Acid + Niacinamide,Supergoop!,Skincare,1.037,Low Risk (Limited Data),65.85,False,2,0,0,0,0,0,0,0,0,0,0,0,0,0,2
P454383,PLAY Everyday Sunscreen Lotion SPF 50 PA++++,Supergoop!,Skincare,1.1207,Low Risk (Limited Data),64.44,False,2,0,0,0,0,0,1,5,0,0,0,2,0,0,10
P454384,Mini PLAY Everyday Lotion SPF 50 with Sunflower Extract,Supergoop!,Skincare,1.1207,Low Risk (Limited Data),64.44,False,2,0,0,0,0,0,1,5,0,0,0,2,0,0,10
P442701,Shimmershade Illuminating Cream Eyeshadow SPF 30,Supergoop!,Makeup,1.0,Low Risk (Limited Data),61.9,False,0,0,0,0,0,0,0,0,0,0,0,0,0,0,0
P439928,Superscreen Daily Moisturizer Sunscreen SPF 40 PA+++,Supergoop!,Skincare,1.1111,Low Risk (Limited Data),42.86,False,1,0,0,0,0,0,1,2,0,0,0,0,0,0,4
P466154,Daily Dose Vitamin C + SPF 40 Sunscreen Serum PA+++,Supergoop!,Skincare,1.0238,Low Risk (Limited Data),65.62,False,1,0,0,0,0,0,0,2,0,0,0,0,0,0,3
P463353,CC Screen 100% Mineral CC Cream SPF 50 PA++++,Supergoop!,Skincare,1.0217,Low Risk,88.46,False,1,0,0,0,0,0,0,0,0,0,0,0,0,0,1
P429953,Glow Stick Sunscreen SPF 50 PA++++,Supergoop!,Skincare,1.05,Low Risk (Limited Data),50.0,False,1,0,0,0,0,0,0,0,0,0,0,0,0,0,1
P482324,Mini (Re) Setting Refreshing Mist SPF 40,Supergoop!,Mini Size,1.0769,Low Risk (Limited Data),56.52,False,0,0,1,0,0,0,0,1,0,0,0,0,0,1,3
P470057,Mineral Sheerscreen Sunscreen SPF 30 PA+++,Supergoop!,Skincare,1.0,Low Risk,82.14,False,0,0,0,0,0,0,0,0,0,0,0,0,0,0,0
P482321,Mini Mineral Sheerscreen Sunscreen SPF 30 PA+++,Supergoop!,Skincare,1.0,Low Risk,82.14,False,0,0,0,0,0,0,0,0,0,0,0,0,0,0,0
P454387,Glow Oil Body Sunscreen SPF 50 PA++++,Supergoop!,Skincare,1.0625,Low Risk (Limited Data),55.17,False,1,0,1,0,0,0,0,0,0,0,0,0,0,0,2
P454388,Mini Glow Oil SPF 50 PA++++,Supergoop!,Skincare,1.0625,Low Risk (Limited Data),55.17,False,1,0,1,0,0,0,0,0,0,0,0,0,0,0,2
P482323,(Re) Setting Refreshing Mist SPF 40,Supergoop!,Skincare,1.0769,Low Risk (Limited Data),56.52,False,0,0,1,0,0,0,0,1,0,0,0,0,0,1,3
P467976,(Re)setting 100% Mineral Powder Sunscreen SPF 35 PA+++,Supergoop!,Skincare,1.0,Low Risk (Limited Data),55.56,False,0,0,0,0,0,0,0,1,0,0,0,0,0,0,1
P504045,Daily Dose Bioretinol + Mineral SPF 40 with Bakuchiol,Supergoop!,Skincare,1.0,Low Risk (Limited Data),67.86,False,0,0,0,0,0,0,0,1,0,0,0,0,0,0,1
P454392,Handscreen Sunscreen SPF 40,Supergoop!,Bath & Body,1.0682,Low Risk (Limited Data),56.41,False,2,0,0,0,0,0,1,1,0,0,0,0,0,0,4
P446909,Zincscreen 100% Mineral Sunscreen Lotion SPF 40 PA+++,Supergoop!,Skincare,1.0,Low Risk (Limited Data),68.75,False,0,0,0,0,0,0,0,0,0,0,0,0,0,0,0
P482325,Every. Single. Face. Watery Lotion SPF 50,Supergoop!,Skincare,1.1136,Low Risk (Limited Data),62.86,False,1,0,1,0,0,0,2,2,0,0,0,0,0,0,6
P454389,PLAY Antioxidant Body Sunscreen Mist SPF 50 PA++++,Supergoop!,Skincare,1.15,Insufficient Data,35.71,False,0,0,1,0,0,0,0,2,0,0,0,0,0,2,5
P479351,Daily Dose Hydra-Ceramide Boost + SPF 40 Sunscreen Oil PA+++,Supergoop!,Skincare,1.0,Low Risk (Limited Data),53.33,False,0,0,0,0,0,0,0,0,0,0,0,0,0,0,0
P470058,Glowscreen Body Sunscreen SPF 40 PA+++,Supergoop!,Skincare,1.0238,Low Risk (Limited Data),65.62,False,1,0,0,0,0,0,0,0,0,0,0,0,0,0,1
P454393,Mini Handscreen SPF 40,Supergoop!,Bath & Body,1.0682,Low Risk (Limited Data),56.41,False,2,0,0,0,0,0,1,1,0,0,0,0,0,0,4
P476733,Mineral Mattescreen Sunscreen SPF 40 PA+++,Supergoop!,Skincare,1.0,Low Risk (Limited Data),57.14,False,0,0,0,0,0,0,0,1,0,0,0,0,0,0,1
P505211,(Glow)Setting 100% Mineral Powder SPF 35,Supergoop!,Skincare,1.0,Low Risk,76.0,False,0,0,0,0,0,0,0,1,0,0,0,0,0,0,1
P454385,Mini PLAY Everyday Sunscreen Lotion SPF 30 PA++++,Supergoop!,Skincare,1.1207,Low Risk (Limited Data),64.44,False,2,0,0,0,0,0,1,5,0,0,0,2,0,0,10
P482322,Mini Mineral Mattescreen Sunscreen SPF 40 PA+++,Supergoop!,Skincare,1.0,Low Risk,71.43,False,0,0,0,0,0,0,0,1,0,0,0,0,0,0,1
P456407,PLAY Body Sunscreen Mousse SPF 50,Supergoop!,Skincare,1.0385,Low Risk (Limited Data),54.17,False,2,0,0,0,0,0,0,0,0,0,0,0,0,0,2
P482746,PLAY 100% Mineral Lotion SPF 30 with Green Algae,Supergoop!,Skincare,1.0,Low Risk (Limited Data),61.11,False,0,0,0,0,0,0,0,0,0,0,0,0,0,0,0
P504320,SPF Bestsellers Kit,Supergoop!,Skincare,1.0673,Low Risk (Limited Data),57.78,False,2,0,0,0,0,0,1,5,0,0,0,2,0,0,10
P500782,100% Mineral SPF Starter Kit,Supergoop!,Skincare,1.0,Low Risk (Limited Data),69.49,False,0,0,0,0,0,0,0,1,0,0,0,0,0,0,1
P500060,Play! Mineral SPF Stick,Supergoop!,Skincare,1.0,Low Risk (Limited Data),55.56,False,0,0,0,0,0,0,0,0,0,0,0,0,0,0,0
P482747,PLAY Mineral Mist SPF 30 with Marigold Extract,Supergoop!,Skincare,1.0,Low Risk (Limited Data),55.0,False,0,0,0,0,0,0,0,0,0,0,0,0,0,0,0
P505208,100% Mineral Sunscreen Starter Kit,Supergoop!,Skincare,1.0,Low Risk (Limited Data),69.49,False,0,0,0,0,0,0,0,1,0,0,0,0,0,0,1
P504911,Everyday SPF Faves,Supergoop!,Skincare,1.0333,Low Risk (Limited Data),49.45,False,2,0,0,0,0,0,0,0,0,0,0,0,0,1,3
P471577,Moondust Hair Wash,Susteau,Hair,1.1429,Low Risk,87.5,False,0,0,0,0,0,0,2,2,1,0,0,0,0,1,6
P471580,Moondust Hair Wash Fragrance Free,Susteau,Hair,1.1429,Low Risk,87.5,False,0,0,0,0,0,0,2,2,1,0,0,0,0,1,6
P471578,Moondust Conditioner,Susteau,Hair,1.1765,Low Risk,70.83,False,0,0,0,0,0,0,2,3,0,0,0,0,0,0,5
P471581,Moondust Conditioner Fragrance Free,Susteau,Hair,1.1765,Low Risk,70.83,False,0,0,0,0,0,0,2,3,0,0,0,0,0,0,5
P424988,THE FACE Illuminating Self-Tan Drops,TAN-LUXE,Skincare,1.4375,Low Risk (Limited Data),69.57,True,1,0,1,0,0,1,5,5,0,0,0,0,1,1,15
P424989,THE BODY Illuminating Self-Tan Drops,TAN-LUXE,Skincare,1.3889,Low Risk (Limited Data),69.23,True,1,0,1,0,0,1,5,5,0,0,0,0,1,1,15
P424986,THE BUTTER Illuminating Tanning Butter,TAN-LUXE,Skincare,1.2188,Low Risk,86.49,True,1,0,0,0,0,1,6,6,0,0,0,0,1,1,16
P424990,THE GRADUAL Illuminating Gradual Tan Lotion,TAN-LUXE,Skincare,1.32,Low Risk,75.76,True,2,0,0,1,0,1,5,6,0,0,0,0,1,1,17
P447199,Super Glow Hyaluronic Self-Tan Serum,TAN-LUXE,Skincare,1.2,Low Risk (Limited Data),58.14,False,1,0,0,0,0,0,5,6,0,0,0,0,0,1,13
P424985,THE WATER Hydrating Self-Tan Water,TAN-LUXE,Skincare,1.2895,Low Risk,73.08,False,1,0,0,0,0,0,6,7,0,0,0,0,0,1,15
P424984,HYDRA MOUSSE Hydrating Self-Tan Mousse,TAN-LUXE,Skincare,1.2778,Low Risk (Limited Data),66.67,False,1,0,0,0,0,0,5,6,0,0,0,0,0,1,13
P456989,Super Glow Body Hyaluronic Self-Tan Serum,TAN-LUXE,Skincare,1.1607,Low Risk (Limited Data),59.57,False,1,0,0,0,0,0,4,5,0,0,0,0,0,2,12
P474376,Mini THE FACE Illuminating Self-Tan Drops,TAN-LUXE,Skincare,1.4375,Low Risk (Limited Data),69.57,True,1,0,1,0,0,1,5,5,0,0,0,0,1,1,15
P433440,Wonder Oil Illuminating Self-Tan Oil,TAN-LUXE,Skincare,1.3421,Low Risk (Limited Data),59.38,True,0,0,0,0,0,1,6,5,0,0,0,0,1,0,13
P424987,SLEEP OIL Rejuvenating Miracle Tanning Oil,TAN-LUXE,Skincare,1.3125,Low Risk (Limited Data),47.06,True,0,0,0,0,0,1,4,4,0,0,0,0,1,0,10
P470545,Super Gloss Instant Bronzing Face Drops with SPF 30,TAN-LUXE,Skincare,1.0526,Low Risk (Limited Data),67.86,False,1,0,0,0,0,0,0,2,0,0,0,1,0,2,6
P432664,Instant Hero Skin Perfector,TAN-LUXE,Bath & Body,1.3636,Low Risk,73.33,True,2,0,1,0,0,1,5,6,0,0,0,0,1,1,17
P481837,The Crème Gradual Self-Tanning Face Moisturizer,TAN-LUXE,Skincare,1.0946,Low Risk,78.72,False,1,0,0,0,0,0,4,4,0,0,0,0,0,1,10
P432665,Glyco Water Self-Tan Eraser,TAN-LUXE,Bath & Body,1.25,Low Risk,77.78,False,1,0,0,0,0,0,2,3,1,0,0,0,0,2,9
P278610,Amazonian Clay 12-Hour Blush,tarte,Makeup,1.0278,Low Risk,78.26,False,1,0,0,0,0,0,0,0,0,0,0,0,0,0,1
P403812,Tartelette In Bloom Clay Eyeshadow Palette,tarte,Makeup,1.0417,Low Risk,96.0,False,1,0,0,0,0,0,1,2,0,0,0,0,0,1,5
P482750,Maracuja Juicy Lip Plump,tarte,Makeup,1.0909,Low Risk (Limited Data),59.46,False,1,0,0,0,0,0,1,2,0,0,0,1,0,0,5
P391759,Tartelette Amazonian Clay Matte Eyeshadow Palette,tarte,Makeup,1.0263,Low Risk,90.48,False,1,0,0,0,0,0,0,1,0,0,0,0,0,1,3
P405601,SEA Quench Lip Rescue Balm,tarte,Makeup,1.087,Low Risk (Limited Data),67.65,False,1,0,0,0,0,0,2,4,0,0,0,0,0,2,9
P423935,Tartelette Toasted Eyeshadow Palette,tarte,Makeup,1.0286,Low Risk,87.5,False,1,0,0,0,0,0,1,2,0,0,0,0,0,1,5
P467977,Maracuja Juicy Lip Balm,tarte,Makeup,1.225,Low Risk (Limited Data),60.61,False,2,0,0,0,0,0,3,3,0,0,0,1,0,0,9
P433206,Maracuja Creaseless Concealer,tarte,Makeup,1.0278,Insufficient Data,37.5,False,1,0,0,0,0,0,0,1,0,0,0,0,0,1,3
P376726,Maracuja Oil,tarte,Skincare,1.2857,Low Risk,77.78,False,0,0,0,0,0,0,3,3,0,0,0,0,0,0,6
P377542,BB blur tinted moisturizer Broad Spectrum SPF 30 Sunscreen,tarte,Makeup,1.05,Low Risk (Limited Data),66.67,False,0,0,0,0,0,0,0,0,0,0,0,0,0,0,0
P111902,"Lights, Camera, Lashes 4-in-1 Mascara",tarte,Makeup,1.2143,Low Risk,73.68,False,3,1,1,0,0,0,0,1,0,0,1,0,0,1,8
P447364,Mini Maracuja Creaseless Concealer,tarte,Mini Size,1.0357,Low Risk,87.5,False,1,0,0,0,0,0,0,1,0,0,0,0,0,1,3
P427600,Chrome Paint Shadow Pot,tarte,Makeup,1.0,Low Risk,100.0,False,0,0,0,0,0,0,0,0,0,0,0,0,0,0,0
P405599,SEA drink of H2O hydrating boost moisturizer,tarte,Skincare,1.1071,Low Risk,80.0,False,2,0,0,0,0,0,2,5,0,0,0,1,0,2,12
P429612,SEA H2O Lip Gloss,tarte,Makeup,1.0217,Low Risk (Limited Data),69.7,False,1,0,0,0,0,0,0,0,0,0,0,0,0,0,1
P290629,Amazonian Clay Waterproof 12-Hour Concealer,tarte,Makeup,1.0833,Low Risk (Limited Data),64.86,False,2,0,0,0,0,0,0,1,0,0,0,0,0,1,4
P67617,Amazonian Clay BB Tinted Moisturizer Broad Spectrum SPF 20 Sunscreen,tarte,Makeup,1.0938,Low Risk,84.21,False,2,0,0,0,0,0,0,2,0,0,0,1,0,1,6
P262113,Amazonian Clay Matte Waterproof Bronzer,tarte,Makeup,1.0263,Low Risk,100.0,False,1,0,0,0,0,0,0,2,0,0,0,0,0,1,4
P408432,Double Take Eyeliner,tarte,Makeup,1.1111,Low Risk,72.0,False,1,0,0,0,0,0,0,3,1,0,0,0,0,1,6
P275309,Picture Perfect Duo,tarte,Mini Size,1.25,Low Risk (Limited Data),62.5,False,2,1,1,0,0,0,0,0,0,0,1,0,0,0,5
P405096,SEA Deep Dive Cleansing Gel,tarte,Skincare,1.1389,Low Risk (Limited Data),60.0,False,1,0,0,0,0,0,1,3,1,0,0,0,0,3,9
P387228,Timeless Smoothing Primer,tarte,Makeup,1.1818,Low Risk,82.5,False,1,0,0,0,0,0,6,7,0,0,0,0,0,1,15
P392636,Tarteist Clay Paint Liner,tarte,Makeup,1.05,Low Risk (Limited Data),62.5,False,1,0,0,0,0,0,0,1,0,0,0,0,0,1,3
P409631,SEA FRXXXTION Stick Exfoliating Cleanser,tarte,Skincare,1.2,Low Risk (Limited Data),58.82,False,2,0,0,0,0,0,0,1,1,0,0,0,0,2,6
P377545,Maracuja C-Brighter Eye Treatment,tarte,Skincare,1.0658,Low Risk,76.0,False,2,0,1,0,0,0,0,1,0,0,0,0,0,1,5
P415984,Fake Awake Eye Highlighter,tarte,Makeup,1.0385,Low Risk,86.67,False,0,0,0,0,0,0,0,0,0,0,0,0,0,0,0
P310018,Poreless Mattifying Primer,tarte,Makeup,1.1364,Low Risk (Limited Data),61.11,False,1,0,0,0,1,0,0,1,0,0,0,0,0,1,4
P456371,Maracuja Hydrating Tinted Moisturizer,tarte,Makeup,1.0156,Low Risk,86.49,False,1,0,0,0,0,0,0,1,0,0,0,0,0,1,3
P442792,babassu foundcealer skincare foundation SPF 20,tarte,Makeup,1.0455,Low Risk,80.49,False,1,0,0,0,1,0,0,2,0,0,0,0,0,1,5
P473000,SEA Hydroflex Serum Foundation,tarte,Makeup,1.0238,Low Risk,79.25,False,1,0,1,0,0,0,0,1,0,0,0,0,0,1,4
P286101,Gifted Amazonian Clay Smart Mascara,tarte,Makeup,1.2,Low Risk,75.0,False,2,1,1,0,0,0,0,3,0,0,1,0,0,1,9
P408285,Lippie Lingerie Matte Lip Tint,tarte,Makeup,1.0909,Low Risk,91.67,False,2,0,0,0,0,0,1,2,0,0,0,0,0,1,6
P450535,Mini Amazonian Clay 12-Hour Blush,tarte,Makeup,1.0263,Low Risk,82.61,False,1,0,0,0,0,0,0,0,0,0,0,0,0,0,1
P427525,Clay Play Face Shaping Palette II,tarte,Makeup,1.0303,Low Risk,89.19,False,1,0,0,0,0,0,1,2,0,0,0,0,0,1,5
P387175,Colored Clay CC Undereye Corrector,tarte,Makeup,1.0,Low Risk,81.82,False,0,0,0,0,0,0,0,0,0,0,0,0,0,0,0
P504200,maracuja juicy lip crème,tarte,Makeup,1.1125,Low Risk,74.07,False,3,0,0,0,0,0,2,5,0,0,0,1,0,1,12
P179924,"Lights, Camera, Splashes Waterproof Mascara",tarte,Makeup,1.1875,Low Risk (Limited Data),61.54,False,1,0,1,0,0,0,0,1,0,0,0,0,0,1,4
P99809,Amazonian Clay Waterproof Bronzer,tarte,Makeup,1.0312,Low Risk,80.0,False,1,0,0,0,0,0,0,1,0,0,0,0,0,1,3
P456586,SEA Jelly Glaze Anytime Lip Mask,tarte,Makeup,1.0909,Low Risk,76.74,False,1,0,0,0,0,0,3,6,0,0,0,0,0,1,11
P420231,Sex Kitten Liquid Liner,tarte,Makeup,1.125,Low Risk (Limited Data),66.67,False,1,0,0,0,0,0,0,3,1,0,0,0,0,1,6
P397383,Opening Act Lash Primer,tarte,Makeup,1.1154,Low Risk,72.22,False,2,1,0,0,0,0,0,2,0,0,1,0,0,1,7
P456601,SEA Breezy Cream Bronzer,tarte,Makeup,1.0,Low Risk,80.95,False,0,0,0,0,0,0,0,0,0,0,0,0,0,0,0
P407637,Lash Paint Mascara,tarte,Makeup,1.0938,Low Risk,76.19,False,1,0,0,0,0,0,0,2,0,0,1,0,0,1,5
P481746,SEA Power Flex Full Coverage Vegan Concealer,tarte,Makeup,1.0735,Low Risk,82.93,False,1,0,0,0,0,0,0,4,0,0,0,1,0,2,8
P481744,Mini SEA Power Flex Full Coverage Vegan Concealer,tarte,Makeup,1.0735,Low Risk,82.93,False,1,0,0,0,0,0,0,4,0,0,0,1,0,2,8
P152703,Smooth Operator Amazonian Clay Tinted Pressed Finishing Powder,tarte,Makeup,1.06,Low Risk,80.65,False,2,0,0,0,0,0,0,0,0,0,0,0,0,0,2
P453271,SEA Surfer Curl Volumizing Mascara,tarte,Makeup,1.025,Low Risk,76.92,False,1,0,0,0,0,0,0,2,0,0,0,0,0,1,4
P456602,SEA Mini Breezy Cream Bronzer,tarte,Makeup,1.0,Low Risk,80.95,False,0,0,0,0,0,0,0,0,0,0,0,0,0,0,0
P414737,Pearly Girl Vegan Teeth Whitening Pen,tarte,Skincare,1.0,Low Risk (Limited Data),44.44,False,0,0,0,0,0,0,0,0,0,0,0,0,0,0,0
P413182,Tarteist Pro Lash Adhesive,tarte,Makeup,1.125,Low Risk (Limited Data),57.14,False,1,0,0,0,0,0,0,1,0,0,0,0,0,1,3
P500780,Maracuja Juicy Glow Highlighting Stick,tarte,Makeup,1.0385,Low Risk,81.25,False,0,0,0,0,0,0,0,1,0,0,0,0,0,1,2
P500620,Mini Clay Play To-Go Cheek Palette,tarte,Makeup,1.0263,Low Risk,100.0,False,1,0,0,0,0,0,0,2,0,0,0,0,0,1,4
P472191,SEA Mini Breezy Cream Blush,tarte,Makeup,1.0263,Low Risk,86.36,False,1,0,0,0,0,0,0,0,0,0,0,0,0,0,1
P473001,Mini SEA Hydroflex Serum Foundation,tarte,Makeup,1.0238,Low Risk,79.25,False,1,0,1,0,0,0,0,1,0,0,0,0,0,1,4
P440260,Tarteist Double Take Eyeliner- Travel Size,tarte,Makeup,1.1111,Low Risk,72.0,False,1,0,0,0,0,0,0,3,1,0,0,0,0,1,6
P500182,tartelette tubing mascara,tarte,Makeup,1.1333,Low Risk,83.33,False,1,0,1,0,0,0,0,3,0,0,1,0,0,1,7
P469864,SEA Breezy Cream Blush,tarte,Makeup,1.0,Low Risk,85.71,False,0,0,0,0,0,0,0,0,0,0,0,0,0,0,0
P242810,Amazonian Clay Waterproof Brow Pencil,tarte,Makeup,1.125,Low Risk (Limited Data),59.26,False,2,0,0,0,0,0,0,0,0,0,0,0,0,0,2
P472190,SEA H2O Balm Lip Tint,tarte,Makeup,1.0156,Low Risk,82.05,False,1,0,0,0,0,0,0,1,0,0,0,0,0,0,2
P470550,Quick Stick Waterproof Shadow & Liner,tarte,Makeup,1.0185,Low Risk,71.05,False,0,0,0,0,0,0,0,0,0,0,0,0,0,0,0
P473840,Tartelette Juicy Amazonian Clay Eyeshadow Palette,tarte,Makeup,1.0323,Low Risk,91.18,False,1,0,0,0,0,0,1,2,0,0,0,0,0,1,5
P456604,Mini Maracuja Hydrating Tinted Moisturizer,tarte,Makeup,1.0139,Low Risk,90.0,False,1,0,0,0,0,0,0,1,0,0,0,0,0,1,3
P441841,Micellar Magic Makeup Remover & Cleanser,tarte,Makeup,1.05,Low Risk,71.43,False,1,0,0,0,0,0,0,1,0,0,0,0,0,1,3
P430818,SEA Mermaid Skin Hyaluronic H2O Serum,tarte,Skincare,1.0714,Low Risk,77.78,False,1,0,0,0,0,0,0,1,0,0,0,0,0,1,3
P409630,SEA Pack Your Bags Undereye Patches,tarte,Skincare,1.0455,Low Risk (Limited Data),52.38,False,1,0,0,0,0,0,0,1,0,0,0,0,0,1,3
P385760,Smooth Operator Amazonian Clay Finishing Setting Powder,tarte,Makeup,1.0455,Low Risk,91.67,False,1,0,0,0,0,0,0,1,0,0,0,0,0,1,3
P453920,Mini SEA Surfer Curl Volumizing Mascara,tarte,Makeup,1.025,Low Risk,76.92,False,1,0,0,0,0,0,0,2,0,0,0,0,0,1,4
P450537,Mini Timeless Smoothing Primer,tarte,Makeup,1.1818,Low Risk,82.5,False,1,0,0,0,0,0,6,7,0,0,0,0,0,1,15
P450536,Mini Amazonian Clay Waterproof Bronzer,tarte,Makeup,1.1111,Low Risk,85.71,False,1,0,0,0,0,0,2,2,0,0,0,0,0,1,6
P473821,Amazonian Clay 16-Hour Full Coverage Foundation,tarte,Makeup,1.2258,Low Risk,96.88,False,1,0,0,0,0,0,7,8,0,0,0,0,0,1,17
P439932,"Mini Lights, Camera, Lashes 4-in-1 Mascara",tarte,Makeup,1.2143,Low Risk,73.68,False,3,1,1,0,0,0,0,1,0,0,1,0,0,1,8
P468224,Cheeky Claymate Face Palette,tarte,Makeup,1.037,Low Risk,100.0,False,1,0,0,0,0,0,1,2,0,0,0,0,0,1,5
P468223,Mini BB Blur Tinted Moisturizer Broad Spectrum SPF 30,tarte,Makeup,1.05,Low Risk (Limited Data),66.67,False,0,0,0,0,0,0,0,0,0,0,0,0,0,0,0
P450534,Mini Opening Act Lash Primer,tarte,Makeup,1.1154,Low Risk,72.22,False,2,1,0,0,0,0,0,2,0,0,1,0,0,1,7
P415990,Sex Kitten Eyeliner,tarte,Makeup,1.1,Low Risk,90.91,False,1,0,0,0,0,0,0,2,0,0,0,0,0,1,4
P420230,Pout Prep Lip Exfoliant,tarte,Skincare,1.0,Low Risk (Limited Data),63.64,False,0,0,0,0,0,0,0,0,0,0,0,0,0,0,0
P432866,SEA Quench Hydrating Primer,tarte,Makeup,1.0588,Low Risk,85.0,False,1,0,1,0,0,0,1,1,0,0,0,0,0,1,5
P505244,tint & plump maracuja juicy lip duo,tarte,Makeup,1.1731,Low Risk (Limited Data),63.41,False,2,0,0,0,0,0,3,3,0,0,0,1,0,0,9
P469865,SEA Surfer Curl Waterproof Gel Eyeliner,tarte,Makeup,1.0385,Low Risk,76.47,False,1,0,0,0,0,0,0,1,0,0,0,0,0,1,3
P501022,mini tartelette  tubing mascara,tarte,Mini Size,1.1333,Low Risk,83.33,False,1,0,1,0,0,0,0,3,0,0,1,0,0,1,7
P505127,Maracuja Juicy Glow Skin Tint,tarte,Makeup,1.037,Low Risk (Limited Data),60.0,False,0,0,0,0,0,0,0,1,0,0,0,1,0,0,2
P442989,Youth or Dare Multi-Acid & C-Serum,tarte,Skincare,1.0667,Low Risk,88.24,False,1,0,0,0,0,0,0,3,0,0,0,0,0,1,5
P444433,Big Ego Mascara,tarte,Makeup,1.0208,Low Risk,77.42,False,1,0,0,0,0,0,0,1,0,0,0,0,0,1,3
P447200,Baba Bomb Moisturizer,tarte,Skincare,1.0435,Low Risk,82.14,False,0,0,0,0,0,0,0,2,0,0,1,0,0,0,3
P454990,Mini babassu foundcealer skincare foundation SPF 20,tarte,Makeup,1.0455,Low Risk,80.49,False,1,0,0,0,1,0,0,2,0,0,0,0,0,1,5
P452909,Frameworker Brow Pomade,tarte,Makeup,1.075,Low Risk,83.33,False,1,0,0,0,1,0,0,1,0,0,0,0,0,1,4
P453918,Sketch & Set Brow Pencil and Tinted Gel,tarte,Makeup,1.0469,Low Risk,82.05,False,1,0,0,0,0,0,0,4,0,0,1,0,0,1,7
P504215,Amazonian clay blurring powder foundation,tarte,Makeup,1.0,Low Risk,92.86,False,0,0,0,0,0,0,0,1,0,0,0,0,0,0,1
P479994,Shimmering Light Highlighter,tarte,Makeup,1.0357,Low Risk,87.5,False,1,0,0,0,0,0,0,1,0,0,0,0,0,1,3
P440306,SEA Mini Drink of H2O Hydrating Boost Moisturizer,tarte,Skincare,1.1071,Low Risk,80.0,False,2,0,0,0,0,0,2,5,0,0,0,1,0,2,12
P469800,SEA Glowtion Skin Perfector Primer,tarte,Makeup,1.0441,Low Risk,79.07,False,1,0,0,0,0,0,0,2,0,0,1,0,0,1,5
P473843,Mini Amazonian Clay 16-Hour Full Coverage Foundation,tarte,Mini Size,1.2121,Low Risk,97.06,False,1,0,0,0,0,0,7,8,0,0,0,0,0,1,17
P420232,Tarteist Brow Gel,tarte,Makeup,1.1667,Low Risk,85.71,False,0,0,0,0,0,0,0,2,0,0,1,0,0,0,3
P474862,Best of SEA Must-Haves Hydroflex Foundation Customizable Set,tarte,Makeup,1.0476,Low Risk,73.04,False,3,0,1,0,0,0,2,6,0,0,0,1,0,2,15
P446871,Mini Big Ego Mascara,tarte,Makeup,1.0208,Low Risk,77.42,False,1,0,0,0,0,0,0,1,0,0,0,0,0,1,3
P454376,knockout daily exfoliating cleanser,tarte,Skincare,1.2045,Low Risk,78.57,False,2,0,0,0,0,0,2,9,0,0,0,0,0,2,15
P450538,Travel Size Gifted Amazonian Clay Smart Mascara,tarte,Mini Size,1.2059,Low Risk,77.27,False,2,1,2,0,0,0,0,4,0,0,1,0,0,1,11
P449835,Mini Maracuja Oil,tarte,Skincare,1.2857,Low Risk,77.78,False,0,0,0,0,0,0,3,3,0,0,0,0,0,0,6
P443762,Mini Lash Paint Mascara,tarte,Makeup,1.0938,Low Risk,76.19,False,1,0,0,0,0,0,0,2,0,0,1,0,0,1,5
P454989,Mini Sketch & Set Brow Pencil and Tinted Gel,tarte,Makeup,1.0469,Low Risk,82.05,False,1,0,0,0,0,0,0,4,0,0,1,0,0,1,7
P449836,Mini SEA Deep Dive Cleansing Gel,tarte,Skincare,1.1389,Low Risk (Limited Data),60.0,False,1,0,0,0,0,0,1,3,1,0,0,0,0,3,9
P479998,Amazonian Clay 16-Hour Full Coverage Foundation Custom Value Set,tarte,Makeup,1.1471,Low Risk (Limited Data),69.86,False,5,1,1,0,0,0,3,5,0,0,1,1,0,1,18
P463968,Big Ego DIY Brow Detailing Pen,tarte,Makeup,1.2,Low Risk,75.0,False,2,0,1,0,0,0,1,5,0,0,1,0,0,1,11
P447409,Mini Baba Bomb Moisturizer,tarte,Skincare,1.0435,Low Risk,82.14,False,0,0,0,0,0,0,0,2,0,0,1,0,0,0,3
P504220,tartelette energy Amazonian clay palette,tarte,Makeup,1.0192,Low Risk,100.0,False,1,0,0,0,0,0,0,2,0,0,0,0,0,1,4
P457468,Brazilliance 2HR Express Deep Foaming Self-Tanner,tarte,Skincare,1.1786,Low Risk,75.68,False,3,0,0,0,0,0,3,4,0,0,0,0,0,1,11
P504573,tartelette spark Amazonian clay palette,tarte,Makeup,1.0192,Low Risk,100.0,False,1,0,0,0,0,0,0,2,0,0,0,0,0,1,4
P454822,Mini SEA Mermaid Skin Hyaluronic H2O Serum,tarte,Skincare,1.0714,Low Risk,77.78,False,1,0,0,0,0,0,0,1,0,0,0,0,0,1,3
P505137,Mini Maracuja Juicy Glow Skin Tint,tarte,Mini Size,1.037,Low Risk (Limited Data),60.0,False,0,0,0,0,0,0,0,1,0,0,0,1,0,0,2
P454377,Mini knockout daily exfoliating cleanser,tarte,Skincare,1.2045,Low Risk,78.57,False,2,0,0,0,0,0,2,9,0,0,0,0,0,2,15
P502375,Brighter Smile Value Set,tarte,Makeup,1.0143,Low Risk,74.47,False,1,0,0,0,0,0,0,1,0,0,0,0,0,0,2
P449411,Mini Micellar Magic Makeup Remover & Cleanser,tarte,Skincare,1.05,Low Risk,71.43,False,1,0,0,0,0,0,0,1,0,0,0,0,0,1,3
P456434,knockout brightening gel moisturizer,tarte,Skincare,1.0357,Low Risk,80.0,False,1,0,0,0,0,0,1,2,0,0,0,0,0,1,5
P502844,Mini Amazonian Clay Finishing Powder,tarte,Mini Size,1.0,Low Risk,100.0,False,0,0,0,0,0,0,0,1,0,0,0,0,0,0,1
P457279,Moisturizer Mini knockout brightening gel,tarte,Skincare,1.0357,Low Risk,80.0,False,1,0,0,0,0,0,1,2,0,0,0,0,0,1,5
P502885,Amazonian Clay Finishing Powder,tarte,Makeup,1.0,Low Risk,100.0,False,0,0,0,0,0,0,0,1,0,0,0,0,0,0,1
P470548,Knockout 10% Acid Complex Serum,tarte,Skincare,1.075,Low Risk,86.96,False,0,0,0,0,0,0,1,3,0,0,0,0,0,0,4
P470547,Brazilliance Overnight Mask Gradual Self-Tanner,tarte,Bath & Body,1.1154,Low Risk,81.25,False,1,0,0,0,0,0,1,1,0,0,0,0,0,1,4
P505256,lashes & splashes mascara duo,tarte,Makeup,1.15,Low Risk (Limited Data),64.52,False,3,1,1,0,0,0,0,1,0,0,1,0,0,1,8
P379707,Resurfacing BHA Glow Mask,Tata Harper,Skincare,1.4231,Low Risk (Limited Data),59.09,False,0,0,0,0,0,0,7,7,0,0,0,0,0,0,14
P379710,Regenerating Exfoliating Cleanser,Tata Harper,Skincare,1.3158,Low Risk (Limited Data),67.86,False,0,0,0,0,0,0,8,8,0,0,0,0,0,0,16
P458917,Water-Lock Moisturizer with Skin-Smoothing Peptides,Tata Harper,Skincare,1.1667,Low Risk (Limited Data),50.0,False,0,0,1,0,0,0,5,5,0,0,0,0,0,0,11
P432048,Resurfacing AHA + BHA Serum,Tata Harper,Skincare,1.1786,Low Risk (Limited Data),52.83,False,0,0,1,0,0,0,5,6,0,0,0,1,0,0,13
P429954,Clarifying Blemish & Oil Control Cleanser,Tata Harper,Skincare,1.1471,Insufficient Data,38.64,False,0,0,1,0,0,0,2,3,0,0,0,0,0,1,7
P462747,Mini Clarifying Blemish & Oil Control Cleanser,Tata Harper,Skincare,1.1471,Insufficient Data,38.64,False,0,0,1,0,0,0,2,3,0,0,0,0,0,1,7
P420143,Clarifying AHA + BHA Mask,Tata Harper,Skincare,1.3214,Insufficient Data,30.43,False,0,0,0,0,0,0,6,6,0,0,0,0,0,0,12
P379711,Rejuvenating Anti-Aging Serum,Tata Harper,Skincare,1.225,Low Risk (Limited Data),50.0,False,0,0,0,0,0,0,6,6,0,0,0,0,0,0,12
P386739,Restorative Plumping + Brightening Eye Cream,Tata Harper,Skincare,1.1094,Low Risk (Limited Data),53.33,False,0,0,1,0,0,0,5,5,0,0,0,0,0,0,11
P392144,Purifying Pore Detox Cleanser,Tata Harper,Skincare,1.25,Low Risk (Limited Data),51.43,False,0,0,0,0,0,0,6,6,0,0,0,0,0,0,12
P462748,Mini Purifying Pore Detox Cleanser,Tata Harper,Skincare,1.25,Low Risk (Limited Data),51.43,False,0,0,0,0,0,0,6,6,0,0,0,0,0,0,12
P379709,Repairative Anti-Aging Moisturizer,Tata Harper,Skincare,1.2143,Low Risk (Limited Data),55.26,False,0,0,0,0,0,0,6,6,0,0,0,0,0,0,12
P408301,Purifying Pore & Blackhead Detox Mask,Tata Harper,Skincare,1.1458,Low Risk (Limited Data),52.17,False,0,0,1,0,0,0,4,4,0,0,0,0,0,0,9
P392143,Tata's Daily Essentials Kit,Tata Harper,Skincare,1.2222,Low Risk (Limited Data),40.3,False,0,0,0,0,0,0,8,8,0,0,0,0,0,0,16
P392142,Nourishing Makeup Removing Oil Cleanser,Tata Harper,Skincare,1.2083,Low Risk (Limited Data),41.38,False,0,0,0,0,0,0,4,4,0,0,0,0,0,0,8
P379705,Hydrating Hyaluronic Acid Floral Essence,Tata Harper,Skincare,1.1,Low Risk (Limited Data),47.62,False,0,0,1,0,0,0,1,1,0,0,0,0,0,0,3
P392001,Revitalizing Anti-Aging Body Oil,Tata Harper,Bath & Body,1.55,Medium Risk (Limited Data),41.67,False,0,0,0,0,0,0,7,7,0,0,0,0,0,0,14
P412407,Clarifying Moisturizer,Tata Harper,Skincare,1.2222,Low Risk (Limited Data),50.0,False,0,0,0,0,0,0,8,8,0,0,0,0,0,0,16
P379704,Retinoic Nutrient Face Oil With Vitamin A,Tata Harper,Skincare,1.6429,Medium Risk (Limited Data),41.18,False,0,0,0,0,0,0,6,6,0,0,0,0,0,0,12
P472341,Superkind Fragrance-Free Fortifying Moisturizer,Tata Harper,Skincare,1.025,Low Risk (Limited Data),47.62,False,0,0,0,0,0,0,1,1,0,0,0,0,0,0,2
P472343,Superkind Fragrance-Free Softening Cleanser,Tata Harper,Skincare,1.0357,Low Risk (Limited Data),41.18,False,0,0,0,0,0,0,1,1,0,0,0,0,0,0,2
P476736,Superkind Fragrance-Free Bio-Barrier Serum,Tata Harper,Skincare,1.0179,Low Risk (Limited Data),56.0,False,0,0,0,0,0,0,1,1,0,0,0,0,0,0,2
P442748,Hydrating Floral Mask,Tata Harper,Skincare,1.025,Low Risk (Limited Data),40.82,False,0,0,0,0,0,0,1,1,0,0,0,0,0,0,2
P422848,Crème Riche Anti-Aging Peptide Night Cream,Tata Harper,Skincare,1.15,Low Risk (Limited Data),46.88,False,0,0,0,0,0,0,6,6,0,0,0,0,0,0,12
P500781,Resurfacing + Smoothing Body Serum with AHAs,Tata Harper,Bath & Body,1.2241,Low Risk (Limited Data),50.88,False,0,0,1,0,0,0,7,8,0,0,0,1,0,0,17
P449410,Boosted Contouring Retinol Eye Balm,Tata Harper,Skincare,1.3333,Insufficient Data,32.14,False,0,0,0,0,0,0,8,8,0,0,0,0,0,0,16
P472342,Superkind Fragrance-Free Radiance Mask,Tata Harper,Skincare,1.0,Low Risk (Limited Data),56.52,False,0,0,0,0,0,0,0,0,0,0,0,0,0,0,0
P500482,The Clean Dream Team Set,Tata Harper,Skincare,1.1667,Low Risk (Limited Data),46.15,False,0,0,1,0,0,0,8,9,0,0,0,1,0,0,19
P480354,Glow Facial Set,Tata Harper,Skincare,1.1667,Low Risk (Limited Data),45.0,False,0,0,1,0,0,0,4,4,0,0,0,0,0,0,9
P503877,Superkind Refining Cleanser,Tata Harper,Skincare,1.0,Low Risk (Limited Data),52.78,False,0,0,0,0,0,0,0,0,0,0,0,0,0,0,0
P476737,Bio-Barrier Eye Crème,Tata Harper,Skincare,1.0,Low Risk (Limited Data),52.83,False,0,0,0,0,0,0,0,0,0,0,0,0,0,0,0
P502434,Deep Clean Kit,Tata Harper,Skincare,1.1429,Low Risk (Limited Data),42.42,False,0,0,1,0,0,0,3,5,0,0,0,0,0,2,11
P418218,The Water Cream Oil-Free Pore Minimizing Moisturizer,Tatcha,Skincare,1.075,Low Risk (Limited Data),68.97,False,0,0,1,0,0,0,1,1,0,0,0,0,0,0,3
P454794,Mini The Water Cream,Tatcha,Skincare,1.075,Low Risk (Limited Data),68.97,False,0,0,1,0,0,0,1,1,0,0,0,0,0,0,3
P441101,The Dewy Skin Cream Plumping & Hydrating Moisturizer,Tatcha,Skincare,1.1212,Low Risk,70.21,False,1,0,1,0,0,0,4,5,0,0,0,0,0,1,12
P428661,The Silk Canvas Protective Primer,Tatcha,Makeup,1.1,Low Risk (Limited Data),69.44,False,1,0,1,0,0,0,1,3,0,0,0,0,0,1,7
P415771,The Essence Skincare Boosting Treatment,Tatcha,Skincare,1.125,Low Risk (Limited Data),66.67,False,1,0,0,0,0,0,0,2,0,0,0,0,0,1,4
P473160,Mini The Essence  Skincare Boosting Treatment,Tatcha,Skincare,1.125,Low Risk (Limited Data),66.67,False,1,0,0,0,0,0,0,2,0,0,0,0,0,1,4
P461537,The Rice Wash Skin-Softening Cleanser,Tatcha,Skincare,1.1562,Low Risk (Limited Data),69.57,False,2,0,1,0,0,0,1,2,0,0,0,0,0,1,7
P504595,Mini Rice Wash Skin-Softening Cleanser,Tatcha,Skincare,1.1562,Low Risk (Limited Data),69.57,False,2,0,1,0,0,0,1,2,0,0,0,0,0,1,7
P456446,The Liquid Silk Canvas: Featherweight Protective Primer,Tatcha,Makeup,1.1333,Low Risk,73.17,False,1,0,1,0,0,0,4,6,0,0,0,0,0,1,13
P427536,The Deep Cleanse Gentle Exfoliating Cleanser,Tatcha,Skincare,1.1923,Low Risk (Limited Data),59.09,False,2,0,1,0,0,0,1,2,0,0,0,0,0,1,7
P504615,Mini Deep Cleanse Gentle Exfoliating Cleanser,Tatcha,Skincare,1.1923,Low Risk (Limited Data),59.09,False,2,0,1,0,0,0,1,2,0,0,0,0,0,1,7
P399623,Luminous Dewy Skin Mist,Tatcha,Skincare,1.125,Low Risk (Limited Data),66.67,False,1,0,1,0,0,0,3,4,0,0,0,0,0,1,10
P392235,The Camellia Oil 2-in-1 Makeup Remover & Cleanser,Tatcha,Skincare,1.2222,Low Risk (Limited Data),56.25,False,1,0,0,0,0,0,2,3,0,0,0,0,0,1,7
P460512,Mini Liquid Silk Canvas: Featherweight Protective Primer,Tatcha,Skincare,1.1333,Low Risk,73.17,False,1,0,1,0,0,0,4,6,0,0,0,0,0,1,13
P426340,The Rice Polish Foaming Enzyme Powder,Tatcha,Skincare,1.0909,Low Risk (Limited Data),47.83,False,1,0,1,0,0,0,0,2,0,0,0,0,0,1,5
P439058,Violet-C Brightening Serum 20% Vitamin C + 10% AHA,Tatcha,Skincare,1.0357,Low Risk (Limited Data),46.67,False,0,0,0,0,0,0,0,2,0,0,0,0,0,0,2
P447780,The Silk Peony Melting Eye Cream,Tatcha,Skincare,1.1094,Low Risk,72.73,False,1,0,0,0,0,0,4,5,0,0,0,0,0,1,11
P466155,The Dewy Serum Resurfacing and Plumping Treatment,Tatcha,Skincare,1.1429,Low Risk,71.79,False,1,0,1,0,0,0,4,5,0,0,0,0,0,1,12
P454018,The Serum Stick: Treatment & Touch Up Balm,Tatcha,Skincare,1.05,Low Risk,71.43,False,1,0,0,0,0,0,0,3,0,0,0,0,0,1,5
P453225,The Kissu Lip Mask,Tatcha,Skincare,1.0789,Low Risk (Limited Data),59.38,False,1,0,0,0,0,0,1,2,0,0,0,0,0,1,5
P474377,Indigo Overnight Repair Serum in Cream Treatment,Tatcha,Skincare,1.0217,Low Risk (Limited Data),60.53,False,1,0,0,0,0,0,0,2,0,0,0,0,0,1,4
P503191,Mini Indigo Overnight Repair Serum in Cream Treatment,Tatcha,Skincare,1.0217,Low Risk (Limited Data),62.16,False,1,0,0,0,0,0,0,2,0,0,0,0,0,1,4
P422069,Mini Dewy Skin Mist,Tatcha,Mini Size,1.125,Low Risk (Limited Data),66.67,False,1,0,1,0,0,0,3,4,0,0,0,0,0,1,10
P469546,The Silk Powder Protective Setting Powder,Tatcha,Makeup,1.025,Low Risk (Limited Data),68.97,False,1,0,0,0,0,0,0,2,0,0,0,0,0,1,4
P440934,The Silk Canvas Protective Primer Mini,Tatcha,Skincare,1.1,Low Risk (Limited Data),69.44,False,1,0,1,0,0,0,1,3,0,0,0,0,0,1,7
P413326,Camellia Gold Spun Lip Balm,Tatcha,Skincare,1.1,Insufficient Data,27.78,False,0,0,1,0,0,0,0,0,0,0,0,0,0,0,1
P420699,Violet-C Radiance Mask,Tatcha,Skincare,1.087,Low Risk (Limited Data),65.71,False,1,0,0,0,0,0,2,3,0,0,0,0,0,1,7
P481169,The Silk Sunscreen Mineral Broad Spectrum SPF 50 PA++++ with Hyaluronic Acid and Niacinamide,Tatcha,Skincare,1.0323,Low Risk (Limited Data),64.58,False,1,0,0,0,0,0,0,3,0,0,0,0,0,1,5
P417867,The Silk Cream,Tatcha,Skincare,1.1429,Low Risk,70.0,False,1,0,1,0,0,0,4,5,0,0,0,0,0,1,12
P479352,The Texture Tonic AHA Liquid Exfoliating Treatment,Tatcha,Skincare,1.0938,Low Risk (Limited Data),40.0,False,1,0,1,0,0,0,0,4,0,0,0,0,0,2,8
P482552,The Clarifying Clay Mask Exfoliating Pore Treatment,Tatcha,Skincare,1.1875,Low Risk (Limited Data),58.54,False,1,0,1,0,0,0,4,6,0,0,0,0,0,1,13
P403315,Gold Camellia Beauty Oil,Tatcha,Skincare,1.0625,Insufficient Data,38.1,False,0,0,1,0,0,0,0,0,0,0,0,0,0,0,1
P502469,Hinoki Gentle Exfoliating Body Wash,Tatcha,Bath & Body,1.1765,Low Risk (Limited Data),58.62,False,1,0,0,0,0,0,2,4,1,0,0,0,0,2,10
P502491,Hinoki Hydrating Body Oil,Tatcha,Bath & Body,1.25,Low Risk (Limited Data),68.97,False,1,0,0,0,0,0,6,7,0,0,0,0,0,1,15
P502455,Hinoki Body Milk Lotion,Tatcha,Bath & Body,1.1957,Low Risk (Limited Data),63.89,False,2,0,0,0,0,0,5,6,0,0,0,0,0,1,14
P504506,The Silk Serum Wrinkle-Smoothing Retinol Alternative,Tatcha,Skincare,1.1667,Low Risk (Limited Data),65.22,False,2,0,0,0,0,0,3,9,0,0,0,2,0,3,19
P399622,Luminous Deep Hydration Lifting Mask,Tatcha,Skincare,1.1818,Insufficient Data,39.29,False,1,0,1,0,0,0,1,2,0,0,0,0,0,1,6
P504218,Dewy Cleanse + Hydrate Duo,Tatcha,Skincare,1.1154,Low Risk (Limited Data),65.0,False,2,0,1,0,0,0,4,5,0,0,0,0,0,1,13
P474128,Mini The Silk Powder,Tatcha,Mini Size,1.025,Low Risk (Limited Data),68.97,False,1,0,0,0,0,0,0,2,0,0,0,0,0,1,4
P468229,Ageless Revitalizing Neck Cream,Tatcha,Skincare,1.087,Low Risk (Limited Data),58.97,False,1,0,0,0,0,0,1,2,0,0,0,0,0,1,5
P504327,Mini Favorites Set,Tatcha,Skincare,1.0938,Low Risk (Limited Data),57.14,False,2,0,1,0,0,0,4,5,0,0,0,0,0,1,13
P504203,Clarifying Cleanse + Hydrate Duo,Tatcha,Skincare,1.15,Low Risk (Limited Data),63.83,False,2,0,1,0,0,0,4,5,0,0,0,0,0,1,13
P501323,Overnight Recovery Duo,Tatcha,Skincare,1.0429,Low Risk (Limited Data),57.38,False,1,0,0,0,0,0,1,2,0,0,0,0,0,1,5
P504303,Strengthening Nighttime Ritual Set,Tatcha,Skincare,1.0778,Low Risk (Limited Data),63.38,False,1,0,0,0,0,0,4,5,0,0,0,0,0,1,11
P502365,Clarifying Cleanse + Hydrate Duo,Tatcha,Skincare,1.15,Low Risk (Limited Data),65.22,False,2,0,1,0,0,0,4,5,0,0,0,0,0,1,13
P454795,Mini The Dewy Skin Cream,Tatcha,Skincare,1.1212,Low Risk,70.21,False,1,0,1,0,0,0,4,5,0,0,0,0,0,1,12
P480355,The Essence Skincare Boosting Treatment – Lunar New Year Edition,Tatcha,Skincare,1.0,Low Risk (Limited Data),50.0,False,0,0,0,0,0,0,0,1,0,0,0,0,0,0,1
P503716,The Essence Skincare Boosting Treatment – Lunar New Year Edition,Tatcha,Skincare,1.0,Low Risk (Limited Data),50.0,False,0,0,0,0,0,0,0,1,0,0,0,0,0,0,1
P481168,Mini The Dewy Skin Cream Plumping & Hydrating Moisturizer,Tatcha,Skincare,1.1212,Low Risk,70.21,False,1,0,1,0,0,0,4,5,0,0,0,0,0,1,12
P428713,Vanilla Woods Eau de Parfum,The 7 Virtues,Fragrance,1.25,Insufficient Data,33.33,False,0,0,1,0,0,0,0,0,0,0,0,0,0,0,1
P428714,Vanilla Woods Eau de Parfum Rollerball,The 7 Virtues,Fragrance,1.25,Insufficient Data,33.33,False,0,0,1,0,0,0,0,0,0,0,0,0,0,0,1
P480464,Peace Perfume Discovery Set,The 7 Virtues,Fragrance,1.75,Medium Risk (Limited Data),55.56,False,0,0,2,0,0,0,17,17,0,0,0,0,0,0,36
P468853,Santal Vanille Eau de Parfum,The 7 Virtues,Fragrance,1.6875,Medium Risk,88.89,False,0,0,1,0,0,0,6,6,0,0,0,0,0,0,13
P468854,Santal Vanille Eau de Parfum Rollerball,The 7 Virtues,Fragrance,1.6875,Medium Risk,88.89,False,0,0,1,0,0,0,6,6,0,0,0,0,0,0,13
P468852,Vanilla Woods Gemstone Perfume Oil,The 7 Virtues,Bath & Body,1.0,Insufficient Data,16.67,False,0,0,0,0,0,0,0,0,0,0,0,0,0,0,0
P480633,Lotus Pear Eau de Parfum,The 7 Virtues,Fragrance,1.7308,Medium Risk,92.86,False,0,0,1,0,0,0,11,11,0,0,0,0,0,0,23
P455880,Blackberry Lily Eau de Parfum,The 7 Virtues,Fragrance,1.5714,Medium Risk,87.5,False,0,0,1,0,0,0,5,5,0,0,0,0,0,0,11
P480632,Lotus Pear Eau de Parfum Rollerball,The 7 Virtues,Fragrance,1.7308,Medium Risk,92.86,False,0,0,1,0,0,0,11,11,0,0,0,0,0,0,23
P428707,Orange Blossom Eau de Parfum Rollerball,The 7 Virtues,Fragrance,1.7083,Medium Risk,92.31,False,0,0,1,0,0,0,10,10,0,0,0,0,0,0,21
P468851,Blackberry Lily Gemstone Perfume Oil,The 7 Virtues,Bath & Body,1.6,Medium Risk (Limited Data),62.5,False,0,0,0,0,0,0,4,4,0,0,0,0,0,0,8
P428705,Jasmine Neroli Eau de Parfum Rollerball,The 7 Virtues,Fragrance,1.7,Medium Risk,78.95,False,0,0,1,0,0,0,13,13,0,0,0,0,0,0,27
P428711,Rose Amber Eau de Parfum,The 7 Virtues,Fragrance,1.6818,Medium Risk,84.62,False,0,0,1,0,0,0,9,9,0,0,0,0,0,0,19
P428704,Jasmine Neroli Eau de Parfum,The 7 Virtues,Fragrance,1.7,Medium Risk,78.95,False,0,0,1,0,0,0,13,13,0,0,0,0,0,0,27
P428706,Orange Blossom Eau de Parfum,The 7 Virtues,Fragrance,1.7083,Medium Risk,92.31,False,0,0,1,0,0,0,10,10,0,0,0,0,0,0,21
P468855,Santal Vanille Gemstone Perfume Oil,The 7 Virtues,Bath & Body,1.75,Medium Risk (Limited Data),66.67,False,0,0,0,0,0,0,6,6,0,0,0,0,0,0,12
P428712,Rose Amber Eau de Parfum Rollerball,The 7 Virtues,Fragrance,1.6818,Medium Risk,84.62,False,0,0,1,0,0,0,9,9,0,0,0,0,0,0,19
P428709,Patchouli Citrus Eau de Parfum Rollerball,The 7 Virtues,Fragrance,1.7308,Medium Risk,86.67,False,0,0,1,0,0,0,11,11,0,0,0,0,0,0,23
P428708,Patchouli Citrus Eau de Parfum,The 7 Virtues,Fragrance,1.7308,Medium Risk,86.67,False,0,0,1,0,0,0,11,11,0,0,0,0,0,0,23
P428715,Vetiver Elemi Eau de Parfum,The 7 Virtues,Fragrance,1.65,Medium Risk,90.91,False,0,0,1,0,0,0,8,8,0,0,0,0,0,0,17
P482076,Lotus Pear Perfume Oil,The 7 Virtues,Fragrance,1.75,Medium Risk,92.31,False,0,0,0,0,0,0,11,11,0,0,0,0,0,0,22
P504673,Peace Perfume Discovery Set,The 7 Virtues,Fragrance,1.7188,Medium Risk (Limited Data),64.0,False,0,0,1,0,0,0,13,13,0,0,0,0,0,0,27
P455364,Oat Cleansing Balm,The INKEY List,Skincare,1.1154,Low Risk (Limited Data),68.42,False,1,0,0,0,0,0,1,2,0,0,0,0,0,1,5
P478030,Mini Oat Cleansing Balm,The INKEY List,Skincare,1.1154,Low Risk (Limited Data),68.42,False,1,0,0,0,0,0,1,2,0,0,0,0,0,1,5
P443845,Hyaluronic Acid Hydrating Serum,The INKEY List,Skincare,1.0357,Low Risk,100.0,False,1,0,0,0,0,0,0,1,0,0,0,0,0,1,3
P443840,Caffeine Eye Cream,The INKEY List,Skincare,1.0227,Low Risk (Limited Data),66.67,False,1,0,0,0,0,0,0,2,0,0,0,0,0,1,4
P443833,Salicylic Acid Acne + Pore Cleanser,The INKEY List,Skincare,1.175,Low Risk,76.92,False,2,0,0,0,0,0,1,4,1,0,0,0,0,2,10
P443842,Retinol Anti-Aging Serum,The INKEY List,Skincare,1.06,Low Risk,80.65,False,2,0,0,0,0,0,0,1,0,0,0,0,1,1,5
P448802,Brighten-i Eye Cream,The INKEY List,Skincare,1.06,Low Risk,83.33,False,1,0,0,0,0,0,1,3,0,0,0,0,0,1,6
P480636,Salicylic Acid Exfoliating Scalp Treatment,The INKEY List,Hair,1.125,Low Risk,80.0,False,2,0,0,0,0,0,0,3,0,0,0,0,0,1,6
P446942,Niacinamide Oil Control Serum,The INKEY List,Skincare,1.025,Low Risk,86.96,False,1,0,0,0,0,0,0,1,0,0,0,0,0,1,3
P443830,Polyglutamic Acid Hydrating Serum,The INKEY List,Skincare,1.0238,Low Risk,84.0,False,1,0,0,0,0,0,0,2,0,0,0,0,0,1,4
P467655,Succinic Acid Acne Treatment,The INKEY List,Skincare,1.1389,Low Risk,81.82,False,2,0,0,0,0,0,1,4,0,0,0,0,0,1,8
P455369,Peptide Moisturizer,The INKEY List,Skincare,1.0952,Low Risk,91.3,False,1,0,0,0,0,0,2,4,0,0,0,0,0,1,8
P455368,15% Vitamin C and EGF Brightening Serum,The INKEY List,Skincare,1.1667,Low Risk,92.31,False,1,0,0,0,0,0,1,3,0,0,0,0,0,2,7
P455366,Retinol Eye Cream,The INKEY List,Skincare,1.1042,Low Risk,82.76,False,2,0,0,0,0,0,1,3,0,0,0,0,1,1,8
P443843,Q10 Antioxidant Serum,The INKEY List,Skincare,1.0263,Low Risk,73.08,False,1,0,0,0,0,0,0,1,0,0,0,0,0,1,3
P443846,Collagen Booster Firming Peptide Serum,The INKEY List,Skincare,1.0385,Low Risk,86.67,False,1,0,0,0,0,0,0,1,0,0,0,0,0,1,3
P479354,Omega Water Cream Moisturizer,The INKEY List,Skincare,1.0,Low Risk,76.47,False,0,0,0,0,0,0,0,0,0,0,0,0,0,0,0
P443841,Vitamin C Brightening Cream,The INKEY List,Skincare,1.0,Low Risk,100.0,False,0,0,0,0,0,0,0,0,0,0,0,0,0,0,0
P450614,Tranexamic Acid Hyperpigmentation Treatment,The INKEY List,Skincare,1.0938,Low Risk (Limited Data),69.57,False,1,0,0,0,0,0,1,3,0,0,0,0,0,1,6
P480634,Hyaluronic Acid Hydrating Hair Treatment,The INKEY List,Hair,1.1,Low Risk,83.33,False,1,0,0,0,0,0,0,3,0,0,0,0,0,1,5
P450262,Polyhydroxy Acid (PHA) Gentle Exfoliating Toner,The INKEY List,Skincare,1.0,Low Risk,93.75,False,0,0,0,0,0,0,0,2,0,0,0,0,0,0,2
P442871,Beta Hydroxy Acid (BHA) Blemish + Blackhead Serum,The INKEY List,Skincare,1.1364,Low Risk,84.62,False,2,0,0,0,0,0,0,3,0,0,0,0,0,1,6
P447778,Bakuchiol Retinol Alternative Moisturizer,The INKEY List,Skincare,1.0333,Low Risk,78.95,False,1,0,0,0,0,0,0,2,0,0,0,0,0,1,4
P469088,Fulvic Acid Brightening Cleanser,The INKEY List,Skincare,1.1,Low Risk,78.95,False,1,0,0,0,0,0,1,2,0,0,0,0,0,1,5
P478029,Mini Fulvic Acid Brightening Cleanser,The INKEY List,Skincare,1.1,Low Risk,78.95,False,1,0,0,0,0,0,1,2,0,0,0,0,0,1,5
P480637,Caffeine Stimulating Scalp Treatment,The INKEY List,Hair,1.125,Low Risk,80.0,False,1,0,0,0,0,0,0,3,0,0,0,0,0,2,6
P450244,Ceramide Hydrating Night Treatment,The INKEY List,Skincare,1.0429,Low Risk,92.11,False,1,0,0,0,0,0,1,3,0,0,0,0,0,1,6
P455365,"Vitamin B, C, and E Moisturizer",The INKEY List,Skincare,1.0652,Low Risk,100.0,False,1,0,0,0,0,0,1,3,0,0,0,0,0,1,6
P443838,Glycolic Acid Exfoliating Toner,The INKEY List,Skincare,1.1154,Low Risk,92.86,False,1,0,1,0,0,0,0,3,0,0,0,0,0,1,6
P501010,Glycolic Acid Exfoliating Scalp Scrub,The INKEY List,Hair,1.1471,Low Risk,77.27,False,1,0,0,0,0,0,1,5,0,0,0,0,0,1,8
P480635,Peptide Volumizing Hair Treatment,The INKEY List,Hair,1.1,Low Risk,75.0,False,1,0,0,0,0,0,0,2,1,0,0,0,0,1,5
P443837,Kaolin Mask,The INKEY List,Skincare,1.0652,Low Risk,85.19,False,1,0,0,0,0,0,1,2,0,0,0,0,0,1,5
P479353,Hyaluronic Acid Cleanser,The INKEY List,Skincare,1.0833,Low Risk,94.74,False,1,0,0,0,0,0,1,3,0,0,0,0,0,1,6
P479722,Mandelic Acid Treatment,The INKEY List,Skincare,1.1136,Low Risk,75.86,False,2,0,0,0,0,0,1,3,0,0,0,0,1,1,8
P443834,Rosehip Nourishing Night Oil,The INKEY List,Skincare,1.0,Low Risk,100.0,False,0,0,0,0,0,0,0,0,0,0,0,0,0,0,0
P480638,PCA Bond Repair Hair Treatment,The INKEY List,Hair,1.1765,Low Risk (Limited Data),68.0,False,1,0,1,0,0,0,0,3,0,0,1,0,0,1,7
P448537,Alpha Arbutin Brightening Serum,The INKEY List,Skincare,1.0333,Low Risk (Limited Data),68.18,False,1,0,0,0,0,0,0,1,0,0,0,0,0,1,3
P502749,SuperSolutions 5% Benzoyl Peroxide Cleanser Acne Solution,The INKEY List,Skincare,1.0,Low Risk (Limited Data),68.75,False,0,0,0,0,0,0,0,1,0,0,0,0,0,0,1
P502691,SuperSolutions 1% Retinol Serum,The INKEY List,Skincare,1.125,Low Risk,83.33,False,2,0,0,0,0,0,1,3,0,0,0,0,1,1,8
P474972,Symbright Brightening Moisturizer,The INKEY List,Skincare,1.1,Low Risk,78.95,False,1,0,0,0,0,0,1,3,0,0,0,0,0,1,6
P502741,SuperSolutions 10% Azelaic Serum Redness Relief Solution,The INKEY List,Skincare,1.0385,Low Risk,81.25,False,1,0,0,0,0,0,0,2,0,0,0,0,0,1,4
P502710,SuperSolutions 20% Niacinamide Serum,The INKEY List,Skincare,1.125,Low Risk,85.71,False,1,0,0,0,0,0,1,3,0,0,0,0,0,1,6
P502756,SuperSolutions 10% Urea Moisturizer Textured Skin Solution,The INKEY List,Skincare,1.1071,Low Risk,87.5,False,1,0,0,0,0,0,1,3,0,0,0,0,0,1,6
P469544,C-50 Blemish Night Treatment,The INKEY List,Skincare,1.1429,Low Risk (Limited Data),66.67,False,2,0,0,0,0,0,0,3,0,0,0,0,0,2,7
P505711,Polyglutamic Acid Dewy Sunscreen SPF 30,The INKEY List,Skincare,1.1,Low Risk (Limited Data),62.5,False,3,0,0,0,0,0,0,2,0,0,1,0,0,1,7
P500775,Back to Basics: Hydration Heroes Skincare Set,The INKEY List,Skincare,1.0395,Low Risk,71.7,False,1,0,0,0,0,0,1,3,0,0,0,0,0,1,6
P505471,Maker Perfume Discovery Kit,The Maker,Fragrance,1.8235,Medium Risk,85.0,False,0,0,1,0,0,0,16,15,0,0,0,0,0,0,32
P505453,Naked Eau de Parfum,The Maker,Fragrance,1.8,Medium Risk,90.91,False,0,0,1,0,0,0,9,8,0,0,0,0,0,0,18
P505459,Fire Eau de Parfum,The Maker,Fragrance,1.8,Medium Risk,90.91,False,0,0,1,0,0,0,9,8,0,0,0,0,0,0,18
P505466,Wild Eau de Parfum,The Maker,Fragrance,1.75,Medium Risk,85.71,False,0,0,1,0,0,0,5,4,0,0,0,0,0,0,10
P505467,Libertine Eau de Parfum,The Maker,Fragrance,1.8333,Medium Risk,85.71,False,0,0,1,0,0,0,5,4,0,0,0,0,0,0,10
P505443,Paradiso Eau de Parfum,The Maker,Fragrance,1.6875,Medium Risk,80.0,False,0,0,1,0,0,0,7,6,0,0,0,0,0,0,14
P505465,Stag Eau de Parfum,The Maker,Fragrance,1.7273,Medium Risk,84.62,False,0,0,1,0,0,0,10,9,0,0,0,0,0,0,20
P505436,Spiritus Candle,The Maker,Fragrance,,Insufficient Data,0.0,False,0,0,0,0,0,0,0,0,0,0,0,0,0,0,0
P505463,Artist Candle,The Maker,Fragrance,,Insufficient Data,0.0,False,0,0,0,0,0,0,0,0,0,0,0,0,0,0,0
P505472,Gardener Candle,The Maker,Fragrance,,Insufficient Data,0.0,False,0,0,0,0,0,0,0,0,0,0,0,0,0,0,0
P476459,Forest Lungs Anti-Stress Fragrance Travel Spray,The Nue Co.,Skincare,1.75,Medium Risk,100.0,False,0,0,1,0,0,0,9,8,0,0,0,0,0,0,18
P476447,Debloat+ Anti-Bloat Supplement with Digestive Enzymes,The Nue Co.,Skincare,,Insufficient Data,0.0,False,0,0,0,0,0,0,0,0,0,0,0,0,0,0,0
P476538,Prebiotic + Probiotic Vegan Gut Microbiome Supplement,The Nue Co.,Skincare,1.0,Insufficient Data,16.67,False,0,0,0,0,0,0,0,0,0,0,0,0,0,0,0
P480466,Supa Thick Scalp Serum,The Nue Co.,Hair,1.1667,Low Risk (Limited Data),67.74,False,0,0,0,0,0,0,3,5,0,0,0,0,0,2,10
P476554,Skin Hydrator Ceramide and Hyaluronic Acid Supplement,The Nue Co.,Skincare,,Insufficient Data,0.0,False,0,0,0,0,0,0,0,0,0,0,0,0,0,0,0
P476553,Skin Filter Vitamin A and Zinc Blemish + Brightening Supplement,The Nue Co.,Skincare,,Insufficient Data,0.0,False,0,0,0,0,0,0,0,0,0,0,0,0,0,0,0
P480465,Growth Phase Hair Supplement,The Nue Co.,Hair,1.0,Insufficient Data,6.25,False,0,0,0,0,0,0,0,0,0,0,0,0,0,0,0
P480358,Mini Debloat+ Anti-Bloat Supplement with Digestive Enzymes,The Nue Co.,Skincare,,Insufficient Data,0.0,False,0,0,0,0,0,0,0,0,0,0,0,0,0,0,0
P504049,Skin Filter Daily Brightening Phyto-Retinol + AHA Serum,The Nue Co.,Skincare,1.1333,Low Risk (Limited Data),53.57,False,0,0,0,0,0,0,0,4,0,0,0,1,0,0,5
P505209,Barrier Culture Moisturizer with Niacinamide & Squalane,The Nue Co.,Skincare,1.0,Low Risk,76.0,False,0,0,0,0,0,0,0,0,0,0,0,0,0,0,0
P503564,The Hair Growth Collection,The Nue Co.,Hair,1.1591,Low Risk (Limited Data),46.81,False,0,0,0,0,0,0,3,5,0,0,0,0,0,2,10
P505210,"Barrier Culture Cleanser Pre-, Pro- & Postbiotic Face Wash",The Nue Co.,Skincare,1.0333,Low Risk,78.95,False,0,0,0,0,0,0,0,2,0,0,0,0,0,0,2
P427417,Niacinamide 10% + Zinc 1% Oil Control Serum,The Ordinary,Skincare,1.1429,Low Risk (Limited Data),63.64,False,2,0,0,0,0,0,0,2,0,0,0,0,0,1,5
P500423,Multi-Peptide Lash and Brow Serum,The Ordinary,Makeup,1.0714,Low Risk,70.0,False,2,0,0,0,0,0,0,2,0,0,0,0,0,2,6
P442831,Multi-Peptide Serum for Hair Density,The Ordinary,Hair,1.0833,Low Risk (Limited Data),66.67,False,2,0,0,0,0,0,0,3,0,0,0,0,0,2,7
P427419,Hyaluronic Acid 2% + B5 Hydrating Serum,The Ordinary,Skincare,1.0357,Low Risk,82.35,False,1,0,0,0,0,0,0,3,0,0,0,0,0,1,5
P442563,AHA 30% + BHA 2% Exfoliating Peeling Solution,The Ordinary,Skincare,1.1,Low Risk,80.0,False,1,0,0,0,0,0,0,5,0,0,0,0,0,0,6
P427406,Glycolic Acid 7% Exfoliating Toning Solution,The Ordinary,Skincare,1.0714,Low Risk,83.33,False,1,1,0,0,0,0,0,2,0,0,2,0,0,0,6
P427416,Caffeine 5% + EGCG Depuffing Eye Serum,The Ordinary,Skincare,1.1,Low Risk,76.92,False,1,0,0,0,0,0,1,5,0,0,0,0,0,1,8
P427414,Natural Moisturizing Factors + HA,The Ordinary,Skincare,1.05,Low Risk,86.96,False,3,1,0,0,0,0,0,2,0,0,1,0,0,1,8
P427408,High-Adherence Silicone Primer,The Ordinary,Makeup,1.1,Low Risk,71.43,False,2,0,0,0,0,0,0,1,0,0,0,0,0,1,4
P427415,100% Organic Cold-Pressed Rose Hip Seed Oil,The Ordinary,Skincare,1.0,Low Risk,100.0,False,0,0,0,0,0,0,0,0,0,0,0,0,0,0,0
P427420,Multi-Peptide + HA Serum,The Ordinary,Skincare,1.0238,Low Risk,82.35,False,2,0,0,0,0,0,0,3,0,0,0,0,0,1,6
P427413,Lactic Acid 10% + HA 2% Exfoliating Serum,The Ordinary,Skincare,1.0385,Low Risk,86.67,False,0,0,0,0,0,0,0,3,0,0,0,0,0,0,3
P427410,Vitamin C Suspension 23% + HA Spheres 2%,The Ordinary,Skincare,1.0833,Low Risk,80.0,False,0,0,0,1,0,0,0,0,0,0,0,0,0,0,1
P427411,Azelaic Acid 10% Suspension Brightening Cream,The Ordinary,Skincare,1.1667,Low Risk,70.59,False,3,1,0,0,0,0,0,1,0,0,1,0,0,1,7
P502999,"The Hair, Lash & Brow Density Set",The Ordinary,Hair,1.0667,Low Risk (Limited Data),66.67,False,2,0,0,0,0,0,0,4,0,0,0,0,0,2,8
P481170,Natural Moisturizing Factors + Hyaluronic Acid Scalp Serum,The Ordinary,Hair,1.0577,Low Risk,72.22,False,2,0,0,0,0,0,0,2,0,0,0,0,0,1,5
P444718,Squalane Cleanser,The Ordinary,Skincare,1.0455,Low Risk (Limited Data),55.0,False,1,0,0,0,0,0,0,1,0,0,0,0,0,0,2
P447598,High-Spreadability Fluid Primer,The Ordinary,Makeup,1.1,Low Risk,71.43,False,0,0,0,0,0,0,0,0,0,0,0,0,0,0,0
P427412,Alpha Arbutin 2% + HA Hyperpigmentation Serum,The Ordinary,Skincare,1.15,Low Risk,83.33,False,2,0,0,0,0,0,0,2,0,0,0,0,0,1,5
P427418,Granactive Retinoid* 2% Emulsion,The Ordinary,Skincare,1.1364,Low Risk,70.97,False,3,0,0,0,0,0,0,3,0,0,0,0,1,1,8
P448530,Salicylic Acid 2% Masque,The Ordinary,Skincare,1.125,Low Risk,84.21,False,3,0,0,0,0,0,0,3,0,0,0,0,0,1,7
P442754,Ascorbic Acid 8% + Alpha Arbutin 2%,The Ordinary,Skincare,1.0,Low Risk (Limited Data),66.67,False,0,0,0,0,0,0,0,0,0,0,0,0,0,0,0
P442758,Mandelic Acid 10% + HA,The Ordinary,Skincare,1.0,Low Risk,84.62,False,0,0,0,0,0,0,0,2,0,0,0,0,0,0,2
P427409,Vitamin C Suspension 30% in Silicone,The Ordinary,Skincare,1.0,Low Risk,100.0,False,0,0,0,0,0,0,0,0,0,0,0,0,0,0,0
P481171,Sulphate 4% Shampoo Cleanser for Body & Hair,The Ordinary,Hair,1.2273,Low Risk,100.0,False,2,0,0,0,0,0,1,3,1,0,0,0,0,1,8
P447596,100% Organic Cold-Pressed Moroccan Argan Oil,The Ordinary,Skincare,1.0,Low Risk,100.0,False,0,0,0,0,0,0,0,0,0,0,0,0,0,0,0
P479732,Salicylic Acid 2% Anhydrous Solution Pore Clearing Serum,The Ordinary,Skincare,1.3333,Low Risk (Limited Data),66.67,False,3,0,0,0,0,0,0,3,0,0,0,0,0,1,7
P455900,100% Plant-Derived Hemi-Squalane,The Ordinary,Skincare,,Insufficient Data,0.0,False,0,0,0,0,0,0,0,0,0,0,0,0,0,0,0
P481172,Behentrimonium Chloride 2% Conditioner,The Ordinary,Hair,1.3333,Low Risk,85.71,False,2,0,0,0,0,0,0,2,0,0,0,0,0,1,5
P442752,"""Buffet"" + Copper Peptides 1%",The Ordinary,Skincare,1.025,Low Risk,81.63,False,2,0,0,0,0,0,0,3,0,0,0,0,0,1,6
P442753,Argireline Solution 10%,The Ordinary,Skincare,1.1111,Low Risk,81.82,False,2,0,0,0,0,0,0,1,0,0,0,0,0,1,4
P442757,"""B"" Oil",The Ordinary,Skincare,1.0,Low Risk (Limited Data),47.37,False,0,0,0,0,0,0,0,0,0,0,0,0,0,0,0
P455899,Marine Hyaluronics,The Ordinary,Skincare,1.0536,Low Risk,84.85,False,2,0,0,0,0,0,0,2,0,0,0,0,0,1,5
P427405,Matrixyl* 10% + HA,The Ordinary,Skincare,1.0714,Low Risk,82.35,False,2,0,0,0,0,0,0,1,0,0,0,0,0,1,4
P442759,Amino Acids + B5,The Ordinary,Skincare,1.0,Low Risk,92.31,False,0,0,0,0,0,0,0,0,0,0,0,0,0,0,0
P504028,Multi-Peptide Eye Serum,The Ordinary,Skincare,1.1087,Low Risk (Limited Data),67.65,False,2,0,0,0,0,0,1,5,0,0,0,0,0,1,9
P455898,Pycnogenol 5%,The Ordinary,Skincare,1.0,Low Risk (Limited Data),50.0,False,0,0,0,0,0,0,0,0,0,0,0,0,0,0,0
P455338,100% L-Ascorbic Acid Powder,The Ordinary,Skincare,1.0,Low Risk,100.0,False,0,0,0,0,0,0,0,0,0,0,0,0,0,0,0
P455339,Lactic Acid 5% + HA,The Ordinary,Skincare,1.0385,Low Risk,86.67,False,0,0,0,0,0,0,0,3,0,0,0,0,0,0,3
P427404,Ascorbyl Tetraisopalmitate Solution 20% in Vitamin F,The Ordinary,Skincare,1.0,Low Risk,71.43,False,0,0,0,0,0,0,0,0,0,0,0,0,0,0,0
P503209,Mini Multi Peptide Hair Density Serum,The Ordinary,Mini Size,1.0833,Low Risk (Limited Data),66.67,False,2,0,0,0,0,0,0,3,0,0,0,0,0,2,7
P442755,Resveratrol 3% + Ferulic Acid 3%,The Ordinary,Skincare,1.0,Insufficient Data,33.33,False,0,0,0,0,0,0,0,0,0,0,0,0,0,0,0
P442756,Ascorbyl Glucoside Solution 12%,The Ordinary,Skincare,1.2,Low Risk,83.33,False,1,1,0,0,0,0,0,1,0,0,2,0,0,0,5
P442833,EUK 134 0.1%,The Ordinary,Skincare,1.0,Low Risk (Limited Data),50.0,False,0,0,0,0,0,0,0,0,0,0,0,0,0,0,0
P482327,Mini Squalane Cleanser,The Ordinary,Skincare,1.0455,Low Risk (Limited Data),55.0,False,1,0,0,0,0,0,0,1,0,0,0,0,0,0,2
P468709,100% Niacinamide Powder,The Ordinary,Skincare,1.0,Low Risk,100.0,False,0,0,0,0,0,0,0,0,0,0,0,0,0,0,0
P482328,Mini Natural Moisturizing Factors + HA,The Ordinary,Skincare,1.05,Low Risk,86.96,False,3,1,0,0,0,0,0,2,0,0,1,0,0,1,8
P447597,100% Organic Virgin Chia Seed Oil,The Ordinary,Skincare,,Insufficient Data,0.0,False,0,0,0,0,0,0,0,0,0,0,0,0,0,0,0
P483496,Salicylic Acid 2% Exfoliating Blemish Solution,The Ordinary,Skincare,1.2,Low Risk,90.91,False,3,0,0,0,0,0,0,2,0,0,0,0,0,1,6
P455897,Ethylated Ascorbic Acid 15% Solution,The Ordinary,Skincare,1.0,Low Risk (Limited Data),50.0,False,0,0,0,0,0,0,0,0,0,0,0,0,0,0,0
P479861,The Bright Set,The Ordinary,Skincare,1.0926,Low Risk,72.0,False,3,1,0,0,0,0,1,7,0,0,2,0,0,1,15
P500139,The Skinimalist Set,The Ordinary,Skincare,1.08,Low Risk,73.53,False,1,0,0,0,0,0,1,5,0,0,0,0,0,1,8
P505274,Glucoside Foaming Cleanser,The Ordinary,Skincare,1.1429,Low Risk,87.5,False,0,0,0,0,0,0,1,2,0,0,0,0,0,0,3
P474845,THE PUFF 5 Piece Set: Tone & Deeply Exfoliate,The Original MakeUp Eraser,Tools & Brushes,,Insufficient Data,0.0,False,0,0,0,0,0,0,0,0,0,0,0,0,0,0,0
P504702,Juicy Optimism 7 Piece MakeUp Eraser Set,The Original MakeUp Eraser,Makeup,,Insufficient Data,0.0,False,0,0,0,0,0,0,0,0,0,0,0,0,0,0,0
P483475,Earth Day Set,The Original MakeUp Eraser,Makeup,,Insufficient Data,0.0,False,0,0,0,0,0,0,0,0,0,0,0,0,0,0,0
P500018,Smiley MakeUp Eraser 7-Day Set,The Original MakeUp Eraser,Makeup,,Insufficient Data,0.0,False,0,0,0,0,0,0,0,0,0,0,0,0,0,0,0
P504898,Mini Pink Reusable MakeUp Eraser,The Original MakeUp Eraser,Makeup,,Insufficient Data,0.0,False,0,0,0,0,0,0,0,0,0,0,0,0,0,0,0
P504073,Ultralight Moisture-Boosting Botanical Oil,The Outset,Skincare,1.0,Low Risk (Limited Data),62.5,False,0,0,0,0,0,0,0,0,0,0,0,0,0,0,0
P483697,Firming Vegan Collagen Prep Serum,The Outset,Skincare,1.04,Low Risk (Limited Data),65.79,False,2,0,0,0,0,0,0,1,0,0,0,0,0,1,4
P504076,Exfoliating Revitalizing & Energizing Caffeine Micro Polish,The Outset,Skincare,1.0357,Low Risk,77.78,False,1,0,0,0,0,0,0,1,0,0,0,0,0,0,2
P483699,Restorative Niacinamide Night Cream,The Outset,Skincare,1.0385,Low Risk,76.47,False,1,0,0,0,0,0,0,3,0,0,0,1,0,1,6
P483700,Smoothing Vitamin C Eye + Expression Lines Cream,The Outset,Skincare,1.0517,Low Risk,78.38,False,3,0,0,0,0,0,0,1,0,0,0,0,0,1,5
P483698,Nourishing Squalane Daily Moisturizer,The Outset,Skincare,1.0256,Low Risk,84.78,False,2,0,0,0,0,0,0,2,0,0,0,0,0,1,5
P483696,Gentle Micellar Antioxidant Cleanser,The Outset,Skincare,1.04,Low Risk (Limited Data),65.79,False,2,0,0,0,0,0,0,1,0,0,0,0,0,1,4
P483701,Daily Essentials Travel Set,The Outset,Skincare,1.0161,Low Risk,70.45,False,2,0,0,0,0,0,0,2,0,0,0,0,0,1,5
P500417,Phluid Sampler Set,The Phluid Project,Fragrance,1.5789,Medium Risk,79.17,False,4,0,1,0,0,0,10,9,0,0,0,0,0,0,24
P500434,Transcend Eau de Parfum,The Phluid Project,Fragrance,1.5385,Medium Risk,86.67,False,2,0,1,0,0,0,7,6,0,0,0,0,0,0,16
P500422,Transcend Eau de Parfum Travel Spray,The Phluid Project,Fragrance,1.5385,Medium Risk,86.67,False,2,0,1,0,0,0,7,6,0,0,0,0,0,0,16
P500451,Balance Eau de Parfum Travel Spray,The Phluid Project,Fragrance,1.5833,Medium Risk,80.0,False,2,0,1,0,0,0,7,6,0,0,0,0,0,0,16
P500446,Intention Eau de Parfum,The Phluid Project,Fragrance,1.3889,Low Risk,75.0,False,3,0,1,0,0,0,2,1,0,0,0,0,0,0,7
P500431,Humanity Eau de Parfum Travel Spray,The Phluid Project,Fragrance,1.5882,Medium Risk,94.44,False,2,0,1,0,0,0,10,9,0,0,0,0,0,0,22
P500409,Intention Eau de Parfum Travel Spray,The Phluid Project,Fragrance,1.3889,Low Risk,75.0,False,3,0,1,0,0,0,2,1,0,0,0,0,0,0,7
P500447,Balance Eau de Parfum,The Phluid Project,Fragrance,1.5833,Medium Risk,80.0,False,2,0,1,0,0,0,7,6,0,0,0,0,0,0,16
P500443,Humanity Eau de Parfum,The Phluid Project,Fragrance,1.5882,Medium Risk,94.44,False,2,0,1,0,0,0,10,9,0,0,0,0,0,0,22
P38221,Florence,TOCCA,Fragrance,1.4286,Low Risk,70.0,False,1,0,1,1,0,0,1,0,0,0,0,0,0,0,4
P54900,Cleopatra,TOCCA,Fragrance,1.7941,Medium Risk (Limited Data),68.0,True,2,0,1,0,0,1,12,11,0,0,0,0,1,0,28
P234438,Giulietta,TOCCA,Fragrance,1.5455,Medium Risk (Limited Data),55.0,False,1,0,1,0,0,0,7,6,0,0,0,0,0,0,15
P38220,Stella,TOCCA,Fragrance,1.3571,Low Risk,77.78,False,2,0,1,0,0,0,1,0,0,0,0,0,0,0,4
P440917,Gia,TOCCA,Fragrance,1.7812,Medium Risk,94.12,False,0,0,1,0,0,0,15,14,0,0,0,0,0,0,30
P258057,Bianca,TOCCA,Fragrance,1.5,Medium Risk (Limited Data),50.0,False,2,0,1,0,0,0,1,0,0,0,0,0,0,0,4
P377472,Giulietta Rollerball,TOCCA,Fragrance,1.5455,Medium Risk (Limited Data),55.0,False,1,0,1,0,0,0,7,6,0,0,0,0,0,0,15
P392941,Stella Travel Spray,TOCCA,Fragrance,1.3571,Low Risk,77.78,False,2,0,1,0,0,0,1,0,0,0,0,0,0,0,4
P428443,Maya,TOCCA,Fragrance,1.6875,Medium Risk,100.0,False,0,0,1,0,0,0,7,6,0,0,0,0,0,0,14
P428442,Maya Rollerball,TOCCA,Fragrance,1.6875,Medium Risk,100.0,False,0,0,1,0,0,0,7,6,0,0,0,0,0,0,14
P442598,Maya Hair Fragrance,TOCCA,Fragrance,1.5909,Medium Risk (Limited Data),68.75,False,2,0,0,1,0,0,7,6,0,0,0,0,0,0,16
P404752,Emelia,TOCCA,Fragrance,1.4,Low Risk (Limited Data),45.45,False,1,0,1,0,0,0,1,0,0,0,0,0,0,0,3
P440918,Gia Rollerball,TOCCA,Fragrance,1.7812,Medium Risk,94.12,False,0,0,1,0,0,0,15,14,0,0,0,0,0,0,30
P392937,Giulietta Travel Spray,TOCCA,Fragrance,1.5455,Medium Risk (Limited Data),55.0,False,1,0,1,0,0,0,7,6,0,0,0,0,0,0,15
P392935,Florence Travel Spray,TOCCA,Fragrance,1.4286,Low Risk,70.0,False,1,0,1,1,0,0,1,0,0,0,0,0,0,0,4
P392931,Cleopatra Travel Spray,TOCCA,Fragrance,1.7941,Medium Risk (Limited Data),68.0,True,2,0,1,0,0,1,12,11,0,0,0,0,1,0,28
P422568,Eye Color Quad Eyeshadow Palette,TOM FORD,Makeup,1.0185,Low Risk,90.0,False,1,0,0,0,0,0,0,1,0,0,0,0,0,0,2
P416057,Lip Color Lipstick,TOM FORD,Makeup,1.0789,Low Risk,77.55,False,3,0,0,0,0,0,2,1,0,0,0,0,0,0,6
P436489,Lost Cherry,TOM FORD,Fragrance,1.75,Medium Risk,82.76,False,0,0,1,1,0,0,20,19,0,0,0,0,0,0,41
P416222,Lip Color Matte Lipstick,TOM FORD,Makeup,1.1154,Insufficient Data,26.53,False,0,0,0,0,0,0,2,1,0,0,0,0,0,0,3
P393151,Tobacco Vanille,TOM FORD,Fragrance,1.7308,Medium Risk,92.86,False,0,0,1,0,0,0,11,10,0,0,0,0,0,0,22
P456175,Mini Soleil Blanc Shimmering Body Oil,TOM FORD,Fragrance,1.463,Low Risk,96.43,True,1,0,0,1,0,1,11,11,0,0,0,0,1,1,27
P449372,Gloss Luxe Lip Gloss,TOM FORD,Makeup,,Insufficient Data,0.0,False,0,0,0,0,0,0,0,0,0,0,0,0,0,0,0
P183301,Black Orchid Eau de Parfum,TOM FORD,Fragrance,1.8056,Medium Risk,90.0,False,0,0,1,0,0,0,16,15,0,0,0,0,0,0,32
P406527,Soleil Blanc Shimmering Body Oil,TOM FORD,Fragrance,1.463,Low Risk,96.43,True,1,0,0,1,0,1,11,11,0,0,0,0,1,1,27
P464308,Lost Cherry Travel Spray,TOM FORD,Fragrance,1.75,Medium Risk,82.76,False,0,0,1,1,0,0,20,19,0,0,0,0,0,0,41
P459506,Traceless Soft Matte Foundation,TOM FORD,Makeup,1.0682,Low Risk,78.57,False,1,0,0,1,0,0,1,4,0,0,0,0,0,2,9
P422453,Traceless Foundation Stick,TOM FORD,Makeup,1.0,Low Risk,76.19,False,0,0,0,0,0,0,0,0,0,0,0,0,0,0,0
P406526,Soleil Blanc,TOM FORD,Fragrance,1.6944,Medium Risk,94.74,False,0,0,1,0,0,0,15,14,0,0,0,0,0,0,30
P433672,Tobacco Vanille Travel Spray,TOM FORD,Fragrance,1.75,Medium Risk,100.0,False,0,0,1,0,0,0,12,11,0,0,0,0,0,0,24
P422574,Shade And Illuminate Cream Contour Duo,TOM FORD,Makeup,1.0,Low Risk,90.91,False,0,0,0,0,0,0,0,0,0,0,0,0,0,0,0
P464304,Bitter Peach Eau De Parfum,TOM FORD,Fragrance,1.6389,Medium Risk,94.74,False,3,0,1,1,0,0,12,11,0,0,0,0,0,0,28
P464313,Soleil Balm Frost Lip Balm,TOM FORD,Makeup,1.1,Low Risk,77.78,False,4,0,0,0,0,0,2,1,0,0,0,0,0,0,7
P429291,Fucking Fabulous,TOM FORD,Fragrance,1.6111,Medium Risk,94.74,False,0,0,1,1,0,0,13,12,0,0,0,0,0,0,27
P429018,Ultra Shine Lip Color,TOM FORD,Makeup,1.0972,Low Risk,85.71,False,4,0,0,0,0,0,2,1,0,0,0,0,0,0,7
P393167,Oud Wood,TOM FORD,Fragrance,1.85,Medium Risk,90.91,True,0,0,1,1,0,1,6,5,0,0,0,0,0,1,15
P387250,Velvet Orchid,TOM FORD,Fragrance,1.8913,Medium Risk,79.31,True,0,0,1,0,0,2,19,18,0,0,0,0,1,1,42
P433669,Soleil Blanc Travel Spray,TOM FORD,Fragrance,1.7105,Medium Risk,100.0,False,0,0,1,0,0,0,16,15,0,0,0,0,0,0,32
P433663,Ombré Leather Eau de Parfum,TOM FORD,Fragrance,1.5938,Medium Risk,94.12,False,0,0,1,1,0,0,11,10,0,0,0,0,0,0,23
P448464,Fucking Fabulous Travel Spray,TOM FORD,Fragrance,1.6111,Medium Risk,94.74,False,0,0,1,1,0,0,13,12,0,0,0,0,0,0,27
P428452,Eau de Soleil Blanc,TOM FORD,Fragrance,1.6562,Medium Risk,100.0,False,0,0,1,1,0,0,11,10,0,0,0,0,0,0,23
P422571,Eye Defining Pen Liquid Eyeliner Duo,TOM FORD,Makeup,1.119,Low Risk (Limited Data),67.74,False,2,0,1,0,0,0,0,3,0,0,1,0,0,1,8
P455598,Rose Prick,TOM FORD,Fragrance,1.6176,Medium Risk,100.0,False,0,0,1,0,0,0,13,12,0,0,0,0,0,0,26
P378133,Neroli Portofino,TOM FORD,Fragrance,1.6667,Medium Risk,90.0,False,0,0,1,0,0,0,7,6,0,0,0,0,0,0,14
P430909,Black Orchid Eau de Parfum Travel Spray,TOM FORD,Fragrance,1.8056,Medium Risk,90.0,False,0,0,1,0,0,0,16,15,0,0,0,0,0,0,32
P477712,Bitter Peach Eau de Parfum Travel Spray,TOM FORD,Fragrance,1.6389,Medium Risk,94.74,False,3,0,1,1,0,0,12,11,0,0,0,0,0,0,28
P450194,Soleil Neige,TOM FORD,Fragrance,1.6176,Medium Risk,100.0,False,0,0,1,0,0,0,13,12,0,0,0,0,0,0,26
P443930,Soleil Glow Bronzer,TOM FORD,Makeup,1.0208,Low Risk,85.71,False,1,0,0,0,0,0,0,1,0,0,0,0,0,0,2
P481356,Eye Color Crème Eyeshadow Quad,TOM FORD,Makeup,,Insufficient Data,0.0,False,0,0,0,0,0,0,0,0,0,0,0,0,0,0,0
P430910,Velvet Orchid Travel Spray,TOM FORD,Fragrance,1.8913,Medium Risk,79.31,True,0,0,1,0,0,2,19,18,0,0,0,0,1,1,42
P433671,Oud Wood Travel Spray,TOM FORD,Fragrance,1.9545,Medium Risk,100.0,True,0,0,1,1,0,2,6,5,0,0,0,0,1,1,17
P393141,Jasmin Rouge,TOM FORD,Fragrance,1.75,Medium Risk,94.74,False,0,0,1,0,0,0,16,15,0,0,0,0,0,0,32
P422552,Shade and Illuminate Highlighting Duo,TOM FORD,Makeup,1.0,Low Risk,90.91,False,0,0,0,0,0,0,0,0,0,0,0,0,0,0,0
P476743,Lip Blush Lip Balm,TOM FORD,Makeup,1.0333,Low Risk,71.43,False,1,0,0,0,0,0,0,0,0,0,0,0,0,0,1
P446023,Eau de Soleil Blanc Travel Spray,TOM FORD,Fragrance,1.6562,Medium Risk,100.0,False,0,0,1,1,0,0,11,10,0,0,0,0,0,0,23
P393159,Santal Blush,TOM FORD,Fragrance,1.6522,Medium Risk,95.83,False,3,0,1,2,0,0,14,14,0,0,0,0,0,0,34
P476744,Shade & Illuminate Blush Duo,TOM FORD,Makeup,1.0556,Low Risk,87.1,False,1,0,0,0,0,0,1,3,0,0,0,0,0,2,7
P468419,Rose Prick Travel Spray,TOM FORD,Fragrance,1.6176,Medium Risk,100.0,False,0,0,1,0,0,0,13,12,0,0,0,0,0,0,26
P464305,Soleil Neige Eau De Parfum Travel Spray,TOM FORD,Fragrance,1.6176,Medium Risk,100.0,False,0,0,1,0,0,0,13,12,0,0,0,0,0,0,26
P393137,White Suede,TOM FORD,Fragrance,1.7647,Medium Risk,100.0,True,3,0,1,1,0,1,11,10,0,0,0,0,1,0,28
P395693,Noir Extreme,TOM FORD,Fragrance,1.7895,Medium Risk,95.0,True,0,0,1,0,0,1,15,14,0,0,0,0,1,0,32
P393163,Noir de Noir,TOM FORD,Fragrance,1.7083,Medium Risk,92.31,False,0,0,1,0,0,0,10,9,0,0,0,0,0,0,20
P393153,Tuscan Leather,TOM FORD,Fragrance,1.75,Medium Risk,75.0,True,0,0,1,0,0,1,3,2,0,0,0,0,1,0,8
P459414,Ombré Leather Eau de Parfum Travel Spray,TOM FORD,Fragrance,1.5938,Medium Risk,94.12,False,0,0,1,1,0,0,11,10,0,0,0,0,0,0,23
P392229,Mandarino Di Amalfi,TOM FORD,Fragrance,1.8125,Medium Risk,94.12,True,0,0,1,0,0,1,13,12,0,0,0,0,1,0,28
P460873,Black Orchid Parfum,TOM FORD,Fragrance,1.7895,Medium Risk,95.0,False,0,0,1,0,0,0,17,16,0,0,0,0,0,0,34
P477827,Mini Soleil Neige Shimmering Body Oil,TOM FORD,Fragrance,1.3889,Low Risk,100.0,False,1,0,0,0,0,0,12,12,0,0,0,0,0,1,26
P478734,Ébène Fumé Eau de Parfum,TOM FORD,Fragrance,1.5,Medium Risk,94.12,False,3,0,1,2,0,0,7,6,0,0,0,0,0,0,19
P428696,Vanille Fatale,TOM FORD,Fragrance,1.7143,Medium Risk (Limited Data),66.67,False,0,0,1,1,0,0,10,9,0,0,0,0,0,0,21
P504169,Cherry Smoke,TOM FORD,Fragrance,1.75,Medium Risk,90.0,False,0,0,1,1,0,0,15,14,0,0,0,0,0,0,31
P443932,Lip Blush,TOM FORD,Makeup,1.0333,Low Risk,71.43,False,1,0,0,0,0,0,0,0,0,0,0,0,0,0,1
P481174,Bitter Peach Lip Color Matte Lipstick,TOM FORD,Makeup,1.1154,Insufficient Data,26.53,False,0,0,0,0,0,0,2,1,0,0,0,0,0,0,3
P428908,Brow Sculptor,TOM FORD,Makeup,1.0,Low Risk (Limited Data),61.54,False,0,0,0,0,0,0,0,0,0,0,0,0,0,0,0
P504167,Electric Cherry,TOM FORD,Fragrance,1.6875,Medium Risk,94.12,False,0,0,1,1,0,0,12,11,0,0,0,0,0,0,25
P438529,Fucking Fabulous Candle,TOM FORD,Fragrance,1.7,Medium Risk (Limited Data),50.0,False,0,0,0,0,0,0,5,5,0,0,0,0,0,0,10
P448155,MÉTALLIQUE,TOM FORD,Fragrance,1.7941,Medium Risk,100.0,True,0,0,1,1,0,1,12,11,0,0,0,0,1,0,27
P501561,Lost Cherry Perfume Set,TOM FORD,Fragrance,1.7609,Medium Risk,79.31,False,0,0,1,1,0,0,19,18,0,0,0,0,0,0,39
P451871,White Suede Travel Spray,TOM FORD,Fragrance,1.7812,Medium Risk,94.12,True,3,0,1,1,0,1,10,9,0,0,0,0,1,0,26
P451872,Noir de Noir Travel Spray,TOM FORD,Fragrance,1.7083,Medium Risk,92.31,False,0,0,1,0,0,0,10,9,0,0,0,0,0,0,20
P450195,Soleil Neige Shimmering Body Oil,TOM FORD,Bath & Body,1.3889,Low Risk,100.0,False,1,0,0,0,0,0,12,12,0,0,0,0,0,1,26
P445433,Emotionproof Mascara,TOM FORD,Makeup,1.0429,Low Risk,72.92,False,2,0,0,0,1,0,0,0,0,1,0,0,0,0,4
P470554,Soleil Brulant,TOM FORD,Fragrance,1.6667,Medium Risk,100.0,False,0,0,1,0,0,0,9,8,0,0,0,0,0,0,18
P464307,Lost Cherry Candle,TOM FORD,Fragrance,1.75,Medium Risk,82.76,False,0,0,1,1,0,0,20,19,0,0,0,0,0,0,41
P467979,Costa Azzurra Eau de Parfum,TOM FORD,Fragrance,1.5833,Medium Risk,96.0,False,5,0,1,2,0,0,12,12,0,0,0,0,0,1,33
P468710,Tubéreuse Nue,TOM FORD,Fragrance,1.725,Medium Risk,95.24,False,0,0,1,0,0,0,17,16,0,0,0,0,0,0,34
P503100,Soleil Neige Eye Color Quad,TOM FORD,Makeup,1.0179,Low Risk,84.85,False,1,0,0,0,0,0,0,1,0,0,0,0,0,0,2
P474863,Ombré Leather Parfum,TOM FORD,Fragrance,1.5909,Medium Risk,91.67,False,0,0,1,0,0,0,8,7,0,0,0,0,0,0,16
P479655,Rose D'Amalfi Eau De Parfum,TOM FORD,Fragrance,1.6389,Medium Risk,94.74,False,5,0,1,1,0,0,11,10,0,0,0,0,0,0,28
P422546,Extreme Mascara,TOM FORD,Makeup,1.0312,Insufficient Data,29.09,False,1,0,0,0,0,0,0,1,0,0,0,0,0,1,3
P411714,Conditioning Beard Oil,TOM FORD,Men,1.6,Medium Risk,93.75,False,0,0,0,0,0,0,11,10,0,0,0,0,0,0,21
P473735,Soleil Brulant Eau de Parfum Travel Spray,TOM FORD,Fragrance,1.6667,Medium Risk,100.0,False,0,0,1,0,0,0,9,8,0,0,0,0,0,0,18
P483499,Sheer Cheek Duo,TOM FORD,Makeup,1.0541,Low Risk,82.22,False,4,0,0,0,0,0,0,1,0,0,0,0,0,0,5
P481173,Bitter Peach Eye Colour Eyeshadow Palette,TOM FORD,Makeup,1.05,Low Risk,75.0,False,1,0,0,1,0,0,0,1,0,0,0,0,0,0,3
P501479,Bitter Peach Perfume Set,TOM FORD,Fragrance,1.6765,Medium Risk,85.0,False,3,0,1,1,0,0,12,11,0,0,0,0,0,0,28
P474864,Ombré Leather Parfum Travel Spray,TOM FORD,Fragrance,1.5909,Medium Risk,91.67,False,0,0,1,0,0,0,8,7,0,0,0,0,0,0,16
P481398,Rose De Chine Eau De Parfum,TOM FORD,Fragrance,1.6667,Medium Risk,82.76,False,4,0,1,1,0,0,15,15,0,0,0,0,0,0,36
P481747,Traceless Soft Matte Primer,TOM FORD,Makeup,1.0889,Low Risk,81.82,False,3,0,0,1,0,0,1,5,0,0,0,0,0,2,12
P481351,Costa Azzurra Parfum,TOM FORD,Fragrance,1.7143,Medium Risk,93.33,False,0,0,1,0,0,0,12,11,0,0,0,0,0,0,24
P448466,Tuscan Leather Travel Spray,TOM FORD,Fragrance,1.7857,Medium Risk,87.5,True,0,0,1,1,0,1,3,2,0,0,0,0,1,0,9
P433910,Fougère d'Argent,TOM FORD,Fragrance,1.6875,Medium Risk,100.0,False,0,0,1,1,0,0,11,10,0,0,0,0,0,0,23
P430912,Noir Extreme Travel Spray,TOM FORD,Fragrance,1.775,Medium Risk,100.0,True,1,0,1,0,0,1,15,15,0,0,0,0,1,1,35
P477832,Tubéreuse Nue Travel Spray,TOM FORD,Fragrance,1.725,Medium Risk,95.24,False,0,0,1,0,0,0,17,16,0,0,0,0,0,0,34
P411725,Brow Gel Comb,TOM FORD,Makeup,1.0909,Low Risk,84.62,False,1,0,1,0,0,0,0,1,0,0,0,0,0,1,4
P502494,Bois Marocain Eau de Parfum,TOM FORD,Fragrance,1.5385,Medium Risk,100.0,False,3,0,1,1,0,0,6,5,0,0,0,0,0,0,16
P501540,Oud Wood Perfume Set,TOM FORD,Fragrance,1.65,Medium Risk,90.91,False,0,0,1,0,0,0,7,6,0,0,0,0,0,0,14
P502337,Ebene Fume Eau de Parfum Travel Spray,TOM FORD,Fragrance,1.5,Medium Risk,100.0,False,4,0,1,2,0,0,7,6,0,0,0,0,0,0,20
P480194,Bitter Peach Candle,TOM FORD,Fragrance,,Insufficient Data,0.0,False,0,0,0,0,0,0,0,0,0,0,0,0,0,0,0
P501520,Noir Extreme Parfum,TOM FORD,Fragrance,1.7368,Medium Risk,95.0,False,0,0,1,0,0,0,16,15,0,0,0,0,0,0,32
P454404,Beau de Jour,TOM FORD,Fragrance,1.5789,Medium Risk,95.0,False,5,0,1,1,0,0,9,8,0,0,0,0,0,0,24
P505166,Rose Prick Eye Color Crème Eyeshadow Quad,TOM FORD,Makeup,1.0385,Insufficient Data,29.55,False,1,0,0,0,0,0,0,1,0,0,0,0,0,1,3
P505165,Rose Prick Lip Color Satin Matte,TOM FORD,Makeup,1.1,Low Risk,78.43,False,4,0,0,0,0,0,2,2,0,0,0,0,0,0,8
P458271,Most Wanted Lip Color Lipstick Collection,TOM FORD,Makeup,1.1154,Insufficient Data,26.53,False,0,0,0,0,0,0,2,1,0,0,0,0,0,0,3
P505387,Traceless Soft Matte Concealer,TOM FORD,Makeup,1.0526,Low Risk,73.08,False,0,0,0,1,0,0,0,0,0,0,0,0,0,0,1
P501516,Eyebrow Laminator,TOM FORD,Makeup,1.0312,Low Risk (Limited Data),61.54,False,1,0,0,0,0,0,0,1,0,0,0,0,0,1,3
P505393,Eye Color Quad - Cherry Collection,TOM FORD,Makeup,1.0179,Low Risk,90.32,False,1,0,0,0,0,0,0,1,0,0,0,0,0,0,2
P381000,Better Than Sex Volumizing & Lengthening Mascara,Too Faced,Makeup,1.06,Low Risk,71.43,False,1,0,0,0,0,0,0,3,0,0,1,0,0,1,6
P432298,Born This Way Super Coverage Multi-Use Longwear Concealer,Too Faced,Makeup,1.02,Low Risk,78.12,False,0,0,0,0,0,0,0,0,0,0,0,0,0,0,0
P397517,Born This Way Natural Finish Longwear Liquid Foundation,Too Faced,Makeup,1.069,Low Risk,85.29,False,1,0,1,1,0,0,0,0,0,0,0,0,0,0,3
P407636,Melted Matte Liquid Lipstick,Too Faced,Makeup,1.1042,Low Risk,77.42,False,2,0,0,0,1,0,0,1,0,0,0,0,0,1,5
P229406,Chocolate Soleil Matte Bronzer,Too Faced,Makeup,1.1579,Low Risk,90.48,False,1,0,0,0,0,0,3,3,0,0,0,0,0,1,8
P378111,Lip Injection Extreme Hydrating Lip Plumper,Too Faced,Makeup,1.1053,Low Risk,70.37,False,1,0,0,0,0,0,2,3,0,0,0,0,0,1,7
P407907,Sweet Peach Eyeshadow Palette,Too Faced,Makeup,1.1406,Low Risk,82.05,False,1,0,0,0,1,0,5,5,0,1,0,0,0,1,14
P387589,Hangover Replenishing Face Primer,Too Faced,Makeup,1.0556,Low Risk (Limited Data),64.29,False,0,0,0,0,0,0,1,1,0,0,0,0,0,0,2
P420166,Hangover 3-in-1 Replenishing Primer & Setting Spray,Too Faced,Makeup,1.0833,Low Risk (Limited Data),66.67,False,1,0,0,0,0,0,1,2,0,0,0,0,0,1,5
P425607,Mini Lip Injection Extreme Hydrating Lip Plumper,Too Faced,Mini Size,1.1316,Low Risk,70.37,False,1,0,0,0,0,0,3,5,0,0,0,0,0,1,10
P426850,Diamond Light Highlighter,Too Faced,Makeup,1.0192,Low Risk,81.25,False,1,0,0,0,0,0,0,1,0,0,0,0,0,0,2
P202625,Shadow Insurance 24-Hour Eyeshadow Primer,Too Faced,Makeup,1.1515,Low Risk,80.49,False,1,0,0,1,0,0,4,5,0,0,0,0,0,2,13
P407908,Better Than Sex Volumizing & Lengthening Waterproof Mascara,Too Faced,Makeup,1.1176,Low Risk,73.91,False,1,0,0,0,0,0,0,1,1,0,0,0,0,1,4
P455201,Born This Way The Natural Nudes Eyeshadow Palette,Too Faced,Makeup,1.0139,Low Risk,73.47,False,1,0,0,0,0,0,0,1,0,0,0,0,0,1,3
P429602,Natural Eyes Eyeshadow Palette,Too Faced,Makeup,1.1143,Low Risk,87.5,False,1,0,0,0,0,0,4,4,0,0,0,0,0,1,10
P74520,Lip Injection Hydrating & Plumping Lip Gloss,Too Faced,Makeup,1.3,Low Risk (Limited Data),66.67,False,2,0,0,0,0,0,3,4,0,0,0,0,0,1,10
P467795,Lip Injection Power Plumping Hydrating Lip Gloss,Too Faced,Makeup,1.1216,Low Risk,88.1,False,5,0,0,1,0,0,0,2,0,0,0,0,0,1,9
P504072,Cloud Crush Blurring Blush,Too Faced,Makeup,1.1667,Low Risk,88.89,False,3,0,0,0,0,0,2,1,0,0,0,0,0,0,6
P429604,Natural Face Palette,Too Faced,Makeup,1.15,Low Risk,90.91,False,2,0,0,0,0,0,4,4,0,0,0,0,0,1,11
P467794,Lip Injection Maximum Plump Extra Strength Hydrating Lip Plumper,Too Faced,Makeup,1.0682,Low Risk,73.33,False,2,0,0,0,0,0,1,3,0,0,0,0,0,1,7
P442803,Peach Puff Long-Wearing Diffused Matte Lip Color,Too Faced,Makeup,1.0862,Low Risk,78.38,False,2,0,0,0,0,0,1,3,0,0,0,0,0,1,7
P460018,Hangover Pillow Balm Ultra-Hydrating Lip Balm,Too Faced,Makeup,1.1226,Low Risk,79.1,False,8,0,0,1,0,0,0,3,0,0,0,0,0,2,14
P48406,Sun Bunny Natural Bronzer,Too Faced,Makeup,1.0294,Low Risk,100.0,False,1,0,0,0,0,0,0,1,0,0,0,0,0,1,3
P425855,Mini Better Than Sex Waterproof Mascara,Too Faced,Mini Size,1.1176,Low Risk,73.91,False,1,0,0,0,0,0,0,1,1,0,0,0,0,1,4
P458586,Born This Way Matte Longwear Liquid Foundation,Too Faced,Makeup,1.0303,Low Risk,94.29,False,1,0,0,0,0,0,0,1,0,0,0,0,0,1,3
P425602,Mini Hangover Replenishing Face Primer,Too Faced,Mini Size,1.0556,Low Risk (Limited Data),64.29,False,0,0,0,0,0,0,1,1,0,0,0,0,0,0,2
P471584,Mini Lip Injection Maximum Plump Extra Strength Hydrating Lip Plumper,Too Faced,Makeup,1.0682,Low Risk,73.33,False,2,0,0,0,0,0,1,3,0,0,0,0,0,1,7
P444600,Damn Girl! 24-Hour Mascara,Too Faced,Makeup,1.0476,Low Risk,72.41,False,1,0,0,0,0,0,1,2,0,0,0,0,0,1,5
P439069,Pretty Rich Diamond Light Eyeshadow Palette,Too Faced,Makeup,1.0222,Low Risk,71.43,False,2,0,0,0,0,0,0,1,0,0,0,0,0,1,4
P447123,Born This Way Pressed Powder Foundation,Too Faced,Makeup,1.0517,Low Risk,82.86,False,1,0,1,0,1,0,0,1,0,1,0,0,0,1,6
P467151,Killer Liner 36 Hour Waterproof Gel Eyeliner,Too Faced,Makeup,1.0,Low Risk,75.0,False,0,0,0,0,0,0,0,0,0,0,0,0,0,0,0
P441854,Better Than Sex Easy Glide Waterproof Liquid Eyeliner,Too Faced,Makeup,1.4,Low Risk (Limited Data),55.56,False,1,0,1,0,0,0,0,2,0,0,1,0,0,1,6
P484079,Born This Way Ethereal Light Smoothing Concealer,Too Faced,Makeup,1.0128,Low Risk,76.47,False,1,0,0,0,0,0,0,1,0,0,0,0,0,1,3
P502382,Mini Lip Injection Plumping Mobile Lip Plumper Set,Too Faced,Makeup,1.1129,Low Risk,72.09,False,3,0,0,0,0,0,3,4,0,0,0,0,0,1,11
P456594,Peach Perfect Instant Coverage Concealer - Peaches and Cream Collection,Too Faced,Makeup,1.0857,Low Risk,76.09,False,2,0,0,0,0,0,2,3,0,0,0,0,0,1,8
P480363,Too Femme Heart Core Lipstick,Too Faced,Makeup,1.0781,Low Risk,82.05,False,3,0,0,0,0,0,1,1,0,0,0,0,0,1,6
P476747,Lady Bold Cream Lipstick,Too Faced,Makeup,1.1739,Low Risk,76.67,False,7,0,0,1,0,0,5,4,0,0,0,0,0,0,17
P483500,Born This Way Sunset Stripped Eyeshadow Palette,Too Faced,Makeup,1.0349,Low Risk (Limited Data),66.15,False,1,0,0,0,0,0,1,1,0,0,0,0,0,1,4
P475179,Lip Injection Power Plumping Cream Liquid Lipstick,Too Faced,Makeup,1.0926,Low Risk,87.1,False,1,0,0,1,0,0,1,0,0,0,0,0,0,0,3
P476746,Lady Bold Waterproof Longwear Lip Liner,Too Faced,Makeup,1.02,Low Risk,92.59,False,1,0,0,0,0,0,0,1,0,0,0,0,0,0,2
P501036,Cocoa Bold Cream Lipstick,Too Faced,Makeup,1.0952,Low Risk,87.5,False,0,0,0,0,0,0,2,1,0,0,0,0,0,0,3
P447768,Mini Damn Girl! 24-Hour Mascara,Too Faced,Mini Size,1.0588,Low Risk,82.93,False,3,0,0,0,0,0,1,2,0,0,0,0,0,1,7
P484078,Fluff & Hold Laminating Brow Wax,Too Faced,Makeup,1.125,Low Risk,100.0,False,1,0,1,0,0,0,0,1,0,0,0,0,0,1,4
P502503,Mini Secret Santa Eyeshadow Palette,Too Faced,Mini Size,1.1207,Low Risk,74.36,False,1,0,0,0,0,0,3,3,0,0,0,0,0,1,8
P467266,Kitty Likes to Scratch Mini Eyeshadow Palette,Too Faced,Mini Size,1.1774,Low Risk,81.58,False,1,0,0,1,0,0,5,5,0,0,0,0,0,1,13
P467267,Let’s Play Mini Eyeshadow Palette,Too Faced,Mini Size,1.1207,Low Risk,78.38,False,1,0,0,0,0,0,4,4,0,0,0,0,0,1,10
P467981,Plump & Prime Face Plumping Primer Serum,Too Faced,Makeup,1.1027,Low Risk (Limited Data),64.6,False,3,0,0,1,0,0,6,10,0,0,0,0,0,1,21
P475178,Lip Injection Power Plumping Hydrating Liquid Lip Balm,Too Faced,Makeup,1.117,Low Risk,78.33,False,7,0,0,1,0,0,0,1,0,0,0,0,0,1,10
P428037,Mini Hangover 3-in-1 Replenishing Primer & Setting Spray,Too Faced,Mini Size,1.0833,Low Risk (Limited Data),66.67,False,1,0,0,0,0,0,1,2,0,0,0,0,0,1,5
P501013,Born This Way Ethereal Setting Powder,Too Faced,Makeup,1.0185,Low Risk,90.0,False,1,0,0,0,0,0,0,2,0,0,0,0,0,1,4
P501033,Better Than Chocolate Eyeshadow Palette,Too Faced,Makeup,1.0455,Low Risk,73.33,False,1,0,0,0,0,0,1,1,0,0,0,0,0,1,4
P502499,Melted Matte PSL Liquid Lipstick,Too Faced,Makeup,1.1951,Low Risk,85.42,False,3,0,1,0,1,0,6,6,0,0,0,0,0,0,17
P501027,Chocolate Soleil Natural Bronzer,Too Faced,Makeup,1.119,Low Risk,87.5,False,0,0,0,0,0,0,3,2,0,0,0,0,0,0,5
P504178,Cheek Popper Blushing Highlighter,Too Faced,Makeup,1.2143,Low Risk,93.33,False,2,0,0,0,0,0,6,6,0,0,0,0,0,1,15
P473825,Brow Wig Brush on Eyebrow Gel,Too Faced,Makeup,1.0156,Low Risk,84.21,False,1,0,0,0,0,0,0,2,0,0,0,0,0,1,4
P473851,Pomade In A Pencil Eyebrow Shaper & Filler,Too Faced,Makeup,1.0,Low Risk,81.25,False,0,0,0,0,0,0,0,0,0,0,0,0,0,0,0
P473854,Super Fine Brow Detailer Eyebrow Pencil,Too Faced,Makeup,1.0,Low Risk,71.43,False,0,0,0,0,0,0,0,0,0,0,0,0,0,0,0
P504037,Makeup Insurance Longwear Setting Spray + Blue Light Defense,Too Faced,Makeup,1.1429,Low Risk,80.77,False,0,0,0,1,0,0,3,2,0,0,0,0,0,0,6
P505390,Lip Injection Extreme Lip Shaper Plumping Lip Liner,Too Faced,Makeup,1.125,Low Risk,78.26,False,4,0,0,1,0,0,1,2,0,0,0,0,0,0,8
P505386,Born This Way Healthy Glow Spf 30 Moisturizing Skin Tint,Too Faced,Makeup,1.0294,Low Risk,79.69,False,1,0,0,1,0,0,0,1,0,0,0,0,0,1,4
P479355,High Roller Ingrown Hair Tonic with AHA and BHA,Topicals,Bath & Body,1.1562,Low Risk,88.89,False,3,0,0,0,0,0,0,3,0,0,0,0,0,1,7
P470259,Faded Serum for Dark Spots & Discoloration,Topicals,Skincare,1.0227,Low Risk (Limited Data),59.46,False,1,0,0,0,0,0,0,2,0,0,0,0,0,1,4
P484080,Mini Faded Serum for Dark Spots & Discoloration,Topicals,Skincare,1.0227,Low Risk (Limited Data),59.46,False,1,0,0,0,0,0,0,2,0,0,0,0,0,1,4
P481500,Slather Exfoliating Body Serum with Retinol and AHAs,Topicals,Bath & Body,1.1304,Low Risk,85.19,False,3,0,0,0,0,0,0,3,0,0,0,0,1,1,8
P474378,Faded Brightening & Clearing Mist,Topicals,Bath & Body,1.0588,Low Risk (Limited Data),54.84,False,0,0,1,0,0,0,0,1,0,0,0,0,0,0,2
P474379,"Like Butter Body Hydrating and Soothing Mist for Dry, Sensitive & Eczema-Prone Skin",Topicals,Bath & Body,1.0435,Low Risk (Limited Data),51.11,False,0,0,1,0,0,0,0,1,0,0,0,0,0,0,2
P480529,Power Mist Hydrating Hand Sanitizer,Touchland,Bath & Body,1.5,Medium Risk,75.0,False,0,0,0,0,0,0,5,5,0,0,0,1,0,0,11
P480530,Glow Mist Rejuvenating Hand Sanitizer,Touchland,Bath & Body,1.5,Medium Risk (Limited Data),64.71,False,0,0,0,0,0,0,6,6,0,0,0,1,0,0,13
P449342,BeachPlease Lip + Cheek Cream Blush,Tower 28 Beauty,Makeup,1.0,Low Risk,84.38,False,0,0,0,0,0,0,0,0,0,0,0,0,0,0,0
P477829,SunnyDays SPF 30 Tinted Sunscreen Foundation,Tower 28 Beauty,Makeup,1.0217,Low Risk (Limited Data),69.7,False,1,0,0,0,0,0,0,2,0,0,0,0,0,1,4
P502484,MakeWaves Lengthening + Volumizing Mascara,Tower 28 Beauty,Makeup,1.0526,Low Risk,73.08,False,0,0,0,0,0,0,0,1,0,0,1,0,0,0,2
P458281,Bronzino Illuminating Cream Bronzer,Tower 28 Beauty,Makeup,1.0,Low Risk,84.38,False,0,0,0,0,0,0,0,0,0,0,0,0,0,0,0
P448852,SOS Daily Rescue Facial Spray,Tower 28 Beauty,Skincare,1.0,Low Risk (Limited Data),66.67,False,0,0,0,0,0,0,0,0,0,0,0,0,0,0,0
P504183,JuiceBalm Vegan Tinted Lip Balm,Tower 28 Beauty,Makeup,1.0278,Low Risk,94.74,False,1,0,0,0,0,0,0,1,0,0,0,0,0,1,3
P448855,SuperDew Shimmer-Free Highlight Balm,Tower 28 Beauty,Makeup,1.0,Low Risk,85.19,False,0,0,0,0,0,0,0,1,0,0,0,0,0,0,1
P501332,Dreamy Gleamy Holiday Lip Gloss Duo Set,Tower 28 Beauty,Makeup,1.0,Low Risk (Limited Data),68.42,False,0,0,0,0,0,0,0,1,0,0,0,0,0,0,1
P504041,OneLiner Lip Liner + Eyeliner + Cheek Pencil,Tower 28 Beauty,Makeup,1.0,Low Risk,85.0,False,0,0,0,0,0,0,0,0,0,0,0,0,0,0,0
P503943,Sculptino Soft Matte Cream Contour + Bronzer,Tower 28 Beauty,Makeup,1.0,Low Risk,87.1,False,0,0,0,0,0,0,0,1,0,0,0,0,0,0,1
P448853,Mini SOS Daily Rescue Facial Spray,Tower 28 Beauty,Skincare,1.0,Low Risk (Limited Data),66.67,False,0,0,0,0,0,0,0,0,0,0,0,0,0,0,0
P500121,SOS Intensive Redness Relief Serum,Tower 28 Beauty,Skincare,1.0,Insufficient Data,20.0,False,0,0,0,0,0,0,0,0,0,0,0,0,0,0,0
P475182,The Cult Classic Purifying Face Cleanser,TULA Skincare,Skincare,1.1515,Low Risk (Limited Data),67.35,False,1,0,0,0,0,0,8,10,0,0,0,0,0,1,20
P482757,Mini The Cult Classic Purifying Face Cleanser,TULA Skincare,Skincare,1.1515,Low Risk (Limited Data),67.35,False,1,0,0,0,0,0,8,10,0,0,0,0,0,1,20
P475185,24-7 Moisture Hydrating Day & Night Cream,TULA Skincare,Skincare,1.1,Low Risk,76.27,False,1,0,0,0,0,0,6,9,0,0,0,0,0,1,17
P475203,Mini 24-7 Moisture Hydrating Day & Night Cream,TULA Skincare,Skincare,1.1,Low Risk,76.27,False,1,0,0,0,0,0,6,9,0,0,0,0,0,1,17
P475190,Rose Glow + Get It Cooling & Brightening Eye Balm,TULA Skincare,Skincare,1.037,Low Risk,72.97,False,1,0,0,0,0,0,0,3,0,0,0,0,0,1,5
P475181,Glow + Get It Cooling & Brightening Eye Balm,TULA Skincare,Skincare,1.04,Low Risk,78.12,False,2,0,0,0,0,0,0,2,0,0,0,0,0,1,5
P475194,Brightening Treatment Drops Triple Vitamin C Serum,TULA Skincare,Skincare,1.0192,Low Risk (Limited Data),68.42,False,0,0,0,0,0,0,0,2,0,0,0,0,0,0,2
P481748,Bright Start Vitamin C Antioxidant Brightening Moisturizer,TULA Skincare,Skincare,1.0488,Low Risk (Limited Data),65.08,False,1,0,0,0,0,0,1,4,0,0,0,1,0,1,8
P482753,Protect + Glow Daily Sunscreen Gel Broad Spectrum SPF 30,TULA Skincare,Skincare,1.04,Low Risk (Limited Data),60.98,False,1,0,0,0,0,0,0,3,0,0,0,0,0,0,4
P475201,24-7 Power Swipe Hydrating Day & Night Treatment Eye Balm,TULA Skincare,Skincare,1.027,Low Risk (Limited Data),63.79,False,1,0,0,0,0,0,0,2,0,0,0,0,0,1,4
P484081,Eye Recharge + Replenish Pro-Ferm Overnight Eye Cream with Bakuchiol and Peptides,TULA Skincare,Skincare,1.0161,Low Risk (Limited Data),56.36,False,0,0,0,0,0,0,0,2,0,0,0,0,0,0,2
P503652,24-7 Moisture Intense Ultra Hydrating Day & Night Cream with Hyaluronic Acid + Squalane,TULA Skincare,Skincare,1.0761,Low Risk,75.41,False,1,0,0,0,0,0,3,6,0,0,0,0,0,1,11
P475180,On The Go Best Sellers Travel Kit,TULA Skincare,Skincare,1.1071,Low Risk (Limited Data),68.29,False,1,0,0,0,0,0,10,15,0,0,0,1,0,1,28
P475188,Instant De-Puff Eye Renewal Serum,TULA Skincare,Skincare,1.0303,Low Risk,70.21,False,1,0,0,0,0,0,0,4,0,0,0,0,0,1,6
P501316,Beauty Sleep Overnight Repair Treatment Cream with AHA's and Vitamin C,TULA Skincare,Skincare,1.0909,Low Risk (Limited Data),57.89,False,1,0,0,0,0,0,4,8,0,0,0,0,0,1,14
P475189,Secret Solutions Pro-Glycolic 10% Resurfacing Toner,TULA Skincare,Skincare,1.075,Low Risk,71.43,False,1,0,0,0,0,0,0,4,0,0,0,0,0,1,6
P482754,Mineral Magic Oil-Free Mineral Sunscreen Fluid Broad Spectrum SPF 30,TULA Skincare,Skincare,1.0312,Low Risk (Limited Data),64.86,False,1,0,0,0,0,0,0,4,0,0,0,0,0,2,7
P475197,Balancing Act Purifying & pH Balancing Biodegradable Toner Pads,TULA Skincare,Skincare,1.0417,Low Risk (Limited Data),61.02,False,1,0,0,0,0,0,0,4,0,0,0,0,0,2,7
P475184,Hello Radiance Illuminating Serum,TULA Skincare,Skincare,1.069,Low Risk (Limited Data),69.05,False,1,0,0,0,0,0,2,4,0,0,0,0,0,1,8
P475195,Protect + Plump Firming & Hydrating Face Moisturizer,TULA Skincare,Skincare,1.0227,Low Risk (Limited Data),68.75,False,1,0,0,0,0,0,0,4,0,0,0,0,0,1,6
P475192,So Poreless Deep Exfoliating Blackhead Scrub,TULA Skincare,Skincare,1.0577,Low Risk (Limited Data),50.98,False,1,0,0,0,0,0,1,3,0,0,0,0,0,1,6
P475183,So Polished Exfoliating Sugar Scrub,TULA Skincare,Skincare,1.3158,Low Risk,70.37,False,1,0,0,0,0,0,4,7,0,0,0,1,0,1,14
P475204,Sensitive Skin Treatment Drops Calming Vitamin B Serum,TULA Skincare,Skincare,1.0357,Low Risk,71.79,False,1,0,0,0,0,0,0,3,0,0,0,0,0,1,5
P475193,Wrinkle Treatment Drops Retinol Alternative Serum,TULA Skincare,Skincare,1.0357,Low Risk (Limited Data),60.87,False,1,0,0,0,0,0,0,3,0,0,0,0,0,1,5
P475186,Revive + Rewind Revitalizing Eye Cream,TULA Skincare,Skincare,1.1,Low Risk,74.47,False,1,0,0,0,0,0,4,7,0,0,0,0,0,1,13
P475196,So Smooth Resurfacing & Brightening Fruit Enzyme Mask,TULA Skincare,Skincare,1.0455,Low Risk (Limited Data),66.67,False,0,0,0,0,0,0,0,2,0,0,0,0,0,0,2
P475200,Your Best Skin at Every Age Firming & Smoothing Discovery Kit,TULA Skincare,Skincare,1.0543,Low Risk (Limited Data),53.8,False,1,0,1,0,0,0,4,9,0,0,0,0,0,1,16
P475187,Firm Up Deep Wrinkle Serum,TULA Skincare,Skincare,1.0385,Low Risk (Limited Data),63.41,False,1,0,0,0,0,0,1,4,0,0,0,0,0,1,7
P482755,Claydate Detoxifying & Toning Face Mask Stick,TULA Skincare,Skincare,1.0769,Low Risk (Limited Data),68.42,False,1,0,0,0,0,0,1,3,0,0,0,0,0,1,6
P475198,Prime of Your Life Smoothing & Firming Treatment Primer,TULA Skincare,Makeup,1.0125,Low Risk (Limited Data),63.49,False,1,0,0,0,0,0,0,3,0,0,0,0,0,1,5
P475191,Brighten Up Smoothing Primer Gel,TULA Skincare,Makeup,1.2037,Low Risk,72.97,False,1,0,0,0,0,0,2,9,0,0,1,3,0,3,19
P505409,"24-7 Ultra Hydration Triple-Hydra Complex Day & Night Serum with Hyaluronic Acid, Squalane & Collagen",TULA Skincare,Skincare,1.0429,Low Risk,72.92,False,0,0,0,0,0,0,0,4,0,0,1,0,0,0,5
P263504,All Nighter Long-Lasting Makeup Setting Spray,Urban Decay,Makeup,1.0833,Low Risk,72.0,False,0,0,1,0,0,0,1,0,0,0,0,0,0,0,2
P409523,Vice Hydrating Lipstick,Urban Decay,Makeup,1.0,Low Risk (Limited Data),66.67,False,0,0,0,0,0,0,0,0,0,0,0,0,0,0,0
P133707,24/7 Glide-On Waterproof Eyeliner Pencil,Urban Decay,Makeup,1.0625,Low Risk (Limited Data),53.33,False,0,0,0,0,0,0,0,0,0,0,0,0,0,0,0
P309813,24/7 Eyeshadow,Urban Decay,Makeup,1.0312,Low Risk,100.0,False,1,0,0,0,0,0,0,1,0,0,0,0,0,1,3
P384099,Naked3 Eyeshadow Palette,Urban Decay,Makeup,1.0385,Low Risk,86.67,False,1,0,0,0,0,0,0,1,0,0,0,0,0,1,3
P284716,Eyeshadow Primer Potion,Urban Decay,Makeup,1.0833,Low Risk,90.0,False,1,0,0,0,0,0,0,1,0,0,0,0,0,2,4
P74312,Heavy Metal Glitter Eyeliner,Urban Decay,Makeup,1.0536,Low Risk,75.68,False,2,0,0,0,0,0,0,2,0,0,0,0,0,1,5
P378821,24/7 Moondust Eyeshadow,Urban Decay,Makeup,1.0385,Low Risk,86.67,False,1,0,0,0,0,0,0,1,0,0,0,0,0,1,3
P388225,Naked2 Basics Eyeshadow Palette,Urban Decay,Mini Size,1.0312,Low Risk,100.0,False,0,0,0,0,1,0,0,0,0,1,0,0,0,0,2
P422455,Mini All Nighter Long-Lasting Makeup Setting Spray,Urban Decay,Mini Size,1.0833,Low Risk,72.0,False,0,0,1,0,0,0,1,0,0,0,0,0,0,0,2
P420913,Naked Heat Eyeshadow Palette,Urban Decay,Makeup,1.0417,Low Risk (Limited Data),57.14,False,1,0,0,0,1,0,0,1,0,1,0,0,0,1,5
P219001,24/7 Glide-On Lip Pencil,Urban Decay,Makeup,1.0625,Low Risk (Limited Data),48.48,False,1,0,0,0,0,0,0,1,0,0,0,0,0,1,3
P277222,De-Slick Oil-Control Makeup Setting Spray,Urban Decay,Makeup,1.2391,Low Risk,76.67,False,0,0,1,1,0,0,6,5,0,0,0,0,0,0,13
P410548,All Nighter Liquid Foundation,Urban Decay,Makeup,1.0588,Low Risk,85.0,False,1,0,0,0,0,0,0,1,0,0,0,0,0,1,3
P387956,Perversion Volumizing Mascara,Urban Decay,Makeup,1.0909,Low Risk,75.86,False,1,0,0,0,0,0,0,4,0,0,1,0,0,1,7
P422461,Mini Original Eyeshadow Primer Potion,Urban Decay,Mini Size,1.0833,Low Risk,90.0,False,1,0,0,0,0,0,0,1,0,0,0,0,0,2,4
P381306,Eyeshadow Primer Potion - Anti-Aging,Urban Decay,Makeup,1.06,Low Risk,75.76,False,1,0,0,0,0,0,0,2,0,0,0,0,0,2,5
P447143,Stay Naked Weightless Foundation,Urban Decay,Makeup,1.0385,Low Risk,74.29,False,1,0,1,0,0,0,0,1,0,0,0,0,0,1,4
P440905,Brow Blade Waterproof Eyebrow Pencil & Ink Stain,Urban Decay,Makeup,1.0909,Low Risk,75.86,False,2,0,1,0,0,0,0,2,0,0,0,0,0,1,6
P440907,Naked Reloaded Eyeshadow Palette,Urban Decay,Makeup,1.0441,Low Risk,80.95,False,2,0,0,0,1,0,0,1,0,1,0,0,0,1,6
P468712,Naked Wild West Eyeshadow Palette,Urban Decay,Makeup,1.0238,Low Risk (Limited Data),50.0,False,1,0,0,0,0,0,0,1,0,0,0,0,0,1,3
P474380,Mini Naked3 Eyeshadow Palette,Urban Decay,Makeup,1.0263,Low Risk,82.61,False,1,0,0,0,0,0,0,1,0,0,0,0,0,1,3
P467658,Hydromaniac Glowy Tinted Hydrator Foundation,Urban Decay,Makeup,1.0385,Low Risk,81.25,False,2,0,0,0,0,0,0,2,0,0,0,0,0,1,5
P422458,Mini De-Slick Oil-Control Makeup Setting Spray,Urban Decay,Mini Size,1.2391,Low Risk,76.67,False,0,0,1,1,0,0,6,5,0,0,0,0,0,0,13
P447553,Stay Naked Correcting Concealer,Urban Decay,Makeup,1.0429,Low Risk,92.11,False,1,0,0,0,1,0,0,1,0,0,0,0,0,1,4
P501181,Vice Lip Bond Glossy Liquid Lipstick,Urban Decay,Makeup,1.0385,Low Risk,72.22,False,1,0,0,0,0,0,0,2,0,0,0,0,0,1,4
P431455,All Nighter Waterproof Setting Powder,Urban Decay,Makeup,1.0333,Low Risk,100.0,False,1,0,0,0,0,0,0,1,0,0,0,0,0,1,3
P401771,24/7 Waterline Eye Pencil,Urban Decay,Makeup,1.0,Low Risk,70.0,False,0,0,0,0,0,0,0,0,0,0,0,0,0,0,0
P432630,24/7 Glide-On Eye Pencil - Born To Run Collection,Urban Decay,Makeup,1.0556,Low Risk,77.14,False,2,0,0,0,0,0,0,1,0,0,0,0,0,1,4
P387594,Subversion Lash Primer,Urban Decay,Makeup,1.0714,Low Risk,84.0,False,1,0,0,0,0,0,0,2,0,0,1,0,0,1,5
P482758,All Nighter Long-Lasting Makeup Setting Spray with Vitamin C,Urban Decay,Makeup,1.4231,Low Risk,81.25,False,3,1,1,0,0,0,4,5,0,0,1,0,0,1,16
P454337,All Nighter Face Primer,Urban Decay,Makeup,1.075,Low Risk,80.0,False,2,1,0,0,0,0,0,1,0,0,1,0,0,1,6
P422460,Mini Anti-Aging Eyeshadow Primer Potion,Urban Decay,Mini Size,1.06,Low Risk,75.76,False,1,0,0,0,0,0,0,2,0,0,0,0,0,2,5
P395733,Ultimate Ozone Multipurpose Primer Pencil,Urban Decay,Makeup,1.0667,Low Risk,83.33,False,0,0,0,0,1,0,0,0,0,0,0,0,0,0,1
P500430,Mini Naked Eyeshadow Palette,Urban Decay,Mini Size,1.0312,Low Risk,72.73,False,1,0,0,0,0,0,0,1,0,0,0,0,0,1,3
P501510,UD x Robin Eisenberg All Nighter Setting Spray Duo Set,Urban Decay,Makeup,1.2391,Low Risk,76.67,False,0,0,1,1,0,0,6,5,0,0,0,0,0,0,13
P503994,Quickie 24H Multi-Use Hydrating Full-Coverage Concealer,Urban Decay,Makeup,1.0,Low Risk,72.41,False,0,0,0,0,0,0,0,2,0,0,0,0,0,0,2
P415988,Quick Fix Hydracharged Complexion Prep Priming Spray,Urban Decay,Makeup,1.3214,Low Risk (Limited Data),58.33,False,1,0,0,0,0,0,4,6,0,0,0,0,0,1,12
P461544,Ultra Glow All Nighter Setting Spray,Urban Decay,Makeup,1.0909,Low Risk,73.33,False,1,0,1,0,0,0,1,1,0,0,0,0,0,1,5
P453943,All Nighter Ultra Matte Makeup Setting Spray,Urban Decay,Makeup,1.1,Low Risk,74.07,False,1,0,1,0,0,0,1,1,0,0,0,0,0,1,5
P422466,Mini Perversion Volumizing Mascara,Urban Decay,Mini Size,1.087,Low Risk,76.67,False,1,0,0,0,0,0,0,4,0,0,1,0,0,1,7
P461545,Ultra Glow All Nighter Primer,Urban Decay,Makeup,1.0357,Low Risk,82.35,False,1,0,0,0,0,0,0,2,0,0,0,0,0,1,4
P437925,24/7 Glide-On Eye Pencil - Naked Cherry Collection,Urban Decay,Makeup,1.0556,Low Risk,77.14,False,2,0,0,0,0,0,0,1,0,0,0,0,0,1,4
P446816,24/7 Glide-On Eye Pencil - Sparkle Out Loud Collection,Urban Decay,Makeup,1.0217,Low Risk,74.19,False,0,0,0,0,0,0,0,0,0,0,0,0,0,0,0
P454606,Stay Naked The Fix Powder Foundation,Urban Decay,Makeup,1.0192,Low Risk,81.25,False,1,0,0,0,0,0,0,2,0,0,0,0,0,1,4
P454338,"Stay Naked Threesome Blush, Bronzer, & Highlighter Palette",Urban Decay,Makeup,1.0263,Low Risk,79.17,False,1,0,0,0,0,0,0,1,0,0,0,0,0,1,3
P463116,Mini All Nighter Ultra Matte Setting Spray,Urban Decay,Makeup,1.1,Low Risk,74.07,False,1,0,1,0,0,0,1,1,0,0,0,0,0,1,5
P456357,Inked Brow Gel,Urban Decay,Makeup,1.0,Low Risk,85.71,False,0,0,0,0,0,0,0,0,0,0,0,0,0,0,0
P445423,Perversion Waterproof Mascara,Urban Decay,Makeup,1.0469,Low Risk,76.19,False,1,0,1,0,0,0,0,2,0,0,0,0,0,1,5
P445424,Perversion Waterproof Liquid Eyeliner,Urban Decay,Makeup,1.1429,Low Risk (Limited Data),53.85,False,1,0,0,0,0,0,0,3,0,0,0,0,0,1,5
P455265,Mini Stay Naked Correcting Concealer,Urban Decay,Makeup,1.0429,Low Risk,92.11,False,1,0,0,0,1,0,0,1,0,0,0,0,0,1,4
P463117,Mini All Nighter Complexion Primer,Urban Decay,Makeup,1.075,Low Risk,80.0,False,2,1,0,0,0,0,0,1,0,0,1,0,0,1,6
P503573,UD x Robin Eisenberg Good to Go Mini Eye Set,Urban Decay,Makeup,1.0714,Low Risk,75.0,False,1,0,0,0,0,0,0,4,0,0,1,0,0,2,8
P456361,Brow Beater Waterproof Brow Pencil & Spoolie,Urban Decay,Makeup,1.0,Low Risk,76.92,False,0,0,0,0,0,0,0,0,0,0,0,0,0,0,0
P503579,UD x Robin Eisenberg 24/7 Glide-On Waterproof Eyeliner Pencil Holidaze Set,Urban Decay,Makeup,1.0,Low Risk,78.95,False,0,0,0,0,0,0,0,0,0,0,0,0,0,0,0
P482077,Wild Lash Plant-Powered Volumizing Mascara,Urban Decay,Makeup,1.0312,Low Risk,84.21,False,0,0,1,0,0,0,0,0,0,0,0,0,0,0,1
P500474,Mini Wild Lash Plant-Powered Volumizing Mascara,Urban Decay,Mini Size,1.0312,Low Risk,84.21,False,0,0,1,0,0,0,0,0,0,0,0,0,0,0,1
P446821,Heavy Metal Glitter Eyeliner - Sparkle Out Loud Collection,Urban Decay,Makeup,1.0536,Low Risk,75.68,False,2,0,0,0,0,0,0,2,0,0,0,0,0,1,5
P449116,Donna Born In Roma Eau de Parfum,Valentino,Fragrance,1.6818,Medium Risk,91.67,False,3,0,1,0,0,0,16,15,0,0,0,0,0,0,35
P449117,Donna Born In Roma Eau de Parfum Travel Spray,Valentino,Fragrance,1.6818,Medium Risk,91.67,False,3,0,1,0,0,0,16,15,0,0,0,0,0,0,35
P500251,Mini Born In Roma Perfume Set,Valentino,Fragrance,1.6,Medium Risk,89.29,False,3,0,1,0,0,0,16,15,0,0,0,0,0,0,35
P462409,Voce Viva Eau de Parfum,Valentino,Fragrance,1.6471,Medium Risk,89.47,False,2,0,0,0,0,0,12,12,0,0,0,0,0,0,26
P479501,Rosso Valentino High Pigment Refillable Lipstick,Valentino,Makeup,1.15,Low Risk,78.95,False,0,0,0,0,0,0,6,5,0,0,0,0,0,0,11
P462410,Voce Viva Eau de Parfum Travel Spray,Valentino,Fragrance,1.6471,Medium Risk,89.47,False,2,0,0,0,0,0,12,12,0,0,0,0,0,0,26
P480365,Born in Roma Coral Fantasy Eau de Parfum,Valentino,Fragrance,1.5667,Medium Risk,88.24,False,2,0,1,0,0,0,9,8,0,0,0,0,0,0,20
P479473,Eye2Cheek Eyeshadow and Blush,Valentino,Makeup,1.2115,Low Risk,78.79,False,0,0,0,0,0,0,7,6,0,0,0,0,0,0,13
P452943,Uomo Born In Roma,Valentino,Fragrance,1.7143,Medium Risk,87.5,False,0,0,1,0,0,0,12,11,0,0,0,0,0,0,24
P470063,Donna Born in Roma Yellow Dream Eau de Parfum,Valentino,Fragrance,1.65,Medium Risk,90.91,False,3,0,1,0,0,0,13,12,0,0,0,0,0,0,29
P503054,Born in Roma Trio Gift Set,Valentino,Fragrance,1.6905,Medium Risk,84.0,False,2,0,1,0,0,0,16,15,0,0,0,0,0,0,34
P474381,Voce Viva Intensa Eau de Parfum,Valentino,Fragrance,1.625,Medium Risk,86.96,False,3,0,1,0,0,0,13,12,0,0,0,0,0,0,29
P504312,Donna Born In Roma Intense Eau de Parfum,Valentino,Fragrance,1.6875,Medium Risk,88.89,False,4,0,1,0,0,0,17,16,0,0,0,0,0,0,38
P479508,Twin Liner Gel and Liquid Eyeliner,Valentino,Makeup,1.15,Low Risk (Limited Data),54.05,False,1,0,0,1,1,0,0,3,0,0,0,0,0,1,7
P504337,Donna Born In Roma Intense Eau de Parfum Travel Spray,Valentino,Mini Size,1.6875,Medium Risk,88.89,False,4,0,1,0,0,0,17,16,0,0,0,0,0,0,38
P479471,Dreamdust Glitter Eyeshadow,Valentino,Makeup,1.0,Low Risk,84.0,False,0,0,0,0,0,0,0,1,0,0,0,0,0,0,1
P479491,Mini Rosso Valentino Lipstick,Valentino,Mini Size,1.2368,Low Risk (Limited Data),57.58,False,0,0,0,0,0,0,6,5,0,0,0,0,0,0,11
P482759,Uomo Coral Fantasy Cologne,Valentino,Fragrance,1.6111,Medium Risk,85.71,False,3,0,1,0,0,0,11,10,0,0,0,0,0,0,25
P470062,Uomo Yellow Dream Cologne,Valentino,Fragrance,1.7,Medium Risk,93.75,False,0,0,1,0,0,0,12,11,0,0,0,0,0,0,24
P500141,Voce Viva Intensa Travel Spray,Valentino,Fragrance,1.625,Medium Risk,86.96,False,3,0,1,0,0,0,13,12,0,0,0,0,0,0,29
P479462,Brow Trio Eyebrow Liner,Valentino,Makeup,1.075,Low Risk (Limited Data),68.97,False,1,0,1,0,0,0,0,2,0,0,0,0,0,1,5
P479510,V-Lighter Illuminating Face Primer and Highlighter with Hyaluronic Acid,Valentino,Makeup,1.1964,Low Risk,75.68,False,2,0,1,0,0,0,5,6,0,0,0,0,0,1,15
P503173,Voce Viva Perfume Set,Valentino,Fragrance,1.6667,Medium Risk,83.33,False,1,0,0,0,0,0,11,11,0,0,0,0,0,0,23
P479487,Magnificent Smudgeproof Volumizing Mascara,Valentino,Makeup,1.0833,Low Risk (Limited Data),68.57,False,1,0,0,1,0,0,0,1,1,0,0,0,0,1,5
P479463,Color Flip Eyeshadow Palette,Valentino,Makeup,1.0156,Low Risk (Limited Data),62.75,False,0,0,0,0,1,0,0,1,0,1,0,0,0,0,3
P479479,Go-Clutch Finishing Powder Refill Pan,Valentino,Makeup,1.2115,Low Risk,83.87,False,0,0,0,0,0,0,7,6,0,0,0,0,0,0,13
P479500,Rosso Valentino Lipstick Refill,Valentino,Makeup,1.2368,Low Risk (Limited Data),57.58,False,0,0,0,0,0,0,6,5,0,0,0,0,0,0,11
P479480,Go-Clutch Refillable Radiant Setting Powder,Valentino,Makeup,1.2115,Low Risk,83.87,False,0,0,0,0,0,0,7,6,0,0,0,0,0,0,13
P479472,Dreamdust Lip and Cheek Loose Glitter,Valentino,Makeup,1.0769,Low Risk,76.47,False,0,0,0,0,0,0,2,3,0,0,0,0,0,0,5
P504451,Uomo Born In Roma Intense Eau de Parfum,Valentino,Fragrance,1.6389,Medium Risk,85.71,False,4,0,1,0,0,0,11,10,0,0,0,0,0,0,26
P473007,GRO Hair Serum for Thinning Hair,Vegamour,Hair,1.1786,Low Risk (Limited Data),66.67,False,0,0,1,0,0,0,3,3,0,0,0,0,0,0,7
P473012,GRO More Kit (Serum + Gummies),Vegamour,Hair,1.1667,Insufficient Data,36.59,False,0,0,1,0,0,0,3,3,0,0,0,0,0,0,7
P473003,GRO Revitalizing Shampoo for Thinning Hair,Vegamour,Hair,1.1486,Low Risk,72.55,False,1,0,0,0,0,0,1,6,2,0,0,3,0,3,16
P473008,"GRO Scalp Detox Clarifying Treatment for Dry, Flaky, Oily Scalp",Vegamour,Hair,1.2,Low Risk,76.92,False,1,0,2,0,0,0,3,4,0,0,0,0,0,2,12
P500338,GRO AGELESS Anti-Gray Hair Serum,Vegamour,Hair,1.1667,Low Risk (Limited Data),55.56,False,0,0,1,0,0,0,3,4,0,0,0,0,0,0,8
P473005,GRO Dry Shampoo for Thinning Hair,Vegamour,Hair,1.375,Low Risk (Limited Data),40.0,False,0,0,0,0,0,0,0,2,0,0,0,1,0,1,4
P473004,GRO Revitalizing Conditioner for Thinning Hair,Vegamour,Hair,1.1897,Low Risk (Limited Data),67.44,False,1,0,0,0,0,0,1,9,0,0,0,3,0,2,16
P473011,GRO Biotin Gummies for Thinning Hair,Vegamour,Hair,1.0,Insufficient Data,5.0,False,0,0,0,0,0,0,0,0,0,0,0,0,0,0,0
P473009,GRO Volumizing Lash Serum,Vegamour,Makeup,1.0,Low Risk (Limited Data),56.25,False,0,0,0,0,0,0,0,1,0,0,0,0,0,0,1
P483095,GRO Hair Serum Trio Set,Vegamour,Hair,1.1944,Low Risk,72.0,False,0,0,2,0,0,0,3,5,0,0,0,0,0,0,10
P500299,Mini GRO Revitalizing Shampoo for Thinning Hair,Vegamour,Hair,1.1486,Low Risk,72.55,False,1,0,0,0,0,0,1,6,2,0,0,3,0,3,16
P500312,Mini GRO Revitalizing Conditioner for Thinning Hair,Vegamour,Hair,1.1897,Low Risk (Limited Data),67.44,False,1,0,0,0,0,0,1,9,0,0,0,3,0,2,16
P473010,GRO Volumizing Brow Serum,Vegamour,Makeup,1.0,Low Risk (Limited Data),56.25,False,0,0,0,0,0,0,0,1,0,0,0,0,0,0,1
P481175,GRO WELL Hair Boost Supplement Powder + Probiotic,Vegamour,Hair,1.0,Insufficient Data,2.04,False,0,0,0,0,0,0,0,0,0,0,0,0,0,0,0
P500639,GRO Ageless Gray Delay Hair Supplement,Vegamour,Hair,1.0,Insufficient Data,16.0,False,0,0,0,0,0,0,0,0,0,0,0,0,0,0,0
P504617,HYDR-8 Deep Moisture Repair Hair Mask,Vegamour,Hair,1.2647,Low Risk,70.83,False,0,0,0,0,0,0,9,11,0,0,0,0,0,0,20
P473006,GRO Hair Foam for Thinning Hair,Vegamour,Hair,1.1538,Low Risk (Limited Data),54.17,False,0,0,0,0,0,0,3,3,0,0,0,0,0,0,6
P504453,GRO Revitalizing Shampoo and Conditioner Set for Thinning Hair,Vegamour,Hair,1.1486,Low Risk (Limited Data),56.06,False,1,0,0,0,0,0,1,5,2,0,0,2,0,3,14
P504602,HYDR-8 Hydrate and Repair Shampoo,Vegamour,Hair,1.3,Low Risk,71.43,False,0,0,0,0,0,0,9,11,0,0,0,0,0,0,20
P504593,HYDR-8 Hydrate and Repair Conditioner,Vegamour,Hair,1.3125,Low Risk (Limited Data),69.57,False,1,0,0,0,0,0,9,12,0,0,0,0,0,1,23
P478532,GRO Hair Serum Trio for Thinning Hair,Vegamour,Hair,1.1944,Low Risk,72.0,False,0,0,2,0,0,0,3,5,0,0,0,0,0,0,10
P504600,Mini GRO Dry Shampoo for Thinning Hair,Vegamour,Hair,1.375,Low Risk (Limited Data),40.0,False,0,0,0,0,0,0,0,2,0,0,0,1,0,1,4
P429277,Effortless - No Trim - Natural Lash Collection,Velour Lashes,Makeup,,Insufficient Data,0.0,False,0,0,0,0,0,0,0,0,0,0,0,0,0,0,0
P429278,Effortless Kit - No Trim No Measure Natural Lash Kit,Velour Lashes,Makeup,,Insufficient Data,0.0,False,0,0,0,0,0,0,0,0,0,0,0,0,0,0,0
P477378,Magnetic Effortless Kit - No Trim No Measure Magnetic Lash Kit,Velour Lashes,Makeup,1.0714,Low Risk (Limited Data),58.33,False,1,0,0,0,0,0,0,1,0,0,0,0,0,1,3
P468423,Vegan Mink Luxe Lash Collection,Velour Lashes,Makeup,,Insufficient Data,0.0,False,0,0,0,0,0,0,0,0,0,0,0,0,0,0,0
P477379,Magnetic Effortless - No Trim Natural Lash Collection,Velour Lashes,Makeup,,Insufficient Data,0.0,False,0,0,0,0,0,0,0,0,0,0,0,0,0,0,0
P460561,Fluff'n Brow Pencil - 3-in-1 Brow Pencil and Balm,Velour Lashes,Makeup,1.0952,Low Risk,70.0,False,1,0,0,0,1,0,0,1,0,0,0,0,0,2,5
P477377,Lash & Go Eyeliner 3-in-1 Eyeliner + Magnetic Lash Adhesive,Velour Lashes,Makeup,1.2,Low Risk (Limited Data),62.5,False,1,0,1,0,0,0,0,1,0,0,0,0,0,1,4
P449085,The Glamoureyes Kit,Velour Lashes,Makeup,1.1667,Low Risk (Limited Data),60.0,False,1,0,0,0,0,0,0,2,0,0,0,0,0,1,4
P471585,Pretty Big Deal Tubing Mascara & Peptide Lash Serum,Velour Lashes,Makeup,1.0833,Low Risk (Limited Data),68.57,False,1,0,1,0,0,0,0,3,0,0,1,0,0,1,7
P481177,Long & Strong Lash Serum,Velour Lashes,Makeup,1.0658,Low Risk,71.7,False,2,1,0,0,0,0,0,3,0,0,1,0,0,2,9
P501532,Plant Fibre Lash Collection,Velour Lashes,Makeup,,Insufficient Data,0.0,False,0,0,0,0,0,0,0,0,0,0,0,0,0,0,0
P481176,24hr Lash Care Kit,Velour Lashes,Makeup,1.069,Low Risk,72.5,False,2,1,1,0,0,0,0,4,0,0,2,0,0,2,12
P421945,Ghost Shampoo,Verb,Hair,1.2708,Low Risk (Limited Data),53.33,True,0,0,0,0,0,1,2,3,2,0,0,0,1,1,10
P421944,Ghost Conditioner,Verb,Hair,1.25,Low Risk,83.72,True,1,0,1,0,0,1,3,9,0,0,0,1,1,1,18
P468714,Volume Dry Texture Spray,Verb,Hair,1.413,Low Risk (Limited Data),69.7,True,1,0,1,0,0,1,7,8,0,0,0,0,1,1,20
P406901,HydratingHair TreatmentMask,Verb,Hair,1.36,Low Risk,80.65,True,2,0,1,0,0,1,4,8,0,0,0,0,1,1,18
P399995,Leave-In Conditioning Mist,Verb,Hair,1.4464,Low Risk,77.78,True,1,0,0,0,0,2,10,12,0,0,0,0,1,2,28
P399994,Hydrating Shampoo,Verb,Hair,1.1429,Low Risk (Limited Data),44.68,False,0,0,0,0,0,0,1,0,2,0,0,0,0,1,4
P423400,Ghost PrepHeat Protectant,Verb,Hair,1.381,Low Risk,79.25,True,2,0,1,2,0,2,10,15,0,0,0,0,1,2,35
P399993,Hydrating Conditioner,Verb,Hair,1.125,Low Risk (Limited Data),51.28,False,0,0,0,0,0,0,1,2,0,0,0,0,0,0,3
P484084,Glossy Shine Heat Protectant Spray,Verb,Hair,1.3235,Low Risk,79.07,True,1,0,0,0,0,1,10,13,0,0,0,0,1,1,27
P421943,Ghost DryConditionerOil,Verb,Hair,1.5238,Medium Risk,80.77,True,2,0,1,0,0,1,9,10,0,0,0,0,1,1,25
P457414,Purple Toning + Hydrating Hair Mask,Verb,Hair,1.2614,Low Risk,74.58,True,3,0,1,1,0,1,5,10,0,0,0,0,1,1,23
P442789,Ghost Hair Mask,Verb,Hair,1.2903,Low Risk,81.58,True,2,0,1,0,0,1,4,9,0,0,0,0,1,1,19
P399988,Curl Cream,Verb,Hair,1.4394,Low Risk,73.33,True,2,0,0,0,0,2,11,13,0,0,0,0,1,2,31
P399991,Ghost Hairspray,Verb,Hair,1.6111,Medium Risk,72.0,True,1,0,1,1,0,1,9,9,0,0,1,0,1,0,24
P410207,Volume Shampoo,Verb,Hair,1.2593,Low Risk (Limited Data),50.0,True,0,0,0,0,0,1,3,3,2,0,0,0,1,1,11
P431722,Dry Shampoo for Dark Hair,Verb,Hair,1.3696,Low Risk (Limited Data),69.7,True,1,0,1,0,0,1,6,8,0,0,0,0,1,1,19
P480642,Ghost Exfoliating Scalp Serum,Verb,Hair,1.1719,Low Risk (Limited Data),64.0,False,1,0,1,1,0,0,1,7,0,0,0,0,0,2,13
P472076,Moringa + Jojoba Hair Treatment Oil,Verb,Hair,1.0,Low Risk,100.0,False,0,0,0,0,0,0,0,0,0,0,0,0,0,0,0
P471107,Ghost Weightless Shampoo and Conditioner Jumbo Set for Fine Hair,Verb,Hair,1.2232,Low Risk,71.79,True,2,0,1,0,0,1,4,10,2,0,0,1,1,2,24
P431723,Dry Shampoo for Light Hair,Verb,Hair,1.425,Low Risk (Limited Data),62.5,True,1,0,1,0,0,1,6,8,0,0,0,0,1,1,19
P447113,Reset Clarifying Shampoo,Verb,Hair,1.2069,Low Risk,70.73,True,1,0,0,0,0,1,3,4,1,0,0,0,1,1,12
P399999,Volume Spray,Verb,Hair,1.3478,Low Risk,82.14,True,1,0,0,0,0,2,3,5,0,0,1,0,1,2,15
P452404,Curl Leave-In Conditioner,Verb,Hair,1.2297,Low Risk,82.22,True,1,0,1,0,0,1,4,8,1,0,0,0,1,1,18
P410208,Volume Conditioner,Verb,Hair,1.1905,Low Risk,75.0,True,1,0,1,0,0,1,5,7,0,0,0,0,1,1,17
P447114,Reset RepairingHairMask,Verb,Hair,1.2667,Low Risk,78.95,True,2,0,1,1,0,1,5,12,0,0,0,1,1,1,25
P468713,Volume Texture Powder,Verb,Hair,1.425,Low Risk,83.33,True,0,0,0,0,0,1,9,8,0,0,0,0,1,0,19
P481178,Ghost Your Brass Purple Toning Hair Kit,Verb,Hair,1.2746,Low Risk (Limited Data),66.98,True,3,0,1,1,0,1,12,18,2,0,0,0,1,2,41
P473852,Sea Spray,Verb,Hair,1.2222,Low Risk (Limited Data),66.67,False,1,0,0,0,0,0,5,6,0,0,0,0,0,1,13
P452402,Curl Shampoo,Verb,Hair,1.3143,Low Risk,70.0,True,1,0,1,0,0,1,5,9,2,0,0,0,1,2,22
P502464,Curl Foaming Gel,Verb,Hair,1.1579,Low Risk,76.0,False,1,0,1,0,0,0,1,5,1,0,0,0,0,2,11
P471108,Hydrating Shampoo and Conditioner Jumbo Set for Dry and Damaged Hair,Verb,Hair,1.1825,Low Risk,77.78,True,1,0,1,0,0,1,5,8,2,0,0,0,1,2,21
P452403,Curl Conditioner,Verb,Hair,1.2297,Low Risk,82.22,True,1,0,1,0,0,1,4,8,1,0,0,0,1,1,18
P417357,Strong Hairspray,Verb,Hair,1.6111,Medium Risk (Limited Data),69.23,True,1,0,1,1,0,1,9,9,0,0,1,0,1,0,24
P447115,Reset SealingHairMist,Verb,Hair,1.2857,Low Risk,74.47,True,1,0,0,0,0,1,10,11,0,0,0,0,1,1,25
P500885,Dry Shampoo Powder,Verb,Hair,1.4074,Low Risk,87.1,True,2,0,0,0,0,1,10,12,0,0,0,0,1,1,27
P476749,Body Wash,Verb,Bath & Body,1.3261,Low Risk (Limited Data),54.76,True,0,0,0,0,0,1,5,5,1,0,0,0,1,1,14
P481395,Purple Shampoo,Verb,Hair,1.375,Low Risk (Limited Data),66.67,True,1,0,1,1,0,1,11,14,2,0,0,0,1,1,33
P399990,Forming Fiber,Verb,Hair,1.5192,Medium Risk,72.22,True,2,1,0,1,0,2,10,10,0,0,1,0,1,2,30
P476750,Body Lotion,Verb,Bath & Body,1.0185,Low Risk,96.43,False,1,0,0,0,0,0,0,2,0,0,0,0,0,1,4
P484082,Glossy Shampoo,Verb,Hair,1.2273,Low Risk,71.74,True,1,0,1,0,0,1,2,7,1,0,0,0,1,2,16
P399996,Sculpting Clay,Verb,Hair,1.3684,Low Risk,74.51,True,2,0,0,2,0,2,10,12,0,0,0,0,1,2,31
P484083,Glossy Conditioner,Verb,Hair,1.25,Low Risk,77.55,True,2,0,1,0,0,1,4,10,0,0,0,0,1,1,20
P163103,Bright Crystal,Versace,Fragrance,1.5455,Medium Risk (Limited Data),61.11,False,3,0,1,1,0,0,5,4,0,0,0,0,0,0,14
P455378,Mini Bright Crystal and Bright Crystal Absolu Set,Versace,Fragrance,1.5455,Medium Risk (Limited Data),64.71,False,3,0,1,1,0,0,5,4,0,0,0,0,0,0,14
P382751,Eros,Versace,Fragrance,1.7083,Medium Risk,85.71,False,0,0,1,0,0,0,10,9,0,0,0,0,0,0,20
P399835,Bright Crystal Ovetto Mini Spray,Versace,Fragrance,1.5455,Medium Risk (Limited Data),61.11,False,3,0,1,1,0,0,5,4,0,0,0,0,0,0,14
P307000,Crystal Noir,Versace,Fragrance,1.7727,Medium Risk,78.57,True,0,0,1,0,0,1,8,7,0,0,0,0,1,0,18
P429981,Dylan Blue Pour Femme,Versace,Fragrance,1.6944,Medium Risk,90.0,False,2,0,1,0,0,0,14,13,0,0,0,0,0,0,30
P501782,Mini Duo Set,Versace,Fragrance,1.7647,Medium Risk,73.91,True,4,0,1,1,0,1,10,9,0,0,0,0,1,0,27
P395212,Eros Pour Femme Eau de Parfum,Versace,Fragrance,1.6842,Medium Risk,90.48,False,4,0,0,1,0,0,13,12,0,0,0,0,0,0,30
P307002,Yellow Diamond,Versace,Fragrance,1.75,Medium Risk,80.0,True,3,0,1,1,0,1,9,9,0,0,0,0,1,0,25
P385465,Bright Crystal Absolu,Versace,Fragrance,1.5625,Medium Risk (Limited Data),53.33,False,2,0,1,1,0,0,4,3,0,0,0,0,0,0,11
P411325,Dylan Blue,Versace,Fragrance,1.6786,Medium Risk,100.0,False,3,0,1,1,0,0,9,8,0,0,0,0,0,0,22
P432419,Dylan Blue Pour Femme Ovetto Spray,Versace,Fragrance,1.6944,Medium Risk,90.0,False,2,0,1,0,0,0,14,13,0,0,0,0,0,0,30
P468856,Dylan Turquoise Pour Femme,Versace,Fragrance,1.7143,Medium Risk,82.35,False,2,0,1,1,0,0,10,9,0,0,0,0,0,0,23
P219907,Pour Homme,Versace,Fragrance,1.5385,Medium Risk,72.22,False,3,0,1,0,0,0,7,6,0,0,0,0,0,0,17
P443788,Bright Crystal Travel Spray,Versace,Fragrance,1.6364,Medium Risk,91.67,True,4,0,0,1,0,1,4,3,0,0,0,0,1,0,14
P169301,Versace Man Eau Fraiche,Versace,Fragrance,1.75,Medium Risk,90.91,False,3,0,0,1,0,0,7,6,0,0,0,0,0,0,17
P432418,Bright Crystal Absolu Ovetto Spray,Versace,Fragrance,1.5625,Medium Risk (Limited Data),53.33,False,2,0,1,1,0,0,4,3,0,0,0,0,0,0,11
P503203,Mini Perfume Set,Versace,Fragrance,1.7174,Medium Risk,76.67,True,4,0,1,1,0,1,14,14,0,0,0,0,1,0,36
P412536,Eros Pour Femme Eau de Toilette,Versace,Fragrance,1.5455,Medium Risk (Limited Data),64.71,False,2,0,1,1,0,0,6,5,0,0,0,0,0,0,15
P442726,Eros Flame,Versace,Fragrance,1.6786,Medium Risk,100.0,False,3,0,1,1,0,0,9,8,0,0,0,0,0,0,22
P413150,Dylan Blue Pour Homme Travel Spray,Versace,Fragrance,1.6786,Medium Risk,100.0,False,3,0,1,1,0,0,9,8,0,0,0,0,0,0,22
P464315,Eros Pour Homme Eau de Parfum,Versace,Fragrance,1.7273,Medium Risk,91.67,False,0,0,1,0,0,0,9,8,0,0,0,0,0,0,18
P468857,Dylan Turquoise Pour Femme Travel Spray,Versace,Fragrance,1.7143,Medium Risk,82.35,False,2,0,1,1,0,0,10,9,0,0,0,0,0,0,23
P390009,Eros Pour Homme Travel Spray,Versace,Fragrance,1.7083,Medium Risk,85.71,False,0,0,1,0,0,0,10,9,0,0,0,0,0,0,20
P306816,Bright Crystal Body Lotion,Versace,Bath & Body,1.4062,Low Risk,84.21,True,3,1,0,1,0,1,2,2,0,0,1,0,1,1,13
P444196,Yellow Diamond Travel Spray,Versace,Fragrance,1.75,Medium Risk,80.0,True,3,0,1,1,0,1,9,9,0,0,0,0,1,0,25
P478046,Dylan Turquoise Ovetto Spray,Versace,Fragrance,1.7143,Medium Risk,82.35,False,2,0,1,1,0,0,10,9,0,0,0,0,0,0,23
P414129,Eros Pour Femme Eau de Toilette Rollerball,Versace,Fragrance,1.6842,Medium Risk,90.48,False,4,0,0,1,0,0,13,12,0,0,0,0,0,0,30
P504912,Dylan Purple Eau de Parfum,Versace,Fragrance,1.6,Medium Risk,83.33,False,0,0,0,0,0,0,4,3,0,0,0,0,0,0,7
P442727,Eros Flame Travel Spray,Versace,Fragrance,1.6786,Medium Risk,100.0,False,3,0,1,1,0,0,9,8,0,0,0,0,0,0,22
P503231,Dylan Blue & Dylan Turquoise Travel Spray Duo Set,Versace,Fragrance,1.7105,Medium Risk,86.36,False,3,0,1,1,0,0,14,13,0,0,0,0,0,0,32
P390007,Pour Homme Travel Spray,Versace,Fragrance,1.5385,Medium Risk,72.22,False,3,0,1,0,0,0,7,6,0,0,0,0,0,0,17
P431915,Dylan Blue Pour Femme Travel Spray,Versace,Fragrance,1.6944,Medium Risk,90.0,False,2,0,1,0,0,0,14,13,0,0,0,0,0,0,30
P390005,Versace Man Eau Fraîche Travel Spray,Versace,Fragrance,1.6875,Medium Risk,72.73,False,1,0,1,0,0,0,6,5,0,0,0,0,0,0,13
P469828,Dylan Turquoise Hair Mist,Versace,Fragrance,1.5667,Medium Risk,78.95,False,0,0,0,0,0,0,10,10,0,0,0,0,0,0,20
P483706,Bright Crystal Hair Mist,Versace,Fragrance,1.3571,Low Risk,93.33,False,1,0,1,0,0,0,5,5,0,0,0,0,0,0,12
P477738,Eros Parfum,Versace,Fragrance,1.7273,Medium Risk,91.67,False,0,0,0,0,0,0,10,9,0,0,0,0,0,0,19
P505269,Bright Crystal Absolu Travel Spray,Versace,Fragrance,1.5625,Medium Risk (Limited Data),53.33,False,2,0,1,1,0,0,4,3,0,0,0,0,0,0,11
P503194,Eros Parfum,Versace,Fragrance,1.7273,Medium Risk,91.67,False,0,0,0,0,0,0,10,9,0,0,0,0,0,0,19
P255506,Flowerbomb,Viktor&Rolf,Fragrance,1.5938,Medium Risk,100.0,False,4,0,1,1,0,0,8,7,0,0,0,0,0,0,21
P397836,BONBON,Viktor&Rolf,Fragrance,1.725,Medium Risk,95.24,False,4,0,1,2,0,0,13,12,0,0,0,0,0,0,32
P446119,Flowerbomb Travel Spray,Viktor&Rolf,Fragrance,1.5938,Medium Risk,100.0,False,4,0,1,1,0,0,8,7,0,0,0,0,0,0,21
P429082,Flowerbomb Nectar,Viktor&Rolf,Fragrance,1.6429,Medium Risk,93.33,False,1,0,1,0,0,0,10,9,0,0,0,0,0,0,21
P479358,Flowerbomb Ruby Orchid Eau de Parfum,Viktor&Rolf,Fragrance,1.7,Medium Risk,88.24,False,2,0,1,0,0,0,11,10,0,0,0,0,0,0,24
P426305,Flowerbomb Mini,Viktor&Rolf,Fragrance,1.5938,Medium Risk,100.0,False,4,0,1,1,0,0,8,7,0,0,0,0,0,0,21
P376737,Spicebomb,Viktor&Rolf,Fragrance,1.6,Medium Risk,93.75,False,4,0,0,1,0,0,8,7,0,0,0,0,0,0,20
P479474,Flowerbomb Ruby Orchid Eau de Parfum Travel Spray,Viktor&Rolf,Fragrance,1.7,Medium Risk,88.24,False,2,0,1,0,0,0,11,10,0,0,0,0,0,0,24
P456977,Flowerbomb GIft Set,Viktor&Rolf,Fragrance,1.5938,Medium Risk,100.0,False,4,0,1,1,0,0,8,7,0,0,0,0,0,0,21
P503641,Mini Good Fortune & Flowerbomb Perfume Set,Viktor&Rolf,Fragrance,1.62,Medium Risk,92.59,False,4,0,1,1,0,0,15,14,0,0,0,0,0,0,35
P484086,Good Fortune Eau de Parfum,Viktor&Rolf,Fragrance,1.675,Medium Risk,86.96,False,3,0,1,0,0,0,14,13,0,0,0,0,0,0,31
P484087,Good Fortune Eau de Parfum Travel Spray,Viktor&Rolf,Fragrance,1.675,Medium Risk,86.96,False,3,0,1,0,0,0,14,13,0,0,0,0,0,0,31
P405501,Spicebomb Extreme,Viktor&Rolf,Fragrance,1.6944,Medium Risk,94.74,False,4,0,1,1,0,0,12,11,0,0,0,0,0,0,29
P445721,Spicebomb Night Vision,Viktor&Rolf,Fragrance,1.7353,Medium Risk,94.44,False,1,0,1,0,0,0,14,13,0,0,0,0,0,0,29
P472830,Spicebomb Infrared Eau de Toilette,Viktor&Rolf,Fragrance,1.7188,Medium Risk,94.12,False,2,0,1,0,0,0,12,11,0,0,0,0,0,0,26
P503240,Good Fortune Perfume Set,Viktor&Rolf,Fragrance,1.6905,Medium Risk,91.3,False,3,0,1,0,0,0,15,14,0,0,0,0,0,0,33
P461989,Spicebomb Night Vision Eau de Parfum,Viktor&Rolf,Fragrance,1.7105,Medium Risk,100.0,False,2,0,1,0,0,0,15,14,0,0,0,0,0,0,32
P504326,Flowerbomb Eau de Parfum Perfume Gift Set,Viktor&Rolf,Fragrance,1.5938,Medium Risk,100.0,False,4,0,1,1,0,0,8,7,0,0,0,0,0,0,21
P504331,Spicebomb Night Vision Eau de Toilette Cologne Set,Viktor&Rolf,Fragrance,1.7353,Medium Risk,94.44,False,1,0,1,0,0,0,14,13,0,0,0,0,0,0,29
P502029,Mini Good Fortune and Flowerbomb Perfume Set,Viktor&Rolf,Fragrance,1.62,Medium Risk,92.59,False,4,0,1,1,0,0,15,14,0,0,0,0,0,0,35
P425705,HG - PRO Eyeshadow Palette,Violet Voss,Makeup,1.0,Insufficient Data,33.33,False,0,0,0,0,0,0,0,0,0,0,0,0,0,0,0
P428123,Hashtag - PRO Eyeshadow Palette,Violet Voss,Makeup,1.0,Insufficient Data,33.33,False,0,0,0,0,0,0,0,0,0,0,0,0,0,0,0
P460733,Sakura Blossom Eyeshadow and Pressed Pigment Palette,Violet Voss,Makeup,1.0238,Low Risk (Limited Data),65.62,False,1,0,0,0,0,0,0,1,0,0,0,0,0,1,3
P454982,Matte Vibes Eyeshadow Palette,Violet Voss,Makeup,1.0278,Low Risk,85.71,False,1,0,0,0,0,0,0,1,0,0,0,0,0,1,3
P468858,I Love U Cherry Much Eyeshadow Palette,Violet Voss,Makeup,1.0238,Low Risk (Limited Data),50.0,False,1,0,0,0,0,0,0,1,0,0,0,0,0,1,3
P483707,Mini Soft Butterfly Kisses Eyeshadow Palette,Violet Voss,Makeup,1.0238,Low Risk,80.77,False,1,0,0,0,0,0,0,1,0,0,0,0,0,1,3
P500691,Hair Shampoo & Conditioner Bar with Bamboo Holder Set,Viori,Hair,1.0833,Low Risk (Limited Data),42.86,False,0,0,0,0,0,0,1,0,0,0,0,0,0,0,1
P500702,Hair Shampoo & Conditioner Bar Set,Viori,Hair,1.0833,Low Risk (Limited Data),42.86,False,0,0,0,0,0,0,1,0,0,0,0,0,0,0,1
P500698,Hair Shampoo Bar,Viori,Hair,1.0769,Low Risk (Limited Data),52.0,False,0,0,0,0,0,0,1,0,0,0,0,0,0,0,1
P500707,Hair Conditioner Bar,Viori,Hair,1.1111,Low Risk (Limited Data),42.86,False,0,0,0,0,0,0,1,0,0,0,0,0,0,0,1
P448865,Hydrating & Heat Protectant Healing Hair Oil,Virtue,Hair,1.4062,Low Risk,72.73,False,0,0,0,0,0,0,8,7,0,0,0,0,0,0,15
P480195,Flourish Density Booster for Healthy Hair Growth,Virtue,Hair,1.2273,Low Risk (Limited Data),60.0,False,1,0,1,0,0,0,8,11,0,0,0,0,0,3,24
P448169,"Restorative, Hydrating Treatment Hair Mask with Keratin",Virtue,Hair,1.2034,Low Risk,77.63,True,2,0,2,1,0,1,8,11,0,0,0,0,1,1,27
P448729,Volumizing Full Shampoo for Fine Hair,Virtue,Hair,1.2083,Low Risk,75.0,False,2,0,0,0,0,0,2,3,2,0,0,0,0,2,11
P448739,6-in-1 Vitamin E Hair Smoothing Styler,Virtue,Hair,1.3125,Low Risk,80.0,False,2,0,0,0,1,0,7,8,0,0,0,0,0,1,19
P460411,Clarifying & Exfoliating  Scalp Treatment,Virtue,Hair,1.1607,Low Risk,75.68,False,3,0,1,1,0,0,5,8,0,0,0,0,0,2,20
P480368,Flourish Volumizing Keratin Shampoo for Thinning Hair,Virtue,Hair,1.1351,Low Risk,77.08,False,2,0,0,0,0,0,5,6,0,0,0,0,0,2,15
P480370,Flourish Minoxidil 5% Hair Growth Treatment,Virtue,Hair,1.1,Low Risk (Limited Data),41.67,False,0,0,0,0,0,0,0,1,0,0,0,0,0,0,1
P455851,Mini 6-in-1 Vitamin E Hair Smoothing Styler,Virtue,Hair,1.3125,Low Risk,80.0,False,2,0,0,0,1,0,7,8,0,0,0,0,0,1,19
P448864,Correct Un-Frizz Hair Styling & Smoothing Cream,Virtue,Hair,1.2174,Low Risk,82.14,False,1,0,0,0,0,0,5,6,0,0,0,0,0,1,13
P480375,Flourish Hair Rejuvenation Treatment Set for Volume,Virtue,Hair,1.1402,Low Risk (Limited Data),68.33,False,3,0,1,1,0,0,9,13,0,0,0,0,0,3,30
P448730,Volumizing Full Conditioner for Fine Hair,Virtue,Hair,1.1759,Low Risk,72.0,False,2,0,2,1,0,0,7,10,0,0,0,0,0,1,23
P480369,Flourish Volumizing & Detangling Conditioner for Thinning Hair,Virtue,Hair,1.1518,Low Risk,72.73,False,2,0,1,1,0,0,6,8,0,0,0,0,0,2,20
P455871,Volumizing Full Discovery Set for Fine Hair,Virtue,Hair,1.2153,Low Risk (Limited Data),68.57,True,2,0,2,1,0,1,9,13,2,0,0,0,1,2,33
P480374,Flourish Hair Growth Treatment Set with Monixidil,Virtue,Hair,1.1284,Low Risk (Limited Data),69.81,False,3,0,1,1,0,0,6,9,0,0,0,0,0,2,22
P463976,Mini Healthy Hair To Go Set For Recovery,Virtue,Hair,1.18,Low Risk,71.43,True,2,0,2,1,0,1,8,12,1,0,0,0,1,2,30
P480371,Flourish Minoxidil 5% Hair Growth Treatment Set,Virtue,Hair,1.1,Low Risk (Limited Data),41.67,False,0,0,0,0,0,0,0,1,0,0,0,0,0,0,1
P500310,Frizz Block Humidity Proof Smoothing Spray,Virtue,Hair,1.0625,Low Risk,78.05,False,1,0,0,0,0,0,2,3,0,0,0,0,0,1,7
P455872,"Hydrating Recovery Discovery Set for dry, Damaged & Colored Hair",Virtue,Hair,1.1776,Low Risk,71.03,True,2,0,2,1,0,1,8,12,1,0,0,0,1,2,30
P460412,Soothing Hyaluronic Acid Topical Scalp Supplement,Virtue,Hair,1.1364,Low Risk,76.39,False,1,0,0,1,0,0,6,9,0,0,1,0,0,1,19
P448744,Create Hair Texturizing Spray,Virtue,Hair,1.2391,Low Risk (Limited Data),62.16,False,3,0,1,1,0,0,4,5,0,0,0,0,0,1,15
P468719,Hydrating Curl Defining Whip with Shea Butter,Virtue,Hair,1.25,Low Risk,73.68,False,1,0,0,0,0,0,6,8,1,0,0,0,0,2,18
P455858,Mini Volumizing Full Shampoo for Fine Hair,Virtue,Hair,1.2083,Low Risk,75.0,False,2,0,0,0,0,0,2,3,2,0,0,0,0,2,11
P476039,ColorKick Debrassing Blue - Purple Shampoo,Virtue,Hair,1.1273,Low Risk (Limited Data),65.48,False,3,0,1,0,0,0,5,8,0,0,0,0,0,1,18
P502035,Flourish Thickening & Hydrating Mask for Thinning Hair,Virtue,Hair,1.0962,Low Risk,70.91,False,2,0,0,0,0,0,6,9,0,0,0,0,0,2,19
P455873,Smooth Discovery Set for Coarse & Textured Hair,Virtue,Hair,1.1824,Low Risk,70.48,True,2,0,2,1,0,1,8,12,1,0,0,0,1,2,30
P468718,Hydrating Curl Conditioner with Jojoba Oil,Virtue,Hair,1.1042,Low Risk (Limited Data),68.57,False,2,0,1,0,0,0,3,5,0,0,0,0,0,1,12
P455852,Mini Create Hair Texturizing Spray,Virtue,Hair,1.2391,Low Risk (Limited Data),62.16,False,3,0,1,1,0,0,4,5,0,0,0,0,0,1,15
P468717,Hydrating Curl Shampoo with Jojoba Oil,Virtue,Hair,1.102,Low Risk (Limited Data),68.06,False,3,0,1,0,0,0,4,5,0,0,0,0,0,1,14
P480372,Flourish Volumizing Heat Protectant Styler,Virtue,Hair,1.2963,Low Risk (Limited Data),52.94,False,2,0,1,1,0,0,8,10,0,0,0,0,0,2,24
P455833,Volumizing Hair Mousse for Fine Hair,Virtue,Hair,1.2439,Low Risk,78.85,False,1,0,0,0,0,0,9,12,0,0,1,0,0,1,24
P455857,Mini Volumizing Full Conditioner for Fine Hair,Virtue,Hair,1.1759,Low Risk,73.97,False,2,0,2,1,0,0,7,10,0,0,0,0,0,1,23
P471110,Mini Hair & Scalp Treatment Duo,Virtue,Hair,1.18,Low Risk,74.26,True,3,0,2,1,0,1,8,12,0,0,0,0,1,2,30
P504317,Mini Hydrating & Heat Protectant Healing Hair Oil,Virtue,Hair,1.4062,Low Risk,72.73,False,0,0,0,0,0,0,8,7,0,0,0,0,0,0,15
P504335,Heal & Shine Hair Oil Duo for Dry or Damaged Hair,Virtue,Hair,1.4062,Low Risk,72.73,False,0,0,0,0,0,0,8,7,0,0,0,0,0,0,15
P504307,FLOURISH Thickening & Hydrating Duo for Thinning Hair,Virtue,Hair,1.125,Low Risk (Limited Data),66.19,False,2,0,1,0,0,0,10,14,0,0,0,0,0,3,30
P428669,Petit PRO 2 Eyeshadow Palette,Viseart,Makeup,1.0,Low Risk,87.5,False,0,0,0,0,0,0,0,0,0,0,0,0,0,0,0
P455558,Moisture Boost Lip Shine,Viseart,Makeup,1.0,Low Risk (Limited Data),61.11,False,0,0,0,0,0,0,0,0,0,0,0,0,0,0,0
P436753,"Mini Candle Trio - French Cade, Goji & Lychee",VOLUSPA,Fragrance,,Insufficient Data,0.0,False,0,0,0,0,0,0,0,0,0,0,0,0,0,0,0
P429550,"Mini Candle Set - Panjore Lychee, Japanese Plum Bloom, Goji & Tarocco Orange",VOLUSPA,Fragrance,1.5,Insufficient Data,22.86,False,0,0,0,0,0,0,6,6,0,0,0,0,0,0,12
P435110,Panjore Lychee Glass Jar Candle,VOLUSPA,Fragrance,2.0,Insufficient Data,33.33,False,0,0,0,0,0,0,1,0,0,0,0,0,0,0,1
P435108,French Cade & Lavender Glass Jar Candle,VOLUSPA,Fragrance,,Insufficient Data,0.0,False,0,0,0,0,0,0,0,0,0,0,0,0,0,0,0
P467272,Tahitian Coconut Vanilla Glass Jar Candle,VOLUSPA,Fragrance,1.8,Insufficient Data,35.71,True,1,0,0,0,0,1,3,4,0,0,0,0,1,1,11
P469197,Tahitian Coconut Vanilla Home Diffuser,VOLUSPA,Fragrance,1.8,Insufficient Data,35.71,True,1,0,0,0,0,1,3,4,0,0,0,0,1,1,11
P435109,Goji & Tarocco Orange Glass Jar Candle,VOLUSPA,Fragrance,,Insufficient Data,0.0,False,0,0,0,0,0,0,0,0,0,0,0,0,0,0,0
P469127,Mini Tahitian Coconut Vanilla Glass Candle,VOLUSPA,Fragrance,1.8,Insufficient Data,35.71,True,1,0,0,0,0,1,3,4,0,0,0,0,1,1,11
P429555,French Cade & Lavender Home Diffuser,VOLUSPA,Fragrance,1.75,Medium Risk (Limited Data),40.0,True,0,0,0,0,0,1,5,5,0,0,0,0,1,0,12
P462411,Spiced Pumpkin Latte Glass Candle,VOLUSPA,Fragrance,1.6,Insufficient Data,38.46,False,0,0,0,0,0,0,4,4,0,0,0,0,0,0,8
P462413,Spiced Pumpkin Latte Home Diffuser,VOLUSPA,Fragrance,1.6,Insufficient Data,38.46,False,0,0,0,0,0,0,4,4,0,0,0,0,0,0,8
P474871,Mini Vanilla Fireside Glass Jar Candle,VOLUSPA,Fragrance,1.625,Medium Risk (Limited Data),40.0,False,0,0,0,0,0,0,3,3,0,0,0,0,0,0,6
P474133,Forbidden Fig Glass Jar Candle,VOLUSPA,Fragrance,1.3333,Insufficient Data,17.65,False,0,0,0,0,0,0,2,2,0,0,0,0,0,0,4
P429556,Goji & Tarocco Orange Home Diffuser,VOLUSPA,Fragrance,1.6667,Insufficient Data,20.69,False,0,0,0,0,0,0,6,6,0,0,0,0,0,0,12
P455588,Blackberry Rose Oud Candle,VOLUSPA,Fragrance,,Insufficient Data,0.0,False,0,0,0,0,0,0,0,0,0,0,0,0,0,0,0
P474134,Mini Forbidden Fig Glass Jar Candle,VOLUSPA,Fragrance,1.3333,Insufficient Data,17.65,False,0,0,0,0,0,0,2,2,0,0,0,0,0,0,4
P435111,Santiago Huckleberry Glass Jar Candle,VOLUSPA,Fragrance,,Insufficient Data,0.0,False,0,0,0,0,0,0,0,0,0,0,0,0,0,0,0
P474865,Vanilla Fireside Glass Jar Candle,VOLUSPA,Fragrance,1.625,Medium Risk (Limited Data),40.0,False,0,0,0,0,0,0,3,3,0,0,0,0,0,0,6
P448473,Yashioka Gardenia Diffuser,VOLUSPA,Fragrance,,Insufficient Data,0.0,False,0,0,0,0,0,0,0,0,0,0,0,0,0,0,0
P429560,Goji & Tarocco Orange Decorative Tin Candle,VOLUSPA,Fragrance,1.5,Insufficient Data,26.67,False,0,0,0,0,0,0,6,6,0,0,0,0,0,0,12
P448472,Mokara Glass Jar Candle,VOLUSPA,Fragrance,,Insufficient Data,0.0,False,0,0,0,0,0,0,0,0,0,0,0,0,0,0,0
P429566,French Cade & Lavender Decorative Tin Candle,VOLUSPA,Fragrance,1.5625,Medium Risk (Limited Data),50.0,True,0,0,0,0,0,1,5,5,0,0,0,0,1,0,12
P474131,Mini Forbidden Fig Decorative Tin Candle,VOLUSPA,Mini Size,1.3333,Insufficient Data,17.65,False,0,0,0,0,0,0,2,2,0,0,0,0,0,0,4
P429554,Panjore Lychee Home Diffuser,VOLUSPA,Fragrance,1.5,Insufficient Data,6.67,False,0,0,0,0,0,0,1,1,0,0,0,0,0,0,2
P429564,Mini French Cade & Lavender Decorative Tin Candle,VOLUSPA,Fragrance,1.5625,Medium Risk (Limited Data),50.0,True,0,0,0,0,0,1,5,5,0,0,0,0,1,0,12
P448471,Yashioka Gardenia Glass Jar Candle,VOLUSPA,Fragrance,,Insufficient Data,0.0,False,0,0,0,0,0,0,0,0,0,0,0,0,0,0,0
P448474,Mokara Diffuser,VOLUSPA,Fragrance,,Insufficient Data,0.0,False,0,0,0,0,0,0,0,0,0,0,0,0,0,0,0
P429565,Goji & Tarocco Orange Mini Decorative Tin Candle,VOLUSPA,Fragrance,1.5,Insufficient Data,26.67,False,0,0,0,0,0,0,6,6,0,0,0,0,0,0,12
P474135,Forbidden Fig Home Diffuser,VOLUSPA,Fragrance,1.5,Insufficient Data,11.76,False,0,0,0,0,0,0,2,2,0,0,0,0,0,0,4
P429559,Panjore Lychee Decorative Tin Candle,VOLUSPA,Fragrance,1.1667,Insufficient Data,18.75,False,0,0,0,0,0,0,1,1,0,0,0,0,0,0,2
P429563,Mini Panjore Lychee Decorative Tin Candle,VOLUSPA,Fragrance,1.1667,Insufficient Data,18.75,False,0,0,0,0,0,0,1,1,0,0,0,0,0,0,2
P473157,Mini French Cade & Lavender Glass Candle,VOLUSPA,Fragrance,,Insufficient Data,0.0,False,0,0,0,0,0,0,0,0,0,0,0,0,0,0,0
P468424,Apple Blue Clover Glass Jar Candle,VOLUSPA,Fragrance,1.9,Insufficient Data,38.46,True,0,0,0,0,0,1,4,4,0,0,0,0,1,0,10
P473158,Mini Goji & Tarocco Orange Glass Candle,VOLUSPA,Fragrance,,Insufficient Data,0.0,False,0,0,0,0,0,0,0,0,0,0,0,0,0,0,0
P448470,Mokara Candle In Decorative Tin,VOLUSPA,Fragrance,,Insufficient Data,0.0,False,0,0,0,0,0,0,0,0,0,0,0,0,0,0,0
P504704,Barbados Grapefruit Jar Candle,VOLUSPA,Fragrance,1.625,Medium Risk (Limited Data),40.0,False,0,0,0,0,0,0,3,3,0,0,0,0,0,0,6
P468425,Mini Apple Blue Clover Glass Jar Cande,VOLUSPA,Fragrance,1.9,Insufficient Data,38.46,True,0,0,0,0,0,1,4,4,0,0,0,0,1,0,10
P429552,Nissho-Soleil Home Diffuser,VOLUSPA,Fragrance,2.0,Insufficient Data,27.27,True,0,0,0,0,0,1,2,2,0,0,0,0,0,1,6
P477455,Mini Decorative Tin Trio,VOLUSPA,Mini Size,1.3333,Insufficient Data,17.65,False,0,0,0,0,0,0,2,2,0,0,0,0,0,0,4
P474132,Forbidden Fig Decorative Tin Candle,VOLUSPA,Fragrance,1.3333,Insufficient Data,17.65,False,0,0,0,0,0,0,2,2,0,0,0,0,0,0,4
P479727,Mini Panjore Lychee Glass Jar Candle,VOLUSPA,Fragrance,2.0,Insufficient Data,33.33,False,0,0,0,0,0,0,1,0,0,0,0,0,0,0,1
P479728,Mini Santal Vanille Glass Jar Candle,VOLUSPA,Fragrance,2.0,Insufficient Data,33.33,False,0,0,0,0,0,0,1,0,0,0,0,0,0,0,1
P428668,Baggage Claim Eye Masks,Wander Beauty,Skincare,1.0,Low Risk (Limited Data),65.0,False,0,0,0,0,0,0,0,1,0,0,0,0,0,0,1
P437367,Nude Illusion Liquid Foundation,Wander Beauty,Makeup,1.0781,Low Risk,82.05,False,2,0,0,1,0,0,0,1,0,0,0,0,0,2,6
P411529,Wanderlust Powder Foundation,Wander Beauty,Makeup,1.0208,Low Risk,82.76,False,1,0,0,0,0,0,0,2,0,0,0,0,0,1,4
P414160,Unlashed Volume & Curl Mascara,Wander Beauty,Makeup,1.0556,Low Risk,79.41,False,0,0,1,0,0,0,0,2,0,0,1,0,0,0,4
P481391,On-the-Glow Blush & Illuminator,Wander Beauty,Makeup,1.0278,Low Risk,75.0,False,0,0,0,0,0,0,0,0,0,0,0,0,0,1,1
P417143,Dualist Matte and Illuminating Concealer,Wander Beauty,Makeup,1.0536,Low Risk,84.85,False,1,0,0,0,0,0,0,2,0,0,0,0,0,2,5
P407107,Flash Focus Hydrating Foundation Stick,Wander Beauty,Makeup,1.0625,Low Risk,84.21,False,4,0,0,0,0,0,0,0,0,0,0,0,0,0,4
P458941,Mini Unlashed Volume and Curl Mascara,Wander Beauty,Makeup,1.0556,Low Risk,79.41,False,0,0,1,0,0,0,0,2,0,0,1,0,0,0,4
P437960,Baggage Claim Rose Gold Eye Masks,Wander Beauty,Skincare,1.0,Low Risk (Limited Data),65.0,False,0,0,0,0,0,0,0,1,0,0,0,0,0,0,1
P476920,Upgraded Lashes Thickening Mascara,Wander Beauty,Makeup,1.06,Low Risk,89.29,False,0,0,1,0,0,0,0,2,0,0,1,0,0,0,4
P481370,Lip Retreat Oil,Wander Beauty,Makeup,1.0,Low Risk,100.0,False,0,0,0,0,0,0,0,0,0,0,0,0,0,0,0
P503635,Pack Up & Glow Priming Mineral SPF 40,Wander Beauty,Skincare,1.0135,Low Risk (Limited Data),68.52,False,1,0,0,0,0,0,0,2,0,0,0,0,0,1,4
P501165,SHIKULIME Mega Hydrating Moisturizer,WASO,Skincare,1.1061,Low Risk,73.33,False,3,0,2,0,0,0,1,3,0,0,0,0,0,2,11
P501187,SHIKULIME Gel-to-Oil Cleanser,WASO,Skincare,1.0952,Low Risk,75.0,False,1,0,1,1,0,0,0,1,0,0,0,0,0,1,5
P501188,SATOCANE Pore Purifying Scrub Mask,WASO,Skincare,1.0938,Low Risk (Limited Data),61.54,False,1,0,1,0,0,0,0,2,0,0,0,0,0,2,6
P501170,SHIKULIME Color Control Oil-Free Moisturizer SPF 30,WASO,Skincare,1.1,Low Risk (Limited Data),57.14,False,1,0,2,0,0,0,0,1,0,0,0,0,0,2,6
P501171,YUZU-C Beauty Sleeping Mask,WASO,Skincare,1.2045,Low Risk (Limited Data),55.0,False,2,0,2,1,0,0,1,3,0,0,0,0,0,3,12
P501189,KOSHIRICE Acne Calming Spot Treatment,WASO,Skincare,1.1667,Low Risk (Limited Data),52.17,False,2,0,0,1,0,0,0,1,0,0,0,0,0,1,5
P501199,YUZU-C Eye Awakening Essence,WASO,Skincare,1.1304,Low Risk (Limited Data),67.65,False,2,0,1,0,0,0,0,2,0,0,0,0,0,3,8
P501178,YUZU-C Glow-On Shot Serum,WASO,Skincare,1.1346,Low Risk (Limited Data),68.42,False,1,0,2,0,0,0,2,4,0,0,0,0,0,3,12
P468431,Baby Cheeks Lip + Cheek Cream Blush Stick,Westman Atelier,Makeup,1.0,Low Risk,71.43,False,0,0,0,0,0,0,0,0,0,0,0,0,0,0,0
P468433,Face Trace Cream Contour Stick,Westman Atelier,Makeup,1.0,Low Risk,70.0,False,0,0,0,0,0,0,0,0,0,0,0,0,0,0,0
P468429,Vital Skin Full Coverage Foundation and Concealer Stick,Westman Atelier,Makeup,1.0217,Low Risk,76.67,False,0,0,1,0,0,0,0,0,0,0,0,0,0,0,1
P469873,Squeaky Clean Liquid Lip Hydrating Lip Balm,Westman Atelier,Makeup,1.375,Insufficient Data,36.36,False,0,0,0,0,0,0,4,3,0,0,0,0,0,0,7
P501795,Vital Skincare Dewy Foundation Drops,Westman Atelier,Makeup,1.0,Low Risk (Limited Data),42.5,False,0,0,0,0,0,0,0,1,0,0,0,0,0,0,1
P500321,Mini Petite Lit Up Cream Highlighter Stick,Westman Atelier,Mini Size,1.0,Low Risk (Limited Data),48.48,False,0,0,0,0,0,0,0,0,0,0,0,0,0,0,0
P468430,Lit Up Glow Highlighter Stick,Westman Atelier,Makeup,1.0,Low Risk (Limited Data),48.48,False,0,0,0,0,0,0,0,0,0,0,0,0,0,0,0
P500303,Vital Pressed Skincare Blurring Talc-Free Setting Powder,Westman Atelier,Makeup,1.0,Low Risk (Limited Data),63.64,False,0,0,0,0,0,0,0,1,0,0,0,0,0,0,1
P468432,Super Loaded Tinted Cream Highlighter,Westman Atelier,Makeup,1.0,Low Risk,71.43,False,0,0,0,0,0,0,0,0,0,0,0,0,0,0,0
P504318,Mini Petite Face Trace Cream Contour Stick,Westman Atelier,Makeup,1.0,Low Risk,75.0,False,0,0,0,0,0,0,0,0,0,0,0,0,0,0,0
P468436,Eye Pods Eyeshadows,Westman Atelier,Makeup,1.0,Low Risk,85.71,False,0,0,0,0,0,0,0,0,0,0,0,0,0,0,0
P468435,Lip Suede Lipstick Palette,Westman Atelier,Makeup,1.0357,Low Risk (Limited Data),53.85,False,0,0,0,0,0,0,0,1,0,0,0,0,0,0,1
P468434,Beauty Butter Matte Powder Bronzer,Westman Atelier,Makeup,1.0,Low Risk,71.43,False,0,0,0,0,0,0,0,1,0,0,0,0,0,0,1
P479361,Eye Pod Eyeshadow Singles,Westman Atelier,Makeup,1.0,Low Risk,85.71,False,0,0,0,0,0,0,0,0,0,0,0,0,0,0,0
P482557,Bonne Brow Defining Brow Pencil,Westman Atelier,Makeup,1.0,Low Risk,71.43,False,0,0,0,0,0,0,0,0,0,0,0,0,0,0,0
P468437,Eye Love You Volumizing Clean Mascara,Westman Atelier,Makeup,1.0,Low Risk (Limited Data),50.0,False,0,0,0,0,0,0,0,0,0,0,0,0,0,0,0
P503578,"The Eye Love You Limited Edition Eye Shadow, Eye Liner and Mascara Holiday Gift Set",Westman Atelier,Makeup,1.0,Insufficient Data,36.36,False,0,0,0,0,0,0,0,0,0,0,0,0,0,0,0
P455676,Yo Glow AHA & BHA Facial Enzyme Scrub,Wishful,Skincare,1.2931,Low Risk (Limited Data),59.18,False,2,0,1,0,0,0,3,10,0,0,1,1,0,1,19
P458216,Mini Yo Glow AHA & BHA Facial Enzyme Scrub,Wishful,Skincare,1.2931,Low Risk (Limited Data),59.18,False,2,0,1,0,0,0,3,10,0,0,1,1,0,1,19
P461213,Honey Balm Niacinamide Moisturizer,Wishful,Skincare,1.0909,Low Risk,91.67,False,1,0,0,0,0,0,3,5,0,0,0,0,0,2,11
P471111,Yo Detox Charcoal Face & Body Enzyme Scrub,Wishful,Skincare,1.3095,Low Risk (Limited Data),58.33,False,2,0,1,0,0,0,1,7,0,0,1,1,0,1,14
P466163,Thirst Trap Juice Hyaluronic Acid & Peptide Hydrating Facial Serum,Wishful,Skincare,1.1071,Low Risk,87.5,False,0,0,0,0,0,0,3,4,0,0,1,0,0,0,8
P463665,Get Even Rose Face Oil,Wishful,Skincare,1.2727,Low Risk (Limited Data),47.83,False,0,0,1,0,0,0,3,3,0,0,0,0,0,0,7
P475629,Honey Whip Peptide and Collagen Moisturizer,Wishful,Skincare,1.0658,Low Risk,84.44,False,0,0,0,0,0,0,3,5,0,0,0,0,0,0,8
P501790,Pillowgasm Vitamin-Rich Cherry Glow Sleep Mask,Wishful,Skincare,1.0,Low Risk (Limited Data),65.22,False,0,0,0,0,0,0,0,2,0,0,0,0,0,0,2
P500428,Lift & Contour 1% Bakuchiol & Peptide Eye Serum,Wishful,Skincare,1.0357,Low Risk,70.0,False,1,0,0,0,0,0,0,2,0,0,0,0,0,1,4
P502771,Hydrate & Glow Trio,Wishful,Skincare,1.1377,Low Risk (Limited Data),69.0,False,2,0,1,0,0,0,6,14,0,0,1,1,0,1,26
P479837,Lost in Paradise Eau de Parfum Travel Spray,World of Chris Collins,Fragrance,1.7632,Medium Risk,90.48,False,0,0,1,0,0,0,17,16,0,0,0,0,0,0,34
P479836,Lost in Paradise Eau de Parfum,World of Chris Collins,Fragrance,1.7632,Medium Risk,90.48,False,0,0,1,0,0,0,17,16,0,0,0,0,0,0,34
P481185,Harlem Nights Eau de Parfum,World of Chris Collins,Fragrance,1.5667,Medium Risk,93.75,False,3,0,1,2,0,0,7,6,0,0,0,0,0,0,19
P481181,Long Kiss Goodnight Eau de Parfum,World of Chris Collins,Fragrance,1.75,Medium Risk,100.0,False,0,0,1,0,0,0,12,11,0,0,0,0,0,0,24
P481180,Long Kiss Goodnight Eau de Parfum Travel Spray,World of Chris Collins,Fragrance,1.75,Medium Risk,100.0,False,0,0,1,0,0,0,12,11,0,0,0,0,0,0,24
P481184,Harlem Nights Eau de Parfum Travel Spray,World of Chris Collins,Fragrance,1.5667,Medium Risk,93.75,False,3,0,1,2,0,0,7,6,0,0,0,0,0,0,19
P481183,Danse Sauvage Eau de Parfum,World of Chris Collins,Fragrance,1.5833,Medium Risk,92.31,False,2,0,1,1,0,0,6,5,0,0,0,0,0,0,15
P481187,Citrus Grandis Eau de Parfum,World of Chris Collins,Fragrance,1.7667,Medium Risk,100.0,False,0,0,1,0,0,0,13,12,0,0,0,0,0,0,26
P481182,Danse Sauvage Eau de Parfum Travel Spray,World of Chris Collins,Fragrance,1.5833,Medium Risk,92.31,False,2,0,1,1,0,0,6,5,0,0,0,0,0,0,15
P481186,Citrus Grandis Eau de Parfum Travel Spray,World of Chris Collins,Fragrance,1.7667,Medium Risk,100.0,False,0,0,1,0,0,0,13,12,0,0,0,0,0,0,26
P503207,Anima Voyageur Travel Trio Set,World of Chris Collins,Fragrance,1.7632,Medium Risk,90.48,False,0,0,1,0,0,0,17,16,0,0,0,0,0,0,34
P411387,Superfood Antioxidant Cleanser,Youth To The People,Skincare,1.125,Low Risk (Limited Data),68.57,False,1,0,0,0,0,0,4,5,0,0,0,0,0,1,11
P441644,Mini Superfood Antioxidant Cleanser,Youth To The People,Skincare,1.125,Low Risk (Limited Data),68.57,False,1,0,0,0,0,0,4,5,0,0,0,0,0,1,11
P440307,Superberry Hydrate + Glow Dream Night Mask with Vitamin C,Youth To The People,Skincare,1.0455,Low Risk (Limited Data),68.75,False,1,0,0,0,0,0,1,3,0,0,0,0,0,1,6
P461555,Mini Superberry Hydrate + Glow Dream Mask,Youth To The People,Skincare,1.0455,Low Risk (Limited Data),68.75,False,1,0,0,0,0,0,1,3,0,0,0,0,0,1,6
P432829,Adaptogen Deep Moisturizing Cream with Ashwagandha + Reishi,Youth To The People,Skincare,1.0435,Low Risk,74.19,False,1,0,0,0,0,0,1,3,0,0,0,0,0,1,6
P463371,Mini Adaptogen Deep Moisture Cream with Ashwagandha + Reishi,Youth To The People,Skincare,1.0435,Low Risk,74.19,False,1,0,0,0,0,0,1,3,0,0,0,0,0,1,6
P411388,Superfood Air-Whip Lightweight Moisturizer with Hyaluronic Acid,Youth To The People,Skincare,1.1333,Low Risk,81.08,False,1,0,1,0,0,0,5,10,0,0,0,0,0,1,18
P430146,Superberry Hydrate + Glow Dream Oil,Youth To The People,Skincare,1.4,Low Risk (Limited Data),40.0,False,0,0,0,0,0,0,6,6,0,0,0,0,0,0,12
P466164,15% Vitamin C + Clean Caffeine Energy Serum,Youth To The People,Skincare,1.0208,Low Risk,70.59,False,1,0,0,0,0,0,0,2,0,0,0,0,0,1,4
P477830,Superberry Dream Cleansing Balm,Youth To The People,Skincare,1.0909,Low Risk (Limited Data),62.86,False,1,0,0,0,0,0,2,3,0,0,0,0,0,1,7
P455934,Yerba Mate Resurfacing + Exfoliating Energy Facial with Enzymes + Niacinamide,Youth To The People,Skincare,1.0556,Low Risk (Limited Data),54.55,False,1,0,0,0,0,0,0,3,0,0,0,0,0,1,5
P475630,Mini Mandelic Acid + Superfood Unity Exfoliant,Youth To The People,Skincare,1.1429,Low Risk (Limited Data),65.62,False,1,0,0,0,0,0,5,8,0,0,0,0,0,1,15
P463144,Dream Eye Cream with Vitamin C and Ceramides,Youth To The People,Skincare,1.0185,Low Risk,77.14,False,1,0,0,0,0,0,0,2,0,0,0,0,0,1,4
P479362,Triple Peptide Hydrating + Firming Oasis Serum with Hyaluronic Acid,Youth To The People,Skincare,1.0455,Low Risk,73.33,False,1,0,0,0,0,0,1,4,0,0,0,0,0,1,7
P444980,Adaptogen Soothe + Hydrate Activated Mist with Peptides,Youth To The People,Skincare,1.0833,Low Risk,78.26,False,1,0,0,0,0,0,1,4,0,0,0,0,0,1,7
P500138,Polypeptide-121 Future Cream with Peptides and Ceramides,Youth To The People,Skincare,1.0256,Low Risk (Limited Data),66.1,False,0,0,0,0,0,0,1,2,0,0,0,0,0,0,3
P470065,Superclay Purify + Clear Power Mask with Niacinamide,Youth To The People,Skincare,1.08,Low Risk (Limited Data),65.79,False,2,0,0,0,0,0,0,3,0,0,0,0,0,1,6
P416923,Superfood Hydrate + Firm Peptide Eye Cream,Youth To The People,Skincare,1.1429,Low Risk (Limited Data),65.62,False,1,0,0,0,0,0,5,8,0,0,0,0,0,1,15
P482329,Retinal + Niacinamide Youth Serum,Youth To The People,Skincare,1.0185,Low Risk (Limited Data),58.7,False,1,0,0,0,0,0,0,3,0,0,0,0,0,1,5
P502479,Kombucha + 10% AHA Liquid Exfoliant with Lactic Acid and Glycolic Acid,Youth To The People,Skincare,1.1,Low Risk,78.95,False,1,0,0,0,0,0,0,5,0,0,0,0,0,1,7
P473336,The Youth System,Youth To The People,Skincare,1.0962,Low Risk (Limited Data),55.71,False,1,0,1,0,0,0,8,13,0,0,0,0,0,1,24
P504313,Peptides + C Energy Eye Concentrate with Vitamin C and Caffeine,Youth To The People,Skincare,1.0294,Low Risk (Limited Data),66.67,False,1,0,1,0,0,0,0,2,0,0,0,0,0,1,5
P501474,The Youth Vault: 13-Piece Vegan Skincare + Apparel Set,Youth To The People,Skincare,1.0635,Low Risk (Limited Data),49.8,False,2,0,1,0,0,0,8,14,0,0,0,0,0,1,26
P502998,"Youth Stacks: Plump It Up for Dry, Dehydrated Skin",Youth To The People,Skincare,1.0408,Low Risk,71.01,False,1,0,0,0,0,0,2,5,0,0,0,0,0,1,9
P503872,Mini Mandelic Acid + Superfood Unity Exfoliant,Youth To The People,Skincare,1.1429,Low Risk (Limited Data),65.62,False,1,0,0,0,0,0,5,8,0,0,0,0,0,1,15
P502977,Youth Stacks: Daily Skin Health Your Way for Pores and Oiliness,Youth To The People,Skincare,1.122,Low Risk,70.69,False,1,0,1,0,0,0,6,10,0,0,0,0,0,1,19
P502978,Youth Stacks: Brighter Tomorrow Duo for Dullness,Youth To The People,Skincare,1.0256,Low Risk (Limited Data),66.1,False,1,0,0,0,0,0,1,4,0,0,0,0,0,1,7
P377710,Rouge Volupté Shine Lipstick Balm,Yves Saint Laurent,Makeup,1.0294,Low Risk (Limited Data),61.82,False,0,0,0,0,0,0,1,0,0,0,0,0,0,0,1
P394534,Black Opium Eau de Parfum,Yves Saint Laurent,Fragrance,1.7059,Medium Risk,89.47,False,2,0,1,0,0,0,13,13,0,0,0,0,0,0,29
P218431,Touche Éclat All-Over Brightening Concealer Pen,Yves Saint Laurent,Makeup,1.0577,Low Risk,81.25,False,1,0,0,0,0,0,0,3,0,0,0,0,0,1,5
P448102,Libre Eau De Parfum,Yves Saint Laurent,Fragrance,1.65,Medium Risk,95.24,False,3,0,1,0,0,0,13,12,0,0,0,0,0,0,29
P410743,Vinyl Cream Lip Stain,Yves Saint Laurent,Makeup,1.1364,Low Risk,73.33,False,1,0,1,0,0,0,2,2,0,0,0,0,0,1,7
P421456,All Hours Luminous Matte Foundation 24H Longwear SPF 30 with Hyaluronic Acid,Yves Saint Laurent,Makeup,1.1852,Low Risk,75.0,False,1,0,1,1,0,0,4,4,0,0,0,0,0,1,12
P470257,Mini Black Opium & Libre Eau de Parfum Set,Yves Saint Laurent,Fragrance,1.6111,Medium Risk,96.43,False,4,0,1,0,0,0,17,16,0,0,0,0,0,0,38
P436506,Rouge Pur Couture The Slim Matte Lipstick,Yves Saint Laurent,Makeup,1.125,Low Risk,77.42,False,0,0,0,0,0,0,4,3,0,0,0,0,0,0,7
P397615,Touche Eclat Blur Face Primer,Yves Saint Laurent,Makeup,1.1875,Low Risk (Limited Data),57.14,False,0,0,0,0,0,0,1,0,0,0,0,0,0,0,1
P410181,Mon Paris Eau de Parfum,Yves Saint Laurent,Fragrance,1.7143,Medium Risk,95.45,False,5,0,1,2,0,0,13,12,0,0,0,0,0,0,33
P474600,NU BARE LOOK TINT Hydrating Skin Tint Foundation with Hyaluronic Acid,Yves Saint Laurent,Makeup,1.0833,Low Risk,82.76,False,1,0,1,0,0,0,1,2,0,0,0,0,0,1,6
P457250,Tatouage Couture Velvet Cream Matte Liquid Lipstick,Yves Saint Laurent,Makeup,1.0741,Low Risk,90.0,False,0,0,0,0,0,0,2,3,0,0,0,0,0,0,5
P448106,Libre Eau De Parfum Travel Spray,Yves Saint Laurent,Fragrance,1.65,Medium Risk,95.24,False,3,0,1,0,0,0,13,12,0,0,0,0,0,0,29
P474872,The Slim Velvet Radical Matte Lipstick,Yves Saint Laurent,Makeup,1.1071,Low Risk,77.78,False,0,0,0,0,0,0,4,3,0,0,0,0,0,0,7
P440971,Touche Éclat High Cover Radiant Under-Eye Concealer,Yves Saint Laurent,Makeup,1.0667,Low Risk (Limited Data),65.22,False,1,0,0,0,0,0,0,1,0,0,0,0,0,1,3
P480000,Candy Glaze Lip Gloss Stick,Yves Saint Laurent,Makeup,1.0789,Low Risk (Limited Data),63.33,False,0,0,0,0,0,0,1,0,0,0,0,0,0,1,2
P462417,LIBRE Eau de Parfum Intense,Yves Saint Laurent,Fragrance,1.6579,Medium Risk,90.48,False,2,0,1,0,0,0,13,12,0,0,0,0,0,0,28
P463666,The Slim Glow Matte Lipstick,Yves Saint Laurent,Makeup,1.0909,Low Risk,84.62,False,0,0,0,0,0,0,4,3,0,0,0,0,0,0,7
P479863,Lash Clash Extreme Volume Mascara,Yves Saint Laurent,Makeup,1.087,Low Risk,82.14,False,1,0,1,0,0,0,0,3,0,0,1,0,0,1,7
P436005,Y Eau de Parfum,Yves Saint Laurent,Fragrance,1.6154,Medium Risk,92.86,False,3,0,1,0,0,0,8,7,0,0,0,0,0,0,19
P180727,L'Homme,Yves Saint Laurent,Fragrance,1.6944,Medium Risk,90.0,True,2,0,1,1,0,1,10,10,0,0,0,0,1,0,26
P393427,Mascara Volume Effet Faux Cils Volumizing Mascara,Yves Saint Laurent,Makeup,1.3571,Low Risk (Limited Data),58.33,False,3,1,0,3,0,0,2,3,0,0,2,0,0,1,15
P422335,All Hours Concealer,Yves Saint Laurent,Makeup,1.0,Low Risk,73.08,False,0,0,0,0,0,0,0,2,0,0,0,0,0,0,2
P501588,The Bold High Pigment Lipstick,Yves Saint Laurent,Makeup,1.0435,Low Risk,71.88,False,0,0,0,0,0,0,1,0,0,0,0,0,0,0,1
P470066,Libre Eau de Toilette,Yves Saint Laurent,Fragrance,1.6842,Medium Risk,90.48,False,2,0,1,0,0,0,13,12,0,0,0,0,0,0,28
P477258,Black Opium Eau de Parfum Extreme,Yves Saint Laurent,Fragrance,1.7632,Medium Risk,95.0,False,1,0,1,0,0,0,16,15,0,0,0,0,0,0,33
P243320,La Nuit De L’Homme,Yves Saint Laurent,Fragrance,1.6154,Medium Risk,86.67,False,2,0,1,1,0,0,8,7,0,0,0,0,0,0,19
P501791,Libre Le Parfum,Yves Saint Laurent,Fragrance,1.6429,Medium Risk,87.5,False,4,0,1,0,0,0,13,12,0,0,0,0,0,0,30
P479693,Black Opium Illicit Green Eau de Parfum,Yves Saint Laurent,Fragrance,1.6905,Medium Risk,91.3,False,3,0,1,0,0,0,15,14,0,0,0,0,0,0,33
P502049,Libre Eau de Parfum Lifestyle Gift Set,Yves Saint Laurent,Fragrance,1.4,Low Risk,87.5,False,4,0,1,0,0,0,13,13,1,0,0,0,0,1,33
P432284,The Curler Lengthening and Curling Mascara,Yves Saint Laurent,Makeup,1.1379,Low Risk,76.32,False,1,0,0,1,0,0,2,2,1,0,0,0,0,1,8
P500493,NU LIP & CHEEK BALMY TINT with Hyaluronic Acid,Yves Saint Laurent,Makeup,1.1296,Low Risk,75.0,False,0,0,0,0,0,0,4,5,0,0,0,0,0,0,9
P410638,Mon Paris Eau de Parfum Travel Spray,Yves Saint Laurent,Fragrance,1.7143,Medium Risk,95.45,False,5,0,1,2,0,0,13,12,0,0,0,0,0,0,33
P474601,NU GLOW IN BALM Face Priming Moisturizer with Shea Butter,Yves Saint Laurent,Makeup,1.0781,Low Risk (Limited Data),68.09,False,2,0,0,0,0,0,1,4,0,0,0,0,0,1,8
P458229,Mon Paris Intensement Eau de Parfum,Yves Saint Laurent,Fragrance,1.7,Medium Risk,100.0,False,4,0,1,0,0,0,14,13,0,0,0,0,0,0,32
P500265,Mini Y Eau de Parfum & Eau de Toilette Set,Yves Saint Laurent,Fragrance,1.5667,Medium Risk,88.24,False,4,0,1,0,0,0,8,7,0,0,0,0,0,0,20
P455412,All Over Glow Powder,Yves Saint Laurent,Makeup,1.0938,Low Risk,88.89,False,0,0,0,0,0,0,1,1,0,0,0,0,0,0,2
P504062,Black Opium Le Parfum,Yves Saint Laurent,Fragrance,1.7647,Medium Risk,94.44,False,1,0,1,0,0,0,14,13,0,0,0,0,0,0,29
P6303,Opium,Yves Saint Laurent,Fragrance,1.7727,Medium Risk,95.65,False,1,0,1,1,0,0,18,17,0,0,0,0,0,0,38
P474602,NU BLOTTING LOTION Pore Minimizer & Mattifying Primer with Salicylic Acid,Yves Saint Laurent,Makeup,1.0294,Low Risk (Limited Data),65.38,False,0,0,1,0,0,0,0,0,0,0,0,0,0,0,1
P474604,NU TONE CORRECTOR Color Corrector with Vitamin E,Yves Saint Laurent,Makeup,1.16,Low Risk,73.53,False,3,0,1,0,0,0,1,3,0,0,0,0,0,1,9
P504075,Black Opium Le Parfum Travel Spray,Yves Saint Laurent,Fragrance,1.7647,Medium Risk,94.44,False,1,0,1,0,0,0,14,13,0,0,0,0,0,0,29
P471294,Y Le Parfum,Yves Saint Laurent,Fragrance,1.6923,Medium Risk,92.86,False,1,0,1,0,0,0,10,9,0,0,0,0,0,0,21
P432087,L'Homme Cologne Bleue,Yves Saint Laurent,Fragrance,1.6562,Medium Risk,100.0,False,2,0,1,0,0,0,11,10,0,0,0,0,0,0,24
P500062,Y Eau de Toilette,Yves Saint Laurent,Fragrance,1.6071,Medium Risk,93.33,False,4,0,1,0,0,0,8,7,0,0,0,0,0,0,20
P500170,Mon Paris Eau de Toilette Lumiere,Yves Saint Laurent,Fragrance,1.6818,Medium Risk,95.65,False,3,0,1,0,0,0,16,15,0,0,0,0,0,0,35
P483501,Mini Rouge Pur Couture Exclusive Set,Yves Saint Laurent,Makeup,1.2308,Low Risk (Limited Data),60.47,False,0,0,1,0,0,0,6,6,0,0,0,0,0,0,13
P383083,L’Homme Parfum Intense,Yves Saint Laurent,Fragrance,1.625,Medium Risk,95.24,False,5,0,1,1,0,0,11,10,0,0,0,0,0,0,28
P504333,Black Opium Perfume Gift Set,Yves Saint Laurent,Fragrance,1.6667,Medium Risk,94.74,False,2,0,1,0,0,0,13,13,0,0,0,0,0,0,29
P460446,L'Homme Le Parfum,Yves Saint Laurent,Fragrance,1.5667,Medium Risk,100.0,False,3,0,1,0,0,0,8,7,0,0,0,0,0,0,19
P467660,Mascara Volume Effet Faux Cils Radical,Yves Saint Laurent,Makeup,1.2708,Low Risk (Limited Data),51.06,False,3,1,0,3,0,0,1,3,0,0,2,0,0,1,14
P457262,Y Eau Fraiche,Yves Saint Laurent,Fragrance,1.6,Medium Risk,100.0,False,4,0,1,0,0,0,9,8,0,0,0,0,0,0,22
P501330,Black Opium Gift Set,Yves Saint Laurent,Fragrance,1.3023,Low Risk,82.69,False,2,0,1,0,0,0,14,13,0,0,0,0,0,0,30
P504430,Libre Eau de Parfum Gift Set,Yves Saint Laurent,Fragrance,1.3971,Low Risk,79.07,False,2,0,1,0,0,0,14,12,0,0,0,0,0,0,29
P467659,Couture Clutch Eyeshadow Palette,Yves Saint Laurent,Makeup,1.0417,Low Risk,92.31,False,1,0,0,0,0,0,0,1,0,0,0,0,0,1,3
P500874,L'Homme Eau de Parfum,Yves Saint Laurent,Fragrance,1.6176,Medium Risk,89.47,False,2,0,1,0,0,0,11,10,0,0,0,0,0,0,24
P504428,Mon Paris Eau de Parfum Gift Set,Yves Saint Laurent,Fragrance,1.4595,Low Risk,82.22,False,6,0,2,2,0,0,14,12,0,0,0,0,0,0,36
P504448,Y Eau de Parfum Gift Set,Yves Saint Laurent,Fragrance,1.5714,Medium Risk,100.0,False,3,0,1,0,0,0,8,7,0,0,0,0,0,0,19
P505461,Candy Glaze Lip Gloss Stick Duo with Hyaluronic Acid,Yves Saint Laurent,Makeup,1.1053,Low Risk (Limited Data),61.29,False,0,0,0,0,0,0,2,1,0,0,0,0,0,1,4
